species,param_id,param_name,mu,mu_star,sigma,n_ee
sp0,1,mortality.additional.rate.sp0,-0.000110181504161264,0.0741483161251093,0.117823542134682,1000
sp0,2,mortality.additional.rate.sp1,0.000477254644696702,0.0413147037317029,0.0722973586336528,1000
sp0,3,mortality.additional.rate.sp2,0.00350810825136163,0.0588367150854397,0.104048163107594,1000
sp0,4,mortality.additional.rate.sp3,-0.00360401044898591,0.0580212849672247,0.102368146932315,1000
sp0,5,mortality.additional.rate.sp4,-8.09492289406269e-05,0.0382984916876903,0.0643970056007004,1000
sp0,6,mortality.additional.rate.sp5,-0.0241973625248173,0.286507713089431,0.433759887981616,1000
sp0,7,mortality.additional.rate.sp6,-0.00698782460271847,0.0420960068249345,0.0737695178753735,1000
sp0,8,mortality.additional.rate.sp7,-0.00109743023126483,0.0426652483636198,0.0723687568734828,1000
sp0,9,mortality.additional.rate.sp8,0.00120046058148115,0.0399173505920462,0.0681427141179089,1000
sp0,10,mortality.additional.rate.sp9,-0.000347878239095446,0.0408299379135461,0.0702369883799293,1000
sp0,11,mortality.additional.rate.sp10,0.00104226271167263,0.0424629482483791,0.0706256957256029,1000
sp0,12,mortality.additional.rate.sp11,0.000292551280406124,0.0382834715423296,0.0647971976700262,1000
sp0,13,mortality.additional.rate.sp12,-0.00339842945146771,0.0408944844678779,0.0698443566634213,1000
sp0,14,mortality.additional.rate.sp13,-0.00093895354594471,0.0399416979665457,0.0665255624853201,1000
sp0,15,mortality.additional.rate.sp14,-0.00197451872848906,0.0404081413654659,0.0683166553405829,1000
sp0,16,mortality.additional.rate.sp15,-0.00335143944216496,0.0404994065999043,0.0701544604263412,1000
sp0,17,fisheries.rate.base.fsh0,0.0056198955902517,0.560223256678707,0.78709923535454,1000
sp0,18,fisheries.rate.base.fsh1,-0.00272558301624391,0.0443589892904721,0.0759800238485284,1000
sp0,19,fisheries.rate.base.fsh2,0.00021253914728156,0.0791821448145747,0.123658212543353,1000
sp0,20,fisheries.rate.base.fsh3,-0.000175624419940863,0.062652189631303,0.102529134088605,1000
sp0,21,species.catchability.fsh0.sp0,-0.0464442591504254,0.788278615588665,1.09133267905377,1000
sp0,22,species.catchability.fsh0.sp1,0.00303534764062719,0.0429100613428751,0.0771091564498038,1000
sp0,23,species.catchability.fsh0.sp2,0.000504623303504931,0.0430948704540236,0.0780589575594333,1000
sp0,24,species.catchability.fsh0.sp3,-0.00273752072940656,0.074680769515546,0.127188444340549,1000
sp0,25,species.catchability.fsh0.sp5,0.00139715205590858,0.15026212362291,0.227452684567512,1000
sp0,26,species.catchability.fsh0.sp7,-0.00239335609971249,0.036546123389963,0.0637949623556879,1000
sp0,27,species.catchability.fsh0.sp8,0.00032990644362754,0.0547469902227055,0.0939180879632782,1000
sp0,28,species.catchability.fsh0.sp9,0.000988784078116603,0.0395702655908168,0.0683037650395966,1000
sp0,29,species.catchability.fsh0.sp10,-0.000272666351849805,0.0405259218635647,0.0681144224569258,1000
sp0,30,species.catchability.fsh0.sp13,-0.00152331712615661,0.0419161168537868,0.0723874858610384,1000
sp0,31,species.catchability.fsh0.sp14,-0.000481854246992489,0.039346903092676,0.0654556145102802,1000
sp0,32,species.catchability.fsh0.sp15,0.00229326396543412,0.0396661506459707,0.0659229970459155,1000
sp0,33,species.catchability.fsh1.sp9,-0.00073487936657576,0.040274344766362,0.0712265613087769,1000
sp0,34,species.catchability.fsh1.sp10,0.00191476853890103,0.0456366702361309,0.0780142058333444,1000
sp0,35,species.catchability.fsh1.sp11,0.00185022366627723,0.0406274562595153,0.0710798603963642,1000
sp0,36,species.catchability.fsh1.sp12,-0.00243439211890486,0.0415753090111373,0.0726375135062606,1000
sp0,37,species.catchability.fsh2.sp0,0.000399826013035843,0.0968654509766405,0.148098255605612,1000
sp0,38,species.catchability.fsh2.sp5,-0.00186573665748386,0.0449852929641209,0.0756238136480537,1000
sp0,39,species.catchability.fsh2.sp7,-0.00226862398553958,0.0420228198832154,0.0724962764288393,1000
sp0,40,species.catchability.fsh2.sp8,0.00143671425539976,0.0407053391680447,0.0700648463560745,1000
sp0,41,species.catchability.fsh3.sp0,-0.00256322259432188,0.0914298070970371,0.139625220303214,1000
sp0,42,species.catchability.fsh3.sp1,0.00163094880213031,0.0394628995943892,0.0699726949713741,1000
sp0,43,species.catchability.fsh3.sp2,0.000487947301488784,0.0428005876981986,0.0746343300749096,1000
sp0,44,species.catchability.fsh3.sp3,-0.00357695903088218,0.0406964832271968,0.0680439919553699,1000
sp0,45,species.catchability.fsh3.sp5,-0.00150953891752911,0.0444937027226952,0.0721274135056739,1000
sp0,46,species.catchability.fsh3.sp7,0.00105677617792404,0.0424566722180408,0.0714744046551968,1000
sp0,47,species.catchability.fsh3.sp8,-0.00520593775382985,0.0386461251033304,0.0659839789569497,1000
sp0,48,species.catchability.fsh3.sp9,-0.000780443254914382,0.0403299833589953,0.0702298949995684,1000
sp0,49,species.catchability.fsh3.sp10,-0.000188156765456383,0.040133525311296,0.0680759884916371,1000
sp0,50,species.catchability.fsh3.sp11,8.66759766363599e-05,0.0380370947670981,0.0650877494586114,1000
sp0,51,species.catchability.fsh3.sp12,0.00364200801376774,0.0383546094474482,0.0648829055216384,1000
sp0,52,species.catchability.fsh3.sp13,0.000639177751774244,0.041202788336207,0.0712961035330235,1000
sp0,53,species.catchability.fsh3.sp14,0.00292417040822685,0.0398752184924941,0.0677451185822922,1000
sp0,54,species.catchability.fsh3.sp15,0.00100815756969465,0.0419690689705275,0.0720874700585495,1000
sp0,55,species.length2weight.condition.factor.sp0,0.0139127105073915,1.0988972132402,1.61780951819351,1000
sp0,56,species.length2weight.condition.factor.sp1,-0.00230776180014145,0.0419854123879853,0.0711447703841399,1000
sp0,57,species.length2weight.condition.factor.sp2,0.000636365756691585,0.0579553399024244,0.106494782536529,1000
sp0,58,species.length2weight.condition.factor.sp3,0.00197848492527241,0.0621570211240095,0.109180347210246,1000
sp0,59,species.length2weight.condition.factor.sp4,-0.00178407850763803,0.0430216133215052,0.0735230309030033,1000
sp0,60,species.length2weight.condition.factor.sp5,-0.00137384291161169,0.0394333190681454,0.0693512668469369,1000
sp0,61,species.length2weight.condition.factor.sp6,0.00196125672558944,0.0398575025481368,0.0701558736577093,1000
sp0,62,species.length2weight.condition.factor.sp7,-0.00262445456600718,0.0406876389422669,0.0700913221810857,1000
sp0,63,species.length2weight.condition.factor.sp8,-0.002149233160266,0.0401377229589544,0.0697510772480334,1000
sp0,64,species.length2weight.condition.factor.sp9,0.00137189370908013,0.042093251572287,0.0705991817637366,1000
sp0,65,species.length2weight.condition.factor.sp10,0.000710313231597943,0.043219543534008,0.0742277099796335,1000
sp0,66,species.length2weight.condition.factor.sp11,-0.00233593449555578,0.0414778872414714,0.0689796750279486,1000
sp0,67,species.length2weight.condition.factor.sp12,0.00195915973765987,0.0395611630126815,0.0682771941222013,1000
sp0,68,species.length2weight.condition.factor.sp13,-0.000765487255816613,0.0426572002951985,0.074245941479395,1000
sp0,69,species.length2weight.condition.factor.sp14,0.00226062810303914,0.0425108567141431,0.0752092449191691,1000
sp0,70,species.length2weight.condition.factor.sp15,0.00662465961483486,0.0411534298536224,0.070331185722871,1000
sp0,71,species.k.sp0,-0.0602650563088367,3.9031633599598,5.33540415065785,1000
sp0,72,species.k.sp1,0.00052267993888336,0.0461147006386454,0.0808079417804396,1000
sp0,73,species.k.sp2,0.00247677895004992,0.142173622057861,0.271749725188412,1000
sp0,74,species.k.sp3,-0.00946389633814591,0.130060411946553,0.234912927224761,1000
sp0,75,species.k.sp4,-0.00609282913176225,0.0532753412115567,0.0907709507785632,1000
sp0,76,species.k.sp5,-0.0220583615988453,0.311730815686499,0.486254239002973,1000
sp0,77,species.k.sp6,-0.00297537448025546,0.0461103650350557,0.0809559323894877,1000
sp0,78,species.k.sp7,0.00243138156748151,0.0413402446987206,0.0718376783031109,1000
sp0,79,species.k.sp8,0.0015462877471263,0.0902355271582264,0.147563518787208,1000
sp0,80,species.k.sp9,-0.000672490766798245,0.0540294775318356,0.0872725611099706,1000
sp0,81,species.k.sp10,0.00030104354781843,0.0493068146000418,0.0863484830269723,1000
sp0,82,species.k.sp11,-0.0011093105924382,0.044367977526086,0.0744500996079976,1000
sp0,83,species.k.sp12,0.00631759757410084,0.0449005333418295,0.0782320504001504,1000
sp0,84,species.k.sp13,0.00652933540009623,0.0669808181799395,0.119040684787516,1000
sp0,85,species.k.sp14,-0.000759537764685312,0.0530242258891543,0.0909248149153322,1000
sp0,86,species.k.sp15,8.14817780093832e-05,0.0381478328954659,0.0669727187908648,1000
sp0,87,species.l0.sp0,-0.04009856335108,0.746360275953437,1.19971354453148,1000
sp0,88,species.l0.sp1,0.00373148064162606,0.0460865102333681,0.0772794857734896,1000
sp0,89,species.l0.sp2,0.00556759441342076,0.1172040300282,0.232592798725119,1000
sp0,90,species.l0.sp3,0.00429993044248247,0.0572027453165202,0.100185436635474,1000
sp0,91,species.l0.sp4,-0.000491170628313593,0.0490179500222362,0.0842897781884552,1000
sp0,92,species.l0.sp5,0.000824231987202397,0.042104699570965,0.0689291033014298,1000
sp0,93,species.l0.sp6,-0.00245136749021179,0.0416396180614105,0.0711685835747856,1000
sp0,94,species.l0.sp7,0.000620228037757473,0.039849041197111,0.0688781805672282,1000
sp0,95,species.l0.sp8,-0.000549034423908018,0.0453295333739254,0.0770841609880583,1000
sp0,96,species.l0.sp9,0.00255038526562748,0.0584069196760897,0.0963782119083413,1000
sp0,97,species.l0.sp10,-0.00225066523945397,0.0672862199051402,0.122489509668471,1000
sp0,98,species.l0.sp11,0.00404354007352619,0.0387840408585405,0.0678223959882298,1000
sp0,99,species.l0.sp12,-7.13460826038282e-06,0.0409651010004158,0.0694443284644044,1000
sp0,100,species.l0.sp13,0.00113880469767998,0.0400935828452722,0.0691961794470748,1000
sp0,101,species.l0.sp14,-0.00193125870959254,0.0391787491383874,0.0677547663840712,1000
sp0,102,species.l0.sp15,0.000106051557936583,0.0414523496986589,0.0684692895732153,1000
sp0,103,mortality.additional.larva.rate.sp0,-0.0883370854429971,3.71300146914341,5.29608064074995,1000
sp0,104,mortality.additional.larva.rate.sp1,0.00399876075961989,0.0436792477611239,0.0769013426124714,1000
sp0,105,mortality.additional.larva.rate.sp2,0.0226487394633904,0.347953231493739,0.756794877268909,1000
sp0,106,mortality.additional.larva.rate.sp3,0.00175187576553332,0.285319074764082,0.577447878703446,1000
sp0,107,mortality.additional.larva.rate.sp4,0.0013602228735363,0.0406798503159145,0.0704380490031801,1000
sp0,108,mortality.additional.larva.rate.sp5,-0.000641560255380643,0.0402784250960893,0.0704069044666407,1000
sp0,109,mortality.additional.larva.rate.sp6,-0.000674568259127548,0.0391712451186343,0.0664664944079018,1000
sp0,110,mortality.additional.larva.rate.sp9,0.000157292026335708,0.0834990198380094,0.140452191591958,1000
sp0,111,mortality.additional.larva.rate.sp10,0.00610480607952314,0.0947922457310695,0.177360615393975,1000
sp0,112,mortality.additional.larva.rate.sp11,0.00220133133773224,0.0405238921683707,0.070433832412553,1000
sp0,113,mortality.additional.larva.rate.sp12,0.00497141012787356,0.0432559876307917,0.0719841024328948,1000
sp0,114,mortality.additional.larva.rate.sp13,0.000871277085037717,0.0406671203490782,0.0710294552234201,1000
sp0,115,mortality.additional.larva.rate.sp14,-0.00210441485767881,0.0398203718412821,0.0683067447692894,1000
sp0,116,mortality.additional.larva.rate.sp15,-0.0031232305663904,0.0404920151087376,0.0719412668150367,1000
sp0,117,mortality.additional.larva.rate.mean.sp7,0.000994572723682466,0.0426852142122368,0.0727081550487063,1000
sp0,118,mortality.additional.larva.rate.mean.sp8,0.00149594091623699,0.0482764022065277,0.0843850281865066,1000
sp0,119,species.linf.sp0,0.506793961911869,4.66232469362906,6.73014128818633,1000
sp0,120,species.linf.sp1,-0.00438941752129095,0.0687006022614323,0.123885689141194,1000
sp0,121,species.linf.sp2,0.0151645670712985,0.371165191953716,0.724195451361972,1000
sp0,122,species.linf.sp3,-0.000350904214136646,0.441165859962801,0.848140008992363,1000
sp0,123,species.linf.sp4,0.000228277561818895,0.110382801755879,0.194151203937749,1000
sp0,124,species.linf.sp5,0.00800482046238329,0.954699454479962,1.39426294363991,1000
sp0,125,species.linf.sp6,-0.00187471254282102,0.0613547233643709,0.103639329056704,1000
sp0,126,species.linf.sp7,0.00515448494449022,0.0524841699086843,0.0854904956384868,1000
sp0,127,species.linf.sp8,-0.0163874004880351,0.253793874453236,0.399955173793638,1000
sp0,128,species.linf.sp9,0.00204448239338132,0.113724079523824,0.19091083204695,1000
sp0,129,species.linf.sp10,0.00023878720335936,0.0979167690711608,0.179191032146325,1000
sp0,130,species.linf.sp11,-0.00174448139274253,0.0549054889209055,0.0985849064332383,1000
sp0,131,species.linf.sp12,-0.00128653068824987,0.0639444847796559,0.112671922331375,1000
sp0,132,species.linf.sp13,0.00285166216607894,0.0535148539214714,0.0937170358962423,1000
sp0,133,species.linf.sp14,0.00491435794637707,0.0749275157523703,0.12567042341242,1000
sp0,134,species.linf.sp15,-0.0017152267237546,0.0455652154814488,0.077659725251911,1000
sp0,135,species.accessibility2fish.sp16,0.000387616441949243,0.0440909915414174,0.075888332147794,1000
sp0,136,species.accessibility2fish.sp17,0.000169953781919391,0.0381449225672314,0.0647799608613039,1000
sp0,137,species.accessibility2fish.sp18,-0.00166275659730478,0.0407162818674373,0.0692253531294197,1000
sp0,138,species.accessibility2fish.sp19,-0.0019471247118461,0.0398584955415866,0.066904080945218,1000
sp0,139,species.accessibility2fish.sp20,-0.000423915052166743,0.0412621549452087,0.0728296148378333,1000
sp0,140,species.accessibility2fish.sp21,0.000106619184302866,0.0625416831251108,0.133041479870391,1000
sp0,141,species.accessibility2fish.sp22,0.00193282891303012,0.0428736886763466,0.0769230496146318,1000
sp0,142,species.accessibility2fish.sp23,-0.00225352784241009,0.0445994547591897,0.0747555056719328,1000
sp0,143,species.accessibility2fish.sp24,-0.00300823089642423,0.331599742842234,0.636572556076149,1000
sp0,144,species.accessibility2fish.sp25,-0.000311054328580073,0.0412267662691835,0.0671257133563386,1000
sp0,145,species.accessibility2fish.sp26,0.00458641208266849,0.064728419804519,0.14285921586917,1000
sp0,146,species.maturity.size.ratio.sp0,-0.138180073869749,3.94507594707932,6.02262295073239,1000
sp0,147,species.maturity.size.ratio.sp1,-0.00239454400157036,0.0400737458640818,0.0692017586617404,1000
sp0,148,species.maturity.size.ratio.sp2,-0.00074040874757465,0.0467066011784465,0.0811180775468098,1000
sp0,149,species.maturity.size.ratio.sp3,0.00531827202313416,0.0457981409817856,0.0811322421981089,1000
sp0,150,species.maturity.size.ratio.sp4,-0.00052488522209473,0.0411168270327501,0.0705234732252416,1000
sp0,151,species.maturity.size.ratio.sp5,-0.0038282304633133,0.0403849998456977,0.0660929306463237,1000
sp0,152,species.maturity.size.ratio.sp6,0.00338518665390009,0.0407466384105784,0.0677195656901534,1000
sp0,153,species.maturity.size.ratio.sp7,-0.00162749592698462,0.0398963869063798,0.0668452626491019,1000
sp0,154,species.maturity.size.ratio.sp8,0.000135019705363331,0.0432999476214025,0.074594232178633,1000
sp0,155,species.maturity.size.ratio.sp9,0.00387168906918437,0.04044464142135,0.0677464835841315,1000
sp0,156,species.maturity.size.ratio.sp10,-0.00411603800676988,0.0441249193380345,0.0750060028732928,1000
sp0,157,species.maturity.size.ratio.sp11,0.00236570609009248,0.0555975205722674,0.0960065064147732,1000
sp0,158,species.maturity.size.ratio.sp12,-0.0016823322362004,0.0409080274857285,0.0713395459456443,1000
sp0,159,species.maturity.size.ratio.sp13,0.00301315903523966,0.0818434966459066,0.14880629825803,1000
sp0,160,species.maturity.size.ratio.sp14,-0.00145333218962343,0.0422212553744383,0.0725928774722274,1000
sp0,161,species.maturity.size.ratio.sp15,0.0023717710940597,0.0431408927919804,0.0750105454486147,1000
sp0,162,predation.predPrey.sizeRatio.teta.sp0.stage1,0.0047512446695043,0.0730206848588959,0.129727408870093,1000
sp0,163,predation.predPrey.sizeRatio.alpha.sp0.stage1,-0.0863264291774806,1.27960148932442,2.16124805590388,1000
sp0,164,predation.predPrey.sizeRatio.teta.sp1.stage1,-0.00206046413245793,0.0434805636986579,0.0727389152109313,1000
sp0,165,predation.predPrey.sizeRatio.alpha.sp1.stage1,0.00637497726732399,0.0739373026959962,0.131043468816363,1000
sp0,166,predation.predPrey.sizeRatio.teta.sp2.stage1,0.00152193063262976,0.0442082119736798,0.0779608851176062,1000
sp0,167,predation.predPrey.sizeRatio.alpha.sp2.stage1,0.0123370171515541,0.205559847476204,0.450137457544224,1000
sp0,168,predation.predPrey.sizeRatio.teta.sp3.stage1,0.00137723138488504,0.0485724536151351,0.0816381677806916,1000
sp0,169,predation.predPrey.sizeRatio.alpha.sp3.stage1,-0.00406040178750895,0.342460397485419,0.620097789793448,1000
sp0,170,predation.predPrey.sizeRatio.teta.sp4.stage1,0.00274611989205279,0.0406535333333494,0.0696477792819755,1000
sp0,171,predation.predPrey.sizeRatio.alpha.sp4.stage1,-0.00663958944678182,0.0920888505151821,0.177210317544909,1000
sp0,172,predation.predPrey.sizeRatio.teta.sp5.stage1,-0.00216652063166974,0.0391269991983154,0.0657730832755094,1000
sp0,173,predation.predPrey.sizeRatio.teta.sp5.stage2,0.00112385518998421,0.315180461607777,0.523675139461355,1000
sp0,174,predation.predPrey.sizeRatio.alpha.sp5.stage1,0.004393040017853,0.0405257539894024,0.069686923794805,1000
sp0,175,predation.predPrey.sizeRatio.alpha.sp5.stage2,-0.00118884785985463,0.245842962045534,0.393650653737864,1000
sp0,176,predation.predPrey.sizeRatio.teta.sp6.stage1,-0.000454108303548328,0.0433020479809996,0.0728984628720946,1000
sp0,177,predation.predPrey.sizeRatio.alpha.sp6.stage1,-0.00367451206404886,0.0451383748805103,0.0769061716775173,1000
sp0,178,predation.predPrey.sizeRatio.teta.sp7.stage1,-0.00228601844047496,0.0417819167987862,0.074417844890119,1000
sp0,179,predation.predPrey.sizeRatio.alpha.sp7.stage1,0.00611295497365467,0.0495257833377312,0.0881937650250843,1000
sp0,180,predation.predPrey.sizeRatio.teta.sp8.stage1,0.0014681786988955,0.0401051497439744,0.0692483120799436,1000
sp0,181,predation.predPrey.sizeRatio.alpha.sp8.stage1,-0.00303184944076284,0.168436962611098,0.270665402298946,1000
sp0,182,predation.predPrey.sizeRatio.teta.sp9.stage1,0.00594141088611762,0.0411623366733523,0.0702741551631158,1000
sp0,183,predation.predPrey.sizeRatio.alpha.sp9.stage1,-0.00551931228729947,0.103153796412909,0.20390283248561,1000
sp0,184,predation.predPrey.sizeRatio.teta.sp10.stage1,0.00358779008984151,0.0390302570861289,0.0661476546306568,1000
sp0,185,predation.predPrey.sizeRatio.alpha.sp10.stage1,0.00244831745984381,0.0534485582986066,0.0901132732161192,1000
sp0,186,predation.predPrey.sizeRatio.teta.sp11.stage1,0.00236682778791138,0.0421560212305579,0.0707900758431813,1000
sp0,187,predation.predPrey.sizeRatio.alpha.sp11.stage1,0.00272546967853774,0.0437165872313731,0.0734749042413485,1000
sp0,188,predation.predPrey.sizeRatio.teta.sp12.stage1,0.00143093643190168,0.0432668791837149,0.0759149659761117,1000
sp0,189,predation.predPrey.sizeRatio.alpha.sp12.stage1,0.000966599196598589,0.0503805180379243,0.0853996406534996,1000
sp0,190,predation.predPrey.sizeRatio.teta.sp13.stage1,-0.000397946786120385,0.0416633163551503,0.0710481392932985,1000
sp0,191,predation.predPrey.sizeRatio.alpha.sp13.stage1,-0.00227864638774912,0.0481116129070066,0.0813164779337707,1000
sp0,192,predation.predPrey.sizeRatio.teta.sp14.stage1,-0.000121093271017908,0.0377425798520368,0.0647520020187644,1000
sp0,193,predation.predPrey.sizeRatio.alpha.sp14.stage1,-0.00292140158622414,0.0601206668370242,0.0975797919591056,1000
sp0,194,predation.predPrey.sizeRatio.teta.sp15.stage1,0.00119355584591872,0.0408083313621887,0.0682820445302809,1000
sp0,195,predation.predPrey.sizeRatio.alpha.sp15.stage1,-0.00253412149146793,0.0603637933938183,0.105834590851022,1000
sp1,1,mortality.additional.rate.sp0,-8.89744636512992e-06,0.00417906084351597,0.00558616885632768,1000
sp1,2,mortality.additional.rate.sp1,0.000228940829516995,0.00417646849687674,0.00548634732635687,1000
sp1,3,mortality.additional.rate.sp2,0.000207734312509408,0.00519030023991487,0.00677746509967725,1000
sp1,4,mortality.additional.rate.sp3,-0.000321554267225415,0.00478449712284189,0.0062989769122879,1000
sp1,5,mortality.additional.rate.sp4,-4.89848508603882e-07,0.00418799057355471,0.00556576342450236,1000
sp1,6,mortality.additional.rate.sp5,0.00031375783511773,0.0052498983612906,0.00679067020768559,1000
sp1,7,mortality.additional.rate.sp6,-8.95307944425689e-06,0.00438176586187,0.00577579321102385,1000
sp1,8,mortality.additional.rate.sp7,-2.3211742273439e-05,0.00577763700947126,0.0074657129266058,1000
sp1,9,mortality.additional.rate.sp8,4.05933572093684e-05,0.00438238961675601,0.0060511726066858,1000
sp1,10,mortality.additional.rate.sp9,-7.16050985940349e-05,0.00418534232083675,0.00564434719217439,1000
sp1,11,mortality.additional.rate.sp10,-0.000161462857502333,0.00431646101499084,0.00590681918935749,1000
sp1,12,mortality.additional.rate.sp11,0.000103823663037567,0.00433057233916696,0.00570656670219937,1000
sp1,13,mortality.additional.rate.sp12,0.000185700929174928,0.00409587529924695,0.00550520707831882,1000
sp1,14,mortality.additional.rate.sp13,-0.00020220188245161,0.00418496438806499,0.00566667466988095,1000
sp1,15,mortality.additional.rate.sp14,0.000282089293983456,0.00424498675476919,0.00562354443928621,1000
sp1,16,mortality.additional.rate.sp15,8.93078502005344e-05,0.00429515927993762,0.00581793133300322,1000
sp1,17,fisheries.rate.base.fsh0,0.000311289964034846,0.0109940582244507,0.01612249783124,1000
sp1,18,fisheries.rate.base.fsh1,-0.000329780328592919,0.00517677403407296,0.006682855036537,1000
sp1,19,fisheries.rate.base.fsh2,-0.000191633314510379,0.00435005724163264,0.00588754421091918,1000
sp1,20,fisheries.rate.base.fsh3,-9.88166414294837e-05,0.00432969382990173,0.00580260348598992,1000
sp1,21,species.catchability.fsh0.sp0,0.000146991861052919,0.00446894465898912,0.00597561289973325,1000
sp1,22,species.catchability.fsh0.sp1,-0.0010756631072413,0.0134499689695769,0.0178854366702047,1000
sp1,23,species.catchability.fsh0.sp2,6.25205334012548e-05,0.00463418848389372,0.00617815905051625,1000
sp1,24,species.catchability.fsh0.sp3,3.62284754910735e-05,0.00526096108362726,0.00743777835724295,1000
sp1,25,species.catchability.fsh0.sp5,0.000204151631436866,0.00438060099298148,0.00590772846015735,1000
sp1,26,species.catchability.fsh0.sp7,-0.000132562170687852,0.00438637627059071,0.00589143350294863,1000
sp1,27,species.catchability.fsh0.sp8,0.000226917879045823,0.00539152109637846,0.00720244090440985,1000
sp1,28,species.catchability.fsh0.sp9,-0.000150724336583739,0.0041705396307614,0.00555618145405293,1000
sp1,29,species.catchability.fsh0.sp10,9.21025518942817e-05,0.00420934704535862,0.00570178029585522,1000
sp1,30,species.catchability.fsh0.sp13,-0.000141975726732717,0.00435498445392952,0.0056832480919127,1000
sp1,31,species.catchability.fsh0.sp14,7.30730430246027e-05,0.00438720634738318,0.0058208849883316,1000
sp1,32,species.catchability.fsh0.sp15,0.000170293561639636,0.00413309966928104,0.00544876531169177,1000
sp1,33,species.catchability.fsh1.sp9,0.000180534175582721,0.00457516744181374,0.00590629945201328,1000
sp1,34,species.catchability.fsh1.sp10,0.000144005652351,0.00440099642715236,0.0059029928840213,1000
sp1,35,species.catchability.fsh1.sp11,0.000119980923478254,0.00426986969324024,0.00559783274241014,1000
sp1,36,species.catchability.fsh1.sp12,-0.000182387216080656,0.00441721845534093,0.00598566716656202,1000
sp1,37,species.catchability.fsh2.sp0,0.000268786262374173,0.0041120649317713,0.00547976329038185,1000
sp1,38,species.catchability.fsh2.sp5,0.000321463524316627,0.0042894405750415,0.00562610922914652,1000
sp1,39,species.catchability.fsh2.sp7,-0.000126786396486751,0.00428118873337111,0.00572056810225045,1000
sp1,40,species.catchability.fsh2.sp8,-9.87992870076934e-05,0.00429179700201805,0.00570822504934528,1000
sp1,41,species.catchability.fsh3.sp0,5.04338079575222e-05,0.00426623143406773,0.00564880567641013,1000
sp1,42,species.catchability.fsh3.sp1,0.000421098505908917,0.00461872043161495,0.00624935663328872,1000
sp1,43,species.catchability.fsh3.sp2,-0.000290539930744934,0.00426543523511095,0.00559610572379537,1000
sp1,44,species.catchability.fsh3.sp3,-0.000180286155517806,0.00441436409040354,0.00606720330901174,1000
sp1,45,species.catchability.fsh3.sp5,-5.85562951335435e-05,0.00408185207170184,0.00547436756493459,1000
sp1,46,species.catchability.fsh3.sp7,-0.000242758070573203,0.0043257004693979,0.00581956641545325,1000
sp1,47,species.catchability.fsh3.sp8,5.76221060073151e-05,0.00446502373193557,0.00607755676438986,1000
sp1,48,species.catchability.fsh3.sp9,0.000430597727974311,0.00419768829396574,0.00569312609080176,1000
sp1,49,species.catchability.fsh3.sp10,9.25904026681414e-05,0.0041941570649895,0.00566651444139759,1000
sp1,50,species.catchability.fsh3.sp11,5.40800454181898e-05,0.00444118917439067,0.00588125079379706,1000
sp1,51,species.catchability.fsh3.sp12,-0.000187956247289818,0.00427163720238449,0.0056436020161511,1000
sp1,52,species.catchability.fsh3.sp13,0.000102548596778159,0.00432098744511055,0.00574666123689,1000
sp1,53,species.catchability.fsh3.sp14,4.44140526853534e-05,0.00408752152825751,0.00545426050162698,1000
sp1,54,species.catchability.fsh3.sp15,5.7785146163166e-05,0.00433440917354313,0.00570411721268988,1000
sp1,55,species.length2weight.condition.factor.sp0,6.62072653133538e-05,0.00458339238852607,0.00601337107622436,1000
sp1,56,species.length2weight.condition.factor.sp1,-0.000545138639816123,0.00530090560393356,0.00670695935966063,1000
sp1,57,species.length2weight.condition.factor.sp2,-7.41498438267281e-05,0.00645528047204048,0.00837095832831838,1000
sp1,58,species.length2weight.condition.factor.sp3,0.000161974445885681,0.00605806300612011,0.0081526728969358,1000
sp1,59,species.length2weight.condition.factor.sp4,-9.49579900337062e-05,0.0045808163500808,0.00605854452690311,1000
sp1,60,species.length2weight.condition.factor.sp5,-9.84695658974766e-05,0.00455985669813832,0.00636336919000351,1000
sp1,61,species.length2weight.condition.factor.sp6,0.000224391525283342,0.00430649513154438,0.00565467575233772,1000
sp1,62,species.length2weight.condition.factor.sp7,-0.0002436967184952,0.00432421934692894,0.00570552530715813,1000
sp1,63,species.length2weight.condition.factor.sp8,8.97150092545605e-05,0.00468869194175578,0.00627968050790973,1000
sp1,64,species.length2weight.condition.factor.sp9,-0.000477156626439832,0.00438122553408689,0.00592170560190115,1000
sp1,65,species.length2weight.condition.factor.sp10,8.77984022069878e-05,0.00423381073681032,0.00561059661426205,1000
sp1,66,species.length2weight.condition.factor.sp11,-0.000124158583168728,0.00430366716159898,0.00566838108183085,1000
sp1,67,species.length2weight.condition.factor.sp12,-0.000134062069549156,0.00440616240716628,0.00598378811492909,1000
sp1,68,species.length2weight.condition.factor.sp13,-0.000207361845476526,0.00440350812110366,0.00585497673053502,1000
sp1,69,species.length2weight.condition.factor.sp14,7.02101336324034e-05,0.0044517064460909,0.00597897477570996,1000
sp1,70,species.length2weight.condition.factor.sp15,0.000352151174460328,0.0045009555232939,0.0059850691359102,1000
sp1,71,species.k.sp0,0.000143464190231455,0.00735103519646996,0.00978520612846271,1000
sp1,72,species.k.sp1,0.00251072746166342,0.101163365197425,0.113080479425281,1000
sp1,73,species.k.sp2,2.25563986351544e-05,0.0117043416353768,0.0146518684007825,1000
sp1,74,species.k.sp3,-0.000345091423701238,0.00969595548248252,0.0131458262595823,1000
sp1,75,species.k.sp4,-0.000998820229485361,0.0153575241685891,0.0167914979691539,1000
sp1,76,species.k.sp5,-0.000215720812910064,0.00505968748646063,0.00674956857108476,1000
sp1,77,species.k.sp6,0.000846359488315803,0.0187184693500066,0.0204127123582767,1000
sp1,78,species.k.sp7,-0.000109137459786896,0.00469022049501503,0.00618990959704234,1000
sp1,79,species.k.sp8,-4.71701023419374e-05,0.0124876179331245,0.0150208086690535,1000
sp1,80,species.k.sp9,0.00070552311056611,0.00868415179271813,0.0103180489139725,1000
sp1,81,species.k.sp10,0.000179244340890325,0.0048783560532996,0.00652765115369194,1000
sp1,82,species.k.sp11,0.000107494797799334,0.00444450275981933,0.00586303447708804,1000
sp1,83,species.k.sp12,-4.20201368103788e-05,0.00445914600783956,0.00589919617974112,1000
sp1,84,species.k.sp13,0.000354488762918279,0.00744552467126812,0.0103824851130046,1000
sp1,85,species.k.sp14,0.000313017037353289,0.00877332316659156,0.0114125609896794,1000
sp1,86,species.k.sp15,0.00017049592019477,0.00444337915779365,0.0059963020195851,1000
sp1,87,species.l0.sp0,2.33984577715336e-05,0.00456793281669913,0.00601621014587843,1000
sp1,88,species.l0.sp1,0.000525107137888909,0.0278963694085427,0.0300399619262667,1000
sp1,89,species.l0.sp2,0.000469775301014756,0.0130391063926365,0.0166895453685473,1000
sp1,90,species.l0.sp3,-3.46514252601718e-05,0.00570839135116648,0.00757265337990835,1000
sp1,91,species.l0.sp4,0.000233245264621359,0.0139547961747831,0.0153200167414322,1000
sp1,92,species.l0.sp5,1.90486059964587e-05,0.0044605109365731,0.00595987721930635,1000
sp1,93,species.l0.sp6,6.61538714727434e-05,0.00979755494937921,0.0117664753681619,1000
sp1,94,species.l0.sp7,-0.000150993694628123,0.00455552238603538,0.0060964598778914,1000
sp1,95,species.l0.sp8,-0.00011095818522234,0.00749356047664146,0.00948629664244028,1000
sp1,96,species.l0.sp9,0.000289047299662974,0.00594551606812934,0.00771541631140818,1000
sp1,97,species.l0.sp10,0.000443455063662729,0.0049178488103606,0.00667930139194059,1000
sp1,98,species.l0.sp11,-0.000251251407710414,0.00431589946024162,0.00581255819146254,1000
sp1,99,species.l0.sp12,0.000243248534675242,0.00430620218860985,0.00579361048983883,1000
sp1,100,species.l0.sp13,-2.22838052805223e-05,0.0042902954407326,0.00578200863793608,1000
sp1,101,species.l0.sp14,6.51771422310371e-05,0.00428080196308447,0.00581187817716776,1000
sp1,102,species.l0.sp15,8.58422139803831e-05,0.00438873160720248,0.00590491952723283,1000
sp1,103,mortality.additional.larva.rate.sp0,-0.000342507921373933,0.00674912403195022,0.00899814888797227,1000
sp1,104,mortality.additional.larva.rate.sp1,-1.6483807764019e-05,0.00886614612774546,0.0111525887116625,1000
sp1,105,mortality.additional.larva.rate.sp2,0.00109772320822752,0.0425534384161908,0.051812862307168,1000
sp1,106,mortality.additional.larva.rate.sp3,0.0015830087856863,0.0248032946490094,0.0340416793835709,1000
sp1,107,mortality.additional.larva.rate.sp4,-0.000112886042196958,0.00448367535898694,0.00609003662367332,1000
sp1,108,mortality.additional.larva.rate.sp5,7.85475614703206e-05,0.00421739643622285,0.00565334501113662,1000
sp1,109,mortality.additional.larva.rate.sp6,6.36926471595272e-05,0.0043156907471212,0.00577579973592031,1000
sp1,110,mortality.additional.larva.rate.sp9,-0.000288667496005261,0.00863467062281579,0.0108238949789842,1000
sp1,111,mortality.additional.larva.rate.sp10,-1.43101280819826e-05,0.00599748463605891,0.00797065548778491,1000
sp1,112,mortality.additional.larva.rate.sp11,8.06743093654611e-05,0.00441169989668703,0.0059840301639679,1000
sp1,113,mortality.additional.larva.rate.sp12,-9.42596574326102e-05,0.00444225474738771,0.00590441303120831,1000
sp1,114,mortality.additional.larva.rate.sp13,-0.000121344154470303,0.00430627446789679,0.00593398868975286,1000
sp1,115,mortality.additional.larva.rate.sp14,5.22274205214307e-06,0.00477834798623728,0.00642485275463547,1000
sp1,116,mortality.additional.larva.rate.sp15,-0.000176328473557954,0.00444933560692328,0.00596627397836249,1000
sp1,117,mortality.additional.larva.rate.mean.sp7,6.21365114791415e-05,0.00526992880340565,0.00684879323536303,1000
sp1,118,mortality.additional.larva.rate.mean.sp8,-5.52547207732876e-05,0.0107076486289663,0.0130019390386376,1000
sp1,119,species.linf.sp0,0.000398413149049384,0.00838326228028054,0.0115426861195614,1000
sp1,120,species.linf.sp1,0.0101618405194186,0.268920278277153,0.290901761992758,1000
sp1,121,species.linf.sp2,-0.000233177304017935,0.0330389105364505,0.0420916574473971,1000
sp1,122,species.linf.sp3,-0.00151512721531519,0.0227503331651837,0.0309580066586975,1000
sp1,123,species.linf.sp4,0.000165597614160999,0.039680466874928,0.0414172699110712,1000
sp1,124,species.linf.sp5,0.000304670140177785,0.0117468388469496,0.0153419440786202,1000
sp1,125,species.linf.sp6,-0.000817260827212811,0.0482542179189295,0.0504271679651069,1000
sp1,126,species.linf.sp7,-0.000171018001900016,0.0133766738490828,0.0152771729217317,1000
sp1,127,species.linf.sp8,-0.0012166072369564,0.0370645781963527,0.0409558470406884,1000
sp1,128,species.linf.sp9,-0.000140172566670199,0.0227739560031022,0.0248080920304746,1000
sp1,129,species.linf.sp10,-0.000223445589113112,0.00730067965608332,0.010840767108217,1000
sp1,130,species.linf.sp11,8.12457784732158e-05,0.0048023434643137,0.00652543554188168,1000
sp1,131,species.linf.sp12,-0.000468725970302817,0.0053112616988473,0.00685567000492544,1000
sp1,132,species.linf.sp13,-0.000177341834766193,0.00604988876192449,0.0081371412729687,1000
sp1,133,species.linf.sp14,0.00025841883000821,0.0125726148955506,0.0154275347755523,1000
sp1,134,species.linf.sp15,0.000253507422788663,0.00471287938018015,0.00638484234803433,1000
sp1,135,species.accessibility2fish.sp16,0.000194219396170971,0.0041555773848511,0.00567173833747189,1000
sp1,136,species.accessibility2fish.sp17,-8.08567889599198e-05,0.00415973416693231,0.00569904357570749,1000
sp1,137,species.accessibility2fish.sp18,-6.37817057458505e-05,0.00446107234539028,0.00580975606377028,1000
sp1,138,species.accessibility2fish.sp19,-0.000127911277307719,0.00424161260541699,0.00573457734659626,1000
sp1,139,species.accessibility2fish.sp20,-1.70659745762963e-05,0.00408098833125316,0.00539902041536531,1000
sp1,140,species.accessibility2fish.sp21,4.47384486843315e-06,0.00488061632487246,0.00651955690289153,1000
sp1,141,species.accessibility2fish.sp22,-0.000337215035382791,0.0218488480794023,0.0404348494857284,1000
sp1,142,species.accessibility2fish.sp23,-0.000829232769203519,0.0553026283595409,0.0597462923326134,1000
sp1,143,species.accessibility2fish.sp24,-0.000380516597821501,0.018016367699998,0.0269892524774681,1000
sp1,144,species.accessibility2fish.sp25,0.000149464367897548,0.00419867193713263,0.0056197609751418,1000
sp1,145,species.accessibility2fish.sp26,0.000136938566085323,0.00441466751872038,0.00598760991684334,1000
sp1,146,species.maturity.size.ratio.sp0,-0.000864515714294632,0.00783642349253024,0.0111689859265571,1000
sp1,147,species.maturity.size.ratio.sp1,0.000259400795630229,0.00434229470165485,0.00583813254960177,1000
sp1,148,species.maturity.size.ratio.sp2,-0.000461138520795102,0.0051418882916456,0.00696257414761582,1000
sp1,149,species.maturity.size.ratio.sp3,0.000139628552084597,0.00500087599940948,0.00685194021913925,1000
sp1,150,species.maturity.size.ratio.sp4,-0.000240692299149454,0.00545590741464778,0.00692560598728326,1000
sp1,151,species.maturity.size.ratio.sp5,-0.000173747601585461,0.00438733749087822,0.00586542261351185,1000
sp1,152,species.maturity.size.ratio.sp6,-4.37926071085641e-05,0.00509326265573157,0.00680967889292539,1000
sp1,153,species.maturity.size.ratio.sp7,-0.000129543843230337,0.0042406127224446,0.00570055342833866,1000
sp1,154,species.maturity.size.ratio.sp8,0.000186542886618342,0.00431122490747623,0.00566401753209557,1000
sp1,155,species.maturity.size.ratio.sp9,3.05976557838155e-06,0.00445003456989819,0.00579762502889711,1000
sp1,156,species.maturity.size.ratio.sp10,-0.000474949286436896,0.00456574516373548,0.00605545663193137,1000
sp1,157,species.maturity.size.ratio.sp11,0.00019811345189564,0.00496740483853311,0.00661362487244794,1000
sp1,158,species.maturity.size.ratio.sp12,-0.000467901891459874,0.00412422796177534,0.00550157647892128,1000
sp1,159,species.maturity.size.ratio.sp13,-0.000161170228957356,0.0110894405264315,0.0146968555752938,1000
sp1,160,species.maturity.size.ratio.sp14,9.11036960810747e-05,0.00419643577756092,0.00573217606193255,1000
sp1,161,species.maturity.size.ratio.sp15,-0.000237304804954399,0.0045271819929988,0.00593180033235382,1000
sp1,162,predation.predPrey.sizeRatio.teta.sp0.stage1,-0.000422245041301362,0.00411442931592533,0.00557276580810874,1000
sp1,163,predation.predPrey.sizeRatio.alpha.sp0.stage1,-0.00012587952103141,0.00536751226570921,0.00731846172750561,1000
sp1,164,predation.predPrey.sizeRatio.teta.sp1.stage1,0.00014421463999769,0.0168643792635318,0.0224406236775369,1000
sp1,165,predation.predPrey.sizeRatio.alpha.sp1.stage1,-0.021944367592315,0.231456973006675,0.262421324525495,1000
sp1,166,predation.predPrey.sizeRatio.teta.sp2.stage1,3.48586126944971e-05,0.0050705478656546,0.00660934481602987,1000
sp1,167,predation.predPrey.sizeRatio.alpha.sp2.stage1,-0.000439701308194643,0.00878242652123595,0.0125595040411022,1000
sp1,168,predation.predPrey.sizeRatio.teta.sp3.stage1,0.000201156777909636,0.00554576027149939,0.00755264873346209,1000
sp1,169,predation.predPrey.sizeRatio.alpha.sp3.stage1,-0.000177211760593349,0.0144830675461108,0.0264426012204291,1000
sp1,170,predation.predPrey.sizeRatio.teta.sp4.stage1,6.59259172528938e-05,0.00436405305081892,0.00586618013354917,1000
sp1,171,predation.predPrey.sizeRatio.alpha.sp4.stage1,-0.000414220855889875,0.00718971343680603,0.00888899620684374,1000
sp1,172,predation.predPrey.sizeRatio.teta.sp5.stage1,-7.69578030520628e-05,0.00424158249304072,0.00567769158992519,1000
sp1,173,predation.predPrey.sizeRatio.teta.sp5.stage2,-0.000600601036982295,0.00923162967254498,0.0122366719992631,1000
sp1,174,predation.predPrey.sizeRatio.alpha.sp5.stage1,9.00379212636675e-05,0.00420043868129456,0.00561270981250499,1000
sp1,175,predation.predPrey.sizeRatio.alpha.sp5.stage2,8.84342361901297e-06,0.00558483566572394,0.00773356281332412,1000
sp1,176,predation.predPrey.sizeRatio.teta.sp6.stage1,5.50365148027814e-05,0.0074819186622897,0.00981581718301725,1000
sp1,177,predation.predPrey.sizeRatio.alpha.sp6.stage1,-2.97440589695508e-05,0.0123491549924777,0.0145411290303176,1000
sp1,178,predation.predPrey.sizeRatio.teta.sp7.stage1,0.000140471587912905,0.00446399767058167,0.00591587133824112,1000
sp1,179,predation.predPrey.sizeRatio.alpha.sp7.stage1,-0.00048549218208878,0.00822956694697024,0.0110566131106582,1000
sp1,180,predation.predPrey.sizeRatio.teta.sp8.stage1,-0.000178381041651344,0.00463299964818787,0.00605129554954852,1000
sp1,181,predation.predPrey.sizeRatio.alpha.sp8.stage1,0.000390532897857075,0.0130114092703352,0.0161530259134126,1000
sp1,182,predation.predPrey.sizeRatio.teta.sp9.stage1,-2.14841618904488e-05,0.00568599710426916,0.0077466971545642,1000
sp1,183,predation.predPrey.sizeRatio.alpha.sp9.stage1,0.000165322857010505,0.0125837847384384,0.014862748738709,1000
sp1,184,predation.predPrey.sizeRatio.teta.sp10.stage1,9.75758827260971e-05,0.00432071313023939,0.00578131988888541,1000
sp1,185,predation.predPrey.sizeRatio.alpha.sp10.stage1,1.69264823888057e-06,0.00659835748707071,0.00886977192162808,1000
sp1,186,predation.predPrey.sizeRatio.teta.sp11.stage1,0.00013001559140348,0.00424445178476978,0.00566525709156427,1000
sp1,187,predation.predPrey.sizeRatio.alpha.sp11.stage1,0.000130732211905099,0.00441614268642382,0.00587788504126262,1000
sp1,188,predation.predPrey.sizeRatio.teta.sp12.stage1,-8.8070340109759e-05,0.00489051781552127,0.00654443097421436,1000
sp1,189,predation.predPrey.sizeRatio.alpha.sp12.stage1,-6.18989547620754e-05,0.00481872978040486,0.00649574562272038,1000
sp1,190,predation.predPrey.sizeRatio.teta.sp13.stage1,1.76889244757028e-05,0.00428423813823782,0.00575080034194944,1000
sp1,191,predation.predPrey.sizeRatio.alpha.sp13.stage1,0.000391634911978607,0.00597085533618391,0.00818560392910853,1000
sp1,192,predation.predPrey.sizeRatio.teta.sp14.stage1,8.06143237246104e-05,0.00431218788119423,0.00565150440980083,1000
sp1,193,predation.predPrey.sizeRatio.alpha.sp14.stage1,-0.000140486685194401,0.00634184044271619,0.00818516340168408,1000
sp1,194,predation.predPrey.sizeRatio.teta.sp15.stage1,0.000270802387286462,0.00467958284453682,0.00636527805775643,1000
sp1,195,predation.predPrey.sizeRatio.alpha.sp15.stage1,-0.000269080903760048,0.00473060278732058,0.00643779515045868,1000
sp2,1,mortality.additional.rate.sp0,0.00275061574998454,0.0379535553633907,0.0563020566704151,1000
sp2,2,mortality.additional.rate.sp1,-0.00262564225414652,0.0383841898955789,0.0586583618574098,1000
sp2,3,mortality.additional.rate.sp2,-0.00633579599456586,0.216610479797405,0.269746371192499,1000
sp2,4,mortality.additional.rate.sp3,-7.03015305466658e-05,0.0454315133361527,0.0684344079637939,1000
sp2,5,mortality.additional.rate.sp4,0.00366538358408956,0.0374053495509932,0.0562090735368728,1000
sp2,6,mortality.additional.rate.sp5,-0.00396707178130975,0.0371379873842703,0.055977380480999,1000
sp2,7,mortality.additional.rate.sp6,0.0025347952750028,0.0361004115613885,0.0543735647230135,1000
sp2,8,mortality.additional.rate.sp7,-0.000984479999113926,0.0365003618797759,0.0555070083168417,1000
sp2,9,mortality.additional.rate.sp8,-0.00352285010869306,0.0388905589719077,0.0595660803706052,1000
sp2,10,mortality.additional.rate.sp9,0.00391784546127658,0.0352439619801021,0.0537656387570215,1000
sp2,11,mortality.additional.rate.sp10,0.00451701260666785,0.0377577990873299,0.056184446278744,1000
sp2,12,mortality.additional.rate.sp11,-0.000983224698435202,0.0388543376647974,0.0585708522078898,1000
sp2,13,mortality.additional.rate.sp12,-0.000854652130571888,0.0386722695557274,0.0568521663029893,1000
sp2,14,mortality.additional.rate.sp13,0.00241536414293599,0.0366676542707716,0.0550904711491813,1000
sp2,15,mortality.additional.rate.sp14,-0.0032910436035386,0.0370955980247121,0.0553132848076825,1000
sp2,16,mortality.additional.rate.sp15,-0.000179446392141028,0.036413815039993,0.0559269389030163,1000
sp2,17,fisheries.rate.base.fsh0,-0.000729860777896341,0.0494079076540892,0.0735781266767962,1000
sp2,18,fisheries.rate.base.fsh1,0.00259576153665188,0.0560905464073789,0.0817486214901393,1000
sp2,19,fisheries.rate.base.fsh2,0.000467265551170741,0.037735607000194,0.0564215240184575,1000
sp2,20,fisheries.rate.base.fsh3,0.00414024059887704,0.037237650354607,0.0562753514802667,1000
sp2,21,species.catchability.fsh0.sp0,-0.00272935190236962,0.0398575977192331,0.0610980147891864,1000
sp2,22,species.catchability.fsh0.sp1,0.00493465627814374,0.0357998322479549,0.053649334529151,1000
sp2,23,species.catchability.fsh0.sp2,0.00402994149115375,0.0707800125495123,0.101338255829092,1000
sp2,24,species.catchability.fsh0.sp3,-0.00158004959947746,0.0476037405403519,0.0721264742822312,1000
sp2,25,species.catchability.fsh0.sp5,-0.00248568672689178,0.0366934790178165,0.0544147619375284,1000
sp2,26,species.catchability.fsh0.sp7,0.00275315912507777,0.037655265314456,0.0558009512653702,1000
sp2,27,species.catchability.fsh0.sp8,-0.00298499123189732,0.0386336658716915,0.0583967859100052,1000
sp2,28,species.catchability.fsh0.sp9,-0.00195551445681265,0.0385419372826778,0.0581696838487664,1000
sp2,29,species.catchability.fsh0.sp10,0.00265615257370384,0.0422810824397248,0.0650273896233466,1000
sp2,30,species.catchability.fsh0.sp13,-0.0034362637533984,0.0395392367620267,0.0588607656012439,1000
sp2,31,species.catchability.fsh0.sp14,-0.000332871575455622,0.0359524511063251,0.052536445545033,1000
sp2,32,species.catchability.fsh0.sp15,0.00115356286142575,0.037743852713587,0.0564274501526753,1000
sp2,33,species.catchability.fsh1.sp9,-0.000937908828123204,0.0391011846665872,0.0575533692253909,1000
sp2,34,species.catchability.fsh1.sp10,-0.000543853709967254,0.0470317218780972,0.0736601341130335,1000
sp2,35,species.catchability.fsh1.sp11,-0.00131999484550565,0.0390497078606744,0.0581307328742065,1000
sp2,36,species.catchability.fsh1.sp12,-0.00024569463778715,0.0414248505996676,0.0617360648609239,1000
sp2,37,species.catchability.fsh2.sp0,-0.00163131684023373,0.0346699509799308,0.051652153789451,1000
sp2,38,species.catchability.fsh2.sp5,-0.00101652534210221,0.0375360157851325,0.0564851148172305,1000
sp2,39,species.catchability.fsh2.sp7,0.000576778790407116,0.0349479526021747,0.0536502556296138,1000
sp2,40,species.catchability.fsh2.sp8,-0.00383015187021159,0.0375815134810657,0.0552363286455335,1000
sp2,41,species.catchability.fsh3.sp0,0.000566513925354019,0.0357799290140345,0.0534853561087887,1000
sp2,42,species.catchability.fsh3.sp1,0.00171181187063592,0.0373117971954167,0.0567706312623631,1000
sp2,43,species.catchability.fsh3.sp2,-0.000396973389151654,0.0366135529213975,0.0549979331615208,1000
sp2,44,species.catchability.fsh3.sp3,0.00349509140750533,0.0371803837960846,0.0550189064349288,1000
sp2,45,species.catchability.fsh3.sp5,0.00233767436635373,0.0379330901459133,0.0556291266211971,1000
sp2,46,species.catchability.fsh3.sp7,0.000957387363650586,0.0365819521511916,0.0546228338155416,1000
sp2,47,species.catchability.fsh3.sp8,0.000391502786467893,0.0376818079847154,0.0564015864959732,1000
sp2,48,species.catchability.fsh3.sp9,0.00207529797440719,0.0377105032544545,0.0550544405732183,1000
sp2,49,species.catchability.fsh3.sp10,0.000926276730998652,0.0369633737125354,0.0543104003310702,1000
sp2,50,species.catchability.fsh3.sp11,-0.000662030595502018,0.0366719931209629,0.0544254112174662,1000
sp2,51,species.catchability.fsh3.sp12,-0.00117110776841231,0.0364130457667962,0.0548286277328606,1000
sp2,52,species.catchability.fsh3.sp13,0.00154645078308272,0.0371120483188828,0.0559759012958065,1000
sp2,53,species.catchability.fsh3.sp14,0.00229995842346373,0.0360781067473372,0.0540063253751468,1000
sp2,54,species.catchability.fsh3.sp15,-0.00329839788231819,0.0396586242871593,0.0603275938265594,1000
sp2,55,species.length2weight.condition.factor.sp0,-0.00160045562468887,0.046050898657016,0.0709133399149058,1000
sp2,56,species.length2weight.condition.factor.sp1,0.0011230340095724,0.0364738859205081,0.0547326676886515,1000
sp2,57,species.length2weight.condition.factor.sp2,0.00807034569287554,0.232110666553644,0.337845166936989,1000
sp2,58,species.length2weight.condition.factor.sp3,0.00128700886933222,0.0493093285155688,0.0766165106216335,1000
sp2,59,species.length2weight.condition.factor.sp4,-0.000354192732712217,0.0413535059200529,0.0638013137313787,1000
sp2,60,species.length2weight.condition.factor.sp5,-0.00394053333880746,0.0370853995276639,0.0555570302047718,1000
sp2,61,species.length2weight.condition.factor.sp6,-0.00217781223240465,0.0359931655225433,0.0546913657796583,1000
sp2,62,species.length2weight.condition.factor.sp7,0.00114392116386258,0.0378223314714946,0.0565731909920003,1000
sp2,63,species.length2weight.condition.factor.sp8,2.62572572878464e-06,0.0359132049069933,0.0532942034341612,1000
sp2,64,species.length2weight.condition.factor.sp9,-0.00108295325119112,0.0451297679796701,0.067205454864314,1000
sp2,65,species.length2weight.condition.factor.sp10,-0.00134601271992017,0.0445688218004327,0.0684828541100884,1000
sp2,66,species.length2weight.condition.factor.sp11,-0.00177150268520592,0.0381466217808075,0.0578941348318369,1000
sp2,67,species.length2weight.condition.factor.sp12,0.00314783952907849,0.0363637296143132,0.0549560921527793,1000
sp2,68,species.length2weight.condition.factor.sp13,-0.00193528577594201,0.0377629793847657,0.0566547168457749,1000
sp2,69,species.length2weight.condition.factor.sp14,7.29732210818313e-05,0.0381210007085785,0.0562319011695786,1000
sp2,70,species.length2weight.condition.factor.sp15,-0.00107372617163433,0.0374722917955712,0.0571501842630073,1000
sp2,71,species.k.sp0,0.00426618712871235,0.0840180176085566,0.151992400546239,1000
sp2,72,species.k.sp1,0.00123205011139605,0.0380357490467034,0.0562153136176917,1000
sp2,73,species.k.sp2,0.00764461227531582,0.731440116057175,0.892638172861829,1000
sp2,74,species.k.sp3,-0.000952014209578156,0.104231392098028,0.171853239784096,1000
sp2,75,species.k.sp4,-0.00265657453096976,0.0973139914801218,0.130384193630889,1000
sp2,76,species.k.sp5,0.00146094135780525,0.0376476641068177,0.0537405828926189,1000
sp2,77,species.k.sp6,0.0021318667232112,0.0379904932780323,0.0572567745968339,1000
sp2,78,species.k.sp7,0.000966162330848756,0.036229934088675,0.0564590708108961,1000
sp2,79,species.k.sp8,-0.00115421034471685,0.0487468654845911,0.0733225965737751,1000
sp2,80,species.k.sp9,-0.00509272129738739,0.081497439387678,0.118046594901917,1000
sp2,81,species.k.sp10,-0.00330549955300592,0.070827506173946,0.108426788203173,1000
sp2,82,species.k.sp11,-0.00281601723352932,0.0457645113397665,0.0687364351508439,1000
sp2,83,species.k.sp12,0.00054218361646639,0.0443118207117955,0.0673535142231437,1000
sp2,84,species.k.sp13,-0.00112344598186256,0.0855766334196484,0.130230133021996,1000
sp2,85,species.k.sp14,0.00224153007970211,0.0366277635391725,0.0552141245778785,1000
sp2,86,species.k.sp15,0.00204241336370294,0.0362487215157215,0.0560042625058861,1000
sp2,87,species.l0.sp0,0.000342676041440376,0.0430370856757245,0.0672694292490632,1000
sp2,88,species.l0.sp1,-0.00211324808366103,0.037443750274708,0.0559077629893773,1000
sp2,89,species.l0.sp2,0.00230843658124575,0.65863462256849,0.829247669888878,1000
sp2,90,species.l0.sp3,-0.000891510088661551,0.0497807958369763,0.0773948048915969,1000
sp2,91,species.l0.sp4,0.00496383478111871,0.0666636194748241,0.092507178802393,1000
sp2,92,species.l0.sp5,-0.000993334252745293,0.0355006388192076,0.0527148293405254,1000
sp2,93,species.l0.sp6,0.0014974048588626,0.0369184810502179,0.0550112672213884,1000
sp2,94,species.l0.sp7,0.000688710895102518,0.0357320297381596,0.0536045330061207,1000
sp2,95,species.l0.sp8,-0.00321515892268686,0.0419404913914605,0.0625198368912798,1000
sp2,96,species.l0.sp9,-0.00301579606995432,0.095901154329574,0.137709394882544,1000
sp2,97,species.l0.sp10,0.00321291021822075,0.114328303777814,0.175071993435597,1000
sp2,98,species.l0.sp11,0.00218560977137591,0.0431496147810136,0.0671080693990479,1000
sp2,99,species.l0.sp12,-0.00159527739571759,0.0375829822177332,0.0556469250692039,1000
sp2,100,species.l0.sp13,0.00042552453241875,0.0378431416826847,0.0564434823457277,1000
sp2,101,species.l0.sp14,0.000329805889741927,0.0382193087569157,0.0580596226184653,1000
sp2,102,species.l0.sp15,0.000514513657927858,0.0390403841720625,0.0580239953614275,1000
sp2,103,mortality.additional.larva.rate.sp0,0.000786027423224196,0.0884899505219543,0.159948485810368,1000
sp2,104,mortality.additional.larva.rate.sp1,0.000364303906656113,0.0406614315007234,0.0609546102138264,1000
sp2,105,mortality.additional.larva.rate.sp2,-0.0556808848013529,2.40656963754232,2.82080117910643,1000
sp2,106,mortality.additional.larva.rate.sp3,-9.76829020460363e-05,0.223613850745994,0.359578287118408,1000
sp2,107,mortality.additional.larva.rate.sp4,0.00267535512816316,0.0373779118477868,0.0565406209708901,1000
sp2,108,mortality.additional.larva.rate.sp5,-0.000526875509103382,0.0362405110924884,0.0540531658247059,1000
sp2,109,mortality.additional.larva.rate.sp6,-0.00263615645810342,0.0368371343959827,0.0555779268343578,1000
sp2,110,mortality.additional.larva.rate.sp9,0.0137955263548472,0.166353384429643,0.23303463397571,1000
sp2,111,mortality.additional.larva.rate.sp10,-0.00964995830734616,0.172675459507497,0.264497790459989,1000
sp2,112,mortality.additional.larva.rate.sp11,-0.00211693588128745,0.0373492938499598,0.0577472257698338,1000
sp2,113,mortality.additional.larva.rate.sp12,-0.00392542664994607,0.042969805634856,0.0652470690562131,1000
sp2,114,mortality.additional.larva.rate.sp13,-0.00127474053795103,0.0356660640762482,0.0548618177822058,1000
sp2,115,mortality.additional.larva.rate.sp14,-0.000504262881257477,0.036031079006542,0.0551474265064967,1000
sp2,116,mortality.additional.larva.rate.sp15,0.00606164381713961,0.0386623085782927,0.0587608135185522,1000
sp2,117,mortality.additional.larva.rate.mean.sp7,-0.00136891056523788,0.0369506149097081,0.0544274111513173,1000
sp2,118,mortality.additional.larva.rate.mean.sp8,0.000603252318189575,0.0371130573660803,0.0552489719260142,1000
sp2,119,species.linf.sp0,-0.0123224802161209,0.0956010830220112,0.179035549398174,1000
sp2,120,species.linf.sp1,-0.00123668789438087,0.0432759809523865,0.0638948711950687,1000
sp2,121,species.linf.sp2,-0.0323572296795614,2.29354254005328,2.66234375720946,1000
sp2,122,species.linf.sp3,-0.0178477484202398,0.269807065145385,0.42031216411124,1000
sp2,123,species.linf.sp4,0.0137388403010669,0.27668224231448,0.356580588638268,1000
sp2,124,species.linf.sp5,-0.000268968008543586,0.0603315761897348,0.0885379103411057,1000
sp2,125,species.linf.sp6,0.000183739741117075,0.0400113075816708,0.0582054291683086,1000
sp2,126,species.linf.sp7,0.00140398407814498,0.0366615386231277,0.055869196138676,1000
sp2,127,species.linf.sp8,-0.00903989870983816,0.101005221973952,0.144088234743715,1000
sp2,128,species.linf.sp9,0.00136597725747541,0.2227689018902,0.305774979251896,1000
sp2,129,species.linf.sp10,-0.00356249214919627,0.21353130242495,0.316462348390522,1000
sp2,130,species.linf.sp11,0.00354061625350979,0.0453164644621758,0.0690009730175556,1000
sp2,131,species.linf.sp12,0.00860119464883207,0.112784159934141,0.159920370387279,1000
sp2,132,species.linf.sp13,-0.000247405871416638,0.0692262713112658,0.104661228379217,1000
sp2,133,species.linf.sp14,0.00128303270504751,0.0356717290694946,0.0543468036665117,1000
sp2,134,species.linf.sp15,-0.000746419227861817,0.0427726032385725,0.0649325696521243,1000
sp2,135,species.accessibility2fish.sp16,-0.00100427899480423,0.0365888184299996,0.0553513236424116,1000
sp2,136,species.accessibility2fish.sp17,-0.00147733106844248,0.0357314431014022,0.0523798213718706,1000
sp2,137,species.accessibility2fish.sp18,0.000451380307691888,0.0361704915596235,0.0562603911615179,1000
sp2,138,species.accessibility2fish.sp19,-0.000140632877964729,0.0371460107806303,0.0569126569129445,1000
sp2,139,species.accessibility2fish.sp20,0.00400290157584524,0.0370655562871585,0.056099826634729,1000
sp2,140,species.accessibility2fish.sp21,-0.00170932160286532,0.0693108288128351,0.12475987801843,1000
sp2,141,species.accessibility2fish.sp22,-0.00129007936826209,0.0409262967984831,0.0608800199762706,1000
sp2,142,species.accessibility2fish.sp23,-0.00263485528059132,0.0376740401739541,0.0564118921053602,1000
sp2,143,species.accessibility2fish.sp24,-0.0110346618138519,0.350532901207776,0.485965569365925,1000
sp2,144,species.accessibility2fish.sp25,-0.000555242819141718,0.0373091093047548,0.0550890589731687,1000
sp2,145,species.accessibility2fish.sp26,-0.000644382842161262,0.0387104688457608,0.0584459014494666,1000
sp2,146,species.maturity.size.ratio.sp0,0.00359785595470836,0.0862250484338222,0.166252568297133,1000
sp2,147,species.maturity.size.ratio.sp1,0.000165416860867543,0.0365599205589272,0.0545436833906757,1000
sp2,148,species.maturity.size.ratio.sp2,0.00391089655913089,0.0777445006625313,0.129375170457292,1000
sp2,149,species.maturity.size.ratio.sp3,0.000411289578505274,0.0407656904993137,0.0611016450856977,1000
sp2,150,species.maturity.size.ratio.sp4,0.00330269699128037,0.0417650072064731,0.0639860983026609,1000
sp2,151,species.maturity.size.ratio.sp5,-0.00115913525978618,0.039166306113199,0.059855028837421,1000
sp2,152,species.maturity.size.ratio.sp6,-0.00311565095100834,0.0401967105892678,0.0601642911488988,1000
sp2,153,species.maturity.size.ratio.sp7,0.00188425132351667,0.0378134282691069,0.0560329377054426,1000
sp2,154,species.maturity.size.ratio.sp8,-0.00160744935420369,0.035310970877234,0.0522191283786425,1000
sp2,155,species.maturity.size.ratio.sp9,0.00104897027688745,0.0393864141570259,0.0598830488559806,1000
sp2,156,species.maturity.size.ratio.sp10,0.00242657178787255,0.0578092783261768,0.0888730249119123,1000
sp2,157,species.maturity.size.ratio.sp11,0.00599734366055697,0.0838785378826866,0.124101444332655,1000
sp2,158,species.maturity.size.ratio.sp12,0.00162352231744056,0.0395253430202429,0.0589836548706781,1000
sp2,159,species.maturity.size.ratio.sp13,0.0017144251250963,0.0970920459221945,0.158579596138366,1000
sp2,160,species.maturity.size.ratio.sp14,-0.0017702211181561,0.0390867183810216,0.0588666825505039,1000
sp2,161,species.maturity.size.ratio.sp15,-0.00253321700946795,0.0394412541698542,0.0589466165516657,1000
sp2,162,predation.predPrey.sizeRatio.teta.sp0.stage1,-0.000247693390939389,0.0365870364725018,0.0565250307564998,1000
sp2,163,predation.predPrey.sizeRatio.alpha.sp0.stage1,-0.00187527457720184,0.0473788097943813,0.0743751610957858,1000
sp2,164,predation.predPrey.sizeRatio.teta.sp1.stage1,0.00176645799226979,0.036975884639375,0.0539569186385317,1000
sp2,165,predation.predPrey.sizeRatio.alpha.sp1.stage1,0.00289677738888739,0.0436763392077416,0.0646192950561499,1000
sp2,166,predation.predPrey.sizeRatio.teta.sp2.stage1,0.00207238232055523,0.057834888291241,0.0842305906505982,1000
sp2,167,predation.predPrey.sizeRatio.alpha.sp2.stage1,0.0220140213085044,0.704552091643939,0.972030848711532,1000
sp2,168,predation.predPrey.sizeRatio.teta.sp3.stage1,-0.00115427470137874,0.0367124198993497,0.0555591428720738,1000
sp2,169,predation.predPrey.sizeRatio.alpha.sp3.stage1,0.00311730644221269,0.0905592328413577,0.145283684233446,1000
sp2,170,predation.predPrey.sizeRatio.teta.sp4.stage1,0.00090393367071576,0.0465912778083868,0.073176273082313,1000
sp2,171,predation.predPrey.sizeRatio.alpha.sp4.stage1,-0.00483451455195126,0.11024535692858,0.157442498590262,1000
sp2,172,predation.predPrey.sizeRatio.teta.sp5.stage1,0.00353674680825359,0.0379716893293339,0.0571824248267351,1000
sp2,173,predation.predPrey.sizeRatio.teta.sp5.stage2,-0.000557088754318158,0.0531014674298871,0.0781041278475996,1000
sp2,174,predation.predPrey.sizeRatio.alpha.sp5.stage1,-6.36728623536768e-05,0.036334718548753,0.0566348001244994,1000
sp2,175,predation.predPrey.sizeRatio.alpha.sp5.stage2,0.00078090263780348,0.0413460697658967,0.0612136171254401,1000
sp2,176,predation.predPrey.sizeRatio.teta.sp6.stage1,0.00256304973281957,0.0371996775604565,0.0556184185705839,1000
sp2,177,predation.predPrey.sizeRatio.alpha.sp6.stage1,0.00284329845964715,0.0385869527605788,0.0562425219318464,1000
sp2,178,predation.predPrey.sizeRatio.teta.sp7.stage1,-0.0023462344544778,0.0355456734277957,0.052859996854259,1000
sp2,179,predation.predPrey.sizeRatio.alpha.sp7.stage1,-0.0011789200752272,0.0383208780898417,0.0583632639493082,1000
sp2,180,predation.predPrey.sizeRatio.teta.sp8.stage1,0.0021107670699612,0.0375415822683605,0.0565475903006681,1000
sp2,181,predation.predPrey.sizeRatio.alpha.sp8.stage1,0.000259372169517837,0.0632533125615437,0.0957602376712214,1000
sp2,182,predation.predPrey.sizeRatio.teta.sp9.stage1,-0.00247597518484245,0.043773576713715,0.0662809321278995,1000
sp2,183,predation.predPrey.sizeRatio.alpha.sp9.stage1,0.00325696971382292,0.0547891024786811,0.0830671480629392,1000
sp2,184,predation.predPrey.sizeRatio.teta.sp10.stage1,-0.00370850203803942,0.0405723054619348,0.0610632096469618,1000
sp2,185,predation.predPrey.sizeRatio.alpha.sp10.stage1,0.00367677837884082,0.0596576308126181,0.0995856173940954,1000
sp2,186,predation.predPrey.sizeRatio.teta.sp11.stage1,-4.22427952883869e-05,0.0390526820792459,0.0584466342888624,1000
sp2,187,predation.predPrey.sizeRatio.alpha.sp11.stage1,-0.000917511952082918,0.0385744030457547,0.0586143040204773,1000
sp2,188,predation.predPrey.sizeRatio.teta.sp12.stage1,0.00167464348406742,0.0442552950333709,0.0661993236005636,1000
sp2,189,predation.predPrey.sizeRatio.alpha.sp12.stage1,-0.00350755817795447,0.0656097803406306,0.0984029865139784,1000
sp2,190,predation.predPrey.sizeRatio.teta.sp13.stage1,-4.40332041294808e-05,0.0357735867169694,0.0541094913787142,1000
sp2,191,predation.predPrey.sizeRatio.alpha.sp13.stage1,0.00271325017716705,0.0720057732381169,0.109238906060244,1000
sp2,192,predation.predPrey.sizeRatio.teta.sp14.stage1,0.0015334645889707,0.0375897734366474,0.0558112889446194,1000
sp2,193,predation.predPrey.sizeRatio.alpha.sp14.stage1,0.00232406348428607,0.0381195217921383,0.0571931628114712,1000
sp2,194,predation.predPrey.sizeRatio.teta.sp15.stage1,-0.00296572670170404,0.0368597427208637,0.0553271369318771,1000
sp2,195,predation.predPrey.sizeRatio.alpha.sp15.stage1,-0.00221509749796822,0.0440196668606339,0.065836288152823,1000
sp3,1,mortality.additional.rate.sp0,-0.00151043895035759,0.0587117806290842,0.0863918793091467,1000
sp3,2,mortality.additional.rate.sp1,-0.000910585048210563,0.0609476983147582,0.0890170049303366,1000
sp3,3,mortality.additional.rate.sp2,0.000283105399992516,0.0664490582887528,0.0981027441901069,1000
sp3,4,mortality.additional.rate.sp3,0.0125454569128847,0.240886661707588,0.288703156385315,1000
sp3,5,mortality.additional.rate.sp4,0.00296167680643505,0.0591714286484673,0.0862622903456283,1000
sp3,6,mortality.additional.rate.sp5,0.000151720666401337,0.0678621476956174,0.0967030026473038,1000
sp3,7,mortality.additional.rate.sp6,0.00403036696115835,0.0599450352312975,0.0882264724455042,1000
sp3,8,mortality.additional.rate.sp7,-0.00423763982265726,0.0661684727822641,0.0959949141419223,1000
sp3,9,mortality.additional.rate.sp8,0.00244579784330104,0.0601181260820269,0.0900758691681873,1000
sp3,10,mortality.additional.rate.sp9,0.00119325859360632,0.0605176015825385,0.0881120917411296,1000
sp3,11,mortality.additional.rate.sp10,0.00127295898377381,0.0567323382971002,0.0854444399915803,1000
sp3,12,mortality.additional.rate.sp11,-0.00218319394059982,0.0562735550040635,0.0838530150322079,1000
sp3,13,mortality.additional.rate.sp12,-0.00303915030417157,0.0620747473633694,0.0912238881144,1000
sp3,14,mortality.additional.rate.sp13,-0.00330358260350583,0.0632269284918917,0.0930610604290895,1000
sp3,15,mortality.additional.rate.sp14,0.000898047379816076,0.0602523734458067,0.0880406653909179,1000
sp3,16,mortality.additional.rate.sp15,-0.00283681893286519,0.0579581901292149,0.0856235645720699,1000
sp3,17,fisheries.rate.base.fsh0,0.00872332890003257,0.22564296198546,0.260218301658603,1000
sp3,18,fisheries.rate.base.fsh1,0.00146794387121856,0.0960128748132598,0.141681875719363,1000
sp3,19,fisheries.rate.base.fsh2,-0.00507044510844769,0.0620381007782315,0.0914413905998607,1000
sp3,20,fisheries.rate.base.fsh3,-0.00341103932623155,0.0681410181050009,0.0948555489150278,1000
sp3,21,species.catchability.fsh0.sp0,0.000491807084311406,0.0663661934630891,0.0982506761590352,1000
sp3,22,species.catchability.fsh0.sp1,0.00071799406393669,0.065625759287954,0.0964648523527368,1000
sp3,23,species.catchability.fsh0.sp2,-0.00173227386270035,0.060359859698063,0.0886010257181909,1000
sp3,24,species.catchability.fsh0.sp3,0.0232957133002445,0.328342610321552,0.370466866451018,1000
sp3,25,species.catchability.fsh0.sp5,0.000772372029444811,0.0653632441066192,0.0949192686287779,1000
sp3,26,species.catchability.fsh0.sp7,0.000897938867361823,0.0618691789771668,0.0919099110722159,1000
sp3,27,species.catchability.fsh0.sp8,-0.000176407331370108,0.0605320317793683,0.0889160997013233,1000
sp3,28,species.catchability.fsh0.sp9,-0.000110908355907235,0.0609598609388183,0.0881482122891157,1000
sp3,29,species.catchability.fsh0.sp10,0.00255209921494291,0.0708064689858417,0.107261558885037,1000
sp3,30,species.catchability.fsh0.sp13,0.001593002969389,0.0594301406030898,0.088691482578538,1000
sp3,31,species.catchability.fsh0.sp14,0.000475762981812141,0.0607862397135975,0.0888586833090555,1000
sp3,32,species.catchability.fsh0.sp15,-0.00148683148916058,0.0601085189493036,0.0877889472003415,1000
sp3,33,species.catchability.fsh1.sp9,0.000533994283562825,0.0570867957526137,0.0841968922949605,1000
sp3,34,species.catchability.fsh1.sp10,-0.00087431888954653,0.0775121074652076,0.115254119178308,1000
sp3,35,species.catchability.fsh1.sp11,0.00343514108854465,0.058060501010322,0.0862590675532992,1000
sp3,36,species.catchability.fsh1.sp12,0.00583561452655393,0.0717696371769512,0.105850171810616,1000
sp3,37,species.catchability.fsh2.sp0,-0.00206828875601308,0.0626003802542057,0.0922687599278664,1000
sp3,38,species.catchability.fsh2.sp5,-0.00196500230569336,0.0586786351062005,0.0868640621995239,1000
sp3,39,species.catchability.fsh2.sp7,-0.00194386400914221,0.061030968568876,0.0915511603773327,1000
sp3,40,species.catchability.fsh2.sp8,-0.00421250902684373,0.0588598878192523,0.085217241790711,1000
sp3,41,species.catchability.fsh3.sp0,-0.00502179325078167,0.0619778120238311,0.0902569279342203,1000
sp3,42,species.catchability.fsh3.sp1,-0.00296920635580326,0.0605135390697572,0.0882387096760506,1000
sp3,43,species.catchability.fsh3.sp2,0.00150408009610944,0.0613812575461439,0.0906036642664618,1000
sp3,44,species.catchability.fsh3.sp3,-0.00488424719188469,0.0766148450598961,0.105351259368021,1000
sp3,45,species.catchability.fsh3.sp5,0.00173235913330232,0.0594685362769234,0.0878776372454271,1000
sp3,46,species.catchability.fsh3.sp7,0.000340316190232042,0.0601539719139323,0.091009427296748,1000
sp3,47,species.catchability.fsh3.sp8,-0.000389889136389107,0.0615308690005427,0.0892634768992311,1000
sp3,48,species.catchability.fsh3.sp9,-0.00223628452970586,0.0634558111570569,0.0929139228784415,1000
sp3,49,species.catchability.fsh3.sp10,9.64627012161641e-05,0.0622290275090133,0.0896763228054939,1000
sp3,50,species.catchability.fsh3.sp11,0.00334944322519424,0.0633568504927821,0.0920004661072532,1000
sp3,51,species.catchability.fsh3.sp12,0.00356203637987284,0.0620375808641478,0.0926384686732911,1000
sp3,52,species.catchability.fsh3.sp13,0.00214744469144208,0.0594275835193252,0.0872980183362921,1000
sp3,53,species.catchability.fsh3.sp14,-4.4249642173943e-05,0.0609284702836923,0.0920109885678835,1000
sp3,54,species.catchability.fsh3.sp15,0.00134721652949282,0.0649207084877616,0.0955386465054759,1000
sp3,55,species.length2weight.condition.factor.sp0,-0.00386088123379134,0.0733383976331496,0.111842568373399,1000
sp3,56,species.length2weight.condition.factor.sp1,0.00295208694887927,0.0612517840004239,0.0895723476369585,1000
sp3,57,species.length2weight.condition.factor.sp2,-0.00286070329521509,0.0785489731942264,0.116483148715705,1000
sp3,58,species.length2weight.condition.factor.sp3,-0.00530075649032908,0.355126676598293,0.439320387477366,1000
sp3,59,species.length2weight.condition.factor.sp4,0.0075659566901146,0.0672465397282367,0.0973888882649488,1000
sp3,60,species.length2weight.condition.factor.sp5,0.00268307161217667,0.0603250017474073,0.0897385985536856,1000
sp3,61,species.length2weight.condition.factor.sp6,0.00206284443617111,0.061894152728469,0.0898782064008516,1000
sp3,62,species.length2weight.condition.factor.sp7,0.00362846528636616,0.0607240454018502,0.0894497557835922,1000
sp3,63,species.length2weight.condition.factor.sp8,-0.00180216743104701,0.0603860116589842,0.0890471601488482,1000
sp3,64,species.length2weight.condition.factor.sp9,-0.00213929961164184,0.0701368580420488,0.101067872198988,1000
sp3,65,species.length2weight.condition.factor.sp10,-0.00357889974767661,0.0739359348699972,0.109457757371984,1000
sp3,66,species.length2weight.condition.factor.sp11,0.00223082440691522,0.0604549329470379,0.0906804470955636,1000
sp3,67,species.length2weight.condition.factor.sp12,-0.00229702300710936,0.0635251514371689,0.0931318181122112,1000
sp3,68,species.length2weight.condition.factor.sp13,0.00221031494420072,0.0621623528886012,0.0933499050453931,1000
sp3,69,species.length2weight.condition.factor.sp14,-0.00375088282379525,0.0575748787949736,0.0860929896593863,1000
sp3,70,species.length2weight.condition.factor.sp15,-0.00144846161182586,0.0584847208746308,0.0839794193527977,1000
sp3,71,species.k.sp0,-0.00957267305812461,0.14730529332227,0.244618814697045,1000
sp3,72,species.k.sp1,-0.00610222545050144,0.0627772277311787,0.0913764968894872,1000
sp3,73,species.k.sp2,-7.65685220038862e-05,0.160915171068842,0.239601827084244,1000
sp3,74,species.k.sp3,0.00594857994399696,0.923253040178983,1.13734693094448,1000
sp3,75,species.k.sp4,0.00178569239038189,0.0681777092367202,0.104398296677507,1000
sp3,76,species.k.sp5,0.00193980451523742,0.0650356088324253,0.0931996316450878,1000
sp3,77,species.k.sp6,-0.00518444885352309,0.0665359149940409,0.1018472276214,1000
sp3,78,species.k.sp7,-0.00241901107626224,0.0595657316313044,0.0884797671378163,1000
sp3,79,species.k.sp8,0.00344255752473546,0.0720992199995372,0.107244379171591,1000
sp3,80,species.k.sp9,-0.00387845375743011,0.142142736151454,0.200698176698111,1000
sp3,81,species.k.sp10,-0.0104671791374641,0.11523431426904,0.16754397058948,1000
sp3,82,species.k.sp11,0.00240864109950551,0.0780482418284775,0.116632411773514,1000
sp3,83,species.k.sp12,-0.00170219540664574,0.0655501036924034,0.0961926675140641,1000
sp3,84,species.k.sp13,-0.00149358921506511,0.126641523032954,0.203372223815681,1000
sp3,85,species.k.sp14,-0.00138448161557779,0.0581592209759244,0.0856158970404959,1000
sp3,86,species.k.sp15,-0.00295577579792326,0.0646629230921737,0.0964213843498655,1000
sp3,87,species.l0.sp0,0.00411705771304764,0.0746675813642833,0.117007248387816,1000
sp3,88,species.l0.sp1,0.00269548820810744,0.063953190969691,0.0928977944870546,1000
sp3,89,species.l0.sp2,-0.0037729249971571,0.160376306443111,0.246337342888461,1000
sp3,90,species.l0.sp3,-0.00986457468159979,0.314971180006009,0.402771592473395,1000
sp3,91,species.l0.sp4,0.00142026970646703,0.0740046695594354,0.110328957285517,1000
sp3,92,species.l0.sp5,0.00155689606613937,0.0603172925607322,0.0887749296341013,1000
sp3,93,species.l0.sp6,0.00475109850349166,0.0637643716230951,0.094825201194445,1000
sp3,94,species.l0.sp7,-0.0021136892497425,0.0627016116219963,0.0916051451542275,1000
sp3,95,species.l0.sp8,0.000677389677344729,0.0619635736242325,0.0952483190906474,1000
sp3,96,species.l0.sp9,0.00270815146165096,0.170633416075927,0.236463611143552,1000
sp3,97,species.l0.sp10,-0.00935566244875911,0.185276676235933,0.275016576185035,1000
sp3,98,species.l0.sp11,0.00480943396663145,0.0693381021079483,0.102851340390866,1000
sp3,99,species.l0.sp12,-0.00343927868286701,0.061467481463127,0.0921038279450201,1000
sp3,100,species.l0.sp13,0.00134182826301453,0.0644868107316398,0.093722481065381,1000
sp3,101,species.l0.sp14,1.9199325830762e-05,0.0596721035360056,0.0883866372240656,1000
sp3,102,species.l0.sp15,0.00117084639142457,0.0608816496725099,0.0911735463279221,1000
sp3,103,mortality.additional.larva.rate.sp0,0.0124411311213165,0.141435091198807,0.22930931125414,1000
sp3,104,mortality.additional.larva.rate.sp1,-0.00010901309163928,0.0645158336045288,0.0967533338459909,1000
sp3,105,mortality.additional.larva.rate.sp2,0.0102790525174109,0.395855388963182,0.622168398457399,1000
sp3,106,mortality.additional.larva.rate.sp3,-0.110180526797402,2.50275224481813,2.94992477958114,1000
sp3,107,mortality.additional.larva.rate.sp4,0.000342609685919939,0.0610038835911429,0.0881164359717889,1000
sp3,108,mortality.additional.larva.rate.sp5,-0.000666834612413144,0.060309660132452,0.0892079264441272,1000
sp3,109,mortality.additional.larva.rate.sp6,-0.000998578615862128,0.0602834709636609,0.0874620458580556,1000
sp3,110,mortality.additional.larva.rate.sp9,0.010971402242132,0.180630000062552,0.262678753329997,1000
sp3,111,mortality.additional.larva.rate.sp10,0.0123979285903894,0.287903498421101,0.411358220027626,1000
sp3,112,mortality.additional.larva.rate.sp11,0.00104373957417012,0.0636667745983883,0.0941662332336966,1000
sp3,113,mortality.additional.larva.rate.sp12,-0.00255285624629234,0.0661112888260517,0.0952879088632798,1000
sp3,114,mortality.additional.larva.rate.sp13,-0.00433748252669831,0.0570559837294563,0.0841370455334613,1000
sp3,115,mortality.additional.larva.rate.sp14,0.00274980094385694,0.0621340895800233,0.0933319039958066,1000
sp3,116,mortality.additional.larva.rate.sp15,0.00278215907820338,0.0673717507378643,0.0991382702698363,1000
sp3,117,mortality.additional.larva.rate.mean.sp7,-0.000683737099140448,0.0579391406132444,0.0857906468567792,1000
sp3,118,mortality.additional.larva.rate.mean.sp8,0.000823834729746863,0.0580417737673417,0.0847914192240373,1000
sp3,119,species.linf.sp0,-0.0101701231065151,0.175850505346471,0.303330441442644,1000
sp3,120,species.linf.sp1,-0.00450950364108393,0.0637607043096252,0.0938804856976113,1000
sp3,121,species.linf.sp2,0.00211001836122117,0.448320128954821,0.649448055366236,1000
sp3,122,species.linf.sp3,0.190549099719795,3.04235209523955,3.46701827246961,1000
sp3,123,species.linf.sp4,-0.00158457338868353,0.111098751036561,0.173627873180807,1000
sp3,124,species.linf.sp5,0.00164898466108438,0.103957190601956,0.13266553278417,1000
sp3,125,species.linf.sp6,-0.00354275591441928,0.0865047296716172,0.128851680107776,1000
sp3,126,species.linf.sp7,-0.00117128599398228,0.0616556070472969,0.0926365902536216,1000
sp3,127,species.linf.sp8,0.00478763500260849,0.126047966961418,0.179680200656249,1000
sp3,128,species.linf.sp9,0.00612661648575012,0.36483172487071,0.480000821097775,1000
sp3,129,species.linf.sp10,-0.00730484076419486,0.36782611396808,0.52088734074206,1000
sp3,130,species.linf.sp11,-0.00601894833940673,0.0809477126773475,0.11838887227897,1000
sp3,131,species.linf.sp12,0.0162986902472649,0.221424999949698,0.314819162444289,1000
sp3,132,species.linf.sp13,-0.00429308052587312,0.0903623559552577,0.144486658006246,1000
sp3,133,species.linf.sp14,-0.00341558571512768,0.0626597765465254,0.0920114747784325,1000
sp3,134,species.linf.sp15,-0.00214027329043718,0.0768139090139362,0.113113324906873,1000
sp3,135,species.accessibility2fish.sp16,0.0024303136012402,0.0584090351299922,0.0839366203579777,1000
sp3,136,species.accessibility2fish.sp17,0.000801661245007972,0.0622138768251774,0.0902083250675924,1000
sp3,137,species.accessibility2fish.sp18,-0.00191208653858275,0.0631646462614738,0.093881449144693,1000
sp3,138,species.accessibility2fish.sp19,-0.00234927524839923,0.0644052352274645,0.095449944235196,1000
sp3,139,species.accessibility2fish.sp20,0.0025658610403788,0.06091854214301,0.0896610244609116,1000
sp3,140,species.accessibility2fish.sp21,0.00338824119606705,0.0726863870733806,0.113825786730808,1000
sp3,141,species.accessibility2fish.sp22,-0.00548798346447971,0.0586633428053268,0.0880505743496922,1000
sp3,142,species.accessibility2fish.sp23,0.00277050909186136,0.0614904824786212,0.0904899938433741,1000
sp3,143,species.accessibility2fish.sp24,-0.00520574428581178,0.37865946172883,0.549750384665591,1000
sp3,144,species.accessibility2fish.sp25,-0.00181863651881149,0.0587654782464888,0.085937296891986,1000
sp3,145,species.accessibility2fish.sp26,-0.00133725082184462,0.0645212347977362,0.0971132907458997,1000
sp3,146,species.maturity.size.ratio.sp0,0.00237312872710043,0.176148707215103,0.305140536404148,1000
sp3,147,species.maturity.size.ratio.sp1,-0.000394660559416571,0.0581936856761058,0.0868724059329127,1000
sp3,148,species.maturity.size.ratio.sp2,-0.00363445318957183,0.0669240573636503,0.0971578174547056,1000
sp3,149,species.maturity.size.ratio.sp3,-0.00872426158410762,0.125796919560668,0.196638883304753,1000
sp3,150,species.maturity.size.ratio.sp4,0.00494436899162929,0.0694439860766585,0.101118809930863,1000
sp3,151,species.maturity.size.ratio.sp5,0.00538139178123458,0.0646574399918682,0.0959959724214066,1000
sp3,152,species.maturity.size.ratio.sp6,0.00202475544715077,0.0638173551818774,0.0934504473294773,1000
sp3,153,species.maturity.size.ratio.sp7,0.00197271812594794,0.0592122265253386,0.087289486817285,1000
sp3,154,species.maturity.size.ratio.sp8,-0.00116022821486368,0.0622458350642848,0.0910203279320733,1000
sp3,155,species.maturity.size.ratio.sp9,-0.00240778613116061,0.062341696238698,0.0915264962920999,1000
sp3,156,species.maturity.size.ratio.sp10,-0.00149062233658742,0.0889935251532999,0.133782241714159,1000
sp3,157,species.maturity.size.ratio.sp11,0.00530231017949666,0.156359683824831,0.220664217289303,1000
sp3,158,species.maturity.size.ratio.sp12,0.00149580101469738,0.0597228322493084,0.088629423962042,1000
sp3,159,species.maturity.size.ratio.sp13,0.0110853324769816,0.15535896435791,0.234340047882459,1000
sp3,160,species.maturity.size.ratio.sp14,0.0063721320878108,0.061284117292558,0.0900803599098258,1000
sp3,161,species.maturity.size.ratio.sp15,-0.0005150789723465,0.0693173554537309,0.106161194709078,1000
sp3,162,predation.predPrey.sizeRatio.teta.sp0.stage1,0.00350369806754412,0.0604526413690361,0.089637529682235,1000
sp3,163,predation.predPrey.sizeRatio.alpha.sp0.stage1,0.00107531076825459,0.0730380084992679,0.11265654294287,1000
sp3,164,predation.predPrey.sizeRatio.teta.sp1.stage1,-0.00251386873537786,0.0593874266517788,0.0884685947502825,1000
sp3,165,predation.predPrey.sizeRatio.alpha.sp1.stage1,0.00091540826106077,0.0664649198491258,0.0989059928955732,1000
sp3,166,predation.predPrey.sizeRatio.teta.sp2.stage1,-0.000895818871476435,0.0628117068506749,0.0941245225286962,1000
sp3,167,predation.predPrey.sizeRatio.alpha.sp2.stage1,-0.00377950854419241,0.176768591758811,0.269236496235558,1000
sp3,168,predation.predPrey.sizeRatio.teta.sp3.stage1,0.00129277889084987,0.0620052517405937,0.088030779118831,1000
sp3,169,predation.predPrey.sizeRatio.alpha.sp3.stage1,-0.013600405848612,0.660238390798161,0.951794296125274,1000
sp3,170,predation.predPrey.sizeRatio.teta.sp4.stage1,-0.00183622230528381,0.0625118457552892,0.0930783673725134,1000
sp3,171,predation.predPrey.sizeRatio.alpha.sp4.stage1,-0.00594189207657435,0.0771688290751802,0.115996471251965,1000
sp3,172,predation.predPrey.sizeRatio.teta.sp5.stage1,-0.00179970201838838,0.0619945577217804,0.0900721557670442,1000
sp3,173,predation.predPrey.sizeRatio.teta.sp5.stage2,0.000299834670664705,0.0790814095442615,0.104956138994932,1000
sp3,174,predation.predPrey.sizeRatio.alpha.sp5.stage1,0.00184330502668103,0.0594558870585496,0.0874604700141084,1000
sp3,175,predation.predPrey.sizeRatio.alpha.sp5.stage2,0.00432382164147514,0.096558673015266,0.13166246735885,1000
sp3,176,predation.predPrey.sizeRatio.teta.sp6.stage1,-0.00304239577744689,0.0582184304929437,0.0863938798836019,1000
sp3,177,predation.predPrey.sizeRatio.alpha.sp6.stage1,0.000804366195918087,0.0619543128949563,0.0918894063176938,1000
sp3,178,predation.predPrey.sizeRatio.teta.sp7.stage1,0.00175367635867929,0.0633943996580015,0.0934730583019053,1000
sp3,179,predation.predPrey.sizeRatio.alpha.sp7.stage1,-0.0025187445061067,0.0622707715278211,0.0908395334857223,1000
sp3,180,predation.predPrey.sizeRatio.teta.sp8.stage1,-0.00152900219785657,0.0610883111549456,0.0880126970422802,1000
sp3,181,predation.predPrey.sizeRatio.alpha.sp8.stage1,-0.0021960976691185,0.101677363862769,0.145923737253494,1000
sp3,182,predation.predPrey.sizeRatio.teta.sp9.stage1,-0.00473942622224148,0.0680814059680072,0.0978948420099229,1000
sp3,183,predation.predPrey.sizeRatio.alpha.sp9.stage1,-0.00392921105126187,0.117427203296277,0.165322753976905,1000
sp3,184,predation.predPrey.sizeRatio.teta.sp10.stage1,-0.00208204634865395,0.0650517252273661,0.0953575980016497,1000
sp3,185,predation.predPrey.sizeRatio.alpha.sp10.stage1,0.000706741273479409,0.0963017440208152,0.142785971869087,1000
sp3,186,predation.predPrey.sizeRatio.teta.sp11.stage1,0.00240521164824366,0.0625543574322276,0.091952764024167,1000
sp3,187,predation.predPrey.sizeRatio.alpha.sp11.stage1,-0.00135282350595614,0.0634724170926774,0.0960005172561312,1000
sp3,188,predation.predPrey.sizeRatio.teta.sp12.stage1,6.69709813931054e-05,0.0924100515684664,0.138333885755334,1000
sp3,189,predation.predPrey.sizeRatio.alpha.sp12.stage1,0.0105150745816626,0.103745876050522,0.154825803865087,1000
sp3,190,predation.predPrey.sizeRatio.teta.sp13.stage1,-0.00374361635076113,0.0597502588474136,0.0863543304661506,1000
sp3,191,predation.predPrey.sizeRatio.alpha.sp13.stage1,0.000329974114448272,0.0776714777532542,0.116416111565946,1000
sp3,192,predation.predPrey.sizeRatio.teta.sp14.stage1,0.00187557015129842,0.0625323308634948,0.0909679933176886,1000
sp3,193,predation.predPrey.sizeRatio.alpha.sp14.stage1,-0.00230378961776272,0.0575614302569033,0.0854076072137706,1000
sp3,194,predation.predPrey.sizeRatio.teta.sp15.stage1,-0.00167022685057588,0.0571655718762177,0.0866692655163631,1000
sp3,195,predation.predPrey.sizeRatio.alpha.sp15.stage1,0.00576563452490648,0.0676526449601601,0.0998958995046755,1000
sp4,1,mortality.additional.rate.sp0,0.000138406318656126,0.0169558774845942,0.0236038246674519,1000
sp4,2,mortality.additional.rate.sp1,-0.000421673627516956,0.0167052553478224,0.0230726790849724,1000
sp4,3,mortality.additional.rate.sp2,-0.000765911823100848,0.0204632978941756,0.0279026234876988,1000
sp4,4,mortality.additional.rate.sp3,-0.00147280833880515,0.0251563982841703,0.0333636184461436,1000
sp4,5,mortality.additional.rate.sp4,-0.000308706962216636,0.0225715084359554,0.0307173773066703,1000
sp4,6,mortality.additional.rate.sp5,6.01117923669339e-06,0.0256345983785409,0.03487665747256,1000
sp4,7,mortality.additional.rate.sp6,0.00214828386046393,0.0165240783443395,0.0229996248807425,1000
sp4,8,mortality.additional.rate.sp7,-0.000103440451673171,0.0160270506743864,0.0227962776431385,1000
sp4,9,mortality.additional.rate.sp8,0.000220930149369354,0.0162383423175579,0.0231555791901113,1000
sp4,10,mortality.additional.rate.sp9,-0.000650806835593979,0.016459607864179,0.0231906737665185,1000
sp4,11,mortality.additional.rate.sp10,-0.000267425248849025,0.0166398154294167,0.0228876687267574,1000
sp4,12,mortality.additional.rate.sp11,0.00118824378376336,0.0163900510483448,0.0226676125675963,1000
sp4,13,mortality.additional.rate.sp12,-0.00161800878676148,0.0170928357335515,0.0245853494783107,1000
sp4,14,mortality.additional.rate.sp13,0.000895212881868405,0.01637320832473,0.0226764591039636,1000
sp4,15,mortality.additional.rate.sp14,-0.000222862418212801,0.0160202124068257,0.0214562587849437,1000
sp4,16,mortality.additional.rate.sp15,7.73887262671401e-05,0.0169152906578538,0.0243659439663931,1000
sp4,17,fisheries.rate.base.fsh0,0.00019948951815537,0.0625385781605338,0.0709231141277915,1000
sp4,18,fisheries.rate.base.fsh1,0.000856671809582013,0.0192918302878422,0.0253848087576698,1000
sp4,19,fisheries.rate.base.fsh2,-0.00084288348532106,0.0163245432906218,0.0222822428940199,1000
sp4,20,fisheries.rate.base.fsh3,0.000640680960228074,0.0208775527137273,0.0279821759357951,1000
sp4,21,species.catchability.fsh0.sp0,0.00200879617877217,0.0340823790863161,0.0444230500723313,1000
sp4,22,species.catchability.fsh0.sp1,-0.000676561817929768,0.0160402197526408,0.0227870340585231,1000
sp4,23,species.catchability.fsh0.sp2,3.70459703635107e-05,0.0171751865815784,0.0235958541466964,1000
sp4,24,species.catchability.fsh0.sp3,-0.00271597245224773,0.0358675958989381,0.0450419127799451,1000
sp4,25,species.catchability.fsh0.sp5,-4.42683017014253e-05,0.0173953345661391,0.0234050416430589,1000
sp4,26,species.catchability.fsh0.sp7,0.000282998646177514,0.0169238875569231,0.0243413473837413,1000
sp4,27,species.catchability.fsh0.sp8,0.000749601019844894,0.0161398719138862,0.0215596381001033,1000
sp4,28,species.catchability.fsh0.sp9,0.000370975721164025,0.0166556226942945,0.0234062876944082,1000
sp4,29,species.catchability.fsh0.sp10,-0.000811274059098523,0.0174098545668957,0.0250036392818598,1000
sp4,30,species.catchability.fsh0.sp13,0.00123036657811987,0.0159885846628897,0.0230551203190452,1000
sp4,31,species.catchability.fsh0.sp14,0.000823743030210872,0.0166940709358606,0.0234003613009677,1000
sp4,32,species.catchability.fsh0.sp15,-2.95041868525532e-05,0.0175047546049557,0.0251148468509951,1000
sp4,33,species.catchability.fsh1.sp9,0.000546296065484019,0.0187489751026966,0.0251031498361741,1000
sp4,34,species.catchability.fsh1.sp10,-7.45512896886152e-05,0.0180433813906082,0.0261109267033743,1000
sp4,35,species.catchability.fsh1.sp11,5.58735479925748e-05,0.0163663344850322,0.0232403709813582,1000
sp4,36,species.catchability.fsh1.sp12,0.00102713435935121,0.0161843240988865,0.0229016249680432,1000
sp4,37,species.catchability.fsh2.sp0,-6.08258318177059e-05,0.0168516413051351,0.0232705586073175,1000
sp4,38,species.catchability.fsh2.sp5,0.000986153572987002,0.0170795212820444,0.024332482752995,1000
sp4,39,species.catchability.fsh2.sp7,0.00112253138275911,0.0164675706407957,0.0235721791193308,1000
sp4,40,species.catchability.fsh2.sp8,0.00135574314907338,0.0157155585808256,0.0221172693088148,1000
sp4,41,species.catchability.fsh3.sp0,-0.000525723033105312,0.0167140300524356,0.0223458482235088,1000
sp4,42,species.catchability.fsh3.sp1,-7.44393245383871e-05,0.0163426057565262,0.0233271346338376,1000
sp4,43,species.catchability.fsh3.sp2,0.000623316111150243,0.016817535130876,0.0234716651270231,1000
sp4,44,species.catchability.fsh3.sp3,0.000500061616225695,0.017886501506972,0.0251672623943621,1000
sp4,45,species.catchability.fsh3.sp5,-0.00100164189269076,0.0163459551685126,0.0229183305987404,1000
sp4,46,species.catchability.fsh3.sp7,-3.96900109333422e-05,0.017109229677256,0.0235187630412948,1000
sp4,47,species.catchability.fsh3.sp8,-0.00189992261037412,0.016149217142582,0.0224227971811417,1000
sp4,48,species.catchability.fsh3.sp9,0.00123452009734237,0.016409121103331,0.0234000636549655,1000
sp4,49,species.catchability.fsh3.sp10,-9.22425470744742e-05,0.0165767692068065,0.0232321915771096,1000
sp4,50,species.catchability.fsh3.sp11,-0.000682272320925129,0.0163032402070403,0.0218411017449756,1000
sp4,51,species.catchability.fsh3.sp12,7.61251249707087e-05,0.0167554423372361,0.0236257606457243,1000
sp4,52,species.catchability.fsh3.sp13,-0.000885894182047889,0.016581736787809,0.0232460549036322,1000
sp4,53,species.catchability.fsh3.sp14,-0.00133420603727231,0.0163733430915967,0.0220869523526442,1000
sp4,54,species.catchability.fsh3.sp15,0.000101717589842212,0.016894858213399,0.0234965779796448,1000
sp4,55,species.length2weight.condition.factor.sp0,-0.00182009983727197,0.0384233597398018,0.0506127889398962,1000
sp4,56,species.length2weight.condition.factor.sp1,0.000487359877140705,0.0175348141012152,0.0238582901622465,1000
sp4,57,species.length2weight.condition.factor.sp2,-0.000183394568972699,0.0212026485524867,0.0284608854083238,1000
sp4,58,species.length2weight.condition.factor.sp3,-0.000658960161408691,0.0269127297418796,0.0375687466510196,1000
sp4,59,species.length2weight.condition.factor.sp4,0.000550389737763326,0.0235632412794674,0.031842721543077,1000
sp4,60,species.length2weight.condition.factor.sp5,-0.00028170498786853,0.0167931521319695,0.0238429755469619,1000
sp4,61,species.length2weight.condition.factor.sp6,0.000188303407539242,0.0172529198123724,0.0247211406579769,1000
sp4,62,species.length2weight.condition.factor.sp7,-0.000399990326078392,0.016003059454977,0.0228310248073496,1000
sp4,63,species.length2weight.condition.factor.sp8,-0.000340345501081576,0.0164613386285414,0.0231116885111175,1000
sp4,64,species.length2weight.condition.factor.sp9,0.000231713629950856,0.018351319869703,0.0252399609175154,1000
sp4,65,species.length2weight.condition.factor.sp10,-0.000215918478071729,0.0170371169843368,0.0236833529415468,1000
sp4,66,species.length2weight.condition.factor.sp11,-0.000246400188637176,0.0164843074267569,0.0234519909335748,1000
sp4,67,species.length2weight.condition.factor.sp12,0.000273015275251109,0.0171052891239484,0.0238949530230645,1000
sp4,68,species.length2weight.condition.factor.sp13,0.000926557597995744,0.0173619392337462,0.0244951598511699,1000
sp4,69,species.length2weight.condition.factor.sp14,0.000559167491044799,0.0173382678010742,0.0235289952178447,1000
sp4,70,species.length2weight.condition.factor.sp15,0.000278413083898949,0.0198569469562303,0.0279867111740611,1000
sp4,71,species.k.sp0,0.00639432473825379,0.150452473265818,0.192715354997087,1000
sp4,72,species.k.sp1,0.000479533703418937,0.0164075120140288,0.0228164707624136,1000
sp4,73,species.k.sp2,-0.000729915243683712,0.0372726254453075,0.0494521922303161,1000
sp4,74,species.k.sp3,0.000968998248009482,0.0540922321776597,0.0767390899388278,1000
sp4,75,species.k.sp4,0.0143104630582694,0.302936822364751,0.318707400409654,1000
sp4,76,species.k.sp5,0.00130921629825751,0.0257905119445674,0.0344203138477096,1000
sp4,77,species.k.sp6,9.79377179132282e-05,0.0174805765369661,0.0246414007461045,1000
sp4,78,species.k.sp7,0.00104613674151094,0.016235681127558,0.0224603791063543,1000
sp4,79,species.k.sp8,0.000699649186238576,0.0161475238458334,0.0226077218412039,1000
sp4,80,species.k.sp9,6.40994697613733e-05,0.0542695328750218,0.0660287987247059,1000
sp4,81,species.k.sp10,-0.00130755614570042,0.0185602317315667,0.025672698770623,1000
sp4,82,species.k.sp11,0.00062197004825907,0.0182132208941884,0.0248779723938703,1000
sp4,83,species.k.sp12,-0.000590276807940787,0.0171116578045347,0.0240057960290432,1000
sp4,84,species.k.sp13,0.00238533297052189,0.184526445547261,0.232279679871828,1000
sp4,85,species.k.sp14,0.000482370482926307,0.0188440209599364,0.0261772017039357,1000
sp4,86,species.k.sp15,-0.000131093060701526,0.0271056226130333,0.0387648942837931,1000
sp4,87,species.l0.sp0,0.000658542354793191,0.0302767341538913,0.0404391292169256,1000
sp4,88,species.l0.sp1,-0.00184711952334099,0.0177077675634367,0.0242866086900517,1000
sp4,89,species.l0.sp2,-0.00152341564288845,0.0344874877074423,0.0446769099431408,1000
sp4,90,species.l0.sp3,0.000214043845134403,0.0247301669077561,0.0349204236626607,1000
sp4,91,species.l0.sp4,-0.00244504293705898,0.155808071737372,0.162495094950821,1000
sp4,92,species.l0.sp5,0.00139105024899135,0.0168954141706198,0.0234412243834092,1000
sp4,93,species.l0.sp6,0.000756366596906696,0.0168275820881984,0.0235104355015444,1000
sp4,94,species.l0.sp7,0.000768720410726019,0.0163761303556085,0.0222989616165738,1000
sp4,95,species.l0.sp8,-6.26274760807712e-05,0.0164961297550211,0.0229980634266483,1000
sp4,96,species.l0.sp9,-7.60797291273931e-05,0.0306778431525599,0.040256782017224,1000
sp4,97,species.l0.sp10,-0.000752753321282984,0.0220032806139265,0.0305609506033541,1000
sp4,98,species.l0.sp11,-0.000176017203282291,0.0174224579891281,0.0247205680725849,1000
sp4,99,species.l0.sp12,3.39324156738732e-05,0.0161167785588569,0.0223411666412412,1000
sp4,100,species.l0.sp13,-0.000778057506122759,0.0171253739687308,0.0235761300842467,1000
sp4,101,species.l0.sp14,-0.000685670413859996,0.0162374907709953,0.0223391817725343,1000
sp4,102,species.l0.sp15,0.000281138893961135,0.0173193497052192,0.0243696268994418,1000
sp4,103,mortality.additional.larva.rate.sp0,0.00594300060950266,0.123246176982906,0.167756071042933,1000
sp4,104,mortality.additional.larva.rate.sp1,0.000390179784423001,0.0164573600650297,0.0226407993685297,1000
sp4,105,mortality.additional.larva.rate.sp2,0.000654012488884213,0.121814868914117,0.14683871171792,1000
sp4,106,mortality.additional.larva.rate.sp3,0.00965153545402754,0.126322802144906,0.172466070091138,1000
sp4,107,mortality.additional.larva.rate.sp4,0.000758602055594139,0.0170249141428439,0.0243882084547297,1000
sp4,108,mortality.additional.larva.rate.sp5,-0.00103710888619194,0.0164412518660534,0.022880158237851,1000
sp4,109,mortality.additional.larva.rate.sp6,0.00101735346096957,0.0168412338766879,0.0236427241176286,1000
sp4,110,mortality.additional.larva.rate.sp9,0.00372724416982035,0.0541069222647446,0.0666066210421009,1000
sp4,111,mortality.additional.larva.rate.sp10,-0.0010103670816118,0.0289008874279867,0.0400009348077803,1000
sp4,112,mortality.additional.larva.rate.sp11,0.000905629150497458,0.0175532067093388,0.0255307739787299,1000
sp4,113,mortality.additional.larva.rate.sp12,-0.00144038782121325,0.0187131616763181,0.0254016506077136,1000
sp4,114,mortality.additional.larva.rate.sp13,0.000316822671588091,0.0166741031845746,0.0238074807576663,1000
sp4,115,mortality.additional.larva.rate.sp14,0.00133394039961142,0.017240930223291,0.0243541129482827,1000
sp4,116,mortality.additional.larva.rate.sp15,4.88803254111237e-05,0.0349602479014327,0.0496527681292294,1000
sp4,117,mortality.additional.larva.rate.mean.sp7,-0.000187319544835837,0.0169214716690072,0.0239240404324429,1000
sp4,118,mortality.additional.larva.rate.mean.sp8,-3.77273911323783e-05,0.0172490118467752,0.0240244979634039,1000
sp4,119,species.linf.sp0,-0.0173935261756311,0.183487242417193,0.240653586009197,1000
sp4,120,species.linf.sp1,-0.00156260587597406,0.0205896003612303,0.0273780505218424,1000
sp4,121,species.linf.sp2,0.000762523826481787,0.10503477331675,0.131107151261864,1000
sp4,122,species.linf.sp3,-0.0164636981052027,0.234642038592483,0.280963895718955,1000
sp4,123,species.linf.sp4,-0.0156462451331626,0.853407054850578,0.886950439009496,1000
sp4,124,species.linf.sp5,-0.00253758991324412,0.0752962416797145,0.0927299834582424,1000
sp4,125,species.linf.sp6,5.11790772455312e-05,0.0216978305509564,0.0284288319971835,1000
sp4,126,species.linf.sp7,-0.000570041110170195,0.0171100334540001,0.0245277897523235,1000
sp4,127,species.linf.sp8,-0.000942227035103392,0.019459241598968,0.0255211572193758,1000
sp4,128,species.linf.sp9,-0.000397239126100997,0.147811470359336,0.174181274287067,1000
sp4,129,species.linf.sp10,0.000242362988503051,0.0352237906714303,0.0495977305062462,1000
sp4,130,species.linf.sp11,9.28488036969658e-05,0.0207365655273797,0.0284422087146542,1000
sp4,131,species.linf.sp12,9.49515612631555e-05,0.021838837881513,0.0293625619464644,1000
sp4,132,species.linf.sp13,0.00209100069625987,0.0956941979394252,0.129223071616781,1000
sp4,133,species.linf.sp14,0.000765697820598451,0.0195278580847541,0.0271662654453674,1000
sp4,134,species.linf.sp15,-0.00357800743081799,0.045315394209075,0.0614677857993181,1000
sp4,135,species.accessibility2fish.sp16,-0.00117318455370938,0.0166146229346247,0.0237545983129647,1000
sp4,136,species.accessibility2fish.sp17,-0.000193380090440081,0.0158875859462721,0.0219243049750247,1000
sp4,137,species.accessibility2fish.sp18,-6.58527857724014e-05,0.0157498664099607,0.0223984980429563,1000
sp4,138,species.accessibility2fish.sp19,-0.000881284586152389,0.0162641761379294,0.02336394899544,1000
sp4,139,species.accessibility2fish.sp20,-0.000423420254120688,0.0164068743758166,0.0229750934049795,1000
sp4,140,species.accessibility2fish.sp21,-0.00159940739291562,0.0658660242167631,0.112894957828333,1000
sp4,141,species.accessibility2fish.sp22,-0.000814598180699153,0.0288938942459409,0.0411546728755228,1000
sp4,142,species.accessibility2fish.sp23,-0.00167834315642378,0.0384420674011937,0.0465721283761394,1000
sp4,143,species.accessibility2fish.sp24,6.31425392229286e-05,0.0507358468874209,0.0721752381934921,1000
sp4,144,species.accessibility2fish.sp25,-0.000211837023509144,0.0160818142960082,0.0226262319503768,1000
sp4,145,species.accessibility2fish.sp26,-0.000849887418962666,0.0168808045918005,0.0232875786549313,1000
sp4,146,species.maturity.size.ratio.sp0,0.00556458204344956,0.134918683838505,0.19774821263504,1000
sp4,147,species.maturity.size.ratio.sp1,-0.000421140438233474,0.016693152110821,0.0235258053240775,1000
sp4,148,species.maturity.size.ratio.sp2,-0.00018282606076206,0.0182076806092726,0.0246379995005276,1000
sp4,149,species.maturity.size.ratio.sp3,0.00145707510696287,0.0159104717619398,0.0222201651422685,1000
sp4,150,species.maturity.size.ratio.sp4,0.000422561624808032,0.0237892953931707,0.0306149791156203,1000
sp4,151,species.maturity.size.ratio.sp5,0.000244227101167416,0.0155559395559935,0.0210348317501627,1000
sp4,152,species.maturity.size.ratio.sp6,-0.000152404106606647,0.016924314009981,0.0232654872339006,1000
sp4,153,species.maturity.size.ratio.sp7,0.00135007155878844,0.0169044799320943,0.0242265125621256,1000
sp4,154,species.maturity.size.ratio.sp8,-0.000714115310753285,0.0166332297928588,0.0233460745826149,1000
sp4,155,species.maturity.size.ratio.sp9,4.30429358675375e-05,0.0173519066924317,0.0232637906041151,1000
sp4,156,species.maturity.size.ratio.sp10,0.000882311847657951,0.0185118136531566,0.0264278458338115,1000
sp4,157,species.maturity.size.ratio.sp11,-0.00212498037478457,0.0231191549172521,0.0313261790556032,1000
sp4,158,species.maturity.size.ratio.sp12,4.95363850998018e-05,0.0166463727840896,0.0243080826131987,1000
sp4,159,species.maturity.size.ratio.sp13,0.00206073902584925,0.266434883834903,0.315566696469325,1000
sp4,160,species.maturity.size.ratio.sp14,0.00123087742437719,0.017013589774659,0.0233871338055475,1000
sp4,161,species.maturity.size.ratio.sp15,0.000268598959291405,0.0374800472226812,0.060017970811316,1000
sp4,162,predation.predPrey.sizeRatio.teta.sp0.stage1,0.000117511780809664,0.0166121355538284,0.0228822765115607,1000
sp4,163,predation.predPrey.sizeRatio.alpha.sp0.stage1,0.00388485232756116,0.0839211401193609,0.110238194946595,1000
sp4,164,predation.predPrey.sizeRatio.teta.sp1.stage1,0.000120575294937822,0.0167705608216081,0.0235371145551547,1000
sp4,165,predation.predPrey.sizeRatio.alpha.sp1.stage1,0.00024894009525091,0.0164028405944891,0.0227656437630823,1000
sp4,166,predation.predPrey.sizeRatio.teta.sp2.stage1,-0.000326817407378644,0.0162081171662504,0.0222120161102765,1000
sp4,167,predation.predPrey.sizeRatio.alpha.sp2.stage1,-0.000248556959251543,0.0294188853509378,0.0405588111411598,1000
sp4,168,predation.predPrey.sizeRatio.teta.sp3.stage1,-0.000196284382432079,0.0179118370876915,0.0251351483196021,1000
sp4,169,predation.predPrey.sizeRatio.alpha.sp3.stage1,0.00215680283230714,0.0966280060056021,0.128873494143651,1000
sp4,170,predation.predPrey.sizeRatio.teta.sp4.stage1,7.52227975338302e-07,0.0293429785583346,0.0379414816537124,1000
sp4,171,predation.predPrey.sizeRatio.alpha.sp4.stage1,0.023104728302244,0.395574897759509,0.442496402258264,1000
sp4,172,predation.predPrey.sizeRatio.teta.sp5.stage1,0.00105746757461256,0.0166640164680783,0.022969499418687,1000
sp4,173,predation.predPrey.sizeRatio.teta.sp5.stage2,0.00134719667262956,0.0397318795448027,0.0503963908535417,1000
sp4,174,predation.predPrey.sizeRatio.alpha.sp5.stage1,-0.000545742510071323,0.0163797004836982,0.0234010720112321,1000
sp4,175,predation.predPrey.sizeRatio.alpha.sp5.stage2,0.000553549610932761,0.0216224555817564,0.0292174931593618,1000
sp4,176,predation.predPrey.sizeRatio.teta.sp6.stage1,0.000696637647300347,0.0170625471390369,0.0243115025760417,1000
sp4,177,predation.predPrey.sizeRatio.alpha.sp6.stage1,-0.0010936678501843,0.0175053143313372,0.0240700238449425,1000
sp4,178,predation.predPrey.sizeRatio.teta.sp7.stage1,0.000189612851507232,0.0167438185252226,0.0236423254003183,1000
sp4,179,predation.predPrey.sizeRatio.alpha.sp7.stage1,7.65001752489593e-05,0.0163208580086228,0.0228403364536956,1000
sp4,180,predation.predPrey.sizeRatio.teta.sp8.stage1,-0.000624631327966095,0.0168394101041225,0.0248596966593811,1000
sp4,181,predation.predPrey.sizeRatio.alpha.sp8.stage1,-8.47860320221649e-05,0.0197701618901283,0.0264122206871061,1000
sp4,182,predation.predPrey.sizeRatio.teta.sp9.stage1,-0.000147817117113393,0.018330633251354,0.0251985040005937,1000
sp4,183,predation.predPrey.sizeRatio.alpha.sp9.stage1,-0.00188755450789517,0.079035454125907,0.103076719935937,1000
sp4,184,predation.predPrey.sizeRatio.teta.sp10.stage1,0.000327051250069934,0.0160811636328896,0.0224740770572074,1000
sp4,185,predation.predPrey.sizeRatio.alpha.sp10.stage1,-0.00182676115773457,0.0203467618890535,0.0297984408231386,1000
sp4,186,predation.predPrey.sizeRatio.teta.sp11.stage1,6.64437663785611e-05,0.0164471355015817,0.0232087657103899,1000
sp4,187,predation.predPrey.sizeRatio.alpha.sp11.stage1,-0.00112128997614984,0.017058123256767,0.0242222154799089,1000
sp4,188,predation.predPrey.sizeRatio.teta.sp12.stage1,0.000721506649320716,0.0171381867436197,0.0243663568724703,1000
sp4,189,predation.predPrey.sizeRatio.alpha.sp12.stage1,0.000829846668893159,0.018179336977844,0.0265060495032701,1000
sp4,190,predation.predPrey.sizeRatio.teta.sp13.stage1,0.000243642528368593,0.0190135670680053,0.0264371123470022,1000
sp4,191,predation.predPrey.sizeRatio.alpha.sp13.stage1,-0.00633846835507689,0.0939042528460168,0.130061003220123,1000
sp4,192,predation.predPrey.sizeRatio.teta.sp14.stage1,-0.000123371017340577,0.0164603962255484,0.0218719118586173,1000
sp4,193,predation.predPrey.sizeRatio.alpha.sp14.stage1,0.000761082822593901,0.0188499304419524,0.0258378813551422,1000
sp4,194,predation.predPrey.sizeRatio.teta.sp15.stage1,0.000591222018531084,0.0171033971191391,0.0240352205328714,1000
sp4,195,predation.predPrey.sizeRatio.alpha.sp15.stage1,-0.000639594586043475,0.017361851109466,0.0234821122294629,1000
sp5,1,mortality.additional.rate.sp0,-0.000232400289505415,0.0095540886727671,0.0131895461058658,1000
sp5,2,mortality.additional.rate.sp1,0.000390569849007748,0.00967017918720059,0.0133115262584928,1000
sp5,3,mortality.additional.rate.sp2,8.92842938936448e-06,0.0097026348458241,0.0139033415879168,1000
sp5,4,mortality.additional.rate.sp3,0.000680092713585404,0.0107779704221561,0.0159445077065281,1000
sp5,5,mortality.additional.rate.sp4,0.000203709968723815,0.00961285126683232,0.0137132760500605,1000
sp5,6,mortality.additional.rate.sp5,0.0149740958611021,0.386051049917929,0.41061039077882,1000
sp5,7,mortality.additional.rate.sp6,-0.000129335978242096,0.00946820623850112,0.0129993988542762,1000
sp5,8,mortality.additional.rate.sp7,-0.000555970705557778,0.00920346161949474,0.0127518392781856,1000
sp5,9,mortality.additional.rate.sp8,0.000574285740638901,0.00935477647715839,0.013397189157043,1000
sp5,10,mortality.additional.rate.sp9,-3.29013964458251e-05,0.00961541404476124,0.01328971669175,1000
sp5,11,mortality.additional.rate.sp10,-0.00113286325168778,0.00961887312904559,0.013094509351222,1000
sp5,12,mortality.additional.rate.sp11,0.000311956390695315,0.00917590948896545,0.0130008902897244,1000
sp5,13,mortality.additional.rate.sp12,-0.000324252033197566,0.00923867591712111,0.0126078240323075,1000
sp5,14,mortality.additional.rate.sp13,0.000549619341838656,0.00960117654795378,0.013418471566147,1000
sp5,15,mortality.additional.rate.sp14,0.000168263621963292,0.00920004196211944,0.0125477689828385,1000
sp5,16,mortality.additional.rate.sp15,0.000255652784430953,0.00934835922764971,0.0127798520744101,1000
sp5,17,fisheries.rate.base.fsh0,0.00221810229048304,0.193827784908018,0.205836528686005,1000
sp5,18,fisheries.rate.base.fsh1,-0.000502478342308227,0.0103252294754584,0.0147553089999525,1000
sp5,19,fisheries.rate.base.fsh2,-0.00015366542745006,0.0211597055554513,0.0244378914067096,1000
sp5,20,fisheries.rate.base.fsh3,0.000364736022441181,0.0337056161449744,0.0381398646427638,1000
sp5,21,species.catchability.fsh0.sp0,0.000227775026859414,0.0101067929731488,0.0146470212843428,1000
sp5,22,species.catchability.fsh0.sp1,-0.000107631377997154,0.0096097566330177,0.0131210065951516,1000
sp5,23,species.catchability.fsh0.sp2,7.55195000458241e-06,0.00950670373383748,0.0138799657801735,1000
sp5,24,species.catchability.fsh0.sp3,-1.96725744549387e-05,0.0143732234841775,0.0217569008719087,1000
sp5,25,species.catchability.fsh0.sp5,-0.000874820726243954,0.182553446361416,0.196684964164352,1000
sp5,26,species.catchability.fsh0.sp7,0.000423490247531019,0.00930657063787657,0.012882043457495,1000
sp5,27,species.catchability.fsh0.sp8,-0.000603929783615382,0.00915239734033694,0.0128293463481788,1000
sp5,28,species.catchability.fsh0.sp9,0.000230965668641641,0.00943313799296185,0.0131267408794776,1000
sp5,29,species.catchability.fsh0.sp10,-0.000263733465380419,0.00994039767714034,0.0138516731766426,1000
sp5,30,species.catchability.fsh0.sp13,-0.000388027319285933,0.00932321618173473,0.0129388484823646,1000
sp5,31,species.catchability.fsh0.sp14,-0.000181470734901359,0.00898557691099555,0.0127271375632428,1000
sp5,32,species.catchability.fsh0.sp15,0.000135202547237119,0.00909996312300846,0.0127359463689975,1000
sp5,33,species.catchability.fsh1.sp9,-1.13774562528606e-05,0.00939121390278724,0.0133006162311219,1000
sp5,34,species.catchability.fsh1.sp10,-0.000806410087239265,0.00948492612332396,0.0129460381926019,1000
sp5,35,species.catchability.fsh1.sp11,-0.000547033915543009,0.00909933169596564,0.0129298211354106,1000
sp5,36,species.catchability.fsh1.sp12,-0.00039751206527237,0.00952474567840516,0.0134676324288119,1000
sp5,37,species.catchability.fsh2.sp0,-0.00072409076097667,0.00918374798934389,0.0125416972969102,1000
sp5,38,species.catchability.fsh2.sp5,0.000915438429227617,0.0203534298840333,0.0236454328882321,1000
sp5,39,species.catchability.fsh2.sp7,-0.000122741773153889,0.00903111759496622,0.0126264390404489,1000
sp5,40,species.catchability.fsh2.sp8,0.00048385613441391,0.00901374553741158,0.0125454974512959,1000
sp5,41,species.catchability.fsh3.sp0,0.000738387302343802,0.0087319254240783,0.0118902037015674,1000
sp5,42,species.catchability.fsh3.sp1,-0.000473665069071591,0.0090564444318073,0.0125924068051241,1000
sp5,43,species.catchability.fsh3.sp2,8.12642327158771e-05,0.0090900549344508,0.0126361184557092,1000
sp5,44,species.catchability.fsh3.sp3,0.000365396139132957,0.00916981704893477,0.0125626763468045,1000
sp5,45,species.catchability.fsh3.sp5,-0.00103973964502815,0.0310952584858578,0.0356179637068323,1000
sp5,46,species.catchability.fsh3.sp7,0.00036924204320457,0.00887942426536576,0.012499085485788,1000
sp5,47,species.catchability.fsh3.sp8,0.000343754344403291,0.00936209430248492,0.0130953375741162,1000
sp5,48,species.catchability.fsh3.sp9,-0.000218947303823846,0.00943425563564126,0.0128443431583474,1000
sp5,49,species.catchability.fsh3.sp10,-0.000340327910147923,0.00925052674369834,0.0136267978605993,1000
sp5,50,species.catchability.fsh3.sp11,0.000420550087595395,0.00912117244456014,0.0130089606683476,1000
sp5,51,species.catchability.fsh3.sp12,0.000485332253772284,0.0086504287227795,0.0119625655862287,1000
sp5,52,species.catchability.fsh3.sp13,-0.000149244444403221,0.00933978170267825,0.0128626469840937,1000
sp5,53,species.catchability.fsh3.sp14,-5.43416353516487e-05,0.00896871553332221,0.0125661260178058,1000
sp5,54,species.catchability.fsh3.sp15,-0.000330071648547359,0.00907132183991597,0.0125309884703606,1000
sp5,55,species.length2weight.condition.factor.sp0,-0.000497847827377673,0.0102242817128531,0.0144757682788578,1000
sp5,56,species.length2weight.condition.factor.sp1,8.14749241961828e-05,0.00907857874997167,0.0124221812653643,1000
sp5,57,species.length2weight.condition.factor.sp2,-0.000227430889804935,0.0102511915289716,0.0155520160462103,1000
sp5,58,species.length2weight.condition.factor.sp3,0.000149338190044157,0.0103397209091023,0.0158506035492698,1000
sp5,59,species.length2weight.condition.factor.sp4,0.000330628074644113,0.00914134250816851,0.0128142814585603,1000
sp5,60,species.length2weight.condition.factor.sp5,-0.000270301542478807,0.00955938806063034,0.0133293712653132,1000
sp5,61,species.length2weight.condition.factor.sp6,-6.5122338959717e-06,0.00956628516972763,0.0133568502073657,1000
sp5,62,species.length2weight.condition.factor.sp7,-0.000108380710876525,0.00960479500312771,0.0131523544686201,1000
sp5,63,species.length2weight.condition.factor.sp8,-0.000220000502826143,0.00995581343888224,0.0137548127139145,1000
sp5,64,species.length2weight.condition.factor.sp9,1.76696228627615e-05,0.0101074200674377,0.0146929235523129,1000
sp5,65,species.length2weight.condition.factor.sp10,-0.000463693384884021,0.00908266940335674,0.0127637096189189,1000
sp5,66,species.length2weight.condition.factor.sp11,0.00155936831955983,0.00938981919267275,0.0128000147942357,1000
sp5,67,species.length2weight.condition.factor.sp12,0.000231073166175469,0.00945019165375297,0.0133310387059851,1000
sp5,68,species.length2weight.condition.factor.sp13,4.15150808442604e-05,0.00935146872328728,0.0128430723753453,1000
sp5,69,species.length2weight.condition.factor.sp14,0.00028934995071957,0.00952666877103222,0.013568914786665,1000
sp5,70,species.length2weight.condition.factor.sp15,-0.000676380491987266,0.00904284156019992,0.0127309261131939,1000
sp5,71,species.k.sp0,0.000300556503358431,0.0146780849405241,0.0225218470645999,1000
sp5,72,species.k.sp1,0.000115379769640624,0.00978072883488109,0.0137107419715878,1000
sp5,73,species.k.sp2,0.000869130443330429,0.0115743998017844,0.018965913690578,1000
sp5,74,species.k.sp3,0.000868081956930945,0.0162744029367394,0.0285424906823352,1000
sp5,75,species.k.sp4,9.3221013131471e-05,0.013376505774095,0.0188437340937835,1000
sp5,76,species.k.sp5,0.0201357638636743,0.228097326759036,0.23956007790942,1000
sp5,77,species.k.sp6,-2.57660045993785e-05,0.00979883717673681,0.0138056323727155,1000
sp5,78,species.k.sp7,5.30370246388181e-05,0.00914285102019828,0.0128085290753009,1000
sp5,79,species.k.sp8,-0.000110790169573068,0.00902265835438019,0.0127355207583908,1000
sp5,80,species.k.sp9,-8.94300464649365e-06,0.0113309555516119,0.0167059295150368,1000
sp5,81,species.k.sp10,9.49945216484928e-05,0.009712727001874,0.0139079605871181,1000
sp5,82,species.k.sp11,-0.000872301810036019,0.00935738597931655,0.0127538265996748,1000
sp5,83,species.k.sp12,-0.00114652623591002,0.0113270445354151,0.0159588417405359,1000
sp5,84,species.k.sp13,-0.00113532436774072,0.016545516563363,0.0263293107358325,1000
sp5,85,species.k.sp14,-1.52978202054653e-05,0.00951707366368705,0.0134175675046658,1000
sp5,86,species.k.sp15,0.000295969245917311,0.00938244452713007,0.0131563043194427,1000
sp5,87,species.l0.sp0,-0.000215079678732791,0.0104121542786085,0.0148035457459495,1000
sp5,88,species.l0.sp1,-0.0010187433903498,0.00936465315847538,0.0131419568271139,1000
sp5,89,species.l0.sp2,1.45683760009366e-05,0.0122036544025968,0.0188668109988157,1000
sp5,90,species.l0.sp3,2.18579645438524e-06,0.0106231839772699,0.0160575154843342,1000
sp5,91,species.l0.sp4,0.000814999757958335,0.0109000128387003,0.0153588933056377,1000
sp5,92,species.l0.sp5,-0.000708452559122343,0.016218478014078,0.0198241808851042,1000
sp5,93,species.l0.sp6,0.000308707792916877,0.00928460725012612,0.0130320695861626,1000
sp5,94,species.l0.sp7,-0.000361083962849428,0.00983816417686674,0.0141167803817445,1000
sp5,95,species.l0.sp8,0.000430895110634886,0.0115016053913734,0.0167404466443777,1000
sp5,96,species.l0.sp9,-0.000597439099422693,0.0145742289950225,0.0209350322992019,1000
sp5,97,species.l0.sp10,0.000770457187918633,0.0117859139384043,0.0178574030752155,1000
sp5,98,species.l0.sp11,0.000735807124049392,0.00932453211869758,0.0130069607636983,1000
sp5,99,species.l0.sp12,0.00084780188096281,0.00862415486169052,0.0123660882780951,1000
sp5,100,species.l0.sp13,-0.000138537464178331,0.00930120828654852,0.0128188604767531,1000
sp5,101,species.l0.sp14,-7.26812957436733e-05,0.009289317440589,0.0131384195589761,1000
sp5,102,species.l0.sp15,0.000156588682335402,0.00939642088352227,0.0133931035976085,1000
sp5,103,mortality.additional.larva.rate.sp0,0.00140663440218664,0.0146760082581654,0.0241489490429479,1000
sp5,104,mortality.additional.larva.rate.sp1,-0.000245659489990284,0.00969990790602801,0.0133224306874378,1000
sp5,105,mortality.additional.larva.rate.sp2,0.00156127730179506,0.0263367314923854,0.0464006764534361,1000
sp5,106,mortality.additional.larva.rate.sp3,-0.00352609111997647,0.0294952610545312,0.0558570054416221,1000
sp5,107,mortality.additional.larva.rate.sp4,0.000126249100954671,0.0091085316913896,0.0123222137702022,1000
sp5,108,mortality.additional.larva.rate.sp5,9.18197693195325e-05,0.00946802407207025,0.0136300399455804,1000
sp5,109,mortality.additional.larva.rate.sp6,0.000690742605061535,0.00948093160285613,0.0132582563114515,1000
sp5,110,mortality.additional.larva.rate.sp9,0.00207205835124971,0.0185722411767501,0.0318386762591752,1000
sp5,111,mortality.additional.larva.rate.sp10,-7.15129919632633e-05,0.0137998184789815,0.0213116063009196,1000
sp5,112,mortality.additional.larva.rate.sp11,0.000243258318686033,0.00951610389517271,0.013753401681125,1000
sp5,113,mortality.additional.larva.rate.sp12,-4.6139390743065e-05,0.0103400786800167,0.0153201343500918,1000
sp5,114,mortality.additional.larva.rate.sp13,-0.000337072836221867,0.00926657815118733,0.0129013094632289,1000
sp5,115,mortality.additional.larva.rate.sp14,-1.58818628043246e-05,0.00981032668711009,0.0135449593823279,1000
sp5,116,mortality.additional.larva.rate.sp15,6.90786674231956e-05,0.00937515011795133,0.0128527885990063,1000
sp5,117,mortality.additional.larva.rate.mean.sp7,-0.000330814420896022,0.00949347371393346,0.0131132326876196,1000
sp5,118,mortality.additional.larva.rate.mean.sp8,-0.000426985886916178,0.0120647576446585,0.0178518913127898,1000
sp5,119,species.linf.sp0,0.000247436558980166,0.0152458768521295,0.0241774510691832,1000
sp5,120,species.linf.sp1,-0.000173990524452443,0.00958932890430052,0.0134431747698477,1000
sp5,121,species.linf.sp2,-0.000539240922414056,0.0212091732648216,0.0393439477540326,1000
sp5,122,species.linf.sp3,0.0026349157907353,0.0355343905148136,0.0677790547097329,1000
sp5,123,species.linf.sp4,-0.000678218710797293,0.0368872589709887,0.0493027300818206,1000
sp5,124,species.linf.sp5,-0.0123505820628809,0.781584822724028,0.82517958898224,1000
sp5,125,species.linf.sp6,0.000187738262667068,0.0131961620591288,0.0200480433767715,1000
sp5,126,species.linf.sp7,0.000441045155481186,0.00964810471222687,0.0142916819144777,1000
sp5,127,species.linf.sp8,-0.000312350126303908,0.0105823109200707,0.014865108628777,1000
sp5,128,species.linf.sp9,0.000188910992667794,0.0209577512415303,0.0363223933701366,1000
sp5,129,species.linf.sp10,9.58586481735567e-05,0.016409056802107,0.0262095119828407,1000
sp5,130,species.linf.sp11,0.000823208195498699,0.0113938780555418,0.0165855995253463,1000
sp5,131,species.linf.sp12,0.00108410914527689,0.0101541358917687,0.0143440402319749,1000
sp5,132,species.linf.sp13,0.000179244444849411,0.0117986991898665,0.016764861351633,1000
sp5,133,species.linf.sp14,0.000558784560548228,0.0104386707969505,0.0149341624990017,1000
sp5,134,species.linf.sp15,-0.00083019337160363,0.00964589897768113,0.0133315854510167,1000
sp5,135,species.accessibility2fish.sp16,0.000988086153903364,0.00916894040346319,0.0127519104464056,1000
sp5,136,species.accessibility2fish.sp17,7.63835182545529e-05,0.0090808426389297,0.0129033041725783,1000
sp5,137,species.accessibility2fish.sp18,0.000140390258678826,0.00991652608180238,0.0135318665055474,1000
sp5,138,species.accessibility2fish.sp19,-0.000232867181882173,0.00915082365204887,0.0125169132237255,1000
sp5,139,species.accessibility2fish.sp20,5.89263970334342e-05,0.00906187679691275,0.0128758133570865,1000
sp5,140,species.accessibility2fish.sp21,-0.00138821461099697,0.0125068831199789,0.0189118095545638,1000
sp5,141,species.accessibility2fish.sp22,-0.000205627319034428,0.00988712547810989,0.0134650559559695,1000
sp5,142,species.accessibility2fish.sp23,-0.000439288620230909,0.0107207360148795,0.0151887237243286,1000
sp5,143,species.accessibility2fish.sp24,-0.00128460757654659,0.0154709266905044,0.0214802095395382,1000
sp5,144,species.accessibility2fish.sp25,-4.64242553385426e-05,0.00913717521704217,0.0129101565598066,1000
sp5,145,species.accessibility2fish.sp26,0.00045619208709712,0.0112155594592693,0.0151594041859339,1000
sp5,146,species.maturity.size.ratio.sp0,0.0013978403426854,0.017373684030692,0.0290381449012625,1000
sp5,147,species.maturity.size.ratio.sp1,5.43734348247816e-05,0.00964576299993108,0.0134877910820349,1000
sp5,148,species.maturity.size.ratio.sp2,0.000921823639097199,0.00988889809846286,0.0138175034705584,1000
sp5,149,species.maturity.size.ratio.sp3,0.000744732659997262,0.00951362234733819,0.0135168979281859,1000
sp5,150,species.maturity.size.ratio.sp4,0.000756522312804419,0.00890381503411003,0.0124595625633062,1000
sp5,151,species.maturity.size.ratio.sp5,0.000170004254393679,0.00936265828330945,0.0131353918997939,1000
sp5,152,species.maturity.size.ratio.sp6,-7.51061389282858e-06,0.00914016848280493,0.0128224908472816,1000
sp5,153,species.maturity.size.ratio.sp7,0.000191943539515014,0.00960133968404062,0.0129539659251465,1000
sp5,154,species.maturity.size.ratio.sp8,0.000225806186900238,0.00933473800976296,0.0129692680865805,1000
sp5,155,species.maturity.size.ratio.sp9,0.000271104175434741,0.0093120698979686,0.0131931609681082,1000
sp5,156,species.maturity.size.ratio.sp10,-0.000441027665649298,0.0093819979231603,0.0133413695944984,1000
sp5,157,species.maturity.size.ratio.sp11,-0.000330403670487474,0.0100740468020798,0.0150023928057647,1000
sp5,158,species.maturity.size.ratio.sp12,-0.000309104619333048,0.00897992369882299,0.0122822208943643,1000
sp5,159,species.maturity.size.ratio.sp13,0.000283149676139389,0.0253790741869502,0.0436547976018534,1000
sp5,160,species.maturity.size.ratio.sp14,0.000315798758327327,0.00926113437893209,0.0129910146126122,1000
sp5,161,species.maturity.size.ratio.sp15,3.88470437415959e-05,0.00929452706638292,0.0126105705640932,1000
sp5,162,predation.predPrey.sizeRatio.teta.sp0.stage1,-0.000918262064272638,0.00913884235728872,0.0128273688963266,1000
sp5,163,predation.predPrey.sizeRatio.alpha.sp0.stage1,-0.000576120196076664,0.0108089470092633,0.0162577231160644,1000
sp5,164,predation.predPrey.sizeRatio.teta.sp1.stage1,0.00073633648185909,0.00979973404148225,0.0137179495879182,1000
sp5,165,predation.predPrey.sizeRatio.alpha.sp1.stage1,-0.000305278961901887,0.0101625720317893,0.0143615186171061,1000
sp5,166,predation.predPrey.sizeRatio.teta.sp2.stage1,0.000244420822183499,0.00915310459729007,0.0131487009547803,1000
sp5,167,predation.predPrey.sizeRatio.alpha.sp2.stage1,0.000249432999124828,0.00982223928645563,0.0141798474534112,1000
sp5,168,predation.predPrey.sizeRatio.teta.sp3.stage1,0.000930709841960756,0.0106684224465962,0.0148185633378211,1000
sp5,169,predation.predPrey.sizeRatio.alpha.sp3.stage1,0.00107443677435896,0.0713463410370905,0.0878252544057953,1000
sp5,170,predation.predPrey.sizeRatio.teta.sp4.stage1,-0.000134201898680265,0.00935239765310507,0.0129688136839649,1000
sp5,171,predation.predPrey.sizeRatio.alpha.sp4.stage1,0.00019007418104658,0.011487145960802,0.0164735538560387,1000
sp5,172,predation.predPrey.sizeRatio.teta.sp5.stage1,-0.000322018749782854,0.00867293283028956,0.0124559632210779,1000
sp5,173,predation.predPrey.sizeRatio.teta.sp5.stage2,-0.0312536878859126,0.536718303055831,0.603521069512798,1000
sp5,174,predation.predPrey.sizeRatio.alpha.sp5.stage1,-0.000452510375959246,0.00968110275097178,0.013880898871251,1000
sp5,175,predation.predPrey.sizeRatio.alpha.sp5.stage2,-0.0050661135827204,0.139005479707188,0.158205945612971,1000
sp5,176,predation.predPrey.sizeRatio.teta.sp6.stage1,-0.000848009566401958,0.009391890118715,0.0134325512804201,1000
sp5,177,predation.predPrey.sizeRatio.alpha.sp6.stage1,0.00027850017379801,0.00945547933991729,0.0132009583731404,1000
sp5,178,predation.predPrey.sizeRatio.teta.sp7.stage1,-9.98598526550639e-05,0.00949443443277442,0.013099826273586,1000
sp5,179,predation.predPrey.sizeRatio.alpha.sp7.stage1,0.000209561877878622,0.010950604002483,0.0163563194139033,1000
sp5,180,predation.predPrey.sizeRatio.teta.sp8.stage1,-0.000415857459714197,0.0094367991322769,0.0130914483053588,1000
sp5,181,predation.predPrey.sizeRatio.alpha.sp8.stage1,0.000284610993741307,0.0130098254415891,0.0200799043953442,1000
sp5,182,predation.predPrey.sizeRatio.teta.sp9.stage1,-0.00027635971367695,0.00976446766555906,0.0138202393253971,1000
sp5,183,predation.predPrey.sizeRatio.alpha.sp9.stage1,0.000494107656445072,0.0137096471057303,0.0204897969399825,1000
sp5,184,predation.predPrey.sizeRatio.teta.sp10.stage1,-0.000541804984439204,0.00900258435673927,0.0131280610255533,1000
sp5,185,predation.predPrey.sizeRatio.alpha.sp10.stage1,-1.24035311182616e-05,0.0103935964300582,0.0149321985887619,1000
sp5,186,predation.predPrey.sizeRatio.teta.sp11.stage1,-0.000278025616393798,0.00894191726415897,0.0123402803036794,1000
sp5,187,predation.predPrey.sizeRatio.alpha.sp11.stage1,-0.000571359248346414,0.00930584704773816,0.0132087720044941,1000
sp5,188,predation.predPrey.sizeRatio.teta.sp12.stage1,-0.000426440860669229,0.00980022941459191,0.0138070359781351,1000
sp5,189,predation.predPrey.sizeRatio.alpha.sp12.stage1,0.000214545092438473,0.0133154250539646,0.0203675373239361,1000
sp5,190,predation.predPrey.sizeRatio.teta.sp13.stage1,0.000823621709882451,0.00939552297187991,0.0127466022089393,1000
sp5,191,predation.predPrey.sizeRatio.alpha.sp13.stage1,-0.0011657758922422,0.025283651386428,0.0309352962123129,1000
sp5,192,predation.predPrey.sizeRatio.teta.sp14.stage1,-7.07404064856215e-05,0.00911807270062722,0.0126436112414937,1000
sp5,193,predation.predPrey.sizeRatio.alpha.sp14.stage1,-0.000374938101784441,0.00933319119446251,0.0130128756991636,1000
sp5,194,predation.predPrey.sizeRatio.teta.sp15.stage1,0.000262793894502251,0.00964844542689975,0.0136565607634409,1000
sp5,195,predation.predPrey.sizeRatio.alpha.sp15.stage1,-0.000400764965688149,0.0295486776764036,0.0326067545700143,1000
sp6,1,mortality.additional.rate.sp0,0.00051499929255851,0.0135682624635731,0.0175363300865334,1000
sp6,2,mortality.additional.rate.sp1,-0.000551843234542944,0.0133150298537878,0.0173227570738367,1000
sp6,3,mortality.additional.rate.sp2,-0.000418354997197572,0.0144283962247243,0.018602603366438,1000
sp6,4,mortality.additional.rate.sp3,-0.00169465335373981,0.027580481584913,0.0350003163731426,1000
sp6,5,mortality.additional.rate.sp4,-0.000174697476663441,0.0138516263852903,0.0179828013099243,1000
sp6,6,mortality.additional.rate.sp5,-0.000123202572871329,0.0172954101426396,0.0226502608028456,1000
sp6,7,mortality.additional.rate.sp6,-0.00121120158934456,0.0135259347216476,0.0175392424201493,1000
sp6,8,mortality.additional.rate.sp7,0.00139644538836888,0.0153861056839602,0.0199065724802783,1000
sp6,9,mortality.additional.rate.sp8,-0.00120436937088401,0.0145911213336327,0.0189908485442584,1000
sp6,10,mortality.additional.rate.sp9,-4.73843390743471e-05,0.0139973073238566,0.0183347310677027,1000
sp6,11,mortality.additional.rate.sp10,0.000146555681859281,0.0136475150970024,0.0177855533427923,1000
sp6,12,mortality.additional.rate.sp11,-0.000246112406569631,0.0133712724661133,0.0172285305851657,1000
sp6,13,mortality.additional.rate.sp12,0.000258868429319314,0.0140963124212757,0.0181300853040481,1000
sp6,14,mortality.additional.rate.sp13,0.000457194951683404,0.0142200981120002,0.0182238428158566,1000
sp6,15,mortality.additional.rate.sp14,0.000733665604533032,0.0140096577678596,0.0181490584044374,1000
sp6,16,mortality.additional.rate.sp15,0.000553801171379723,0.014326573945754,0.0185882554950673,1000
sp6,17,fisheries.rate.base.fsh0,-0.000621168993864534,0.0542133511468598,0.0611649929992812,1000
sp6,18,fisheries.rate.base.fsh1,6.29748000527796e-05,0.016137372571859,0.020967578742724,1000
sp6,19,fisheries.rate.base.fsh2,0.000838330576362837,0.014616194243224,0.0186274991089318,1000
sp6,20,fisheries.rate.base.fsh3,-0.000352428946609623,0.0161591199578388,0.0209514922371563,1000
sp6,21,species.catchability.fsh0.sp0,0.00095593937771944,0.0203459947693925,0.0273362273263699,1000
sp6,22,species.catchability.fsh0.sp1,0.000416758731901771,0.0150320630193951,0.0189890694106676,1000
sp6,23,species.catchability.fsh0.sp2,0.0002099337255997,0.0145243412800703,0.0186634847627077,1000
sp6,24,species.catchability.fsh0.sp3,-0.00287122498162603,0.0390336620733399,0.0463285506812736,1000
sp6,25,species.catchability.fsh0.sp5,0.000424672164873286,0.0148777070375997,0.019476916176232,1000
sp6,26,species.catchability.fsh0.sp7,0.00036385231934347,0.0143403781794846,0.0182839115387573,1000
sp6,27,species.catchability.fsh0.sp8,0.000176823390000796,0.0145101503510674,0.0189505350558045,1000
sp6,28,species.catchability.fsh0.sp9,0.000427543378794976,0.0139248458796828,0.0177789656894451,1000
sp6,29,species.catchability.fsh0.sp10,-0.000102479976045922,0.0149980947983658,0.0195079215677864,1000
sp6,30,species.catchability.fsh0.sp13,6.69233691877919e-07,0.0136753912328895,0.0177112346876066,1000
sp6,31,species.catchability.fsh0.sp14,-5.46617753302541e-05,0.0137883000480164,0.0180792080251325,1000
sp6,32,species.catchability.fsh0.sp15,-0.000183798418633047,0.0139725358560414,0.0181774143684636,1000
sp6,33,species.catchability.fsh1.sp9,-0.000744802699229508,0.0140033665671193,0.0181265677855962,1000
sp6,34,species.catchability.fsh1.sp10,-0.00165200843445399,0.0155312710458554,0.0205810993734583,1000
sp6,35,species.catchability.fsh1.sp11,-0.000510589629164766,0.0129798941645237,0.0167708248695384,1000
sp6,36,species.catchability.fsh1.sp12,-0.000167637069968494,0.0142083959854996,0.0182621380486568,1000
sp6,37,species.catchability.fsh2.sp0,-0.000479586782475486,0.0134212359643509,0.017390722368148,1000
sp6,38,species.catchability.fsh2.sp5,-7.41516679147962e-05,0.014068202030027,0.0185517599036495,1000
sp6,39,species.catchability.fsh2.sp7,0.000429953660298738,0.0138320848070379,0.0177779186426022,1000
sp6,40,species.catchability.fsh2.sp8,7.74609406224376e-05,0.0135647006171829,0.017565416749227,1000
sp6,41,species.catchability.fsh3.sp0,0.000928671126381438,0.0143210842600606,0.0186328558918675,1000
sp6,42,species.catchability.fsh3.sp1,-0.000116962483276056,0.0133525183171771,0.0173956448628321,1000
sp6,43,species.catchability.fsh3.sp2,0.000131480567212532,0.0140896729774025,0.0184043512240465,1000
sp6,44,species.catchability.fsh3.sp3,0.00108529668046587,0.014666975867415,0.0187916472648867,1000
sp6,45,species.catchability.fsh3.sp5,0.000356453659195518,0.0137899013813751,0.0180291916387997,1000
sp6,46,species.catchability.fsh3.sp7,-0.000187817200279661,0.0130820943953507,0.0168983899377098,1000
sp6,47,species.catchability.fsh3.sp8,0.00058907433283015,0.0138425402173229,0.0174690349239888,1000
sp6,48,species.catchability.fsh3.sp9,-0.000445143864565602,0.0137172423732068,0.0178791347657559,1000
sp6,49,species.catchability.fsh3.sp10,-0.00117764636596516,0.0143786941168639,0.0185687267665432,1000
sp6,50,species.catchability.fsh3.sp11,-0.000519497599448931,0.0142107415604461,0.0190686737730085,1000
sp6,51,species.catchability.fsh3.sp12,0.000355394859604594,0.0147692352365225,0.0192012652683173,1000
sp6,52,species.catchability.fsh3.sp13,0.000279748187875998,0.0133876623164154,0.0180189295959767,1000
sp6,53,species.catchability.fsh3.sp14,0.000298417305529466,0.0138468364153127,0.0177254025567667,1000
sp6,54,species.catchability.fsh3.sp15,-0.000117049938706392,0.0136137327830309,0.0175753654918506,1000
sp6,55,species.length2weight.condition.factor.sp0,0.00105131692330417,0.0223680111854074,0.0327695098114909,1000
sp6,56,species.length2weight.condition.factor.sp1,-0.00045899827258241,0.0146541764050512,0.0188117080620994,1000
sp6,57,species.length2weight.condition.factor.sp2,-1.08714464383441e-05,0.0142467254701465,0.018692392674179,1000
sp6,58,species.length2weight.condition.factor.sp3,0.000483605663434514,0.0314340848398783,0.0437355753604378,1000
sp6,59,species.length2weight.condition.factor.sp4,-0.000275614389089685,0.0155007994096735,0.0199688657020569,1000
sp6,60,species.length2weight.condition.factor.sp5,-0.000386600289655239,0.0134484342570765,0.0175531641408384,1000
sp6,61,species.length2weight.condition.factor.sp6,-0.00134794933468883,0.0204381180589394,0.0263720245731472,1000
sp6,62,species.length2weight.condition.factor.sp7,-0.000348146473961563,0.013976381344401,0.017834410440857,1000
sp6,63,species.length2weight.condition.factor.sp8,-0.000169929543536939,0.0138710601369279,0.018078673539894,1000
sp6,64,species.length2weight.condition.factor.sp9,0.000647943139124313,0.0147616612422711,0.0193856950278699,1000
sp6,65,species.length2weight.condition.factor.sp10,0.000131930526041346,0.0139502242588206,0.0182728016544945,1000
sp6,66,species.length2weight.condition.factor.sp11,3.70500541030279e-05,0.0138454914463058,0.0181386761175721,1000
sp6,67,species.length2weight.condition.factor.sp12,-6.75401652903639e-05,0.0144841861108277,0.0185855282408851,1000
sp6,68,species.length2weight.condition.factor.sp13,-0.000674464894888336,0.0138684783879446,0.0180434401389088,1000
sp6,69,species.length2weight.condition.factor.sp14,0.001008062385678,0.0175899893363244,0.022534565637194,1000
sp6,70,species.length2weight.condition.factor.sp15,0.000764433850589205,0.0140176505777784,0.0177931704431955,1000
sp6,71,species.k.sp0,0.00189014571933019,0.064386559561133,0.0991423224754213,1000
sp6,72,species.k.sp1,0.000357759886060055,0.0602269916282035,0.0657527881561701,1000
sp6,73,species.k.sp2,-0.000386718533226936,0.0219744443348578,0.0317492968618475,1000
sp6,74,species.k.sp3,0.00136675631513185,0.0805893824958321,0.103929024128794,1000
sp6,75,species.k.sp4,-0.00222940119281315,0.0438635875007402,0.0511517216876612,1000
sp6,76,species.k.sp5,0.000454322179867543,0.0164342780361848,0.0222554490698258,1000
sp6,77,species.k.sp6,-0.0099357772891205,0.281641191038354,0.29424034310159,1000
sp6,78,species.k.sp7,4.61681136818572e-06,0.0152732422903693,0.0194492877028402,1000
sp6,79,species.k.sp8,0.000909203737741974,0.0323110122288724,0.0407770093281086,1000
sp6,80,species.k.sp9,-0.000371780661457478,0.0172990843905369,0.023169593652833,1000
sp6,81,species.k.sp10,0.000172781568855917,0.0177904139465593,0.023685517218169,1000
sp6,82,species.k.sp11,0.000585273083129258,0.0152053849192019,0.0199063066398967,1000
sp6,83,species.k.sp12,-0.000190825611644281,0.014619999400696,0.0194371305691408,1000
sp6,84,species.k.sp13,1.44763657787648e-05,0.0258381251049525,0.0359815694811789,1000
sp6,85,species.k.sp14,0.00211977793869211,0.0599838349252283,0.0659006572608585,1000
sp6,86,species.k.sp15,0.00118865380023654,0.0156472976927669,0.020847141328462,1000
sp6,87,species.l0.sp0,0.000637928745092313,0.0186735248735517,0.0255282872302548,1000
sp6,88,species.l0.sp1,-0.00126163656747945,0.0474153270910972,0.0529599498453551,1000
sp6,89,species.l0.sp2,-0.000228398316599078,0.0185789750106668,0.0257445903705827,1000
sp6,90,species.l0.sp3,0.000399350221170901,0.0291826660107847,0.0389268400709837,1000
sp6,91,species.l0.sp4,0.000368927052994593,0.0354051398857622,0.0419833487408757,1000
sp6,92,species.l0.sp5,0.000575874761246648,0.0133668422055877,0.0175278605321743,1000
sp6,93,species.l0.sp6,0.0011208843456457,0.146871611947342,0.157990192473662,1000
sp6,94,species.l0.sp7,0.000652029727181766,0.0149582043570972,0.0194509093321676,1000
sp6,95,species.l0.sp8,0.000968160349851894,0.0171173529870906,0.0218311018069824,1000
sp6,96,species.l0.sp9,-0.000290233333599649,0.0177772290220948,0.0238947071210046,1000
sp6,97,species.l0.sp10,-1.04398930531696e-05,0.0231389457625359,0.031372660649226,1000
sp6,98,species.l0.sp11,-2.93525583032009e-05,0.0145672788833008,0.0189357130654667,1000
sp6,99,species.l0.sp12,0.000527591806127014,0.0143988219560169,0.0190154533112275,1000
sp6,100,species.l0.sp13,-7.19343432067896e-05,0.0141537254681329,0.0182905436898064,1000
sp6,101,species.l0.sp14,-0.000669929142740218,0.0141542868799565,0.0182609243546883,1000
sp6,102,species.l0.sp15,-8.43008866806041e-05,0.0134805552407302,0.0180414673401456,1000
sp6,103,mortality.additional.larva.rate.sp0,-0.0016832787151439,0.0581207232207915,0.0959426506501571,1000
sp6,104,mortality.additional.larva.rate.sp1,-0.000389525316901799,0.0191934589410987,0.0245642035211292,1000
sp6,105,mortality.additional.larva.rate.sp2,-0.000241451870370702,0.0414250260323312,0.0623413575364316,1000
sp6,106,mortality.additional.larva.rate.sp3,0.0103122627493999,0.201934052363857,0.263494468959102,1000
sp6,107,mortality.additional.larva.rate.sp4,0.000264905906897054,0.0141890610456036,0.0182778873461974,1000
sp6,108,mortality.additional.larva.rate.sp5,-0.000240519839229726,0.0136116377534164,0.0176380590913852,1000
sp6,109,mortality.additional.larva.rate.sp6,0.000357756478081903,0.0150406921043981,0.0197298700006528,1000
sp6,110,mortality.additional.larva.rate.sp9,0.000200209718285098,0.0227321231558272,0.0305872397032076,1000
sp6,111,mortality.additional.larva.rate.sp10,-0.000621444874634961,0.0310295225927452,0.0440870182575973,1000
sp6,112,mortality.additional.larva.rate.sp11,-0.000451463981663726,0.0142688298772524,0.0184194735723273,1000
sp6,113,mortality.additional.larva.rate.sp12,0.000483309605453666,0.0152871391790848,0.0199469856906735,1000
sp6,114,mortality.additional.larva.rate.sp13,0.000883833401207078,0.0138185958474212,0.0179480581589039,1000
sp6,115,mortality.additional.larva.rate.sp14,0.00032477226657691,0.0173120261885597,0.0231316542908504,1000
sp6,116,mortality.additional.larva.rate.sp15,0.000114690258340888,0.0188040429032247,0.025583733829573,1000
sp6,117,mortality.additional.larva.rate.mean.sp7,-0.000575567953132103,0.0157290465299514,0.0201913639987426,1000
sp6,118,mortality.additional.larva.rate.mean.sp8,0.000462707462038481,0.0202709954945298,0.0253024357242151,1000
sp6,119,species.linf.sp0,-0.0104125334391198,0.0824505453025737,0.129026019680828,1000
sp6,120,species.linf.sp1,0.00168975747559079,0.149619146982241,0.157004328137919,1000
sp6,121,species.linf.sp2,-0.000764092912197351,0.0459044995617683,0.071842875526195,1000
sp6,122,species.linf.sp3,-0.0209717718000171,0.305678464266056,0.359028465254746,1000
sp6,123,species.linf.sp4,0.00364374817611508,0.111466219348773,0.124768542032119,1000
sp6,124,species.linf.sp5,5.92166014108865e-06,0.0390429002788088,0.0511128677604359,1000
sp6,125,species.linf.sp6,0.0119551629000849,0.699057874623604,0.712060480025414,1000
sp6,126,species.linf.sp7,9.63141503024783e-05,0.027400649403283,0.0329922519911064,1000
sp6,127,species.linf.sp8,-0.00238697244995387,0.104445244552123,0.126760483343177,1000
sp6,128,species.linf.sp9,0.000582073517371036,0.0307341914652653,0.0426704707385489,1000
sp6,129,species.linf.sp10,0.00143245788924047,0.044877746037736,0.0627411417060269,1000
sp6,130,species.linf.sp11,0.000264227143409535,0.0161123247652505,0.0217454238032818,1000
sp6,131,species.linf.sp12,0.000548274542930336,0.0214199335192293,0.0275581162262604,1000
sp6,132,species.linf.sp13,0.00122743714447778,0.0207940213910828,0.0282541915237455,1000
sp6,133,species.linf.sp14,0.00161243359124881,0.11575088547294,0.125125682636111,1000
sp6,134,species.linf.sp15,-0.000509480085223736,0.0200968411912935,0.0269591299612645,1000
sp6,135,species.accessibility2fish.sp16,-0.000125434764102134,0.0140352007547131,0.0178963835520919,1000
sp6,136,species.accessibility2fish.sp17,-0.000469790661205998,0.0140123569236186,0.0181658583213596,1000
sp6,137,species.accessibility2fish.sp18,0.000321148811594865,0.0143655835083649,0.0188555430184975,1000
sp6,138,species.accessibility2fish.sp19,-0.000555008459023945,0.0158682821131789,0.0218063271133632,1000
sp6,139,species.accessibility2fish.sp20,-9.97838447938284e-05,0.0142016534261746,0.0182115983015585,1000
sp6,140,species.accessibility2fish.sp21,0.000598174380933554,0.0152409679724247,0.0201486770874877,1000
sp6,141,species.accessibility2fish.sp22,-0.00147420511686096,0.0572857044029505,0.100527788619375,1000
sp6,142,species.accessibility2fish.sp23,-0.00855641193515526,0.1327124974282,0.141561893039997,1000
sp6,143,species.accessibility2fish.sp24,0.000396125183558646,0.0190996923502314,0.0242003277535591,1000
sp6,144,species.accessibility2fish.sp25,0.00102719723203515,0.0136521693602023,0.0178403536261208,1000
sp6,145,species.accessibility2fish.sp26,0.000197167598048133,0.014978448407217,0.0194272670035249,1000
sp6,146,species.maturity.size.ratio.sp0,0.00265571482043474,0.0592759895135593,0.0982489779188203,1000
sp6,147,species.maturity.size.ratio.sp1,-0.000134483748853485,0.0139535429997315,0.0178963141049926,1000
sp6,148,species.maturity.size.ratio.sp2,0.00127938883350161,0.0140073336203883,0.0181398632082942,1000
sp6,149,species.maturity.size.ratio.sp3,0.000916100016143873,0.0142346856170523,0.0185102269494734,1000
sp6,150,species.maturity.size.ratio.sp4,-0.000478296129655904,0.0172846579028467,0.0224122308818438,1000
sp6,151,species.maturity.size.ratio.sp5,-0.000316139657345195,0.0146632325840352,0.0188402526275016,1000
sp6,152,species.maturity.size.ratio.sp6,0.000433639683047581,0.0505638238306911,0.0748508082117883,1000
sp6,153,species.maturity.size.ratio.sp7,0.00025745749984339,0.013674274355732,0.0178850371328191,1000
sp6,154,species.maturity.size.ratio.sp8,-0.000196188772965477,0.0145499578298981,0.018723269340501,1000
sp6,155,species.maturity.size.ratio.sp9,0.000309100861148706,0.0137465309882537,0.0176698666461497,1000
sp6,156,species.maturity.size.ratio.sp10,0.000572637680534976,0.0155933544151056,0.0201862523590965,1000
sp6,157,species.maturity.size.ratio.sp11,-0.00224603024388095,0.0181958506550723,0.0239743614506939,1000
sp6,158,species.maturity.size.ratio.sp12,0.000237503002335778,0.0142054813054019,0.0184214459526659,1000
sp6,159,species.maturity.size.ratio.sp13,-0.00198014691102565,0.0330129340791084,0.0465210877391372,1000
sp6,160,species.maturity.size.ratio.sp14,-0.000518317470070513,0.0149456171915553,0.0194105694819638,1000
sp6,161,species.maturity.size.ratio.sp15,7.67381409697942e-05,0.0195514617497732,0.0272667870356581,1000
sp6,162,predation.predPrey.sizeRatio.teta.sp0.stage1,-0.00021110638199212,0.0139820299166361,0.0182710049249879,1000
sp6,163,predation.predPrey.sizeRatio.alpha.sp0.stage1,0.00252650125530658,0.0367543470923517,0.0562049487975971,1000
sp6,164,predation.predPrey.sizeRatio.teta.sp1.stage1,0.000419326749574675,0.0205464797694098,0.0272934887198737,1000
sp6,165,predation.predPrey.sizeRatio.alpha.sp1.stage1,0.00150640131918738,0.0214007340128233,0.0283341553572534,1000
sp6,166,predation.predPrey.sizeRatio.teta.sp2.stage1,0.000398210625997739,0.0144484710603986,0.0186943437272102,1000
sp6,167,predation.predPrey.sizeRatio.alpha.sp2.stage1,-0.000225998415703838,0.0263868031778185,0.0403075640719227,1000
sp6,168,predation.predPrey.sizeRatio.teta.sp3.stage1,-0.000445316768374917,0.0140205365182566,0.0184245787133652,1000
sp6,169,predation.predPrey.sizeRatio.alpha.sp3.stage1,0.00382483385971052,0.116224829477077,0.152012137617027,1000
sp6,170,predation.predPrey.sizeRatio.teta.sp4.stage1,0.000347066374080947,0.0154220048226321,0.0203648403778147,1000
sp6,171,predation.predPrey.sizeRatio.alpha.sp4.stage1,-0.00152212890891616,0.0250379427920902,0.0329214581767798,1000
sp6,172,predation.predPrey.sizeRatio.teta.sp5.stage1,0.000226937388947578,0.0140515999267087,0.0181631112400884,1000
sp6,173,predation.predPrey.sizeRatio.teta.sp5.stage2,0.0016514021458077,0.0248337371908574,0.0325682400292084,1000
sp6,174,predation.predPrey.sizeRatio.alpha.sp5.stage1,-0.000486157747764324,0.0136055706770419,0.0176464802532988,1000
sp6,175,predation.predPrey.sizeRatio.alpha.sp5.stage2,-0.00124140310070517,0.0228806336165729,0.0293434281203015,1000
sp6,176,predation.predPrey.sizeRatio.teta.sp6.stage1,0.00115875095283513,0.0912715364981345,0.121275943033617,1000
sp6,177,predation.predPrey.sizeRatio.alpha.sp6.stage1,-0.00304449670125499,0.149006316799808,0.169676561470708,1000
sp6,178,predation.predPrey.sizeRatio.teta.sp7.stage1,-0.000638166071975771,0.0146077254428762,0.0189244620667234,1000
sp6,179,predation.predPrey.sizeRatio.alpha.sp7.stage1,-0.000553783171704311,0.0171886891056983,0.021813044976641,1000
sp6,180,predation.predPrey.sizeRatio.teta.sp8.stage1,0.000573250814423491,0.0142391008487588,0.0183290989287282,1000
sp6,181,predation.predPrey.sizeRatio.alpha.sp8.stage1,0.00272664250714203,0.0842450234476822,0.109786298336381,1000
sp6,182,predation.predPrey.sizeRatio.teta.sp9.stage1,0.000603988079562437,0.0144198640771286,0.0189755880156907,1000
sp6,183,predation.predPrey.sizeRatio.alpha.sp9.stage1,0.00146652695461039,0.0288032599887817,0.038762911469202,1000
sp6,184,predation.predPrey.sizeRatio.teta.sp10.stage1,-4.99798848288856e-05,0.0143497236110024,0.0185836037893745,1000
sp6,185,predation.predPrey.sizeRatio.alpha.sp10.stage1,-0.000957530199329753,0.0203016093800697,0.028207796625076,1000
sp6,186,predation.predPrey.sizeRatio.teta.sp11.stage1,-0.000805995057523031,0.0149497794397382,0.0194463527041947,1000
sp6,187,predation.predPrey.sizeRatio.alpha.sp11.stage1,0.00030774970395785,0.0140037382697787,0.0183374244363657,1000
sp6,188,predation.predPrey.sizeRatio.teta.sp12.stage1,-0.000606153623327642,0.0152700530140817,0.0196671786597334,1000
sp6,189,predation.predPrey.sizeRatio.alpha.sp12.stage1,-0.000939081560764592,0.0165044229743601,0.021223479997714,1000
sp6,190,predation.predPrey.sizeRatio.teta.sp13.stage1,-0.000641153319020804,0.0140970827786932,0.018417948999879,1000
sp6,191,predation.predPrey.sizeRatio.alpha.sp13.stage1,-0.000483093846595047,0.0190985810546453,0.0254548038575527,1000
sp6,192,predation.predPrey.sizeRatio.teta.sp14.stage1,8.92670483787739e-05,0.0148020214504043,0.0191521697979296,1000
sp6,193,predation.predPrey.sizeRatio.alpha.sp14.stage1,-0.00226063589045727,0.0902204676370562,0.103805407623767,1000
sp6,194,predation.predPrey.sizeRatio.teta.sp15.stage1,-0.000948286986645684,0.0139550122106885,0.0177515034219869,1000
sp6,195,predation.predPrey.sizeRatio.alpha.sp15.stage1,-0.000506369288958745,0.0156558024450372,0.0206824199538257,1000
sp7,1,mortality.additional.rate.sp0,6.19060073606891e-05,0.00709620823653139,0.0110261335587147,1000
sp7,2,mortality.additional.rate.sp1,-0.000168713158088681,0.00752364848612035,0.0103999983012523,1000
sp7,3,mortality.additional.rate.sp2,0.000426416949913988,0.00725637428589593,0.0105532391142928,1000
sp7,4,mortality.additional.rate.sp3,-0.000482553149389338,0.00738856565092821,0.010359746134158,1000
sp7,5,mortality.additional.rate.sp4,0.000168592750753849,0.00738248394988571,0.0103547809417957,1000
sp7,6,mortality.additional.rate.sp5,0.00044244141046348,0.0130414263621215,0.0169571531941215,1000
sp7,7,mortality.additional.rate.sp6,1.29541648418275e-05,0.00705834700153989,0.00986516575241791,1000
sp7,8,mortality.additional.rate.sp7,-0.00132940383198544,0.0664971277337509,0.0825736251619891,1000
sp7,9,mortality.additional.rate.sp8,0.000109127135068402,0.00707229291507686,0.00994571842145527,1000
sp7,10,mortality.additional.rate.sp9,-0.000396894630274197,0.00691254091492355,0.0100044921924718,1000
sp7,11,mortality.additional.rate.sp10,-0.000178625217268947,0.00738396134468117,0.0100629354769799,1000
sp7,12,mortality.additional.rate.sp11,-0.000288085845147628,0.00733900498592747,0.0117173610194085,1000
sp7,13,mortality.additional.rate.sp12,0.000259055599709336,0.00745917756298681,0.0109017001760027,1000
sp7,14,mortality.additional.rate.sp13,0.000237897840188412,0.00705173806914304,0.010351975460658,1000
sp7,15,mortality.additional.rate.sp14,-5.06085372001677e-05,0.00654427702530859,0.00900820044118075,1000
sp7,16,mortality.additional.rate.sp15,0.000206592227179445,0.00696102972123217,0.0097533796951734,1000
sp7,17,fisheries.rate.base.fsh0,6.23347746518958e-05,0.0143228173472836,0.020014136825031,1000
sp7,18,fisheries.rate.base.fsh1,-0.000205095423452435,0.00809012594870686,0.0114638916264987,1000
sp7,19,fisheries.rate.base.fsh2,-0.000162819785934771,0.0081409013627963,0.0117898422146836,1000
sp7,20,fisheries.rate.base.fsh3,0.000289618892887895,0.00859172794858391,0.0120060444019831,1000
sp7,21,species.catchability.fsh0.sp0,5.2552920891839e-05,0.00702980026192335,0.0101376669985291,1000
sp7,22,species.catchability.fsh0.sp1,0.000307748210698397,0.00726810390428912,0.0111185916104291,1000
sp7,23,species.catchability.fsh0.sp2,8.48034859603836e-06,0.00704450665027995,0.0102320166989697,1000
sp7,24,species.catchability.fsh0.sp3,-0.000279721111559644,0.00830003937105803,0.0115385792094886,1000
sp7,25,species.catchability.fsh0.sp5,0.000347103419944177,0.0089874581251911,0.012513877605896,1000
sp7,26,species.catchability.fsh0.sp7,-0.000980711191778362,0.0175402257213012,0.0240534260471106,1000
sp7,27,species.catchability.fsh0.sp8,-0.000357529689188452,0.00795795484185265,0.0118563462890538,1000
sp7,28,species.catchability.fsh0.sp9,-0.000384940915833164,0.00703739312851352,0.0102019939348412,1000
sp7,29,species.catchability.fsh0.sp10,0.000325812860558826,0.00735807896044199,0.0104584284855261,1000
sp7,30,species.catchability.fsh0.sp13,6.50912827076965e-05,0.00704638441881152,0.0100332690360302,1000
sp7,31,species.catchability.fsh0.sp14,-0.00013111772237075,0.00739917959629397,0.0104347608183306,1000
sp7,32,species.catchability.fsh0.sp15,-0.000281951615552619,0.00714637395626351,0.0101295512270839,1000
sp7,33,species.catchability.fsh1.sp9,0.0002666086749931,0.00736621088273161,0.0106362257286768,1000
sp7,34,species.catchability.fsh1.sp10,0.000743555564605319,0.00744757417726842,0.00993949977353029,1000
sp7,35,species.catchability.fsh1.sp11,0.000303217672499128,0.0071181076398539,0.0107001546599807,1000
sp7,36,species.catchability.fsh1.sp12,0.000136801095666958,0.00766835574574825,0.0121398597075898,1000
sp7,37,species.catchability.fsh2.sp0,0.000167886665199565,0.00684962013192535,0.00967161856702915,1000
sp7,38,species.catchability.fsh2.sp5,-3.8574303196717e-07,0.00741881066977682,0.010703083373268,1000
sp7,39,species.catchability.fsh2.sp7,0.000386235436335881,0.00819205852443816,0.0117672111612495,1000
sp7,40,species.catchability.fsh2.sp8,2.48361384484006e-05,0.00712754531275672,0.0100544649752487,1000
sp7,41,species.catchability.fsh3.sp0,0.000265276367079452,0.00693987249580117,0.00952363948496165,1000
sp7,42,species.catchability.fsh3.sp1,-0.000273055180473717,0.00696974765687344,0.00968086489384889,1000
sp7,43,species.catchability.fsh3.sp2,-8.51310113072505e-05,0.00708324452087584,0.010383391020596,1000
sp7,44,species.catchability.fsh3.sp3,-0.000155032414571649,0.00705962154216768,0.00979495531809637,1000
sp7,45,species.catchability.fsh3.sp5,1.94561556622071e-05,0.00726376336080452,0.010738904577054,1000
sp7,46,species.catchability.fsh3.sp7,0.000194554732871841,0.00885373531542079,0.0125967068435914,1000
sp7,47,species.catchability.fsh3.sp8,0.000544724260249156,0.00724159941712732,0.0103697991271936,1000
sp7,48,species.catchability.fsh3.sp9,4.99482359405234e-05,0.00710047352264888,0.0100116747829399,1000
sp7,49,species.catchability.fsh3.sp10,6.17061506019542e-05,0.00706106722679631,0.00994289023847359,1000
sp7,50,species.catchability.fsh3.sp11,-7.40803410038333e-05,0.00711094295785721,0.00979583501124688,1000
sp7,51,species.catchability.fsh3.sp12,-0.000286109698560902,0.0072261015138305,0.0103610123285967,1000
sp7,52,species.catchability.fsh3.sp13,-0.00058790251695759,0.00738220997577342,0.0109786338353871,1000
sp7,53,species.catchability.fsh3.sp14,5.34554461003022e-05,0.00689360604973511,0.00953361815765282,1000
sp7,54,species.catchability.fsh3.sp15,-0.000331615172399192,0.00690250705931647,0.00979248986573389,1000
sp7,55,species.length2weight.condition.factor.sp0,-3.62504997843413e-05,0.00696081183245089,0.00985775558564372,1000
sp7,56,species.length2weight.condition.factor.sp1,0.00023182223188895,0.00748643807208126,0.0105434395853778,1000
sp7,57,species.length2weight.condition.factor.sp2,-0.000130303556805058,0.00802717520372843,0.0111057350927205,1000
sp7,58,species.length2weight.condition.factor.sp3,0.000602250108263434,0.00785380878549259,0.0111319334716355,1000
sp7,59,species.length2weight.condition.factor.sp4,-7.25093764581444e-05,0.00720547919787298,0.00988338710102143,1000
sp7,60,species.length2weight.condition.factor.sp5,-0.000295555461503508,0.00738083006696901,0.0104905648394263,1000
sp7,61,species.length2weight.condition.factor.sp6,0.000241587140516395,0.00715294556357915,0.00971172954149438,1000
sp7,62,species.length2weight.condition.factor.sp7,0.000338604771184529,0.00924467314478087,0.0137953903110862,1000
sp7,63,species.length2weight.condition.factor.sp8,-8.32962670422912e-05,0.00780612354571582,0.0112561587764625,1000
sp7,64,species.length2weight.condition.factor.sp9,-0.000241477561439641,0.00691009276440045,0.00961588747338723,1000
sp7,65,species.length2weight.condition.factor.sp10,0.000264902366107005,0.00688433642410909,0.0100367547570919,1000
sp7,66,species.length2weight.condition.factor.sp11,-0.000196974189923039,0.00738342290999597,0.0105071247172416,1000
sp7,67,species.length2weight.condition.factor.sp12,-1.12035664085187e-05,0.00734955306711669,0.0101822216395254,1000
sp7,68,species.length2weight.condition.factor.sp13,0.000206685125240582,0.00719833705261064,0.0102810657203722,1000
sp7,69,species.length2weight.condition.factor.sp14,-0.000770555009398575,0.00719653128168824,0.0101794402296165,1000
sp7,70,species.length2weight.condition.factor.sp15,-0.000381403682816738,0.00750687757458886,0.0110148850148863,1000
sp7,71,species.k.sp0,0.000318412048087332,0.00990958936443067,0.0138339214864473,1000
sp7,72,species.k.sp1,-0.000280997731307904,0.0257795157751631,0.0297421662352346,1000
sp7,73,species.k.sp2,-0.000179559578593898,0.00853721713145763,0.0124183088786866,1000
sp7,74,species.k.sp3,-0.000427192898888147,0.0102813124100062,0.0150407982901855,1000
sp7,75,species.k.sp4,-0.0012788549723952,0.0118968763843753,0.0158808895082492,1000
sp7,76,species.k.sp5,-0.0014297986674285,0.0138446323927351,0.0191600005020058,1000
sp7,77,species.k.sp6,0.000631847519524472,0.0177433018363621,0.021308646891615,1000
sp7,78,species.k.sp7,0.0015464632750431,0.0198934745521337,0.0280663375873554,1000
sp7,79,species.k.sp8,0.00084273337344744,0.0124134937343574,0.0173442468655104,1000
sp7,80,species.k.sp9,-0.000472627343701769,0.00814005862996126,0.0113229647887182,1000
sp7,81,species.k.sp10,-0.000496044880643099,0.00724965792636064,0.0103102295497699,1000
sp7,82,species.k.sp11,-6.45478272784884e-05,0.00707523645790838,0.00993113295812402,1000
sp7,83,species.k.sp12,0.000250085209313941,0.00687846841520549,0.00975691040129234,1000
sp7,84,species.k.sp13,0.000448714489529408,0.00936934512790799,0.0132672315680548,1000
sp7,85,species.k.sp14,-7.42561849938411e-05,0.00938775184258566,0.012844955572657,1000
sp7,86,species.k.sp15,-0.000250871447027453,0.00725353148789967,0.0103490773757265,1000
sp7,87,species.l0.sp0,0.000353320789592091,0.0070969786824252,0.0103447217491058,1000
sp7,88,species.l0.sp1,-0.000547497192460925,0.0201869727974829,0.0234421706394417,1000
sp7,89,species.l0.sp2,9.93423958294358e-05,0.0102735946726412,0.014768576567381,1000
sp7,90,species.l0.sp3,0.000531820502762366,0.00771362823283471,0.0110333230004599,1000
sp7,91,species.l0.sp4,-2.58679340052899e-06,0.0103281206056175,0.0138891840340484,1000
sp7,92,species.l0.sp5,8.04650896082102e-05,0.00716948721086804,0.0103027879451741,1000
sp7,93,species.l0.sp6,-0.000144231433979767,0.0100200985143572,0.0128665523824449,1000
sp7,94,species.l0.sp7,-0.0022688232986541,0.0447582013756314,0.0700605935325191,1000
sp7,95,species.l0.sp8,-0.000752182267145074,0.0117051168544616,0.0152624633468122,1000
sp7,96,species.l0.sp9,0.00014932282314492,0.00757409246720592,0.0111355070843304,1000
sp7,97,species.l0.sp10,-0.000685069180047283,0.00762979508430737,0.0106983110996482,1000
sp7,98,species.l0.sp11,0.000289714185257474,0.00711941265344854,0.0101528585832458,1000
sp7,99,species.l0.sp12,0.000556919658584587,0.0069425334703386,0.00991841351436046,1000
sp7,100,species.l0.sp13,0.000198302921302216,0.00708688932086812,0.0102134608030676,1000
sp7,101,species.l0.sp14,-0.000177151177491087,0.00715543876490473,0.0104427673037992,1000
sp7,102,species.l0.sp15,0.000526930838229053,0.00704162225836312,0.010383297712372,1000
sp7,103,mortality.additional.larva.rate.sp0,-0.000125367399666054,0.00877688360523957,0.0128642410495305,1000
sp7,104,mortality.additional.larva.rate.sp1,-0.000120303880223381,0.00792905710490888,0.0106272015819398,1000
sp7,105,mortality.additional.larva.rate.sp2,-0.000614760951185107,0.0221962780947503,0.0324317950202894,1000
sp7,106,mortality.additional.larva.rate.sp3,-0.000495010632769813,0.0205350832633971,0.0299058353859512,1000
sp7,107,mortality.additional.larva.rate.sp4,0.000163229387767209,0.00749440602529707,0.0107088566548413,1000
sp7,108,mortality.additional.larva.rate.sp5,-4.48830045352555e-06,0.00748295054500621,0.0108462416699003,1000
sp7,109,mortality.additional.larva.rate.sp6,0.000166753376254932,0.00700296831138536,0.00963263833989664,1000
sp7,110,mortality.additional.larva.rate.sp9,-0.00057793097798914,0.0082965152520524,0.0118614862026427,1000
sp7,111,mortality.additional.larva.rate.sp10,0.000349747038622988,0.00756768113125938,0.010806046194806,1000
sp7,112,mortality.additional.larva.rate.sp11,7.79231301276242e-05,0.00730486081454834,0.0101135020563527,1000
sp7,113,mortality.additional.larva.rate.sp12,8.70705525267024e-05,0.00734710367147654,0.0103596007908664,1000
sp7,114,mortality.additional.larva.rate.sp13,0.000166477738256593,0.0072203134776182,0.0101159922992902,1000
sp7,115,mortality.additional.larva.rate.sp14,0.000239725890717489,0.0073489030776126,0.0110821648598194,1000
sp7,116,mortality.additional.larva.rate.sp15,-0.000352773884221561,0.00745526592017099,0.0101705689548321,1000
sp7,117,mortality.additional.larva.rate.mean.sp7,0.000933575564917041,0.0660948086260919,0.0937448178814562,1000
sp7,118,mortality.additional.larva.rate.mean.sp8,0.000634091948440159,0.0153378314709126,0.0198524347090904,1000
sp7,119,species.linf.sp0,4.48157592059435e-07,0.0101163000417615,0.0140581264920426,1000
sp7,120,species.linf.sp1,1.62627363344273e-05,0.0633096380859144,0.0684572334213296,1000
sp7,121,species.linf.sp2,-0.000613406127846583,0.0153421580970184,0.0228281119167652,1000
sp7,122,species.linf.sp3,7.03854559866469e-05,0.0212329811019079,0.0311267362819426,1000
sp7,123,species.linf.sp4,0.000251777085865578,0.025022035779294,0.0302447645702878,1000
sp7,124,species.linf.sp5,0.000421897515977777,0.0512665159811319,0.0641945057550809,1000
sp7,125,species.linf.sp6,-0.000548915078286315,0.0456830289175495,0.0499893562028627,1000
sp7,126,species.linf.sp7,-0.00155820778360982,0.262857658755683,0.306974515579941,1000
sp7,127,species.linf.sp8,0.000474409688125348,0.0283314309431674,0.0365980196360757,1000
sp7,128,species.linf.sp9,0.000492866629957293,0.0114208503383368,0.015413692272195,1000
sp7,129,species.linf.sp10,-0.000307903519179635,0.0094370990393297,0.0130588602324501,1000
sp7,130,species.linf.sp11,2.56009148610851e-05,0.00739887313746095,0.0108187457058129,1000
sp7,131,species.linf.sp12,0.00045500415042466,0.00786126063800612,0.0106905078052049,1000
sp7,132,species.linf.sp13,-9.61209192055253e-05,0.00981994014433161,0.013837399843028,1000
sp7,133,species.linf.sp14,0.000336626898327635,0.00892523682624148,0.0128020106964506,1000
sp7,134,species.linf.sp15,-0.000163328680622426,0.00818170083863165,0.0111359178292418,1000
sp7,135,species.accessibility2fish.sp16,0.000308117006493426,0.00716354869109588,0.0101436900231455,1000
sp7,136,species.accessibility2fish.sp17,-6.93445578788413e-06,0.00699712059128336,0.0100353829369369,1000
sp7,137,species.accessibility2fish.sp18,-0.000134678693026249,0.0072792790989039,0.0102841866976648,1000
sp7,138,species.accessibility2fish.sp19,9.98539040944615e-05,0.00739090382833698,0.0104045268203499,1000
sp7,139,species.accessibility2fish.sp20,0.000725620440104837,0.00732455200085341,0.0102443086512406,1000
sp7,140,species.accessibility2fish.sp21,-0.000209726477092888,0.00749371862893455,0.010551184154773,1000
sp7,141,species.accessibility2fish.sp22,-0.000612661600358827,0.0223169969379978,0.038921241007547,1000
sp7,142,species.accessibility2fish.sp23,-0.00347566637779323,0.0585932574495242,0.064137564291462,1000
sp7,143,species.accessibility2fish.sp24,-0.000109167777459112,0.0159062209773975,0.0239080007024463,1000
sp7,144,species.accessibility2fish.sp25,0.000161283304131633,0.00714681861800663,0.0102559106604133,1000
sp7,145,species.accessibility2fish.sp26,-9.26428229937058e-05,0.006751435087278,0.00949013108436207,1000
sp7,146,species.maturity.size.ratio.sp0,0.000749980530291033,0.00909937984173451,0.0129222485916897,1000
sp7,147,species.maturity.size.ratio.sp1,0.000104413470383575,0.00725247062490938,0.00998478653796795,1000
sp7,148,species.maturity.size.ratio.sp2,0.000146448202989045,0.00773219935861097,0.010814496910959,1000
sp7,149,species.maturity.size.ratio.sp3,-6.14269542191739e-05,0.0072434579178891,0.0104572333968233,1000
sp7,150,species.maturity.size.ratio.sp4,-2.91835154259054e-05,0.00778523354047372,0.0105519904328171,1000
sp7,151,species.maturity.size.ratio.sp5,0.000189018853733721,0.0068900452289101,0.0095997785525453,1000
sp7,152,species.maturity.size.ratio.sp6,-0.000176709870477609,0.00763352785617908,0.011132663648826,1000
sp7,153,species.maturity.size.ratio.sp7,0.000256181062709924,0.00811349724690874,0.0110141026302446,1000
sp7,154,species.maturity.size.ratio.sp8,0.00014836609529376,0.00704934121427157,0.00998406411629886,1000
sp7,155,species.maturity.size.ratio.sp9,0.000146533338586574,0.00747786907261985,0.0106059948987833,1000
sp7,156,species.maturity.size.ratio.sp10,-0.000237921270647048,0.00735739766598557,0.0105553860861165,1000
sp7,157,species.maturity.size.ratio.sp11,-0.000183870962781866,0.00740525325791134,0.0102449704637422,1000
sp7,158,species.maturity.size.ratio.sp12,0.000270422345735439,0.00704753479440715,0.00990922109137965,1000
sp7,159,species.maturity.size.ratio.sp13,-0.000918347328778967,0.0149489245764095,0.0219488097761327,1000
sp7,160,species.maturity.size.ratio.sp14,-4.10884899236072e-05,0.00721984971877011,0.0103651674781092,1000
sp7,161,species.maturity.size.ratio.sp15,-9.86081388489226e-07,0.00771314906497032,0.0109574772397305,1000
sp7,162,predation.predPrey.sizeRatio.teta.sp0.stage1,0.000560307329567688,0.00696046430896574,0.00976929525508774,1000
sp7,163,predation.predPrey.sizeRatio.alpha.sp0.stage1,-0.000251460266590129,0.00818652586383378,0.0114724206036096,1000
sp7,164,predation.predPrey.sizeRatio.teta.sp1.stage1,0.000235237615161505,0.00951035771403669,0.0132332341285922,1000
sp7,165,predation.predPrey.sizeRatio.alpha.sp1.stage1,-4.01643984710339e-05,0.00995150305862578,0.0154669688729716,1000
sp7,166,predation.predPrey.sizeRatio.teta.sp2.stage1,0.000413974994082628,0.00797758497545699,0.0111066019613378,1000
sp7,167,predation.predPrey.sizeRatio.alpha.sp2.stage1,-0.000135011960719408,0.0108619853352495,0.0152662994377776,1000
sp7,168,predation.predPrey.sizeRatio.teta.sp3.stage1,0.000396065160389983,0.00827677194582978,0.0117801127364885,1000
sp7,169,predation.predPrey.sizeRatio.alpha.sp3.stage1,-0.00048286536888372,0.013959781028336,0.0197159036227496,1000
sp7,170,predation.predPrey.sizeRatio.teta.sp4.stage1,0.000116943713060816,0.00743238721013134,0.0103825807087964,1000
sp7,171,predation.predPrey.sizeRatio.alpha.sp4.stage1,-0.000633342175100137,0.00773834672335385,0.0109948215556107,1000
sp7,172,predation.predPrey.sizeRatio.teta.sp5.stage1,-0.000401926914339227,0.00718990317245151,0.0101367226814054,1000
sp7,173,predation.predPrey.sizeRatio.teta.sp5.stage2,-0.000968616009360484,0.0342270617949261,0.0452493317455024,1000
sp7,174,predation.predPrey.sizeRatio.alpha.sp5.stage1,0.000163941955308278,0.00706491201016151,0.0104811166011446,1000
sp7,175,predation.predPrey.sizeRatio.alpha.sp5.stage2,0.000126995457920887,0.023830800802622,0.0371146516365298,1000
sp7,176,predation.predPrey.sizeRatio.teta.sp6.stage1,-0.000176152086365393,0.00941745315283207,0.0131342957785599,1000
sp7,177,predation.predPrey.sizeRatio.alpha.sp6.stage1,0.000201926361839524,0.0144223905619956,0.018263733962876,1000
sp7,178,predation.predPrey.sizeRatio.teta.sp7.stage1,-0.00140672340340496,0.0241978507015856,0.0342111206070061,1000
sp7,179,predation.predPrey.sizeRatio.alpha.sp7.stage1,-0.00252506257607873,0.281450474652005,0.345130224871473,1000
sp7,180,predation.predPrey.sizeRatio.teta.sp8.stage1,-0.000465853970498351,0.00797084003637978,0.0109249895373862,1000
sp7,181,predation.predPrey.sizeRatio.alpha.sp8.stage1,-0.000388032764217563,0.0126970515128003,0.0161771639647832,1000
sp7,182,predation.predPrey.sizeRatio.teta.sp9.stage1,7.07088880853118e-05,0.00728683757140657,0.010466401006387,1000
sp7,183,predation.predPrey.sizeRatio.alpha.sp9.stage1,0.000249734889300267,0.0100064977885512,0.0138995168088202,1000
sp7,184,predation.predPrey.sizeRatio.teta.sp10.stage1,4.09482521636906e-05,0.00725810185035215,0.0103095098615133,1000
sp7,185,predation.predPrey.sizeRatio.alpha.sp10.stage1,0.000472495106580858,0.00758565783564787,0.0103415464280699,1000
sp7,186,predation.predPrey.sizeRatio.teta.sp11.stage1,-0.00026025756590756,0.00725474729055607,0.0109932591136887,1000
sp7,187,predation.predPrey.sizeRatio.alpha.sp11.stage1,8.86504596078511e-05,0.00700944501159356,0.0100065994271728,1000
sp7,188,predation.predPrey.sizeRatio.teta.sp12.stage1,0.000252608122378056,0.00695493983603466,0.00960544315191751,1000
sp7,189,predation.predPrey.sizeRatio.alpha.sp12.stage1,2.88792954260762e-05,0.00727267798401031,0.0101723836206522,1000
sp7,190,predation.predPrey.sizeRatio.teta.sp13.stage1,-7.04008490137298e-05,0.00698384014088078,0.00973058889130067,1000
sp7,191,predation.predPrey.sizeRatio.alpha.sp13.stage1,5.20064990264783e-05,0.0080550004134331,0.0119149257240931,1000
sp7,192,predation.predPrey.sizeRatio.teta.sp14.stage1,-0.00015402925953139,0.00740725496097935,0.0103506514078664,1000
sp7,193,predation.predPrey.sizeRatio.alpha.sp14.stage1,-0.000485526060658312,0.00866048667202455,0.0121214545676438,1000
sp7,194,predation.predPrey.sizeRatio.teta.sp15.stage1,-0.000195123574111986,0.00719484789008421,0.0100454987789502,1000
sp7,195,predation.predPrey.sizeRatio.alpha.sp15.stage1,0.000350575148840767,0.00858825851313931,0.011558305388591,1000
sp8,1,mortality.additional.rate.sp0,0.000171425865010997,0.0124173691731736,0.0164405390055221,1000
sp8,2,mortality.additional.rate.sp1,0.000297352595860577,0.012337624004926,0.0163447711480346,1000
sp8,3,mortality.additional.rate.sp2,-0.000211664618947621,0.0145777381349732,0.019379494360418,1000
sp8,4,mortality.additional.rate.sp3,-0.000360016038776266,0.013426847381949,0.017636031048798,1000
sp8,5,mortality.additional.rate.sp4,-0.000498066532706244,0.0124943426411526,0.0163585319734797,1000
sp8,6,mortality.additional.rate.sp5,-0.00014226003845411,0.0167559560147792,0.0214333766932115,1000
sp8,7,mortality.additional.rate.sp6,0.000268608228933995,0.0118572325145674,0.0157495605190065,1000
sp8,8,mortality.additional.rate.sp7,-0.000261087760615986,0.0130573481677036,0.0170782380603206,1000
sp8,9,mortality.additional.rate.sp8,-0.000544811078202905,0.012104326899391,0.0161413829273609,1000
sp8,10,mortality.additional.rate.sp9,-0.000271755375527072,0.0123177506731361,0.0163257458431529,1000
sp8,11,mortality.additional.rate.sp10,-0.000403193380737088,0.0129040314455822,0.016808796668081,1000
sp8,12,mortality.additional.rate.sp11,0.000585237741091282,0.0123149912204041,0.0161242391288563,1000
sp8,13,mortality.additional.rate.sp12,1.16744539405198e-05,0.012267035633975,0.0161564527604788,1000
sp8,14,mortality.additional.rate.sp13,-0.000576662907779093,0.0121151261411384,0.0159295169733437,1000
sp8,15,mortality.additional.rate.sp14,0.000298446622011331,0.0126661528136184,0.0168289171256247,1000
sp8,16,mortality.additional.rate.sp15,-3.46693381521895e-05,0.011798063793775,0.0157426122967862,1000
sp8,17,fisheries.rate.base.fsh0,0.00138979652691586,0.0401694047230595,0.0452455245138506,1000
sp8,18,fisheries.rate.base.fsh1,0.000288875323053899,0.0135501519894345,0.0177133743002557,1000
sp8,19,fisheries.rate.base.fsh2,0.000222737445555229,0.0151901626749857,0.0193377868146427,1000
sp8,20,fisheries.rate.base.fsh3,-0.000119506953390788,0.0127567500120851,0.0169863877811647,1000
sp8,21,species.catchability.fsh0.sp0,0.00029730268774253,0.0130236279626133,0.0175778045711038,1000
sp8,22,species.catchability.fsh0.sp1,0.00016866989110682,0.0126207192808409,0.016583702229021,1000
sp8,23,species.catchability.fsh0.sp2,0.000195325583887712,0.0127351402007932,0.0166894808117535,1000
sp8,24,species.catchability.fsh0.sp3,-0.000472038309847483,0.0142521308261065,0.0184216832481576,1000
sp8,25,species.catchability.fsh0.sp5,-5.0078225794006e-05,0.0135901237191351,0.0177170537239871,1000
sp8,26,species.catchability.fsh0.sp7,0.000223377048802183,0.0124770254141267,0.0163530610748867,1000
sp8,27,species.catchability.fsh0.sp8,-0.0010440638640283,0.0589963440205742,0.0625492689528779,1000
sp8,28,species.catchability.fsh0.sp9,-2.00574789464345e-06,0.0117722388086217,0.0155128794227254,1000
sp8,29,species.catchability.fsh0.sp10,0.000189844316978724,0.0124118489560555,0.0163383757671133,1000
sp8,30,species.catchability.fsh0.sp13,6.25853000076606e-05,0.0124968203795339,0.016463131642739,1000
sp8,31,species.catchability.fsh0.sp14,-9.32082421964531e-05,0.0117893099167951,0.0155327791183071,1000
sp8,32,species.catchability.fsh0.sp15,-0.000308947724580684,0.0119976111508985,0.0159170238933649,1000
sp8,33,species.catchability.fsh1.sp9,0.000341896486796984,0.0132992883769235,0.017170379256263,1000
sp8,34,species.catchability.fsh1.sp10,0.000103906306614073,0.0124043829490985,0.0164444116269051,1000
sp8,35,species.catchability.fsh1.sp11,-0.000768314949299911,0.0121979001330235,0.0161823627953945,1000
sp8,36,species.catchability.fsh1.sp12,-0.000987740738103814,0.0125766499711937,0.0163562871576468,1000
sp8,37,species.catchability.fsh2.sp0,0.000495809154654909,0.0124979407636519,0.0166181871416235,1000
sp8,38,species.catchability.fsh2.sp5,0.00069518337052384,0.0126757388860445,0.0165740236953198,1000
sp8,39,species.catchability.fsh2.sp7,-6.04970286675492e-05,0.0118727200572904,0.0157917800425654,1000
sp8,40,species.catchability.fsh2.sp8,0.000332451561326486,0.0153246248469202,0.0193743341729752,1000
sp8,41,species.catchability.fsh3.sp0,-0.000158995237780437,0.0121251323142325,0.0161366480726645,1000
sp8,42,species.catchability.fsh3.sp1,0.000454761672638107,0.0122005263858305,0.0162014374218111,1000
sp8,43,species.catchability.fsh3.sp2,-0.000227993927456093,0.0119849096895125,0.0157087579379331,1000
sp8,44,species.catchability.fsh3.sp3,0.000396508973354199,0.0130702559414956,0.0170292893904837,1000
sp8,45,species.catchability.fsh3.sp5,-0.000209226558775505,0.0124044365440299,0.016673621048488,1000
sp8,46,species.catchability.fsh3.sp7,0.000451747230158056,0.0121832989774198,0.0157070526310861,1000
sp8,47,species.catchability.fsh3.sp8,-0.000159684129585504,0.0146958580455182,0.0187157400872763,1000
sp8,48,species.catchability.fsh3.sp9,-0.000675959551689793,0.012176824114207,0.016103758386131,1000
sp8,49,species.catchability.fsh3.sp10,0.000212143820323176,0.0123299774983438,0.0162710231456952,1000
sp8,50,species.catchability.fsh3.sp11,9.5561313477114e-05,0.0123844366699604,0.0161586366863507,1000
sp8,51,species.catchability.fsh3.sp12,-0.000681092875917914,0.012033742238221,0.0161916179991095,1000
sp8,52,species.catchability.fsh3.sp13,0.000299435167049285,0.0127290497441934,0.0168286400401426,1000
sp8,53,species.catchability.fsh3.sp14,-0.000584324761003889,0.0125993745319838,0.0166852902323883,1000
sp8,54,species.catchability.fsh3.sp15,0.000154385103277588,0.0119257523244918,0.0159970437746316,1000
sp8,55,species.length2weight.condition.factor.sp0,0.000502416431156733,0.0153012285754131,0.0212204840104533,1000
sp8,56,species.length2weight.condition.factor.sp1,0.00011956557459021,0.0124565215365197,0.016314572080194,1000
sp8,57,species.length2weight.condition.factor.sp2,1.01790910564038e-05,0.0142796010922611,0.0193152337666606,1000
sp8,58,species.length2weight.condition.factor.sp3,0.000162678543927726,0.0156539803290192,0.0205049511957854,1000
sp8,59,species.length2weight.condition.factor.sp4,-0.000280090399071829,0.012089373324037,0.0161990592653533,1000
sp8,60,species.length2weight.condition.factor.sp5,0.000385599063056126,0.0120516071750039,0.0158203518888652,1000
sp8,61,species.length2weight.condition.factor.sp6,-7.62680734935085e-05,0.0123178451462724,0.0161103180446139,1000
sp8,62,species.length2weight.condition.factor.sp7,0.00090942183332967,0.0125542673400266,0.0162139349503573,1000
sp8,63,species.length2weight.condition.factor.sp8,-0.000665808245192575,0.0145758174733711,0.019123535934754,1000
sp8,64,species.length2weight.condition.factor.sp9,0.00110320671585344,0.0126172835829817,0.0166274568390351,1000
sp8,65,species.length2weight.condition.factor.sp10,-0.000190206827634688,0.0125779515689458,0.0167370704528072,1000
sp8,66,species.length2weight.condition.factor.sp11,-0.00020864041690166,0.0117184467350178,0.015503885601093,1000
sp8,67,species.length2weight.condition.factor.sp12,7.82303700521116e-05,0.0123962951658845,0.0163942552717205,1000
sp8,68,species.length2weight.condition.factor.sp13,0.000235511740569008,0.0123063623502679,0.0165649228233187,1000
sp8,69,species.length2weight.condition.factor.sp14,-0.000638321025982531,0.0126208993555347,0.0165760583889949,1000
sp8,70,species.length2weight.condition.factor.sp15,-0.000872547393001758,0.0126213284000421,0.016744490258222,1000
sp8,71,species.k.sp0,-0.00114297958392512,0.0209395763996528,0.0325287668062573,1000
sp8,72,species.k.sp1,-0.00071526732936434,0.018165739210949,0.0227968024995746,1000
sp8,73,species.k.sp2,0.000115762031334733,0.0230413457879755,0.0298394499417512,1000
sp8,74,species.k.sp3,-0.0009691743549023,0.0257282680739997,0.034837836877932,1000
sp8,75,species.k.sp4,-0.000877028609566042,0.0214064543183053,0.0266635449174414,1000
sp8,76,species.k.sp5,-0.0024226465282278,0.0167038166461074,0.0206958298536665,1000
sp8,77,species.k.sp6,0.000195862714748409,0.0136789638738446,0.0178860280020734,1000
sp8,78,species.k.sp7,0.000776731942540017,0.0131486235891765,0.0172493996480476,1000
sp8,79,species.k.sp8,-0.00260309858584535,0.169614940710543,0.177151695437341,1000
sp8,80,species.k.sp9,-0.000493512541686954,0.016080704399313,0.0212212358568024,1000
sp8,81,species.k.sp10,0.0006907554426002,0.0124961409765455,0.0165794803240868,1000
sp8,82,species.k.sp11,0.00070308946347208,0.0132762726808692,0.0177715613227671,1000
sp8,83,species.k.sp12,-0.000929671057278278,0.0127042189067815,0.0163759378985427,1000
sp8,84,species.k.sp13,0.000186836392805232,0.016002643797842,0.0210232519987143,1000
sp8,85,species.k.sp14,0.000544683016813611,0.0152954929083776,0.0193446633307198,1000
sp8,86,species.k.sp15,-0.000167975851477555,0.0124009340700656,0.0163812747866149,1000
sp8,87,species.l0.sp0,-0.000734117740781896,0.0140697782847455,0.0186493586712687,1000
sp8,88,species.l0.sp1,0.00053023775807096,0.014299165670795,0.0190236302456768,1000
sp8,89,species.l0.sp2,0.000353794109955626,0.0202065379847053,0.0263535528421998,1000
sp8,90,species.l0.sp3,-0.000497265397625933,0.0148489882895041,0.0199358570325554,1000
sp8,91,species.l0.sp4,0.000488629961761966,0.0145196320627257,0.0192960310077617,1000
sp8,92,species.l0.sp5,0.000275260583948479,0.0125580658373009,0.01647212225309,1000
sp8,93,species.l0.sp6,-0.00068797831779153,0.0121590811472392,0.0161258266680103,1000
sp8,94,species.l0.sp7,5.70987264793824e-05,0.0125334657915114,0.016557595156194,1000
sp8,95,species.l0.sp8,0.00153853871727382,0.0681067738678006,0.0798923109089674,1000
sp8,96,species.l0.sp9,-0.000409327073823783,0.0138846260605091,0.0184535145802403,1000
sp8,97,species.l0.sp10,7.4094766953451e-05,0.0131210935390775,0.0172333025153131,1000
sp8,98,species.l0.sp11,2.59365216059148e-05,0.012943839322088,0.0173337595008539,1000
sp8,99,species.l0.sp12,0.000255381320324659,0.0123493880937014,0.0161714818922404,1000
sp8,100,species.l0.sp13,-0.000292165474800392,0.0121664094464098,0.0159810598529862,1000
sp8,101,species.l0.sp14,-0.000259626520842564,0.0124545110998233,0.0165683916055491,1000
sp8,102,species.l0.sp15,-0.000273320286434704,0.0124416990707267,0.0163360334305171,1000
sp8,103,mortality.additional.larva.rate.sp0,-0.000383671297907864,0.0235103097927659,0.0375781894484832,1000
sp8,104,mortality.additional.larva.rate.sp1,0.000152511683083368,0.0121796704868004,0.0158919372544839,1000
sp8,105,mortality.additional.larva.rate.sp2,0.00147822403935802,0.0657638918057921,0.0850285756545111,1000
sp8,106,mortality.additional.larva.rate.sp3,-0.000103267579104832,0.0605044903809036,0.0822163112817834,1000
sp8,107,mortality.additional.larva.rate.sp4,-0.00079032799959722,0.0123014928382506,0.0161521556471731,1000
sp8,108,mortality.additional.larva.rate.sp5,1.58576484512165e-05,0.0121198085202375,0.0163817915522357,1000
sp8,109,mortality.additional.larva.rate.sp6,0.000797781610727231,0.0126729391502149,0.0166178684035734,1000
sp8,110,mortality.additional.larva.rate.sp9,0.00113937199738005,0.0172937953298587,0.0233369502860867,1000
sp8,111,mortality.additional.larva.rate.sp10,4.08608610857421e-05,0.0149825490033536,0.0198507275619707,1000
sp8,112,mortality.additional.larva.rate.sp11,0.000287813526148266,0.0121860508480898,0.016244572076306,1000
sp8,113,mortality.additional.larva.rate.sp12,-0.00010510698706737,0.0128764389957803,0.0170758985681527,1000
sp8,114,mortality.additional.larva.rate.sp13,0.000271072158259449,0.0123453043788282,0.0163683037152508,1000
sp8,115,mortality.additional.larva.rate.sp14,-0.0003428608196206,0.0125386597025571,0.0166482772199342,1000
sp8,116,mortality.additional.larva.rate.sp15,-0.000472660465121618,0.0119992279972112,0.0157942107053889,1000
sp8,117,mortality.additional.larva.rate.mean.sp7,-0.00019455466139357,0.0124948525872454,0.0162394564250762,1000
sp8,118,mortality.additional.larva.rate.mean.sp8,0.00127416207543325,0.0682561008441095,0.0800235667248328,1000
sp8,119,species.linf.sp0,-0.00149875286123253,0.0225156824003662,0.0353237982273989,1000
sp8,120,species.linf.sp1,-0.000316805114539224,0.0371926055323773,0.042957346904412,1000
sp8,121,species.linf.sp2,0.00331808031929772,0.0625099970688525,0.0784645443792975,1000
sp8,122,species.linf.sp3,-0.00194974457447243,0.0664430562596174,0.0906615767291271,1000
sp8,123,species.linf.sp4,-0.000320777630756399,0.0565616716635527,0.0661445882495123,1000
sp8,124,species.linf.sp5,0.000618506358500296,0.0443308434405859,0.0518125147787614,1000
sp8,125,species.linf.sp6,0.000223112620472118,0.0194736589459032,0.0240526481176905,1000
sp8,126,species.linf.sp7,0.000302936909225681,0.0170288803883981,0.0216956119571371,1000
sp8,127,species.linf.sp8,0.0113209365129087,0.495537881369286,0.506028803825542,1000
sp8,128,species.linf.sp9,0.000261383454456183,0.024057090702947,0.0317498770154942,1000
sp8,129,species.linf.sp10,0.000102361900745761,0.0163248554681929,0.0215103005627006,1000
sp8,130,species.linf.sp11,0.000222025570818611,0.0136749038765695,0.0180290476987104,1000
sp8,131,species.linf.sp12,-0.000269492849195659,0.0154404756489424,0.0196833685922834,1000
sp8,132,species.linf.sp13,-0.00057711445672479,0.0159897162270045,0.0212693205075128,1000
sp8,133,species.linf.sp14,0.00105918740320861,0.0232052185689846,0.0280181331225019,1000
sp8,134,species.linf.sp15,-0.000592950511584246,0.012404868140037,0.0161819235246714,1000
sp8,135,species.accessibility2fish.sp16,-0.000268637520854214,0.0124509256728957,0.0163545327755667,1000
sp8,136,species.accessibility2fish.sp17,-0.000220063394869991,0.0118910767118208,0.0158493433520521,1000
sp8,137,species.accessibility2fish.sp18,0.000568942798038883,0.0118784153056635,0.0154987280450599,1000
sp8,138,species.accessibility2fish.sp19,0.000407093734551067,0.0120355210366083,0.0155188874441397,1000
sp8,139,species.accessibility2fish.sp20,-0.00142396131136224,0.0120764774934131,0.015729530023226,1000
sp8,140,species.accessibility2fish.sp21,-0.000858445984938477,0.0148344819704516,0.0193586735311442,1000
sp8,141,species.accessibility2fish.sp22,-4.54295351125016e-05,0.022456606552595,0.0321037208860259,1000
sp8,142,species.accessibility2fish.sp23,-0.00136326971079152,0.033944002366646,0.0386034708998224,1000
sp8,143,species.accessibility2fish.sp24,-0.00404533395018392,0.15041087113428,0.168966900623326,1000
sp8,144,species.accessibility2fish.sp25,0.000391587444236781,0.0126593004245827,0.0165741441664084,1000
sp8,145,species.accessibility2fish.sp26,-0.000318903513217216,0.0132352963484587,0.0174766467793568,1000
sp8,146,species.maturity.size.ratio.sp0,0.00281077382165975,0.0242187187285701,0.0398683512716155,1000
sp8,147,species.maturity.size.ratio.sp1,-9.18166724817633e-05,0.011668539951106,0.01531171286346,1000
sp8,148,species.maturity.size.ratio.sp2,-0.000161470383084404,0.0122461618565918,0.0160978530343676,1000
sp8,149,species.maturity.size.ratio.sp3,-0.000304891981406863,0.013834854441722,0.0182594444537498,1000
sp8,150,species.maturity.size.ratio.sp4,-0.00124917353687859,0.01247278066325,0.0166235852914493,1000
sp8,151,species.maturity.size.ratio.sp5,-0.000146405899627695,0.0122138645313995,0.0160637105202879,1000
sp8,152,species.maturity.size.ratio.sp6,0.000901781945781452,0.0122992384590518,0.0162741104977523,1000
sp8,153,species.maturity.size.ratio.sp7,8.87189013492381e-05,0.01286873125242,0.0166996372743561,1000
sp8,154,species.maturity.size.ratio.sp8,0.000384760794887841,0.0134346606455589,0.0178603526273087,1000
sp8,155,species.maturity.size.ratio.sp9,0.000329987130969772,0.0124251543164717,0.0162338259506296,1000
sp8,156,species.maturity.size.ratio.sp10,0.000471785474917423,0.0125023200871646,0.0165306762363085,1000
sp8,157,species.maturity.size.ratio.sp11,-0.00143202124526102,0.0194137603769452,0.0251591962455857,1000
sp8,158,species.maturity.size.ratio.sp12,0.000224991829918082,0.0123541625542213,0.016112768506697,1000
sp8,159,species.maturity.size.ratio.sp13,0.000108818741549514,0.0207626719754046,0.0280638716519924,1000
sp8,160,species.maturity.size.ratio.sp14,-6.8542978104791e-05,0.0125873542097055,0.0169814345050437,1000
sp8,161,species.maturity.size.ratio.sp15,-3.73859969241249e-07,0.0125244055773951,0.0165174597924687,1000
sp8,162,predation.predPrey.sizeRatio.teta.sp0.stage1,0.000170049768964686,0.0120997592738098,0.0162661842261383,1000
sp8,163,predation.predPrey.sizeRatio.alpha.sp0.stage1,0.000447073477995664,0.0153288445559648,0.0200570276041099,1000
sp8,164,predation.predPrey.sizeRatio.teta.sp1.stage1,8.96967840877934e-05,0.0119613750591958,0.0157176233609408,1000
sp8,165,predation.predPrey.sizeRatio.alpha.sp1.stage1,0.00177839854445312,0.0190002425277004,0.024755480815461,1000
sp8,166,predation.predPrey.sizeRatio.teta.sp2.stage1,-7.07729325585176e-05,0.0126746854395847,0.0169459302246592,1000
sp8,167,predation.predPrey.sizeRatio.alpha.sp2.stage1,-0.000275234454697624,0.0246529375075026,0.0341646186752866,1000
sp8,168,predation.predPrey.sizeRatio.teta.sp3.stage1,0.000344606459446023,0.0128801270144168,0.0169444357690653,1000
sp8,169,predation.predPrey.sizeRatio.alpha.sp3.stage1,0.000505003947556915,0.0326925096414501,0.0423074727231208,1000
sp8,170,predation.predPrey.sizeRatio.teta.sp4.stage1,-0.000302298903635083,0.0123772837316164,0.0161238187818359,1000
sp8,171,predation.predPrey.sizeRatio.alpha.sp4.stage1,-0.000709863577320949,0.0255402926390682,0.0330292756118772,1000
sp8,172,predation.predPrey.sizeRatio.teta.sp5.stage1,-0.000483368080328904,0.012167146831356,0.0159277292554753,1000
sp8,173,predation.predPrey.sizeRatio.teta.sp5.stage2,-0.00151876404196357,0.021434361428482,0.0265592477506795,1000
sp8,174,predation.predPrey.sizeRatio.alpha.sp5.stage1,-0.000364354502487756,0.0126498534592454,0.0164919951368802,1000
sp8,175,predation.predPrey.sizeRatio.alpha.sp5.stage2,-0.000743482725017378,0.01862698609528,0.0235869028680149,1000
sp8,176,predation.predPrey.sizeRatio.teta.sp6.stage1,-0.000597142768921971,0.0121405235386564,0.0158365194962793,1000
sp8,177,predation.predPrey.sizeRatio.alpha.sp6.stage1,0.000328866946713035,0.012786241226991,0.0166842975203515,1000
sp8,178,predation.predPrey.sizeRatio.teta.sp7.stage1,-0.000109822153704745,0.0124926866533521,0.0165120887850681,1000
sp8,179,predation.predPrey.sizeRatio.alpha.sp7.stage1,0.000706534454700509,0.0128877039668099,0.0172804218844458,1000
sp8,180,predation.predPrey.sizeRatio.teta.sp8.stage1,0.000392894963204061,0.0177675899035161,0.0221211342379888,1000
sp8,181,predation.predPrey.sizeRatio.alpha.sp8.stage1,-0.00455214956729648,0.314983453845548,0.328384887338373,1000
sp8,182,predation.predPrey.sizeRatio.teta.sp9.stage1,0.000193193943283571,0.016630929038014,0.0223484651165789,1000
sp8,183,predation.predPrey.sizeRatio.alpha.sp9.stage1,0.00100470834417923,0.0143216039061414,0.0188333993222516,1000
sp8,184,predation.predPrey.sizeRatio.teta.sp10.stage1,0.000166926115472765,0.0120075824685597,0.0157564190331677,1000
sp8,185,predation.predPrey.sizeRatio.alpha.sp10.stage1,-3.43410192700413e-05,0.0127297704052519,0.0166383735694649,1000
sp8,186,predation.predPrey.sizeRatio.teta.sp11.stage1,-0.000241198787309,0.0121372493967999,0.0161979648699917,1000
sp8,187,predation.predPrey.sizeRatio.alpha.sp11.stage1,-0.000658610034011501,0.0128484968875168,0.0171900346676216,1000
sp8,188,predation.predPrey.sizeRatio.teta.sp12.stage1,5.7583533131388e-05,0.0125027002572016,0.0165913709151977,1000
sp8,189,predation.predPrey.sizeRatio.alpha.sp12.stage1,-0.000334678503171588,0.0137325911097911,0.0180698719528023,1000
sp8,190,predation.predPrey.sizeRatio.teta.sp13.stage1,0.000215331967597966,0.013212429059344,0.0173771101215266,1000
sp8,191,predation.predPrey.sizeRatio.alpha.sp13.stage1,0.00131844096744915,0.0250178961851432,0.0324113410219618,1000
sp8,192,predation.predPrey.sizeRatio.teta.sp14.stage1,-0.00052673665660691,0.0122367390660202,0.0162104505955131,1000
sp8,193,predation.predPrey.sizeRatio.alpha.sp14.stage1,3.54805013549436e-05,0.0186830029219157,0.0235110424887771,1000
sp8,194,predation.predPrey.sizeRatio.teta.sp15.stage1,-0.000453190893270047,0.0122429727646905,0.0161880773105727,1000
sp8,195,predation.predPrey.sizeRatio.alpha.sp15.stage1,3.63798758161552e-05,0.0132974511847992,0.018094564127901,1000
sp9,1,mortality.additional.rate.sp0,0.000911042302273948,0.0183881437240572,0.0243135945145523,1000
sp9,2,mortality.additional.rate.sp1,0.000160921691738063,0.019079012991328,0.0255218029506302,1000
sp9,3,mortality.additional.rate.sp2,0.00079701107400952,0.0224511737662644,0.0288947685789919,1000
sp9,4,mortality.additional.rate.sp3,-0.00230863207587239,0.0228306742796598,0.0293866885924503,1000
sp9,5,mortality.additional.rate.sp4,0.000208373745403644,0.0186750252308796,0.0247548031879628,1000
sp9,6,mortality.additional.rate.sp5,-0.000461075333562062,0.0208972715051583,0.0273274308391255,1000
sp9,7,mortality.additional.rate.sp6,-0.00140817693707206,0.0174606235885465,0.0228336388223801,1000
sp9,8,mortality.additional.rate.sp7,0.000762211220951103,0.0180007869415916,0.0236641490914884,1000
sp9,9,mortality.additional.rate.sp8,0.00174433771071578,0.0187206698405623,0.0246942662193671,1000
sp9,10,mortality.additional.rate.sp9,-0.000567388418259567,0.0187513337348587,0.0247075960999299,1000
sp9,11,mortality.additional.rate.sp10,-0.000826357864105815,0.0183313556084932,0.0239492858209307,1000
sp9,12,mortality.additional.rate.sp11,-0.000163452615639422,0.0191239574517599,0.024890848122971,1000
sp9,13,mortality.additional.rate.sp12,-0.000628201034510694,0.0181605880105436,0.0237605299631655,1000
sp9,14,mortality.additional.rate.sp13,0.00142662096627778,0.0187324746772484,0.0243128792478469,1000
sp9,15,mortality.additional.rate.sp14,0.000819999635680736,0.0176818039117289,0.0234212973338722,1000
sp9,16,mortality.additional.rate.sp15,0.000128134929407325,0.0188650430019299,0.0243907951127571,1000
sp9,17,fisheries.rate.base.fsh0,-0.00112891778879182,0.0292395208704319,0.0367090387639871,1000
sp9,18,fisheries.rate.base.fsh1,-0.0012323076913517,0.022563964342194,0.0286470023119045,1000
sp9,19,fisheries.rate.base.fsh2,-0.00028899980102738,0.0171460909768053,0.022346645253631,1000
sp9,20,fisheries.rate.base.fsh3,0.001192934683473,0.0189204837990227,0.0245956119158463,1000
sp9,21,species.catchability.fsh0.sp0,-0.00118446071290303,0.019244573687263,0.0249284337203595,1000
sp9,22,species.catchability.fsh0.sp1,-0.000437760357114148,0.0188774068612657,0.0243715143772676,1000
sp9,23,species.catchability.fsh0.sp2,0.00105556268174316,0.0189809029156724,0.0247844748372107,1000
sp9,24,species.catchability.fsh0.sp3,-0.0013763368608041,0.0245932398006545,0.0315167589712042,1000
sp9,25,species.catchability.fsh0.sp5,-0.000371254119076384,0.0191251442986945,0.0245638814631415,1000
sp9,26,species.catchability.fsh0.sp7,0.00115521316164982,0.0186532954100456,0.024255107441763,1000
sp9,27,species.catchability.fsh0.sp8,0.00117474229741545,0.0174867606920298,0.0229600384288892,1000
sp9,28,species.catchability.fsh0.sp9,-0.000111580742719523,0.0199491642076908,0.0259657522613051,1000
sp9,29,species.catchability.fsh0.sp10,-0.000415666805682058,0.0213941373958538,0.0276465788542892,1000
sp9,30,species.catchability.fsh0.sp13,-0.000553259517419702,0.0184318186893253,0.0242701798637686,1000
sp9,31,species.catchability.fsh0.sp14,-0.000465313651728552,0.0185913042657718,0.0241627596238007,1000
sp9,32,species.catchability.fsh0.sp15,0.000276953654074625,0.0187745442455834,0.0249561562707632,1000
sp9,33,species.catchability.fsh1.sp9,-0.000832407501165848,0.0411553646914997,0.0478242270789943,1000
sp9,34,species.catchability.fsh1.sp10,-0.000346442531323848,0.0246366452687438,0.0313634121317889,1000
sp9,35,species.catchability.fsh1.sp11,-0.0001701223062193,0.0186212255749873,0.0244635119103016,1000
sp9,36,species.catchability.fsh1.sp12,-0.000309255866074134,0.0200410184489269,0.0260034456347398,1000
sp9,37,species.catchability.fsh2.sp0,-0.00111033073839836,0.0180504713712609,0.0234882146727131,1000
sp9,38,species.catchability.fsh2.sp5,0.000454076190623807,0.0178434567491158,0.0235131948496895,1000
sp9,39,species.catchability.fsh2.sp7,0.000347764296095429,0.0189037012696485,0.0255069411300172,1000
sp9,40,species.catchability.fsh2.sp8,0.000845825275131142,0.0181718169912993,0.0235520235478164,1000
sp9,41,species.catchability.fsh3.sp0,0.000638700197827963,0.0178076499473338,0.0232791264236368,1000
sp9,42,species.catchability.fsh3.sp1,-0.000914234996480674,0.0181852075185598,0.023974253993399,1000
sp9,43,species.catchability.fsh3.sp2,0.000153468773641827,0.0183529421062226,0.0238118189425059,1000
sp9,44,species.catchability.fsh3.sp3,-0.00158073920145716,0.0182283136310736,0.0241040360951317,1000
sp9,45,species.catchability.fsh3.sp5,-0.000989407172543902,0.018676181737015,0.0242098201190506,1000
sp9,46,species.catchability.fsh3.sp7,-9.33375608364829e-05,0.0180196670376131,0.0229511781646002,1000
sp9,47,species.catchability.fsh3.sp8,6.92714737083016e-05,0.0182683964403633,0.0239621317770383,1000
sp9,48,species.catchability.fsh3.sp9,0.000374546516652558,0.0184534049026241,0.0241177063416351,1000
sp9,49,species.catchability.fsh3.sp10,0.000606930541148372,0.0187027313767538,0.0241196315643366,1000
sp9,50,species.catchability.fsh3.sp11,0.000587777669563773,0.0179863159256036,0.0234133010018975,1000
sp9,51,species.catchability.fsh3.sp12,-0.000401767165077445,0.0186325185556967,0.0243554142879968,1000
sp9,52,species.catchability.fsh3.sp13,-0.0013434013772932,0.0187004573021381,0.0246073601973063,1000
sp9,53,species.catchability.fsh3.sp14,-0.000536905085883579,0.0180161414712411,0.0232024701906548,1000
sp9,54,species.catchability.fsh3.sp15,0.000555318048180789,0.0184866251617501,0.0238638464778835,1000
sp9,55,species.length2weight.condition.factor.sp0,0.000787752521664795,0.0196776548020716,0.0257303986018871,1000
sp9,56,species.length2weight.condition.factor.sp1,0.000277196381925245,0.0181417609081858,0.023640289419188,1000
sp9,57,species.length2weight.condition.factor.sp2,-0.00106089920460101,0.0241426243983182,0.0313380306330032,1000
sp9,58,species.length2weight.condition.factor.sp3,0.000426811653940756,0.0323499119208311,0.0414373915709652,1000
sp9,59,species.length2weight.condition.factor.sp4,0.00242956782906709,0.028903226018289,0.0373631380248852,1000
sp9,60,species.length2weight.condition.factor.sp5,0.000219123285744124,0.0188325737773935,0.0247483918725256,1000
sp9,61,species.length2weight.condition.factor.sp6,-0.000541559068412447,0.0192599061125562,0.0249469606210669,1000
sp9,62,species.length2weight.condition.factor.sp7,0.000347661867075605,0.0180333872506855,0.0242250030804392,1000
sp9,63,species.length2weight.condition.factor.sp8,5.07014937181468e-05,0.0182287089982376,0.0238746198086783,1000
sp9,64,species.length2weight.condition.factor.sp9,0.000272615293849833,0.0406159882781403,0.047809708919629,1000
sp9,65,species.length2weight.condition.factor.sp10,-0.00139461278045175,0.0213295504105799,0.0282298226049002,1000
sp9,66,species.length2weight.condition.factor.sp11,0.000869470569118258,0.0188217907770864,0.0242422290736181,1000
sp9,67,species.length2weight.condition.factor.sp12,-0.000661205585973443,0.0186988710748917,0.0247113917909489,1000
sp9,68,species.length2weight.condition.factor.sp13,0.000172961537335175,0.0201214933987302,0.0261521902874558,1000
sp9,69,species.length2weight.condition.factor.sp14,-0.000440796679299178,0.0185654438813725,0.0243520743558873,1000
sp9,70,species.length2weight.condition.factor.sp15,2.96288922607946e-05,0.0186991602834739,0.0243238041031629,1000
sp9,71,species.k.sp0,0.000369333506501925,0.028686345128403,0.0430626979447318,1000
sp9,72,species.k.sp1,0.000584922562317143,0.0183619061088066,0.0240258146561944,1000
sp9,73,species.k.sp2,-0.000579692438621476,0.0457400179592159,0.0576588677484246,1000
sp9,74,species.k.sp3,0.00100441219963214,0.0669215221094761,0.0873483927816068,1000
sp9,75,species.k.sp4,0.0014577403197796,0.0241542754745309,0.0316849746887841,1000
sp9,76,species.k.sp5,-0.00225841882354878,0.0210211730029094,0.0272620217549549,1000
sp9,77,species.k.sp6,-0.000837827287554775,0.0189286255360345,0.0246908787685652,1000
sp9,78,species.k.sp7,-0.00138978751624024,0.0184190866366827,0.0237757703430846,1000
sp9,79,species.k.sp8,0.00259211206481029,0.0187074551574659,0.0244153935275082,1000
sp9,80,species.k.sp9,0.0119164450197647,0.240732363037052,0.248552474100501,1000
sp9,81,species.k.sp10,-0.000164231309618414,0.0378486418891129,0.0483442551346745,1000
sp9,82,species.k.sp11,0.000463009552323226,0.0241132141197799,0.0299650762199837,1000
sp9,83,species.k.sp12,-0.00121774028550081,0.0187342942704016,0.0245789388231547,1000
sp9,84,species.k.sp13,0.00126361892815159,0.137223419756111,0.169324212920922,1000
sp9,85,species.k.sp14,0.000798817337532934,0.0184226030675871,0.0240782084137858,1000
sp9,86,species.k.sp15,0.00112511687565963,0.0184672367800659,0.024155066299378,1000
sp9,87,species.l0.sp0,-0.000207217028749793,0.0196178713588802,0.0255730580352409,1000
sp9,88,species.l0.sp1,-2.20403660090347e-05,0.0183934885955287,0.0244317086739453,1000
sp9,89,species.l0.sp2,0.000475913571212477,0.0451630587698953,0.0566107774992509,1000
sp9,90,species.l0.sp3,0.00124660771548319,0.0313837816744405,0.0398483702000879,1000
sp9,91,species.l0.sp4,-0.00124355514757149,0.0262823468650222,0.0351373771327125,1000
sp9,92,species.l0.sp5,0.000636572391005933,0.0185864110786657,0.0246951488279797,1000
sp9,93,species.l0.sp6,0.000654287572918119,0.0186328424504601,0.0237801007389022,1000
sp9,94,species.l0.sp7,0.00113120564042811,0.01816575514966,0.0239636384424843,1000
sp9,95,species.l0.sp8,5.44652825318046e-05,0.0180822322366663,0.0234479144703579,1000
sp9,96,species.l0.sp9,0.00128622173480908,0.156805164353957,0.166551398207231,1000
sp9,97,species.l0.sp10,0.00169508788004224,0.0561493177056404,0.0700172311586637,1000
sp9,98,species.l0.sp11,-0.000711104507002426,0.0223982413202919,0.0284490292718838,1000
sp9,99,species.l0.sp12,0.000972050228304074,0.0182924222722271,0.024743117277955,1000
sp9,100,species.l0.sp13,0.000127831288806365,0.0190997148942842,0.0243872344891861,1000
sp9,101,species.l0.sp14,-4.31277817197439e-05,0.0183571749051766,0.0235468971391102,1000
sp9,102,species.l0.sp15,-0.00050548526796223,0.0194755940723164,0.0254485816935224,1000
sp9,103,mortality.additional.larva.rate.sp0,-0.000240965387471551,0.026250795948118,0.0402795741241584,1000
sp9,104,mortality.additional.larva.rate.sp1,-0.000661389624776115,0.0183234436957278,0.0241384376436228,1000
sp9,105,mortality.additional.larva.rate.sp2,0.000960202766932782,0.153559465222932,0.186367369031569,1000
sp9,106,mortality.additional.larva.rate.sp3,0.00484424938496507,0.174588952693488,0.231393947685297,1000
sp9,107,mortality.additional.larva.rate.sp4,0.000780992668171619,0.0185711121295867,0.0243069089589682,1000
sp9,108,mortality.additional.larva.rate.sp5,-0.000378420151253832,0.0184013060194224,0.0240236481852679,1000
sp9,109,mortality.additional.larva.rate.sp6,0.000508749728274979,0.0186331333320021,0.0242979207780595,1000
sp9,110,mortality.additional.larva.rate.sp9,-0.0174976186960183,0.25435869165168,0.267434648332616,1000
sp9,111,mortality.additional.larva.rate.sp10,-7.04968400689001e-05,0.0900726492236679,0.113097787242131,1000
sp9,112,mortality.additional.larva.rate.sp11,-7.04544852291405e-05,0.0189052950448918,0.0251596031992523,1000
sp9,113,mortality.additional.larva.rate.sp12,0.000473431744229069,0.025038731298221,0.0321534424937627,1000
sp9,114,mortality.additional.larva.rate.sp13,0.000506634963225991,0.0186383604740962,0.0244326564087079,1000
sp9,115,mortality.additional.larva.rate.sp14,0.000679930820713434,0.0188625061123556,0.0251364359470909,1000
sp9,116,mortality.additional.larva.rate.sp15,0.000292907716261853,0.0187546149101823,0.0246495969577533,1000
sp9,117,mortality.additional.larva.rate.mean.sp7,-5.50053854280942e-05,0.0192162832096696,0.0256431332856814,1000
sp9,118,mortality.additional.larva.rate.mean.sp8,-0.000522892741846838,0.0185699042108349,0.0241298357995184,1000
sp9,119,species.linf.sp0,-0.0014410738918373,0.0305398169705445,0.0474811356089856,1000
sp9,120,species.linf.sp1,-0.000115739383497034,0.0187701162602572,0.0245044971428157,1000
sp9,121,species.linf.sp2,0.00138900739323993,0.121789745324789,0.150661933812974,1000
sp9,122,species.linf.sp3,-0.0085028114080802,0.180415883976229,0.235450518882676,1000
sp9,123,species.linf.sp4,-0.00128422199597471,0.0418978855794385,0.0566238164090058,1000
sp9,124,species.linf.sp5,0.0024951110237916,0.036021904922872,0.0440517316361792,1000
sp9,125,species.linf.sp6,-0.000279790614828318,0.020637038293266,0.0266066434337457,1000
sp9,126,species.linf.sp7,-0.000498489907825049,0.0194143287658897,0.0253557682836924,1000
sp9,127,species.linf.sp8,-0.000388215517992157,0.0195352108854896,0.0256394325055226,1000
sp9,128,species.linf.sp9,-0.00306578900980796,0.647800973253992,0.661973054846369,1000
sp9,129,species.linf.sp10,-0.00240033842363159,0.111563272046273,0.13560084975306,1000
sp9,130,species.linf.sp11,0.000270419930109785,0.0257900637526258,0.0333958194421535,1000
sp9,131,species.linf.sp12,0.00119520507595388,0.0525925640719347,0.0645405490000815,1000
sp9,132,species.linf.sp13,-0.000345148356834955,0.121406187477769,0.146104829979581,1000
sp9,133,species.linf.sp14,0.000434511051889634,0.0192327581101874,0.0251894687984977,1000
sp9,134,species.linf.sp15,-0.000409453809445771,0.0201481180213595,0.0255775771372462,1000
sp9,135,species.accessibility2fish.sp16,-0.000801424464882984,0.0186762571757439,0.0248027706136147,1000
sp9,136,species.accessibility2fish.sp17,6.46317753517525e-06,0.0185692815259578,0.0239632140419771,1000
sp9,137,species.accessibility2fish.sp18,-0.000395292175237241,0.0183520446388523,0.0240362912099655,1000
sp9,138,species.accessibility2fish.sp19,0.000839305712911255,0.018778948329693,0.0248997804937951,1000
sp9,139,species.accessibility2fish.sp20,-8.17587033638492e-06,0.0182771085431404,0.0236937682454217,1000
sp9,140,species.accessibility2fish.sp21,-0.00195488872235999,0.0819260084047924,0.142234578931504,1000
sp9,141,species.accessibility2fish.sp22,0.00129006852358511,0.0187000893842782,0.0248556981712257,1000
sp9,142,species.accessibility2fish.sp23,-0.000257020148647155,0.0190105866023336,0.0248428865792674,1000
sp9,143,species.accessibility2fish.sp24,-0.000750318544399169,0.0220938757941868,0.0286422022272488,1000
sp9,144,species.accessibility2fish.sp25,-3.96917244994947e-05,0.0182952022574017,0.0240108560682631,1000
sp9,145,species.accessibility2fish.sp26,0.000124257382314254,0.0191243371894638,0.0251374492451455,1000
sp9,146,species.maturity.size.ratio.sp0,-9.88956605854653e-06,0.0257344493039695,0.0377604208606382,1000
sp9,147,species.maturity.size.ratio.sp1,-0.000114669340056503,0.018340310012733,0.0243834932246123,1000
sp9,148,species.maturity.size.ratio.sp2,-0.000219630209371936,0.0193951210731896,0.0261319485245213,1000
sp9,149,species.maturity.size.ratio.sp3,0.0020832425311184,0.020864362341778,0.0275416681943861,1000
sp9,150,species.maturity.size.ratio.sp4,0.00129050981953189,0.0301302276794773,0.0382531293750095,1000
sp9,151,species.maturity.size.ratio.sp5,-0.000676497275882727,0.0183265062896508,0.0242138085811268,1000
sp9,152,species.maturity.size.ratio.sp6,-4.87635271814172e-05,0.0204841648963497,0.0266175221129064,1000
sp9,153,species.maturity.size.ratio.sp7,0.000817661886492608,0.0187250424612618,0.02473388424691,1000
sp9,154,species.maturity.size.ratio.sp8,0.00151196164926467,0.019008221696806,0.0247609806243723,1000
sp9,155,species.maturity.size.ratio.sp9,0.00112906111074656,0.0297831708263345,0.0374852800901577,1000
sp9,156,species.maturity.size.ratio.sp10,0.00116079290336921,0.0297561012479581,0.0394759105062235,1000
sp9,157,species.maturity.size.ratio.sp11,-0.00148668291518499,0.0457418110606587,0.054358644465704,1000
sp9,158,species.maturity.size.ratio.sp12,-0.000549586665302477,0.019272721201203,0.0253925673423996,1000
sp9,159,species.maturity.size.ratio.sp13,-0.000371808220014669,0.147961051971065,0.191131031924955,1000
sp9,160,species.maturity.size.ratio.sp14,0.000259462493602293,0.0187323067281836,0.0240519034138731,1000
sp9,161,species.maturity.size.ratio.sp15,4.63168982286337e-05,0.0185660417861755,0.0246074108064037,1000
sp9,162,predation.predPrey.sizeRatio.teta.sp0.stage1,-0.000265772913279455,0.0175329072741618,0.0229483636254761,1000
sp9,163,predation.predPrey.sizeRatio.alpha.sp0.stage1,0.00139058362939227,0.0232909214416003,0.0327960538822701,1000
sp9,164,predation.predPrey.sizeRatio.teta.sp1.stage1,-0.000594850384226549,0.018769403677662,0.0249593333766777,1000
sp9,165,predation.predPrey.sizeRatio.alpha.sp1.stage1,-0.000608515224214965,0.0180325052564504,0.0233880852842952,1000
sp9,166,predation.predPrey.sizeRatio.teta.sp2.stage1,-0.00021555099079509,0.0192863559363972,0.0251608983389041,1000
sp9,167,predation.predPrey.sizeRatio.alpha.sp2.stage1,-0.0010813613891653,0.0302024045899966,0.0404388684755081,1000
sp9,168,predation.predPrey.sizeRatio.teta.sp3.stage1,0.00151766749027094,0.0199601119891476,0.0264976690079876,1000
sp9,169,predation.predPrey.sizeRatio.alpha.sp3.stage1,0.000439038563945264,0.0498895486994816,0.0662036427896598,1000
sp9,170,predation.predPrey.sizeRatio.teta.sp4.stage1,-0.000503752911421838,0.0204234945060999,0.0264651143084555,1000
sp9,171,predation.predPrey.sizeRatio.alpha.sp4.stage1,0.00227625194140193,0.0329706733558117,0.0446228733502499,1000
sp9,172,predation.predPrey.sizeRatio.teta.sp5.stage1,-0.00102149098002083,0.0186573632234173,0.0244326812963022,1000
sp9,173,predation.predPrey.sizeRatio.teta.sp5.stage2,-0.000661244346620002,0.0228904281237321,0.0298821178765469,1000
sp9,174,predation.predPrey.sizeRatio.alpha.sp5.stage1,-0.000295214915308432,0.0188761818981059,0.0249839223776549,1000
sp9,175,predation.predPrey.sizeRatio.alpha.sp5.stage2,-0.0014950094050202,0.0205041516035083,0.0261766618267936,1000
sp9,176,predation.predPrey.sizeRatio.teta.sp6.stage1,0.000623152504496393,0.018579104440812,0.0241983477161266,1000
sp9,177,predation.predPrey.sizeRatio.alpha.sp6.stage1,-0.00117377072198722,0.019000656347854,0.0247704871904911,1000
sp9,178,predation.predPrey.sizeRatio.teta.sp7.stage1,-0.000169357076655479,0.0181287998129655,0.0240245699425246,1000
sp9,179,predation.predPrey.sizeRatio.alpha.sp7.stage1,0.000299465094883923,0.0183786914076772,0.0239665791489908,1000
sp9,180,predation.predPrey.sizeRatio.teta.sp8.stage1,-0.000882070957142491,0.018678377948916,0.0252353185182463,1000
sp9,181,predation.predPrey.sizeRatio.alpha.sp8.stage1,0.000155918816035792,0.0199637955140858,0.0256412430786029,1000
sp9,182,predation.predPrey.sizeRatio.teta.sp9.stage1,-0.00128623761169464,0.0226788893066793,0.0298754468998467,1000
sp9,183,predation.predPrey.sizeRatio.alpha.sp9.stage1,0.00751980518588849,0.216854838375849,0.238600567870991,1000
sp9,184,predation.predPrey.sizeRatio.teta.sp10.stage1,0.000394062610594508,0.0185844121802215,0.0248582162577781,1000
sp9,185,predation.predPrey.sizeRatio.alpha.sp10.stage1,-0.000246391234525965,0.0273209461286498,0.0363565753072895,1000
sp9,186,predation.predPrey.sizeRatio.teta.sp11.stage1,-0.0014877600143442,0.0191737158405951,0.0247429504387789,1000
sp9,187,predation.predPrey.sizeRatio.alpha.sp11.stage1,-0.000818882593039107,0.0210793699722766,0.0269279488994835,1000
sp9,188,predation.predPrey.sizeRatio.teta.sp12.stage1,-3.35593086448579e-05,0.0286094495015307,0.0357875846537802,1000
sp9,189,predation.predPrey.sizeRatio.alpha.sp12.stage1,0.00108226261270422,0.0281764617021369,0.0361866688165121,1000
sp9,190,predation.predPrey.sizeRatio.teta.sp13.stage1,-6.31724837606033e-05,0.0184302193677846,0.024334867405817,1000
sp9,191,predation.predPrey.sizeRatio.alpha.sp13.stage1,-0.00710456203301578,0.103135001798838,0.120608812390045,1000
sp9,192,predation.predPrey.sizeRatio.teta.sp14.stage1,-0.000399997645309667,0.0182880779913734,0.0240931459844632,1000
sp9,193,predation.predPrey.sizeRatio.alpha.sp14.stage1,-0.00176315077256524,0.0181957177447555,0.0239174864005551,1000
sp9,194,predation.predPrey.sizeRatio.teta.sp15.stage1,0.00165702303490854,0.0189192294279841,0.0247768780977843,1000
sp9,195,predation.predPrey.sizeRatio.alpha.sp15.stage1,-0.000148736977899585,0.0190578257510219,0.0243169231676743,1000
sp10,1,mortality.additional.rate.sp0,0.00301215201940636,0.0644761483661705,0.0962425134963771,1000
sp10,2,mortality.additional.rate.sp1,-0.00257349027129909,0.0668436758300356,0.0982048203827377,1000
sp10,3,mortality.additional.rate.sp2,-0.00181058117434049,0.0664251873368547,0.0995519792760591,1000
sp10,4,mortality.additional.rate.sp3,0.00282281556659025,0.072912529305864,0.108568250701122,1000
sp10,5,mortality.additional.rate.sp4,-0.00120886302540806,0.0657083447330811,0.0961959492623656,1000
sp10,6,mortality.additional.rate.sp5,0.00312028276083012,0.0685742462475244,0.0994702294450271,1000
sp10,7,mortality.additional.rate.sp6,0.00568777267230658,0.0663403244102295,0.0989699588420463,1000
sp10,8,mortality.additional.rate.sp7,0.00479659224255948,0.0638842913621142,0.0953157124009908,1000
sp10,9,mortality.additional.rate.sp8,0.000630733620922005,0.0663235785365661,0.0988018256922235,1000
sp10,10,mortality.additional.rate.sp9,0.000284783501558273,0.0659465488887081,0.0989113048910934,1000
sp10,11,mortality.additional.rate.sp10,-0.0079912230792263,0.0686469790136361,0.102090149000594,1000
sp10,12,mortality.additional.rate.sp11,0.000803190910466098,0.0638425640398052,0.0964024328321403,1000
sp10,13,mortality.additional.rate.sp12,-0.00361957083415508,0.0657059646997883,0.0993729180344958,1000
sp10,14,mortality.additional.rate.sp13,-0.00592302563127499,0.0706234565565977,0.102139137740733,1000
sp10,15,mortality.additional.rate.sp14,-0.00234485262398604,0.0640503434184019,0.0956784167614017,1000
sp10,16,mortality.additional.rate.sp15,0.00137297348624407,0.0661188725543173,0.0973138902651227,1000
sp10,17,fisheries.rate.base.fsh0,0.00962685025549297,0.177722122247526,0.226306244666506,1000
sp10,18,fisheries.rate.base.fsh1,0.0045598724377612,0.241845152197095,0.292024113717833,1000
sp10,19,fisheries.rate.base.fsh2,-0.00221329765064629,0.066197823841661,0.0987570367437286,1000
sp10,20,fisheries.rate.base.fsh3,0.0016175572642093,0.0715498625113875,0.10449450450807,1000
sp10,21,species.catchability.fsh0.sp0,0.00558172439522112,0.0664837523003482,0.0999318241190582,1000
sp10,22,species.catchability.fsh0.sp1,-0.00100612169730419,0.0661742028514007,0.0992022733795131,1000
sp10,23,species.catchability.fsh0.sp2,-0.00367888140324928,0.067077171651897,0.101628122429148,1000
sp10,24,species.catchability.fsh0.sp3,-0.00140230252116131,0.0704780295323538,0.104845512495278,1000
sp10,25,species.catchability.fsh0.sp5,-0.00123028024401206,0.0660255240779357,0.0999726471064746,1000
sp10,26,species.catchability.fsh0.sp7,-0.00351400917391914,0.0635056180750307,0.0957811339472104,1000
sp10,27,species.catchability.fsh0.sp8,0.00020387215367783,0.0632975403457477,0.0957544023128346,1000
sp10,28,species.catchability.fsh0.sp9,0.000760028036399015,0.0644177574012638,0.0938759886150722,1000
sp10,29,species.catchability.fsh0.sp10,-0.00131086602307085,0.229149384978372,0.27607441822277,1000
sp10,30,species.catchability.fsh0.sp13,0.00695225475471008,0.0638112516771473,0.0954610586198053,1000
sp10,31,species.catchability.fsh0.sp14,0.00325792228541264,0.0691192676267571,0.101886751339355,1000
sp10,32,species.catchability.fsh0.sp15,0.00139367203029679,0.0702508405814837,0.104905982635833,1000
sp10,33,species.catchability.fsh1.sp9,-0.00253219087226279,0.0678339067432657,0.0987822232672903,1000
sp10,34,species.catchability.fsh1.sp10,0.0077214222375048,0.311508765326916,0.374146186750556,1000
sp10,35,species.catchability.fsh1.sp11,-0.00324383964871936,0.0680201350441568,0.0997671734205609,1000
sp10,36,species.catchability.fsh1.sp12,-0.000179226232167475,0.068628408903212,0.104623570298358,1000
sp10,37,species.catchability.fsh2.sp0,0.000137197459065639,0.0663619554585597,0.0970405305688464,1000
sp10,38,species.catchability.fsh2.sp5,0.00242296092889223,0.0661473029838125,0.0973793899665752,1000
sp10,39,species.catchability.fsh2.sp7,0.0020905493803161,0.0649302768647231,0.0971291321345407,1000
sp10,40,species.catchability.fsh2.sp8,0.00385233713060205,0.0687758996353092,0.100174741377675,1000
sp10,41,species.catchability.fsh3.sp0,0.00171430549875126,0.0625083327140312,0.0943682259753488,1000
sp10,42,species.catchability.fsh3.sp1,0.0019283863192328,0.0645505227489787,0.0950160100072703,1000
sp10,43,species.catchability.fsh3.sp2,0.00138264994906799,0.0681517466318269,0.10318393210146,1000
sp10,44,species.catchability.fsh3.sp3,0.000689652385359504,0.0707387067876512,0.103196418008132,1000
sp10,45,species.catchability.fsh3.sp5,1.5087410305159e-05,0.0646334008008121,0.0985564089626205,1000
sp10,46,species.catchability.fsh3.sp7,-0.000462008562301926,0.0643424280248544,0.0960836490216112,1000
sp10,47,species.catchability.fsh3.sp8,-0.00112638865078797,0.0653668385768964,0.0982144621763298,1000
sp10,48,species.catchability.fsh3.sp9,-0.00118825792763471,0.0645502383421792,0.0952665488887465,1000
sp10,49,species.catchability.fsh3.sp10,-0.00353970457990984,0.0719890230514208,0.105210198331921,1000
sp10,50,species.catchability.fsh3.sp11,-0.00332101697185438,0.066287431538174,0.0991204084274852,1000
sp10,51,species.catchability.fsh3.sp12,0.000939785582644621,0.0685067770576141,0.0995811597660881,1000
sp10,52,species.catchability.fsh3.sp13,0.00133602691198062,0.0643955352312197,0.0939192471766518,1000
sp10,53,species.catchability.fsh3.sp14,0.00362678102071584,0.0626524115589855,0.0939384489430365,1000
sp10,54,species.catchability.fsh3.sp15,-0.00482128629564137,0.0654446768432269,0.0989188121569398,1000
sp10,55,species.length2weight.condition.factor.sp0,0.00124453292121262,0.0715841068518317,0.10776965990981,1000
sp10,56,species.length2weight.condition.factor.sp1,0.00237625184315275,0.0695511223819641,0.103032314433023,1000
sp10,57,species.length2weight.condition.factor.sp2,-0.00581140118251267,0.0786069314206508,0.118240237912409,1000
sp10,58,species.length2weight.condition.factor.sp3,-0.0044296693304683,0.0806601055145199,0.122597534289172,1000
sp10,59,species.length2weight.condition.factor.sp4,0.000224352837166319,0.0743765870937898,0.113604213943803,1000
sp10,60,species.length2weight.condition.factor.sp5,-0.00346814687364084,0.0678259500812292,0.10045753222468,1000
sp10,61,species.length2weight.condition.factor.sp6,0.00364019414151227,0.0666851400913284,0.100457466706085,1000
sp10,62,species.length2weight.condition.factor.sp7,-0.00486281313518888,0.0628849035938704,0.0933047418727587,1000
sp10,63,species.length2weight.condition.factor.sp8,0.00210415288568284,0.0672791494429182,0.0983585054096596,1000
sp10,64,species.length2weight.condition.factor.sp9,0.00249604664994868,0.0803727889415609,0.116922613355471,1000
sp10,65,species.length2weight.condition.factor.sp10,0.0106798028966028,0.237227992404076,0.299720550638734,1000
sp10,66,species.length2weight.condition.factor.sp11,0.000119734182627021,0.0680414623265802,0.0985646629461193,1000
sp10,67,species.length2weight.condition.factor.sp12,-0.00389816015382006,0.0684992895354593,0.102376181109093,1000
sp10,68,species.length2weight.condition.factor.sp13,0.000496175544350379,0.0661386653458043,0.0980962748510434,1000
sp10,69,species.length2weight.condition.factor.sp14,0.00458044003572772,0.0661497682324136,0.0979037033835536,1000
sp10,70,species.length2weight.condition.factor.sp15,0.00330921989320997,0.0658968970176613,0.0995356036444853,1000
sp10,71,species.k.sp0,0.00211140181750577,0.0992035574488399,0.171837035643024,1000
sp10,72,species.k.sp1,0.0024892797119393,0.0677966253776209,0.101238941008063,1000
sp10,73,species.k.sp2,0.00406224460905953,0.128790385578455,0.198334564286259,1000
sp10,74,species.k.sp3,-0.00298083149192511,0.118809969964855,0.19497021756734,1000
sp10,75,species.k.sp4,-0.00152903410902575,0.0949945278468625,0.140715066162882,1000
sp10,76,species.k.sp5,-0.00058947644011318,0.0680682805280693,0.100046824202131,1000
sp10,77,species.k.sp6,0.00213024796453055,0.0671555166997727,0.101450003341046,1000
sp10,78,species.k.sp7,0.00701153351752073,0.0670984397227093,0.100452112516212,1000
sp10,79,species.k.sp8,-0.00537991629342988,0.0646312870614236,0.093783922930457,1000
sp10,80,species.k.sp9,-0.0153864541862486,0.281719864785326,0.363522967966912,1000
sp10,81,species.k.sp10,0.030471853674513,0.631013155198762,0.765583542504751,1000
sp10,82,species.k.sp11,-0.000114330440921006,0.106836856121881,0.148901866892402,1000
sp10,83,species.k.sp12,-0.000398489572378425,0.0648071900881409,0.0997998567895543,1000
sp10,84,species.k.sp13,0.0125066669466299,0.267526106985645,0.431805315063578,1000
sp10,85,species.k.sp14,-0.00292416699340627,0.0652859431987203,0.100313177560776,1000
sp10,86,species.k.sp15,-0.000918817290787659,0.0639746511214052,0.0960717448997743,1000
sp10,87,species.l0.sp0,-0.000214614502637228,0.0715078027236099,0.1083169597228,1000
sp10,88,species.l0.sp1,-7.80163786030419e-06,0.0704053427235053,0.106064415927482,1000
sp10,89,species.l0.sp2,-0.00991841507194022,0.133390141743653,0.204318379658326,1000
sp10,90,species.l0.sp3,0.00268372090844715,0.0717520041262158,0.108738893993811,1000
sp10,91,species.l0.sp4,0.0053439331575196,0.0839271148574369,0.122412315030333,1000
sp10,92,species.l0.sp5,0.00109240783581245,0.0624776576541359,0.0933192481320831,1000
sp10,93,species.l0.sp6,0.00139365531521341,0.0680296910764804,0.100926526492369,1000
sp10,94,species.l0.sp7,-0.00114081789104267,0.0623991725768273,0.0912905794797957,1000
sp10,95,species.l0.sp8,0.00151044545256753,0.0631666737375951,0.0931918828448048,1000
sp10,96,species.l0.sp9,0.00095738307091557,0.222080890207767,0.304625183866007,1000
sp10,97,species.l0.sp10,0.00530665451772746,1.02800042957382,1.24186170557372,1000
sp10,98,species.l0.sp11,-0.00263543082469085,0.0781516243118986,0.114455677012958,1000
sp10,99,species.l0.sp12,0.00165863528941412,0.0719063329259972,0.105907441816389,1000
sp10,100,species.l0.sp13,0.00203498048365184,0.0621168930041212,0.0906398933381916,1000
sp10,101,species.l0.sp14,0.000245561749607622,0.0656366189530248,0.0978241862634169,1000
sp10,102,species.l0.sp15,0.00342077377860784,0.0670540190982414,0.0988109186168845,1000
sp10,103,mortality.additional.larva.rate.sp0,0.00378381709593671,0.11078633516378,0.189222259259228,1000
sp10,104,mortality.additional.larva.rate.sp1,0.000565948571385824,0.071475009012327,0.108383202690783,1000
sp10,105,mortality.additional.larva.rate.sp2,0.0136971763187481,0.413459473038379,0.616966447855637,1000
sp10,106,mortality.additional.larva.rate.sp3,0.0347256364912919,0.262674244681449,0.433277839006322,1000
sp10,107,mortality.additional.larva.rate.sp4,-0.00676903928891248,0.0651062590655357,0.0977060366423614,1000
sp10,108,mortality.additional.larva.rate.sp5,-0.000945975716649096,0.0684038913071769,0.100029443165223,1000
sp10,109,mortality.additional.larva.rate.sp6,0.00382373897816178,0.0650178249870663,0.0990847359425383,1000
sp10,110,mortality.additional.larva.rate.sp9,0.0213622979701875,0.354308351487341,0.487321176495134,1000
sp10,111,mortality.additional.larva.rate.sp10,-0.00205706288595544,1.66277336058991,1.95539466841284,1000
sp10,112,mortality.additional.larva.rate.sp11,0.00720084442242822,0.0692833377108749,0.103579412904643,1000
sp10,113,mortality.additional.larva.rate.sp12,0.00837315542916749,0.109226001993916,0.162751040507676,1000
sp10,114,mortality.additional.larva.rate.sp13,0.00366716879370066,0.0677794737535621,0.101461775492255,1000
sp10,115,mortality.additional.larva.rate.sp14,0.00313934729102037,0.0645458630971979,0.0982478660217211,1000
sp10,116,mortality.additional.larva.rate.sp15,-0.000391975711621098,0.068773210946869,0.102174314403596,1000
sp10,117,mortality.additional.larva.rate.mean.sp7,0.00189279425953233,0.0638589219043825,0.0949632624911571,1000
sp10,118,mortality.additional.larva.rate.mean.sp8,0.000888037627088771,0.0651000310929887,0.0954948102575781,1000
sp10,119,species.linf.sp0,-0.00717228007251436,0.112935346832915,0.206035893728373,1000
sp10,120,species.linf.sp1,-0.00500503301504067,0.0817772455241067,0.121243530139551,1000
sp10,121,species.linf.sp2,0.0107650129730468,0.353150640673105,0.533172389738574,1000
sp10,122,species.linf.sp3,-0.00953829543684821,0.250389961385334,0.405603529470324,1000
sp10,123,species.linf.sp4,-0.0100124623427246,0.210655060368935,0.299706730074129,1000
sp10,124,species.linf.sp5,0.000129185561871477,0.0964025459689884,0.136726928444462,1000
sp10,125,species.linf.sp6,0.00164381960031449,0.0687134727341196,0.101504725655722,1000
sp10,126,species.linf.sp7,-0.00222041747708005,0.0668884811941211,0.0991766219695523,1000
sp10,127,species.linf.sp8,-0.0023741135649948,0.0635547315912233,0.0955122194517043,1000
sp10,128,species.linf.sp9,0.00679848350358753,0.749499153951733,0.929801610633913,1000
sp10,129,species.linf.sp10,0.0434989589378251,2.23372558057465,2.5709718847682,1000
sp10,130,species.linf.sp11,0.00053963676211042,0.120050983594491,0.171171425987751,1000
sp10,131,species.linf.sp12,0.015548536674936,0.167746076729208,0.259054444591367,1000
sp10,132,species.linf.sp13,-0.00144193895822532,0.165828026428827,0.254256193282001,1000
sp10,133,species.linf.sp14,-0.00275299918919968,0.0646973119862906,0.0942528236302496,1000
sp10,134,species.linf.sp15,-0.00268315009401205,0.0696017802027133,0.105071388347273,1000
sp10,135,species.accessibility2fish.sp16,0.00245600789531848,0.0637266512191949,0.0958470777983012,1000
sp10,136,species.accessibility2fish.sp17,0.00137058132702442,0.0644527536014092,0.0981369855469491,1000
sp10,137,species.accessibility2fish.sp18,0.000417783375324755,0.0654930878016262,0.101257656281946,1000
sp10,138,species.accessibility2fish.sp19,-0.0019839542569725,0.0692679133483594,0.104430249280622,1000
sp10,139,species.accessibility2fish.sp20,-0.000589004804928643,0.0649070255707895,0.0968625931024182,1000
sp10,140,species.accessibility2fish.sp21,0.00654342611041983,0.187936013332601,0.36693166305693,1000
sp10,141,species.accessibility2fish.sp22,-6.20979060663647e-05,0.0615744615882778,0.0918231420724491,1000
sp10,142,species.accessibility2fish.sp23,0.0011108570918012,0.0655496330558953,0.0970895598691183,1000
sp10,143,species.accessibility2fish.sp24,0.00388900723349706,0.077546612443366,0.115759365480931,1000
sp10,144,species.accessibility2fish.sp25,0.000373121914049922,0.0621486655688562,0.0927466912652868,1000
sp10,145,species.accessibility2fish.sp26,-0.00287931529578238,0.0622732614634463,0.0929279540453784,1000
sp10,146,species.maturity.size.ratio.sp0,0.00285253852039931,0.108338870324881,0.186134544293604,1000
sp10,147,species.maturity.size.ratio.sp1,-0.00356499461449931,0.0664991423843487,0.0983086167353265,1000
sp10,148,species.maturity.size.ratio.sp2,0.00381565790073208,0.070910623205611,0.104439516322213,1000
sp10,149,species.maturity.size.ratio.sp3,0.00367190152758962,0.0679244014004964,0.102828747689294,1000
sp10,150,species.maturity.size.ratio.sp4,0.0027991483578573,0.0791303815540767,0.123477058068684,1000
sp10,151,species.maturity.size.ratio.sp5,-0.00241965377303444,0.0644676215793437,0.0959853720439721,1000
sp10,152,species.maturity.size.ratio.sp6,0.0030370316924223,0.0644977331094676,0.0953792333067885,1000
sp10,153,species.maturity.size.ratio.sp7,0.00256783573181299,0.0625008175748196,0.0925951328857515,1000
sp10,154,species.maturity.size.ratio.sp8,-0.0055909618638825,0.0663627121750844,0.0964747254046443,1000
sp10,155,species.maturity.size.ratio.sp9,0.000561997346603723,0.0718357341844092,0.10612641473347,1000
sp10,156,species.maturity.size.ratio.sp10,-0.00515980062339945,0.379790144553819,0.522685261762454,1000
sp10,157,species.maturity.size.ratio.sp11,-0.0147311948342623,0.202283993323123,0.267349099623072,1000
sp10,158,species.maturity.size.ratio.sp12,0.00213017974297915,0.0724334282742918,0.106849466504047,1000
sp10,159,species.maturity.size.ratio.sp13,-0.00743000485303101,0.373343708892488,0.576750164537516,1000
sp10,160,species.maturity.size.ratio.sp14,0.0045899288854939,0.0663170166164265,0.0973633239188053,1000
sp10,161,species.maturity.size.ratio.sp15,-0.000425874566764487,0.067477604121774,0.101143371117578,1000
sp10,162,predation.predPrey.sizeRatio.teta.sp0.stage1,-0.00354389597582731,0.063507509239294,0.0938576831455756,1000
sp10,163,predation.predPrey.sizeRatio.alpha.sp0.stage1,-0.00408792059213638,0.0758664229869008,0.11167925452672,1000
sp10,164,predation.predPrey.sizeRatio.teta.sp1.stage1,-0.000926827916580132,0.0679159652563705,0.101874478842888,1000
sp10,165,predation.predPrey.sizeRatio.alpha.sp1.stage1,-0.00372918103938001,0.0666598917077463,0.101975120332943,1000
sp10,166,predation.predPrey.sizeRatio.teta.sp2.stage1,-0.000202762878427117,0.0697974654247715,0.108238318354641,1000
sp10,167,predation.predPrey.sizeRatio.alpha.sp2.stage1,-0.00151994174583026,0.093386696300611,0.150673521770298,1000
sp10,168,predation.predPrey.sizeRatio.teta.sp3.stage1,-0.00718667249017772,0.0685390800725403,0.10157814925477,1000
sp10,169,predation.predPrey.sizeRatio.alpha.sp3.stage1,-0.00555664680130873,0.113966683402673,0.170968881640313,1000
sp10,170,predation.predPrey.sizeRatio.teta.sp4.stage1,0.00308969585692075,0.0694827856546199,0.102655665803501,1000
sp10,171,predation.predPrey.sizeRatio.alpha.sp4.stage1,0.00429154300859667,0.0886704340419899,0.138771126391921,1000
sp10,172,predation.predPrey.sizeRatio.teta.sp5.stage1,-0.000667461978347496,0.0647576822354158,0.0951170517243004,1000
sp10,173,predation.predPrey.sizeRatio.teta.sp5.stage2,-0.00165859787137824,0.0808576147904021,0.115694712137019,1000
sp10,174,predation.predPrey.sizeRatio.alpha.sp5.stage1,-0.0024883390900339,0.067750812061459,0.100113666785785,1000
sp10,175,predation.predPrey.sizeRatio.alpha.sp5.stage2,-0.00362736141945068,0.0715784812471839,0.104390060635893,1000
sp10,176,predation.predPrey.sizeRatio.teta.sp6.stage1,0.00273317098102483,0.0693321910503519,0.103271086325046,1000
sp10,177,predation.predPrey.sizeRatio.alpha.sp6.stage1,0.00489413544856997,0.0657141929339713,0.0973052368372853,1000
sp10,178,predation.predPrey.sizeRatio.teta.sp7.stage1,0.00041467531943027,0.0636509534272708,0.0946660061560613,1000
sp10,179,predation.predPrey.sizeRatio.alpha.sp7.stage1,0.00176831908581531,0.0613575840382583,0.0926977365077672,1000
sp10,180,predation.predPrey.sizeRatio.teta.sp8.stage1,-0.000861595233495368,0.0665636725289344,0.0989184250582094,1000
sp10,181,predation.predPrey.sizeRatio.alpha.sp8.stage1,0.000857521762691711,0.0651182168678545,0.097685940431264,1000
sp10,182,predation.predPrey.sizeRatio.teta.sp9.stage1,0.00018704762492177,0.0686216088076018,0.102621718160694,1000
sp10,183,predation.predPrey.sizeRatio.alpha.sp9.stage1,-0.0194833143127119,0.274033590855252,0.34655279533024,1000
sp10,184,predation.predPrey.sizeRatio.teta.sp10.stage1,-0.000382728495599292,0.0730270940073756,0.111389651204246,1000
sp10,185,predation.predPrey.sizeRatio.alpha.sp10.stage1,-0.00702812885159964,0.483979507142107,0.668212133382457,1000
sp10,186,predation.predPrey.sizeRatio.teta.sp11.stage1,5.38140600462786e-06,0.0629918302783066,0.0959085517229037,1000
sp10,187,predation.predPrey.sizeRatio.alpha.sp11.stage1,-0.00317102568813536,0.0714895108814842,0.105261861591354,1000
sp10,188,predation.predPrey.sizeRatio.teta.sp12.stage1,-0.00387130991831362,0.0862225744322159,0.128302279665637,1000
sp10,189,predation.predPrey.sizeRatio.alpha.sp12.stage1,-0.000896009391054608,0.11444946682266,0.166788523843862,1000
sp10,190,predation.predPrey.sizeRatio.teta.sp13.stage1,0.00134570769555906,0.0664889511708155,0.0981815795762842,1000
sp10,191,predation.predPrey.sizeRatio.alpha.sp13.stage1,-0.00636751413433417,0.116740950885649,0.183776661081091,1000
sp10,192,predation.predPrey.sizeRatio.teta.sp14.stage1,-0.00185496977002376,0.0653758741269184,0.0988939759244264,1000
sp10,193,predation.predPrey.sizeRatio.alpha.sp14.stage1,-3.70693454636381e-05,0.0632115227976213,0.0962545431772925,1000
sp10,194,predation.predPrey.sizeRatio.teta.sp15.stage1,0.000195646169943961,0.0649168743487604,0.0962688283296268,1000
sp10,195,predation.predPrey.sizeRatio.alpha.sp15.stage1,-0.00392673848709371,0.0654043666096943,0.0961895382042568,1000
sp11,1,mortality.additional.rate.sp0,0.00728846848149658,0.0406998852276153,0.101189839490534,1000
sp11,2,mortality.additional.rate.sp1,0.00335767327466336,0.0395171774284494,0.0698856570702265,1000
sp11,3,mortality.additional.rate.sp2,0.00217455745456903,0.0368527404806316,0.0643000959058645,1000
sp11,4,mortality.additional.rate.sp3,0.00282795009179232,0.0369265644884721,0.0624008363069722,1000
sp11,5,mortality.additional.rate.sp4,0.000434808791733999,0.0359174613266968,0.0646256460765857,1000
sp11,6,mortality.additional.rate.sp5,-0.00352888941010947,0.0404637343929231,0.0848719565235735,1000
sp11,7,mortality.additional.rate.sp6,-0.0005309705482747,0.0374382330667806,0.0598416506743631,1000
sp11,8,mortality.additional.rate.sp7,0.00016418987928445,0.0404668391293392,0.0817148968867792,1000
sp11,9,mortality.additional.rate.sp8,-0.001350887773506,0.0383898143705672,0.075402727563687,1000
sp11,10,mortality.additional.rate.sp9,0.00231611324559646,0.0383701620428922,0.0682288804393404,1000
sp11,11,mortality.additional.rate.sp10,0.00196656867829006,0.0366696317982153,0.059589873451902,1000
sp11,12,mortality.additional.rate.sp11,0.00256800604832009,0.0382137251500553,0.0767923558315029,1000
sp11,13,mortality.additional.rate.sp12,0.00245284756935615,0.0376099684179864,0.0666105475451997,1000
sp11,14,mortality.additional.rate.sp13,2.78746496645791e-05,0.0380473358042285,0.0765099109249845,1000
sp11,15,mortality.additional.rate.sp14,-0.0018423556804942,0.0403752945075512,0.0740381728106828,1000
sp11,16,mortality.additional.rate.sp15,-0.00222905450710958,0.0374524089324379,0.0669720087307457,1000
sp11,17,fisheries.rate.base.fsh0,0.00260667731098304,0.0395029816895806,0.0666893138827597,1000
sp11,18,fisheries.rate.base.fsh1,-0.00544557590426463,0.12081318639173,0.211313086139214,1000
sp11,19,fisheries.rate.base.fsh2,-0.000132314645830197,0.0362667629042025,0.0627638642098542,1000
sp11,20,fisheries.rate.base.fsh3,0.000350251984758612,0.0417534202196001,0.0881061501973911,1000
sp11,21,species.catchability.fsh0.sp0,0.000293519867271251,0.0364246458454711,0.0604234406618225,1000
sp11,22,species.catchability.fsh0.sp1,0.00151536478976075,0.037487190793493,0.0616328800759511,1000
sp11,23,species.catchability.fsh0.sp2,-0.00706896926194761,0.0388844492361961,0.0862029285484788,1000
sp11,24,species.catchability.fsh0.sp3,-0.00153091011503733,0.0447162190849696,0.0830816168138595,1000
sp11,25,species.catchability.fsh0.sp5,-0.00130340848735988,0.0371851102074179,0.0710356301565576,1000
sp11,26,species.catchability.fsh0.sp7,-6.31722238078172e-05,0.0388451887306164,0.0728585736724192,1000
sp11,27,species.catchability.fsh0.sp8,-0.00497839021308334,0.0401992280583225,0.0952252822888591,1000
sp11,28,species.catchability.fsh0.sp9,0.00338513499002467,0.0380026968667145,0.0658770406119935,1000
sp11,29,species.catchability.fsh0.sp10,0.000759634328974651,0.0407809568911555,0.0701786650220054,1000
sp11,30,species.catchability.fsh0.sp13,-0.00165915621391486,0.0390490348830864,0.0844777073815408,1000
sp11,31,species.catchability.fsh0.sp14,0.00280146588472789,0.038525942655879,0.0719791606907569,1000
sp11,32,species.catchability.fsh0.sp15,-0.000219167564709844,0.0368332940810947,0.0728448863238667,1000
sp11,33,species.catchability.fsh1.sp9,-0.000570570667677359,0.0386133161075164,0.0751112127040299,1000
sp11,34,species.catchability.fsh1.sp10,-0.00377371272162409,0.0394929997870434,0.0886856445520861,1000
sp11,35,species.catchability.fsh1.sp11,0.00178351252962975,0.152463581032594,0.259627752579371,1000
sp11,36,species.catchability.fsh1.sp12,-0.000954417729759308,0.0376435080423619,0.0670091014869321,1000
sp11,37,species.catchability.fsh2.sp0,-0.000201918942202876,0.037857457957447,0.0767104731144855,1000
sp11,38,species.catchability.fsh2.sp5,0.000896039122769638,0.0373197150522976,0.0606801325705595,1000
sp11,39,species.catchability.fsh2.sp7,0.000609580634287823,0.0371790733263673,0.0618564557373414,1000
sp11,40,species.catchability.fsh2.sp8,-0.0038282452073154,0.0374452717462033,0.0708472631982806,1000
sp11,41,species.catchability.fsh3.sp0,-0.00106700463713273,0.0357780973472332,0.0622145012939516,1000
sp11,42,species.catchability.fsh3.sp1,0.00186921730618687,0.0396983405120661,0.0688383819243193,1000
sp11,43,species.catchability.fsh3.sp2,0.00306600268019845,0.0371427429361106,0.0775093590592561,1000
sp11,44,species.catchability.fsh3.sp3,-0.00098779394113749,0.0392929782299995,0.0807543939332827,1000
sp11,45,species.catchability.fsh3.sp5,0.00276605087086622,0.0395500123226206,0.0732260535858701,1000
sp11,46,species.catchability.fsh3.sp7,-0.00279205620075663,0.0386436056085383,0.0676585525415431,1000
sp11,47,species.catchability.fsh3.sp8,0.00316393366553179,0.0424893814888119,0.0924738037228989,1000
sp11,48,species.catchability.fsh3.sp9,-0.00111669067263918,0.0395959367199479,0.0904043815404409,1000
sp11,49,species.catchability.fsh3.sp10,0.0022232210114754,0.0381072859893514,0.0767826812371349,1000
sp11,50,species.catchability.fsh3.sp11,-0.00154119495817875,0.0376166241740253,0.0619804270101076,1000
sp11,51,species.catchability.fsh3.sp12,0.000520234517287889,0.0395577417527626,0.0698389227230094,1000
sp11,52,species.catchability.fsh3.sp13,0.00425191445078226,0.0391828260636835,0.0729901976143008,1000
sp11,53,species.catchability.fsh3.sp14,-0.0011596046808902,0.0385343052870479,0.065067517564826,1000
sp11,54,species.catchability.fsh3.sp15,0.000848928893582345,0.0356985412739977,0.059726911283626,1000
sp11,55,species.length2weight.condition.factor.sp0,-0.00244558636198633,0.0403404932618701,0.0682013789279455,1000
sp11,56,species.length2weight.condition.factor.sp1,0.00203386921823218,0.0391869937546748,0.0709727472397281,1000
sp11,57,species.length2weight.condition.factor.sp2,0.00352147076747216,0.0381086442958923,0.0755005867793788,1000
sp11,58,species.length2weight.condition.factor.sp3,-0.00340276555836254,0.0394481681067499,0.0726540026788734,1000
sp11,59,species.length2weight.condition.factor.sp4,-8.46340383077245e-05,0.0370180000434028,0.0624105412355773,1000
sp11,60,species.length2weight.condition.factor.sp5,0.000523338605367031,0.0399442681591058,0.0821089388106837,1000
sp11,61,species.length2weight.condition.factor.sp6,0.00365734183376725,0.0403493967374946,0.0795127768212663,1000
sp11,62,species.length2weight.condition.factor.sp7,0.00109763354811376,0.0391219776639661,0.0797036193756432,1000
sp11,63,species.length2weight.condition.factor.sp8,0.00214857368951492,0.0359647596197768,0.068759396760408,1000
sp11,64,species.length2weight.condition.factor.sp9,-0.00128035675764507,0.040805951248776,0.0747726068527069,1000
sp11,65,species.length2weight.condition.factor.sp10,0.000994922753099151,0.0424011241340088,0.0835049241408473,1000
sp11,66,species.length2weight.condition.factor.sp11,-0.0109025421633051,0.301200835703978,0.461655569422667,1000
sp11,67,species.length2weight.condition.factor.sp12,-0.00299294847308137,0.0372162785758967,0.0636796627289389,1000
sp11,68,species.length2weight.condition.factor.sp13,-0.00249133259597652,0.0407170724581114,0.0786816261431978,1000
sp11,69,species.length2weight.condition.factor.sp14,0.00242190548971545,0.0367017961853266,0.0709154089370457,1000
sp11,70,species.length2weight.condition.factor.sp15,-0.00596282900491998,0.0392675189399012,0.08576579889488,1000
sp11,71,species.k.sp0,-0.000410535506360264,0.0566987775258569,0.103770105490787,1000
sp11,72,species.k.sp1,-0.000224371977967696,0.0349593717317156,0.0613115489705899,1000
sp11,73,species.k.sp2,-0.00023092870384879,0.0442879416697251,0.074859894585751,1000
sp11,74,species.k.sp3,-0.00112991399229892,0.0541119576026804,0.0944186103732247,1000
sp11,75,species.k.sp4,0.00261518374770457,0.0698845952227187,0.113788299067285,1000
sp11,76,species.k.sp5,-0.000366803267539695,0.0397248360745513,0.0698055165794709,1000
sp11,77,species.k.sp6,-0.000195522291459089,0.0385296402053484,0.0867146720833311,1000
sp11,78,species.k.sp7,0.000929696605227481,0.0384130608177379,0.0756672913731726,1000
sp11,79,species.k.sp8,-0.00243271245809924,0.0394426294521056,0.0674447381331159,1000
sp11,80,species.k.sp9,-0.000696522048012747,0.0491022255823902,0.109318647386585,1000
sp11,81,species.k.sp10,0.00138856342418699,0.0423817476188598,0.0767309622695022,1000
sp11,82,species.k.sp11,0.0306447184752588,1.01339397265333,1.59568300298053,1000
sp11,83,species.k.sp12,-0.00676630145568951,0.0464996132167604,0.0870825618024362,1000
sp11,84,species.k.sp13,-0.00113383427032412,0.0569766354989703,0.119821698092646,1000
sp11,85,species.k.sp14,-0.000121310916370144,0.0367696156090526,0.0921185089428038,1000
sp11,86,species.k.sp15,0.0014043816636132,0.035638365099881,0.0582171376784579,1000
sp11,87,species.l0.sp0,0.00475181012760657,0.041438114032951,0.0802058430411824,1000
sp11,88,species.l0.sp1,-0.00175466813620377,0.0386474120558571,0.0686197911714153,1000
sp11,89,species.l0.sp2,-0.000775432335202637,0.0451620159524094,0.0865726263879733,1000
sp11,90,species.l0.sp3,0.000524743716745126,0.0383312779678826,0.0676127760950388,1000
sp11,91,species.l0.sp4,-0.00171681051387607,0.0552388543973615,0.0859235595207176,1000
sp11,92,species.l0.sp5,-0.000947402747764444,0.0385158048567163,0.0628128597871048,1000
sp11,93,species.l0.sp6,-0.00107094760855205,0.038528021805104,0.0696002382642552,1000
sp11,94,species.l0.sp7,0.00414551586245492,0.0404781351085571,0.0747362886785958,1000
sp11,95,species.l0.sp8,-0.000436763642695471,0.0374692875724924,0.0680653494121656,1000
sp11,96,species.l0.sp9,-0.00277989369104673,0.0478134769586846,0.0770450719926716,1000
sp11,97,species.l0.sp10,-0.000836728371703895,0.0476876694818814,0.081831693802287,1000
sp11,98,species.l0.sp11,0.0476348591770913,0.783783500195569,1.3189137671263,1000
sp11,99,species.l0.sp12,0.00198110528513227,0.0392538677297991,0.083449680009474,1000
sp11,100,species.l0.sp13,-0.00026809281366737,0.0340875275144062,0.0521194028937747,1000
sp11,101,species.l0.sp14,-0.0013590686785149,0.0398503109488754,0.0732707984342589,1000
sp11,102,species.l0.sp15,0.000352258117338871,0.0371156992971055,0.0728366214449955,1000
sp11,103,mortality.additional.larva.rate.sp0,0.000781555794022553,0.0671384982398401,0.124505904450736,1000
sp11,104,mortality.additional.larva.rate.sp1,0.00247346834658124,0.0384250677564468,0.0696569908214055,1000
sp11,105,mortality.additional.larva.rate.sp2,0.00082049031899004,0.0894336065718895,0.147696538340896,1000
sp11,106,mortality.additional.larva.rate.sp3,-0.00645657760185352,0.090161120491069,0.160898396578473,1000
sp11,107,mortality.additional.larva.rate.sp4,0.000125892760845927,0.0401477066316424,0.07371756662579,1000
sp11,108,mortality.additional.larva.rate.sp5,-0.00170320467996139,0.0372312460246214,0.0652448938491947,1000
sp11,109,mortality.additional.larva.rate.sp6,0.00310520300695811,0.0396796452758171,0.0755421764372537,1000
sp11,110,mortality.additional.larva.rate.sp9,0.00554394904678022,0.0969736346756815,0.149667107058672,1000
sp11,111,mortality.additional.larva.rate.sp10,-0.002897175285399,0.0663914623209003,0.111727737490256,1000
sp11,112,mortality.additional.larva.rate.sp11,-0.00362564490099712,0.0366707553668132,0.0637683086848444,1000
sp11,113,mortality.additional.larva.rate.sp12,0.00286054384913861,0.0418743915652688,0.0725455628910393,1000
sp11,114,mortality.additional.larva.rate.sp13,-0.00354905818787995,0.0367586662736945,0.0611797943010827,1000
sp11,115,mortality.additional.larva.rate.sp14,-0.00189688458644237,0.0365397042335951,0.0627180112320881,1000
sp11,116,mortality.additional.larva.rate.sp15,-0.00221366838696817,0.0414878439660764,0.0809608580122172,1000
sp11,117,mortality.additional.larva.rate.mean.sp7,-0.000385107422386968,0.0379493002021405,0.0712977880928517,1000
sp11,118,mortality.additional.larva.rate.mean.sp8,0.00319373352591985,0.040048422403281,0.0791052872835247,1000
sp11,119,species.linf.sp0,-0.00142401831101423,0.0629692150831585,0.113259995479947,1000
sp11,120,species.linf.sp1,0.000128574822572342,0.039151633048948,0.0697042824784211,1000
sp11,121,species.linf.sp2,0.000705407438756355,0.0750843061118773,0.138768922705486,1000
sp11,122,species.linf.sp3,0.0098470852933758,0.160968249194853,0.245665182192924,1000
sp11,123,species.linf.sp4,0.00127657667039092,0.167574495912138,0.232020114030714,1000
sp11,124,species.linf.sp5,-0.00179449175898704,0.0439695258408428,0.0793686654500251,1000
sp11,125,species.linf.sp6,-0.00101275243306528,0.0417961652808045,0.0938833939768057,1000
sp11,126,species.linf.sp7,0.00195805291671531,0.0402193626517463,0.090148786636798,1000
sp11,127,species.linf.sp8,-0.0046419557404094,0.0419560947268813,0.0861095457150471,1000
sp11,128,species.linf.sp9,-0.00045677609346752,0.102769101361681,0.156062960292396,1000
sp11,129,species.linf.sp10,0.0038244256700134,0.0608659734967343,0.112672640404721,1000
sp11,130,species.linf.sp11,-0.0411042047344502,0.782675752361095,1.36051656998574,1000
sp11,131,species.linf.sp12,-0.00159803325748341,0.0688541246616411,0.116689700029403,1000
sp11,132,species.linf.sp13,-0.000677522021630116,0.0575879360707335,0.134235351015609,1000
sp11,133,species.linf.sp14,-0.000221724864405133,0.0397147966977692,0.0663979750941396,1000
sp11,134,species.linf.sp15,-0.00256110350869383,0.0396303164821891,0.0742898516394264,1000
sp11,135,species.accessibility2fish.sp16,0.000170403233936834,0.0366138822392761,0.0697663094270245,1000
sp11,136,species.accessibility2fish.sp17,-0.00240850848490132,0.038737140622244,0.0683149204428535,1000
sp11,137,species.accessibility2fish.sp18,0.00333530059976173,0.0419200365037732,0.0845694943200547,1000
sp11,138,species.accessibility2fish.sp19,6.60495691425354e-05,0.072341759456742,0.151999501936933,1000
sp11,139,species.accessibility2fish.sp20,0.00209692102786471,0.0381109559977372,0.0643923621028721,1000
sp11,140,species.accessibility2fish.sp21,-0.00075093476347467,0.101108553522019,0.226419198636352,1000
sp11,141,species.accessibility2fish.sp22,-0.00100825851795815,0.0392802077632088,0.073620972546312,1000
sp11,142,species.accessibility2fish.sp23,0.000139002956232034,0.040943283103631,0.0780105064009458,1000
sp11,143,species.accessibility2fish.sp24,0.000941766746081071,0.0412607712189836,0.0818102014074794,1000
sp11,144,species.accessibility2fish.sp25,-0.00113405923389509,0.0365744114826123,0.0658727467311948,1000
sp11,145,species.accessibility2fish.sp26,-0.00374195442724078,0.0373551046928027,0.0657071795497283,1000
sp11,146,species.maturity.size.ratio.sp0,0.00526454878305771,0.0664295456002956,0.118036967918908,1000
sp11,147,species.maturity.size.ratio.sp1,-0.00211737809396422,0.0386179360275638,0.0758172648857621,1000
sp11,148,species.maturity.size.ratio.sp2,-0.00853854953077076,0.0368343488579046,0.0693854412467176,1000
sp11,149,species.maturity.size.ratio.sp3,-0.00063277584345657,0.0391220310253952,0.0696589608442555,1000
sp11,150,species.maturity.size.ratio.sp4,0.00169610844716278,0.0428670066758005,0.082929280321091,1000
sp11,151,species.maturity.size.ratio.sp5,0.000530972448989455,0.0374162234386156,0.0709583075821422,1000
sp11,152,species.maturity.size.ratio.sp6,-1.00547041758959e-05,0.0367956155389996,0.0641939681027501,1000
sp11,153,species.maturity.size.ratio.sp7,-0.00152802851602629,0.0367019221316936,0.0608338845666211,1000
sp11,154,species.maturity.size.ratio.sp8,0.00378262349962638,0.0392942202433332,0.0842806666760909,1000
sp11,155,species.maturity.size.ratio.sp9,0.000500005098787401,0.0401699757718572,0.0835911823931549,1000
sp11,156,species.maturity.size.ratio.sp10,-0.00102572285320453,0.0406497183035804,0.0676952086931955,1000
sp11,157,species.maturity.size.ratio.sp11,0.119543385427766,2.39013462688349,3.18586101004198,1000
sp11,158,species.maturity.size.ratio.sp12,0.000171925467281614,0.0364442234831272,0.0589143255122861,1000
sp11,159,species.maturity.size.ratio.sp13,0.00392601652691276,0.0723306178158345,0.154475623161339,1000
sp11,160,species.maturity.size.ratio.sp14,-0.00398450465820788,0.0381964368847874,0.0631090422694913,1000
sp11,161,species.maturity.size.ratio.sp15,0.00133465528245448,0.0399975939441238,0.0737033815719472,1000
sp11,162,predation.predPrey.sizeRatio.teta.sp0.stage1,0.00170419268695624,0.041482991582189,0.0889125857117713,1000
sp11,163,predation.predPrey.sizeRatio.alpha.sp0.stage1,0.00538981677101709,0.0483714406286829,0.0810590221702655,1000
sp11,164,predation.predPrey.sizeRatio.teta.sp1.stage1,0.00174905806016631,0.0378317752664024,0.068945656273527,1000
sp11,165,predation.predPrey.sizeRatio.alpha.sp1.stage1,-0.00166978949793685,0.0388006678365786,0.0787978106634201,1000
sp11,166,predation.predPrey.sizeRatio.teta.sp2.stage1,-0.00233657382584219,0.0380189956177269,0.0675279879586631,1000
sp11,167,predation.predPrey.sizeRatio.alpha.sp2.stage1,0.00175281531446598,0.0448304336084887,0.0863801040357897,1000
sp11,168,predation.predPrey.sizeRatio.teta.sp3.stage1,-0.00149360215336724,0.0389521809944414,0.0819779636413971,1000
sp11,169,predation.predPrey.sizeRatio.alpha.sp3.stage1,-0.003271788233421,0.115881402077004,0.179051080182509,1000
sp11,170,predation.predPrey.sizeRatio.teta.sp4.stage1,0.00416391763245748,0.0412509971697278,0.0792532696990213,1000
sp11,171,predation.predPrey.sizeRatio.alpha.sp4.stage1,-0.000543242427895476,0.0620246630317157,0.115354786277972,1000
sp11,172,predation.predPrey.sizeRatio.teta.sp5.stage1,0.00312288435515975,0.0414185446323164,0.0964775876449149,1000
sp11,173,predation.predPrey.sizeRatio.teta.sp5.stage2,0.000739075473740647,0.0396340153939153,0.0800953276411405,1000
sp11,174,predation.predPrey.sizeRatio.alpha.sp5.stage1,0.00270804202347141,0.0375568952238165,0.0735125396795543,1000
sp11,175,predation.predPrey.sizeRatio.alpha.sp5.stage2,-0.000607332877960297,0.0369247968514033,0.0656901683274932,1000
sp11,176,predation.predPrey.sizeRatio.teta.sp6.stage1,-0.000364562059004294,0.0342753961628584,0.0604211363752923,1000
sp11,177,predation.predPrey.sizeRatio.alpha.sp6.stage1,0.00426146202895515,0.040451244528781,0.0815748976437695,1000
sp11,178,predation.predPrey.sizeRatio.teta.sp7.stage1,0.00104881902227636,0.0383597059379599,0.0683594377543021,1000
sp11,179,predation.predPrey.sizeRatio.alpha.sp7.stage1,-0.000938802774632985,0.0404373307806685,0.0695473450637194,1000
sp11,180,predation.predPrey.sizeRatio.teta.sp8.stage1,-0.00226760571163714,0.0379727586753192,0.0762533946722509,1000
sp11,181,predation.predPrey.sizeRatio.alpha.sp8.stage1,-0.000763360740994727,0.0410594009081374,0.0809824318533329,1000
sp11,182,predation.predPrey.sizeRatio.teta.sp9.stage1,-0.00458652327649744,0.0610744474112057,0.0999399547328162,1000
sp11,183,predation.predPrey.sizeRatio.alpha.sp9.stage1,0.00226213604812628,0.0601657882572879,0.101017359643441,1000
sp11,184,predation.predPrey.sizeRatio.teta.sp10.stage1,-0.00336223054156485,0.0434734691721471,0.111516346190003,1000
sp11,185,predation.predPrey.sizeRatio.alpha.sp10.stage1,-0.00108556817165055,0.0431897168740028,0.0883333718235752,1000
sp11,186,predation.predPrey.sizeRatio.teta.sp11.stage1,-0.00780578803108733,0.127457831553855,0.219437850923297,1000
sp11,187,predation.predPrey.sizeRatio.alpha.sp11.stage1,0.0130157717967112,0.165348009512043,0.336350142801156,1000
sp11,188,predation.predPrey.sizeRatio.teta.sp12.stage1,0.000470346026883056,0.0448592423487972,0.0680190017212261,1000
sp11,189,predation.predPrey.sizeRatio.alpha.sp12.stage1,-0.00150471598689711,0.0453118761713465,0.0990890054331928,1000
sp11,190,predation.predPrey.sizeRatio.teta.sp13.stage1,-0.000369800565620944,0.041174868832125,0.0742004086642246,1000
sp11,191,predation.predPrey.sizeRatio.alpha.sp13.stage1,0.00981477711294389,0.0638852755986895,0.121146430332449,1000
sp11,192,predation.predPrey.sizeRatio.teta.sp14.stage1,-0.0033633267575867,0.0371305631748508,0.0689070659298452,1000
sp11,193,predation.predPrey.sizeRatio.alpha.sp14.stage1,0.00155156445740313,0.038460065079944,0.0765739029350864,1000
sp11,194,predation.predPrey.sizeRatio.teta.sp15.stage1,-0.000654890108162567,0.0395629650686425,0.0724213796807068,1000
sp11,195,predation.predPrey.sizeRatio.alpha.sp15.stage1,0.000104457444976871,0.0395091089883092,0.0763156916258677,1000
sp12,1,mortality.additional.rate.sp0,0.000195745289463889,0.0133469119192601,0.0175291166899619,1000
sp12,2,mortality.additional.rate.sp1,0.00020640808731871,0.0132351282080833,0.0168093447655789,1000
sp12,3,mortality.additional.rate.sp2,-0.000891132356056397,0.0130911341937486,0.0167722650632247,1000
sp12,4,mortality.additional.rate.sp3,-0.0015122548965996,0.0165958544502029,0.020856921032941,1000
sp12,5,mortality.additional.rate.sp4,0.000560189137616382,0.013364974816419,0.0173724685112801,1000
sp12,6,mortality.additional.rate.sp5,-0.000560798091895447,0.0141533488060201,0.0184718798822123,1000
sp12,7,mortality.additional.rate.sp6,-0.00049002643562749,0.0124889005966895,0.0163030216857434,1000
sp12,8,mortality.additional.rate.sp7,-0.000513705485789002,0.0129229137736012,0.0166506456013431,1000
sp12,9,mortality.additional.rate.sp8,0.000937949779986392,0.0132058091716976,0.0169338475084095,1000
sp12,10,mortality.additional.rate.sp9,5.05937604947593e-05,0.0127780771768547,0.0166956478877627,1000
sp12,11,mortality.additional.rate.sp10,-0.000548972991956326,0.0126813780335588,0.0164719625532418,1000
sp12,12,mortality.additional.rate.sp11,0.000712308827762153,0.0136269134716145,0.017788404516495,1000
sp12,13,mortality.additional.rate.sp12,-0.000795967116069161,0.0145461703489459,0.0188740589617435,1000
sp12,14,mortality.additional.rate.sp13,-0.000134654511670267,0.0134436158183214,0.0171089801693123,1000
sp12,15,mortality.additional.rate.sp14,0.000534455772368896,0.0127707876544416,0.0164545582069414,1000
sp12,16,mortality.additional.rate.sp15,0.000323107535384336,0.0137035658289523,0.0174525218647685,1000
sp12,17,fisheries.rate.base.fsh0,-0.000715607111662812,0.0281458293118331,0.0327828882310722,1000
sp12,18,fisheries.rate.base.fsh1,-0.000721709053084452,0.0396813052620735,0.0439071254313955,1000
sp12,19,fisheries.rate.base.fsh2,0.000334001500483278,0.0129340633620062,0.0165539286015338,1000
sp12,20,fisheries.rate.base.fsh3,0.00111223749704517,0.013149387909882,0.0170722755994444,1000
sp12,21,species.catchability.fsh0.sp0,0.00135702923973001,0.0150057204395892,0.0195649677990747,1000
sp12,22,species.catchability.fsh0.sp1,0.000415241378536604,0.0132551710616695,0.0172886388186586,1000
sp12,23,species.catchability.fsh0.sp2,-0.000453281188547277,0.0130747553930275,0.0168422523292978,1000
sp12,24,species.catchability.fsh0.sp3,-0.00104394228160122,0.0184669118813284,0.0232395942838993,1000
sp12,25,species.catchability.fsh0.sp5,-7.21964661154215e-05,0.0130797055025976,0.0165016082014368,1000
sp12,26,species.catchability.fsh0.sp7,-8.73959781856176e-05,0.013547784492926,0.0170589344169834,1000
sp12,27,species.catchability.fsh0.sp8,0.00144627605087001,0.0130954877308184,0.0166203480994672,1000
sp12,28,species.catchability.fsh0.sp9,-0.000364571132076477,0.0131731207301138,0.0170648204832436,1000
sp12,29,species.catchability.fsh0.sp10,0.000381340015964949,0.013720643077538,0.0175732667633868,1000
sp12,30,species.catchability.fsh0.sp13,0.000507875354826281,0.0131985400213332,0.0170077555801412,1000
sp12,31,species.catchability.fsh0.sp14,0.000285076078659279,0.0125564874678491,0.0160400860492226,1000
sp12,32,species.catchability.fsh0.sp15,-0.000739656021034971,0.0133298396590527,0.0171798617067691,1000
sp12,33,species.catchability.fsh1.sp9,0.000319513826305133,0.0133200226612331,0.0173794307757651,1000
sp12,34,species.catchability.fsh1.sp10,-0.000339059541835408,0.0150851712931612,0.0195594460977525,1000
sp12,35,species.catchability.fsh1.sp11,0.000177706528174329,0.014306175418052,0.0185753977343425,1000
sp12,36,species.catchability.fsh1.sp12,-0.00234584427982707,0.0536631490342127,0.0567775495131499,1000
sp12,37,species.catchability.fsh2.sp0,-0.000435569411486134,0.0133332361998187,0.01720644564742,1000
sp12,38,species.catchability.fsh2.sp5,-6.39936866929409e-06,0.013413064400536,0.0172287415854962,1000
sp12,39,species.catchability.fsh2.sp7,-4.65209213623983e-05,0.013312704525911,0.0175163533903609,1000
sp12,40,species.catchability.fsh2.sp8,0.000839068458731138,0.0129649011956015,0.0165388985675152,1000
sp12,41,species.catchability.fsh3.sp0,-0.000809476667237696,0.0129026324260868,0.0165195264558085,1000
sp12,42,species.catchability.fsh3.sp1,-0.000929437844850292,0.0130357240182688,0.0168520548588634,1000
sp12,43,species.catchability.fsh3.sp2,-0.000255281761918234,0.0130208057374055,0.0166468620183682,1000
sp12,44,species.catchability.fsh3.sp3,-0.000273904758830137,0.0137039729396915,0.0174348151298257,1000
sp12,45,species.catchability.fsh3.sp5,0.000353522531984723,0.0137693514604119,0.0173794477562021,1000
sp12,46,species.catchability.fsh3.sp7,6.1542757158002e-05,0.0129563529164184,0.0166074293753755,1000
sp12,47,species.catchability.fsh3.sp8,-0.000218143863089256,0.0132250183063418,0.0171260808638614,1000
sp12,48,species.catchability.fsh3.sp9,0.000229136428331344,0.0131335950783708,0.0174394254793148,1000
sp12,49,species.catchability.fsh3.sp10,0.00051843487604157,0.0128784586529338,0.0164866153210825,1000
sp12,50,species.catchability.fsh3.sp11,-0.000435284863620023,0.0133973543339498,0.0172851906477703,1000
sp12,51,species.catchability.fsh3.sp12,0.000454382154684985,0.0144250173300728,0.0182852894933359,1000
sp12,52,species.catchability.fsh3.sp13,-0.000481890851161505,0.0134896360916296,0.0174746533036868,1000
sp12,53,species.catchability.fsh3.sp14,-0.000796228262523446,0.0132380293925137,0.0168789389765849,1000
sp12,54,species.catchability.fsh3.sp15,0.000737949377224469,0.0130296031218871,0.0167354626960107,1000
sp12,55,species.length2weight.condition.factor.sp0,-0.000202862839508186,0.0154934014714027,0.020034497124253,1000
sp12,56,species.length2weight.condition.factor.sp1,3.39562303460445e-05,0.0136766708145005,0.0174614486108343,1000
sp12,57,species.length2weight.condition.factor.sp2,-5.98192986218248e-05,0.013133073755274,0.0171167228511855,1000
sp12,58,species.length2weight.condition.factor.sp3,0.00102869998111851,0.0150273528322761,0.0196466249397755,1000
sp12,59,species.length2weight.condition.factor.sp4,0.000372587782095028,0.015228304853169,0.0192359253518217,1000
sp12,60,species.length2weight.condition.factor.sp5,-0.000386117531249399,0.0134888445781974,0.0173174486481691,1000
sp12,61,species.length2weight.condition.factor.sp6,-0.000817195711559543,0.0132300074522772,0.0170486940062768,1000
sp12,62,species.length2weight.condition.factor.sp7,-0.000201326039605534,0.0131709932544941,0.0169493246605335,1000
sp12,63,species.length2weight.condition.factor.sp8,0.000530215154305122,0.0128225413984238,0.0165316593591855,1000
sp12,64,species.length2weight.condition.factor.sp9,-0.000148705487194234,0.0147483603492984,0.0186921370084822,1000
sp12,65,species.length2weight.condition.factor.sp10,-0.00050495032967154,0.0143853643213409,0.0186507307686665,1000
sp12,66,species.length2weight.condition.factor.sp11,0.000199585817131255,0.0146894580182952,0.0187863130907237,1000
sp12,67,species.length2weight.condition.factor.sp12,-0.000339274076727407,0.0195812497884891,0.0245201106596305,1000
sp12,68,species.length2weight.condition.factor.sp13,-0.000627705411629386,0.014403544310051,0.0184766088629774,1000
sp12,69,species.length2weight.condition.factor.sp14,0.000102514015565935,0.0135738972569058,0.0173253071304334,1000
sp12,70,species.length2weight.condition.factor.sp15,-2.01009745352641e-05,0.0134296163597464,0.0173483245414165,1000
sp12,71,species.k.sp0,0.00163292513667897,0.0367819589602053,0.0537906226229807,1000
sp12,72,species.k.sp1,0.000890843387478572,0.0138054777339797,0.0175608532129597,1000
sp12,73,species.k.sp2,0.00106950651500567,0.0141280370118873,0.0181474919439517,1000
sp12,74,species.k.sp3,-0.000299231467079229,0.0279923181029767,0.0369350547571672,1000
sp12,75,species.k.sp4,-0.00109764066318004,0.0365189662222633,0.0413813593474642,1000
sp12,76,species.k.sp5,-0.000655694141138976,0.0136098475929807,0.0175259908658818,1000
sp12,77,species.k.sp6,-0.000416593604520063,0.0140078551087242,0.0184698925829772,1000
sp12,78,species.k.sp7,0.000547986814990342,0.0133491999252707,0.016975619647653,1000
sp12,79,species.k.sp8,-0.000553826079405014,0.0130922521392098,0.0168022725504463,1000
sp12,80,species.k.sp9,-0.000420438212853267,0.0278521027645515,0.0337966903419803,1000
sp12,81,species.k.sp10,-0.000942243834948887,0.0198510600092488,0.0256009957654236,1000
sp12,82,species.k.sp11,0.00114587947629921,0.0234000603628873,0.0277269161293985,1000
sp12,83,species.k.sp12,0.00333198424164101,0.0746408783625037,0.0812953270636195,1000
sp12,84,species.k.sp13,0.000343454954526563,0.130967116997995,0.156409725139953,1000
sp12,85,species.k.sp14,0.00018811418012629,0.0131778048154298,0.0171466434652554,1000
sp12,86,species.k.sp15,0.000557601593442,0.0155592143268468,0.0204937118772415,1000
sp12,87,species.l0.sp0,0.000395172248154163,0.0142603239147253,0.018403693091942,1000
sp12,88,species.l0.sp1,-0.000360237043991281,0.0128613001194191,0.016561809073585,1000
sp12,89,species.l0.sp2,-0.000605248534219653,0.0146776175885031,0.0191334964004896,1000
sp12,90,species.l0.sp3,0.000202196841438203,0.0151135477511417,0.0194498697571177,1000
sp12,91,species.l0.sp4,0.000641825294689829,0.0333563590598643,0.0381071626424699,1000
sp12,92,species.l0.sp5,8.6196210601307e-05,0.013163943941244,0.0171246879499696,1000
sp12,93,species.l0.sp6,-0.000156376231844214,0.0128834676875126,0.0168297800810057,1000
sp12,94,species.l0.sp7,-0.000188141505455054,0.0132289491893674,0.0170121885942991,1000
sp12,95,species.l0.sp8,-0.00023593034566515,0.0135793355095914,0.0172263271230717,1000
sp12,96,species.l0.sp9,-0.000714930935648325,0.0283551031078873,0.0333587557620329,1000
sp12,97,species.l0.sp10,0.000586788555135308,0.0297726490282573,0.0362917151365639,1000
sp12,98,species.l0.sp11,-2.44560884436941e-05,0.0200688095421243,0.0245116496763242,1000
sp12,99,species.l0.sp12,-0.00194547310652432,0.0338113901111746,0.0395357400084026,1000
sp12,100,species.l0.sp13,0.00012167336188531,0.012691006738222,0.0165458957071711,1000
sp12,101,species.l0.sp14,-0.000321465122729347,0.0127796020820775,0.0164261908223182,1000
sp12,102,species.l0.sp15,-0.000438891808170884,0.0133384644464784,0.0171292320606434,1000
sp12,103,mortality.additional.larva.rate.sp0,0.00169879161975729,0.0291273878002306,0.04258896619325,1000
sp12,104,mortality.additional.larva.rate.sp1,-0.000197334667775776,0.0128630331280962,0.0164124460319295,1000
sp12,105,mortality.additional.larva.rate.sp2,0.000212112928692989,0.0209209211757685,0.0268689988483343,1000
sp12,106,mortality.additional.larva.rate.sp3,0.00145177811940728,0.0494996314994558,0.0707208997446579,1000
sp12,107,mortality.additional.larva.rate.sp4,-7.18830642146795e-05,0.0135399918755368,0.0176727459861174,1000
sp12,108,mortality.additional.larva.rate.sp5,-0.000617569466483534,0.0128870388832699,0.0169851678629233,1000
sp12,109,mortality.additional.larva.rate.sp6,0.000660958181493089,0.0132823492139397,0.0170428133760218,1000
sp12,110,mortality.additional.larva.rate.sp9,0.00301167217474367,0.0452833812540563,0.051280264019493,1000
sp12,111,mortality.additional.larva.rate.sp10,-0.000914398304161424,0.0473674843725032,0.0577963510399845,1000
sp12,112,mortality.additional.larva.rate.sp11,0.000503336929416059,0.0139033369265271,0.0179733769578793,1000
sp12,113,mortality.additional.larva.rate.sp12,0.00470569851163365,0.0964616101745707,0.106150148306461,1000
sp12,114,mortality.additional.larva.rate.sp13,0.000119056568456661,0.0133532515655559,0.0171878482974996,1000
sp12,115,mortality.additional.larva.rate.sp14,-0.000333737758668725,0.0136799591339953,0.0174106334826468,1000
sp12,116,mortality.additional.larva.rate.sp15,-0.000535688860062083,0.016290231830729,0.021328936273126,1000
sp12,117,mortality.additional.larva.rate.mean.sp7,0.000369705408572636,0.0136550338235763,0.0177864312002789,1000
sp12,118,mortality.additional.larva.rate.mean.sp8,-0.000470786603706161,0.0135442494971637,0.0175425882420655,1000
sp12,119,species.linf.sp0,-0.00550774484942033,0.0478397289158277,0.0705051470103316,1000
sp12,120,species.linf.sp1,-0.000791172646624074,0.014359446828066,0.0183134578119709,1000
sp12,121,species.linf.sp2,-0.000197726092889291,0.0179909225203206,0.0234071679493282,1000
sp12,122,species.linf.sp3,-0.00626328927563215,0.113481307575738,0.141452717127102,1000
sp12,123,species.linf.sp4,0.00333829723075953,0.0898429132485163,0.0963773947199569,1000
sp12,124,species.linf.sp5,-0.000193792084465867,0.0193982593574037,0.0249525513429975,1000
sp12,125,species.linf.sp6,6.03543692213634e-05,0.014110456999599,0.0181588934102105,1000
sp12,126,species.linf.sp7,-9.26451011915118e-05,0.0134420351688923,0.0173902681910222,1000
sp12,127,species.linf.sp8,-0.000542873183872345,0.0137736556798653,0.0178953104261136,1000
sp12,128,species.linf.sp9,0.000109837465807303,0.0711450441911378,0.0817300063364307,1000
sp12,129,species.linf.sp10,-0.000308485450400983,0.0527177239825081,0.065270655525212,1000
sp12,130,species.linf.sp11,0.000151358193206364,0.020518631889024,0.0254028731853238,1000
sp12,131,species.linf.sp12,-0.0230527353368712,0.379254903341045,0.382359217709468,1000
sp12,132,species.linf.sp13,0.00126988737992237,0.0636138625973882,0.0794941140149845,1000
sp12,133,species.linf.sp14,-2.32535019183779e-05,0.0136218434036503,0.0182084727269766,1000
sp12,134,species.linf.sp15,-0.00190245104903081,0.0222781562989588,0.0288342543599317,1000
sp12,135,species.accessibility2fish.sp16,4.51233139146931e-05,0.013759668289225,0.0175835884147768,1000
sp12,136,species.accessibility2fish.sp17,0.00012933866903334,0.0131552850765129,0.0169406805500956,1000
sp12,137,species.accessibility2fish.sp18,2.40947981349789e-05,0.0128978940590158,0.0166129304430705,1000
sp12,138,species.accessibility2fish.sp19,-0.00241912596735628,0.0571935186860544,0.0937475840877416,1000
sp12,139,species.accessibility2fish.sp20,-0.0002605529674751,0.013286478689639,0.0168809647330519,1000
sp12,140,species.accessibility2fish.sp21,-0.00140127369309432,0.0709059745482516,0.11975887597647,1000
sp12,141,species.accessibility2fish.sp22,0.000560648177491865,0.0135617657743987,0.0174166682300682,1000
sp12,142,species.accessibility2fish.sp23,-0.000239565730793646,0.0131294721615399,0.0171635336524543,1000
sp12,143,species.accessibility2fish.sp24,-0.000763518293358322,0.0142732833447441,0.0181160162920727,1000
sp12,144,species.accessibility2fish.sp25,0.000240794028757252,0.0136234063254472,0.0172486381701252,1000
sp12,145,species.accessibility2fish.sp26,0.000405783328218213,0.0133108380694303,0.0170385096161705,1000
sp12,146,species.maturity.size.ratio.sp0,0.00187586812096625,0.0327837559206073,0.0509002954253832,1000
sp12,147,species.maturity.size.ratio.sp1,-4.46735106822718e-05,0.0135420450338204,0.0177533197524848,1000
sp12,148,species.maturity.size.ratio.sp2,-0.000637445816252563,0.0143023436698241,0.018272303335785,1000
sp12,149,species.maturity.size.ratio.sp3,-9.13059233428356e-05,0.0131901124300385,0.0165898186390046,1000
sp12,150,species.maturity.size.ratio.sp4,-0.000322204481597736,0.0164059637129049,0.0206343637938071,1000
sp12,151,species.maturity.size.ratio.sp5,-0.000373278099215892,0.012557252940301,0.0160019424813553,1000
sp12,152,species.maturity.size.ratio.sp6,-0.000881462024429012,0.0134307240558143,0.0174835640189461,1000
sp12,153,species.maturity.size.ratio.sp7,0.000306881819019213,0.0135239053994131,0.0176610339173049,1000
sp12,154,species.maturity.size.ratio.sp8,0.000350947577933575,0.0130306697946414,0.0169056786398328,1000
sp12,155,species.maturity.size.ratio.sp9,0.000195028385050001,0.0134575911479525,0.0173438573250359,1000
sp12,156,species.maturity.size.ratio.sp10,-9.03666954167691e-05,0.0185443887202725,0.0242632551990252,1000
sp12,157,species.maturity.size.ratio.sp11,-0.00347050765137709,0.0669404091332334,0.0717981458370425,1000
sp12,158,species.maturity.size.ratio.sp12,0.00106744972079371,0.0344871616771143,0.0431341843275942,1000
sp12,159,species.maturity.size.ratio.sp13,0.00291848336317893,0.193206346963884,0.219285175756625,1000
sp12,160,species.maturity.size.ratio.sp14,0.000854325177574185,0.0130532269391808,0.0167884805709053,1000
sp12,161,species.maturity.size.ratio.sp15,-0.000854496300520827,0.0176854685402811,0.0248467957179443,1000
sp12,162,predation.predPrey.sizeRatio.teta.sp0.stage1,-0.000208327543976304,0.0134002227984881,0.0171365220411292,1000
sp12,163,predation.predPrey.sizeRatio.alpha.sp0.stage1,0.000267530379953934,0.0328900068152975,0.0456773964582589,1000
sp12,164,predation.predPrey.sizeRatio.teta.sp1.stage1,0.000459914675911081,0.0131960972239272,0.0169212392980339,1000
sp12,165,predation.predPrey.sizeRatio.alpha.sp1.stage1,6.83097320320684e-05,0.0135742989856631,0.0172342442180322,1000
sp12,166,predation.predPrey.sizeRatio.teta.sp2.stage1,-0.000340454467122274,0.0130758834751107,0.016914575589111,1000
sp12,167,predation.predPrey.sizeRatio.alpha.sp2.stage1,-0.000202733076458216,0.0151639022142258,0.0192685867629949,1000
sp12,168,predation.predPrey.sizeRatio.teta.sp3.stage1,-0.000124427775893608,0.0134376108447996,0.0174567972425062,1000
sp12,169,predation.predPrey.sizeRatio.alpha.sp3.stage1,0.00205273459271783,0.0894216651862507,0.111612141703416,1000
sp12,170,predation.predPrey.sizeRatio.teta.sp4.stage1,-6.88535971919566e-05,0.0141827096657391,0.0179846820252427,1000
sp12,171,predation.predPrey.sizeRatio.alpha.sp4.stage1,-0.00205976754809946,0.0286343293512763,0.034335977106115,1000
sp12,172,predation.predPrey.sizeRatio.teta.sp5.stage1,0.00035768185288426,0.0136702336239814,0.0174058942528784,1000
sp12,173,predation.predPrey.sizeRatio.teta.sp5.stage2,0.000822821058612898,0.020625183179957,0.0256751970153397,1000
sp12,174,predation.predPrey.sizeRatio.alpha.sp5.stage1,0.00036961714797081,0.0132364086706529,0.0171163117861486,1000
sp12,175,predation.predPrey.sizeRatio.alpha.sp5.stage2,0.000109908214046921,0.0156190290125721,0.0198725956375628,1000
sp12,176,predation.predPrey.sizeRatio.teta.sp6.stage1,0.00133681295132394,0.0134373372825158,0.0172721343720087,1000
sp12,177,predation.predPrey.sizeRatio.alpha.sp6.stage1,-0.000490429459467791,0.0129521782671376,0.0169961103495027,1000
sp12,178,predation.predPrey.sizeRatio.teta.sp7.stage1,-0.000177655075864043,0.013283652292676,0.0171774621990514,1000
sp12,179,predation.predPrey.sizeRatio.alpha.sp7.stage1,0.00114508434171319,0.0131895593326217,0.0170958049266654,1000
sp12,180,predation.predPrey.sizeRatio.teta.sp8.stage1,-0.000516097729709356,0.013526154469941,0.0174441054914577,1000
sp12,181,predation.predPrey.sizeRatio.alpha.sp8.stage1,-0.000432879465949824,0.0140065489513377,0.0180363454455971,1000
sp12,182,predation.predPrey.sizeRatio.teta.sp9.stage1,-0.000682789219488043,0.0157876032730687,0.0198249802548207,1000
sp12,183,predation.predPrey.sizeRatio.alpha.sp9.stage1,0.000310507251053633,0.0228102920627993,0.0307477733129452,1000
sp12,184,predation.predPrey.sizeRatio.teta.sp10.stage1,0.000566132761484666,0.0136948685777059,0.0175348874985528,1000
sp12,185,predation.predPrey.sizeRatio.alpha.sp10.stage1,-0.000544051846912691,0.0163272690455085,0.0220062716436781,1000
sp12,186,predation.predPrey.sizeRatio.teta.sp11.stage1,5.53231941476162e-05,0.0175241666413084,0.0221857577861987,1000
sp12,187,predation.predPrey.sizeRatio.alpha.sp11.stage1,-0.000398104456749005,0.0132503852397316,0.0172630572979831,1000
sp12,188,predation.predPrey.sizeRatio.teta.sp12.stage1,0.000817158927738378,0.0263820272352254,0.0323833817361625,1000
sp12,189,predation.predPrey.sizeRatio.alpha.sp12.stage1,-0.00351319749975546,0.122115980964406,0.127236343020482,1000
sp12,190,predation.predPrey.sizeRatio.teta.sp13.stage1,-0.000219309011903439,0.0139317286719126,0.0179288914720162,1000
sp12,191,predation.predPrey.sizeRatio.alpha.sp13.stage1,-0.00401516803691875,0.0622900546298788,0.0761316901912586,1000
sp12,192,predation.predPrey.sizeRatio.teta.sp14.stage1,0.000797833053708637,0.0130772459798058,0.0166929560318066,1000
sp12,193,predation.predPrey.sizeRatio.alpha.sp14.stage1,8.54078704687804e-05,0.0131966434350111,0.0167973336758011,1000
sp12,194,predation.predPrey.sizeRatio.teta.sp15.stage1,0.000511576758573062,0.0134545462107762,0.0173998542185183,1000
sp12,195,predation.predPrey.sizeRatio.alpha.sp15.stage1,0.000366703479955611,0.0181847458682296,0.0226837333620871,1000
sp13,1,mortality.additional.rate.sp0,-0.000418926603874399,0.00975098665888273,0.0152218324148495,1000
sp13,2,mortality.additional.rate.sp1,0.000351977667126316,0.0098475327444777,0.0153632608824179,1000
sp13,3,mortality.additional.rate.sp2,0.000226778870671941,0.00957412054970814,0.0147766414015749,1000
sp13,4,mortality.additional.rate.sp3,0.000631522000021988,0.00939692432348422,0.0142517916831301,1000
sp13,5,mortality.additional.rate.sp4,-0.000712431744113736,0.00923058747989826,0.0148842514519335,1000
sp13,6,mortality.additional.rate.sp5,0.000529916168910679,0.0108589406446102,0.0170751383633896,1000
sp13,7,mortality.additional.rate.sp6,-0.00041902355587972,0.00911482657165537,0.0140703315659474,1000
sp13,8,mortality.additional.rate.sp7,-0.000169303857250566,0.00896330258089403,0.0143533847130155,1000
sp13,9,mortality.additional.rate.sp8,-0.000837845352064606,0.00940026443188718,0.0147286206359332,1000
sp13,10,mortality.additional.rate.sp9,0.000223216152561657,0.00936701164787799,0.0142747098448246,1000
sp13,11,mortality.additional.rate.sp10,0.000175464817971979,0.0092323148567046,0.0143956570493233,1000
sp13,12,mortality.additional.rate.sp11,-0.000268624660972526,0.00959244171625609,0.0146979741654899,1000
sp13,13,mortality.additional.rate.sp12,0.000828703996025094,0.00925408496878791,0.0150951236453833,1000
sp13,14,mortality.additional.rate.sp13,-2.2323272970021e-05,0.00921298070268398,0.0142419021283534,1000
sp13,15,mortality.additional.rate.sp14,-0.000334467315096139,0.00871412855750369,0.013256587953464,1000
sp13,16,mortality.additional.rate.sp15,1.85555304899148e-06,0.00963918673537919,0.0150633423742526,1000
sp13,17,fisheries.rate.base.fsh0,-0.000983006547768711,0.0107172890555545,0.015663025801078,1000
sp13,18,fisheries.rate.base.fsh1,7.58513117176721e-05,0.0103085075261391,0.0152332057895468,1000
sp13,19,fisheries.rate.base.fsh2,0.000619223367786594,0.00892702735425347,0.0139635097706585,1000
sp13,20,fisheries.rate.base.fsh3,-0.00104382139089455,0.00933333676019023,0.0147347508313012,1000
sp13,21,species.catchability.fsh0.sp0,0.000283968167266646,0.0106033124039353,0.0163322133865367,1000
sp13,22,species.catchability.fsh0.sp1,-0.000335045530083106,0.00975380787515747,0.0155703502255896,1000
sp13,23,species.catchability.fsh0.sp2,-0.000181933111321747,0.0098308479881527,0.015332333699884,1000
sp13,24,species.catchability.fsh0.sp3,6.7704142769302e-05,0.00978885516905272,0.0147654157672861,1000
sp13,25,species.catchability.fsh0.sp5,0.000386575110922423,0.00895432271462566,0.0132542172572408,1000
sp13,26,species.catchability.fsh0.sp7,-0.000639783307070162,0.00981244605578913,0.0154653742805082,1000
sp13,27,species.catchability.fsh0.sp8,-0.000860384489636487,0.00897214829491853,0.0136046527839961,1000
sp13,28,species.catchability.fsh0.sp9,6.02145105983835e-05,0.00928389898554986,0.0149348821965178,1000
sp13,29,species.catchability.fsh0.sp10,-0.000169619501431522,0.00931106165190712,0.0147360479035969,1000
sp13,30,species.catchability.fsh0.sp13,-0.000712049262079327,0.00943635142764088,0.0144357938470168,1000
sp13,31,species.catchability.fsh0.sp14,-0.00015252652407333,0.00965630405956761,0.0144888821042739,1000
sp13,32,species.catchability.fsh0.sp15,-2.67308458076152e-05,0.00950398732084529,0.0150119594900689,1000
sp13,33,species.catchability.fsh1.sp9,2.88524795257752e-05,0.00962511613726814,0.0147398979801686,1000
sp13,34,species.catchability.fsh1.sp10,5.46042758839938e-05,0.00974899345781412,0.0153098784245829,1000
sp13,35,species.catchability.fsh1.sp11,-0.000258117286893048,0.00975222647322248,0.0154823050808309,1000
sp13,36,species.catchability.fsh1.sp12,-5.95843170411541e-05,0.00932417140437417,0.0145736605856047,1000
sp13,37,species.catchability.fsh2.sp0,0.000636968491266389,0.00933469896725324,0.0147108507142948,1000
sp13,38,species.catchability.fsh2.sp5,-0.000672004831824212,0.00950827221782484,0.0151374222686354,1000
sp13,39,species.catchability.fsh2.sp7,-0.000629274128179883,0.00951356534617868,0.0151262542743534,1000
sp13,40,species.catchability.fsh2.sp8,-0.000740054781379518,0.00863151256544928,0.0133940590246451,1000
sp13,41,species.catchability.fsh3.sp0,0.000307465547920627,0.00915297061202667,0.0140756568503764,1000
sp13,42,species.catchability.fsh3.sp1,0.000360702312095946,0.00941990437944083,0.0151036790136108,1000
sp13,43,species.catchability.fsh3.sp2,-0.000250346583420425,0.00975515223605962,0.0152946080315109,1000
sp13,44,species.catchability.fsh3.sp3,0.000455336472605659,0.00939620078520291,0.0148534332936788,1000
sp13,45,species.catchability.fsh3.sp5,0.000421999248979796,0.00991304219480735,0.0147386121109482,1000
sp13,46,species.catchability.fsh3.sp7,0.000154695550329282,0.00901968304498148,0.0140346500515408,1000
sp13,47,species.catchability.fsh3.sp8,0.000699393997952993,0.00914208190322841,0.0142354268127781,1000
sp13,48,species.catchability.fsh3.sp9,-6.23960503380895e-05,0.00941632823064968,0.0148723357662486,1000
sp13,49,species.catchability.fsh3.sp10,-0.000435537099212466,0.00946650915758989,0.0148271791424206,1000
sp13,50,species.catchability.fsh3.sp11,0.000277406139440416,0.00934146604295635,0.0142949689556873,1000
sp13,51,species.catchability.fsh3.sp12,-0.000305263975024451,0.0092124048491665,0.0146909994562669,1000
sp13,52,species.catchability.fsh3.sp13,0.000348805133675241,0.00933902537297208,0.0148519760849203,1000
sp13,53,species.catchability.fsh3.sp14,0.000533154349865063,0.00955865716177384,0.0143726994192671,1000
sp13,54,species.catchability.fsh3.sp15,-0.000101398346507399,0.00886483745395986,0.0139809984355494,1000
sp13,55,species.length2weight.condition.factor.sp0,4.96276645505536e-05,0.0115119180762617,0.0172272414308968,1000
sp13,56,species.length2weight.condition.factor.sp1,-0.000884822757260525,0.00985995445175805,0.0150112246239658,1000
sp13,57,species.length2weight.condition.factor.sp2,0.000428032202738619,0.00957786322431986,0.0146918783825689,1000
sp13,58,species.length2weight.condition.factor.sp3,0.000295365747564982,0.00940739032646983,0.0142721744340432,1000
sp13,59,species.length2weight.condition.factor.sp4,-0.000886250680350895,0.0114893380146279,0.0170573335236863,1000
sp13,60,species.length2weight.condition.factor.sp5,0.000609464870581564,0.00998393166891658,0.0154835827360123,1000
sp13,61,species.length2weight.condition.factor.sp6,0.000279225547832085,0.00950506909012931,0.0142870388825704,1000
sp13,62,species.length2weight.condition.factor.sp7,1.05339381829165e-05,0.00952352608324288,0.014885713632627,1000
sp13,63,species.length2weight.condition.factor.sp8,-1.40465496569642e-05,0.00898580409065733,0.0142298738010251,1000
sp13,64,species.length2weight.condition.factor.sp9,-0.00014298870230414,0.00973299526808856,0.0154719003977743,1000
sp13,65,species.length2weight.condition.factor.sp10,0.000129986619939808,0.00937249494754408,0.015015379076142,1000
sp13,66,species.length2weight.condition.factor.sp11,-0.000232624779564298,0.00898018493367254,0.0140336835499563,1000
sp13,67,species.length2weight.condition.factor.sp12,0.000232423946677031,0.00976391595409139,0.015111282263192,1000
sp13,68,species.length2weight.condition.factor.sp13,0.00358162582700477,0.242927151543345,0.25103902502457,1000
sp13,69,species.length2weight.condition.factor.sp14,1.33567449665443e-05,0.00951909493135967,0.0150803163747178,1000
sp13,70,species.length2weight.condition.factor.sp15,-0.00017555395364255,0.00983297910478331,0.0151589708374374,1000
sp13,71,species.k.sp0,-1.7642277441544e-05,0.0205664477667038,0.0336840424591131,1000
sp13,72,species.k.sp1,0.000108710029082442,0.00949366657290683,0.014717648183674,1000
sp13,73,species.k.sp2,-0.000520696865855296,0.0105731704614172,0.0162860838289536,1000
sp13,74,species.k.sp3,-0.000306471749738266,0.0114603683726489,0.0180843260896088,1000
sp13,75,species.k.sp4,-0.000243238838667378,0.0114677389355035,0.0174525659800335,1000
sp13,76,species.k.sp5,0.000845682263329201,0.0106223180609252,0.0165778306599795,1000
sp13,77,species.k.sp6,0.000652258190030477,0.00955998171217648,0.0151740731875099,1000
sp13,78,species.k.sp7,-9.45598448334637e-06,0.00886339145472403,0.0140939015888886,1000
sp13,79,species.k.sp8,-0.00057432701052504,0.00938787376321453,0.0141086885215295,1000
sp13,80,species.k.sp9,-0.00203204058169259,0.0215217408946202,0.0286489526554484,1000
sp13,81,species.k.sp10,0.000543391389556269,0.00903018184863904,0.0140222254097126,1000
sp13,82,species.k.sp11,-0.000189514004949858,0.00931588847175101,0.0142454114436777,1000
sp13,83,species.k.sp12,0.000598246959318204,0.0101005855424237,0.0156461353253016,1000
sp13,84,species.k.sp13,-0.00120133320111562,0.457603727218421,0.484396297286984,1000
sp13,85,species.k.sp14,-0.00046668440984373,0.00977241404463582,0.0150787055681071,1000
sp13,86,species.k.sp15,-0.000162313149580526,0.00927696323678925,0.0147069675798851,1000
sp13,87,species.l0.sp0,-0.000105613478881542,0.0106995175426203,0.0167576190336894,1000
sp13,88,species.l0.sp1,0.000462679478730485,0.00946284640551958,0.0146413672001433,1000
sp13,89,species.l0.sp2,0.000686466571426545,0.0108373560881352,0.0162098219352806,1000
sp13,90,species.l0.sp3,-0.000509625110712541,0.010434600421913,0.0163659466903746,1000
sp13,91,species.l0.sp4,-0.000198797255632655,0.0113781211407749,0.0170687891508855,1000
sp13,92,species.l0.sp5,-0.000582637360139429,0.00970225675035426,0.0151231878071801,1000
sp13,93,species.l0.sp6,-0.000694042803133801,0.00917191906955797,0.0146090703527662,1000
sp13,94,species.l0.sp7,-0.00054187144085057,0.00917297884793704,0.0141839230435575,1000
sp13,95,species.l0.sp8,0.000195572279153736,0.00941089028780351,0.0147601238362422,1000
sp13,96,species.l0.sp9,9.37837529384195e-05,0.0142269357241646,0.0208589322459283,1000
sp13,97,species.l0.sp10,-7.53996422480291e-05,0.00938516209012534,0.0140010926326611,1000
sp13,98,species.l0.sp11,-0.000218500649579654,0.00939965533797309,0.0146430891810796,1000
sp13,99,species.l0.sp12,0.000102725531764473,0.00967791794524094,0.0150849508213876,1000
sp13,100,species.l0.sp13,0.000141176816246698,0.00938013269101321,0.0144314628391092,1000
sp13,101,species.l0.sp14,0.000478886036647667,0.00906423792790019,0.0137909686080747,1000
sp13,102,species.l0.sp15,-4.18583556737267e-05,0.00900818292370617,0.0149852468559331,1000
sp13,103,mortality.additional.larva.rate.sp0,-0.000926287510740677,0.0211937580783637,0.0356023081531096,1000
sp13,104,mortality.additional.larva.rate.sp1,-0.000143239962401783,0.00919596365839729,0.014217151336698,1000
sp13,105,mortality.additional.larva.rate.sp2,0.00075540061921427,0.0194294312958858,0.0287286865575705,1000
sp13,106,mortality.additional.larva.rate.sp3,3.39241244330637e-05,0.0180100344214485,0.0275168597023889,1000
sp13,107,mortality.additional.larva.rate.sp4,-0.000231841735153083,0.00917744669815078,0.014569257882609,1000
sp13,108,mortality.additional.larva.rate.sp5,0.000521372788190976,0.0093655589862692,0.0147093141903973,1000
sp13,109,mortality.additional.larva.rate.sp6,-0.000757508745159146,0.00983871353837107,0.0152207258237637,1000
sp13,110,mortality.additional.larva.rate.sp9,0.000832146030422623,0.0173392432939599,0.0242615235580122,1000
sp13,111,mortality.additional.larva.rate.sp10,0.00026003705883338,0.0101202642484022,0.0155251851762675,1000
sp13,112,mortality.additional.larva.rate.sp11,-0.000613068798962397,0.0105534626979748,0.0172394389846077,1000
sp13,113,mortality.additional.larva.rate.sp12,0.000392901467467856,0.0114911609897479,0.0171076435090569,1000
sp13,114,mortality.additional.larva.rate.sp13,0.000444473714853064,0.0202848720467378,0.0242857962675197,1000
sp13,115,mortality.additional.larva.rate.sp14,-0.000723404073015623,0.00961729562462006,0.0149098822767047,1000
sp13,116,mortality.additional.larva.rate.sp15,-0.000500402868123132,0.00980625038374812,0.0152753797484297,1000
sp13,117,mortality.additional.larva.rate.mean.sp7,-0.000145698479469607,0.00984287819110147,0.0152997289026071,1000
sp13,118,mortality.additional.larva.rate.mean.sp8,0.000364383436168943,0.00908708384496864,0.0147358653161001,1000
sp13,119,species.linf.sp0,-0.00139093906191494,0.0235824094306722,0.0408614163952314,1000
sp13,120,species.linf.sp1,0.00137427825450456,0.0095727965353306,0.0147207881821386,1000
sp13,121,species.linf.sp2,-0.000466692736839235,0.0194748418674741,0.0290041892000263,1000
sp13,122,species.linf.sp3,-0.00107920447122331,0.0174230912162699,0.0265187875931122,1000
sp13,123,species.linf.sp4,-0.000435999117447619,0.01557450910052,0.0241098428885784,1000
sp13,124,species.linf.sp5,-0.000882730333214662,0.0135990764400432,0.0200552306385789,1000
sp13,125,species.linf.sp6,-0.000134102214647065,0.00915217973930686,0.0146174458568578,1000
sp13,126,species.linf.sp7,0.000564229051201648,0.0100353070822939,0.0158048296504958,1000
sp13,127,species.linf.sp8,0.000643771196724924,0.00960608085396177,0.0145635999853745,1000
sp13,128,species.linf.sp9,-6.60080774849813e-05,0.0517556393176815,0.0639353851240582,1000
sp13,129,species.linf.sp10,-6.93672478258044e-05,0.0102658204154112,0.0162712656192907,1000
sp13,130,species.linf.sp11,-0.000437331345929699,0.0107456718278874,0.0163348295330017,1000
sp13,131,species.linf.sp12,0.000474784554990454,0.0101507379619778,0.0159252352627917,1000
sp13,132,species.linf.sp13,-0.00573153535782474,0.427378056469896,0.44870945154902,1000
sp13,133,species.linf.sp14,-5.89033473365474e-06,0.00970094694652848,0.0158722130039873,1000
sp13,134,species.linf.sp15,0.000991656455324465,0.00979607731836488,0.0152520571800995,1000
sp13,135,species.accessibility2fish.sp16,0.000447647726549649,0.00986126899325066,0.0152821362223707,1000
sp13,136,species.accessibility2fish.sp17,7.43198810435464e-05,0.00914110352160424,0.0139839176683916,1000
sp13,137,species.accessibility2fish.sp18,0.000483910759452917,0.00925029735509612,0.0144844506640839,1000
sp13,138,species.accessibility2fish.sp19,-3.17494483377752e-05,0.0095268461204357,0.014791476112536,1000
sp13,139,species.accessibility2fish.sp20,-0.000200480930217447,0.00952089195244877,0.0145524896466156,1000
sp13,140,species.accessibility2fish.sp21,0.00173553868231007,0.0204693123656757,0.0374268224047386,1000
sp13,141,species.accessibility2fish.sp22,-0.000195410366884389,0.00950340146395437,0.0143560712926146,1000
sp13,142,species.accessibility2fish.sp23,-0.000252792562810669,0.00963317998401899,0.0156015820583818,1000
sp13,143,species.accessibility2fish.sp24,0.000153165050905588,0.00984275699183266,0.0148170401603796,1000
sp13,144,species.accessibility2fish.sp25,0.000510285124899074,0.00891710705876303,0.0137384457085357,1000
sp13,145,species.accessibility2fish.sp26,0.000142729502906729,0.00920531901984934,0.0146154862488034,1000
sp13,146,species.maturity.size.ratio.sp0,0.000396503510659072,0.0228441836185476,0.0396348375559338,1000
sp13,147,species.maturity.size.ratio.sp1,0.000579251874928703,0.00965846422073679,0.0153726339198027,1000
sp13,148,species.maturity.size.ratio.sp2,0.000345235944811845,0.00979437850720418,0.0155206025538139,1000
sp13,149,species.maturity.size.ratio.sp3,-0.00110240327239647,0.00964007796458542,0.0144303584438121,1000
sp13,150,species.maturity.size.ratio.sp4,-0.00012817820397513,0.0109289577326127,0.0159640875082357,1000
sp13,151,species.maturity.size.ratio.sp5,7.95752294474153e-05,0.00932330651698541,0.0143363590737,1000
sp13,152,species.maturity.size.ratio.sp6,0.000404942835104996,0.00917350803272934,0.0142726133840583,1000
sp13,153,species.maturity.size.ratio.sp7,-0.000985804700152856,0.00986762713197157,0.0154901317473344,1000
sp13,154,species.maturity.size.ratio.sp8,0.000167751636379757,0.00973800254527358,0.0150077069793892,1000
sp13,155,species.maturity.size.ratio.sp9,-0.000388372825896882,0.00942187131883624,0.0145237249510511,1000
sp13,156,species.maturity.size.ratio.sp10,0.000112939792254571,0.010202396428362,0.0160937054592072,1000
sp13,157,species.maturity.size.ratio.sp11,6.90963699757669e-05,0.0100585051521115,0.015063463551099,1000
sp13,158,species.maturity.size.ratio.sp12,-5.40125630949017e-05,0.00970901255220078,0.0154777694534105,1000
sp13,159,species.maturity.size.ratio.sp13,-0.00267911375093154,0.263174936652461,0.300909993224227,1000
sp13,160,species.maturity.size.ratio.sp14,-0.00146702271398535,0.00960500069016956,0.0141926536812685,1000
sp13,161,species.maturity.size.ratio.sp15,0.000669846794774823,0.00944279437370707,0.0146737139039634,1000
sp13,162,predation.predPrey.sizeRatio.teta.sp0.stage1,0.000131412655882911,0.00925593986739191,0.0138242030767891,1000
sp13,163,predation.predPrey.sizeRatio.alpha.sp0.stage1,3.85026436759464e-05,0.0113162844528019,0.0174223791431335,1000
sp13,164,predation.predPrey.sizeRatio.teta.sp1.stage1,0.000225972227206734,0.00877594000411935,0.0146716665863906,1000
sp13,165,predation.predPrey.sizeRatio.alpha.sp1.stage1,0.000147211047647856,0.00921145896442637,0.0140983556815537,1000
sp13,166,predation.predPrey.sizeRatio.teta.sp2.stage1,0.000301288024140733,0.00942770773411667,0.0146742113812748,1000
sp13,167,predation.predPrey.sizeRatio.alpha.sp2.stage1,4.06831704641188e-05,0.0106752245460536,0.0167897405831311,1000
sp13,168,predation.predPrey.sizeRatio.teta.sp3.stage1,9.11769350780092e-06,0.00940996200760059,0.0147681835057147,1000
sp13,169,predation.predPrey.sizeRatio.alpha.sp3.stage1,-0.000194789923282495,0.0125855559214015,0.0184721674890907,1000
sp13,170,predation.predPrey.sizeRatio.teta.sp4.stage1,0.000221371812393758,0.00952242156746178,0.0146551046272905,1000
sp13,171,predation.predPrey.sizeRatio.alpha.sp4.stage1,-1.84210595300468e-05,0.0120743748228564,0.0184268834922652,1000
sp13,172,predation.predPrey.sizeRatio.teta.sp5.stage1,-0.000131780025388401,0.00922452135886917,0.0142391632424532,1000
sp13,173,predation.predPrey.sizeRatio.teta.sp5.stage2,0.000204777010487592,0.0102214379855565,0.0155010799784854,1000
sp13,174,predation.predPrey.sizeRatio.alpha.sp5.stage1,0.000266796423331143,0.0093746833749707,0.0149613623264566,1000
sp13,175,predation.predPrey.sizeRatio.alpha.sp5.stage2,0.000301105506411096,0.0095197039012315,0.0146676290496265,1000
sp13,176,predation.predPrey.sizeRatio.teta.sp6.stage1,-0.000728824706024599,0.00943941066466133,0.0148654405915534,1000
sp13,177,predation.predPrey.sizeRatio.alpha.sp6.stage1,0.000287798202927546,0.00959500575553438,0.0151444832012297,1000
sp13,178,predation.predPrey.sizeRatio.teta.sp7.stage1,0.000131547140103856,0.00933326657129266,0.014540548532591,1000
sp13,179,predation.predPrey.sizeRatio.alpha.sp7.stage1,-0.000124331078717646,0.00919952903679555,0.0145903761252661,1000
sp13,180,predation.predPrey.sizeRatio.teta.sp8.stage1,0.00043929684684958,0.00997430993362372,0.0161165909218882,1000
sp13,181,predation.predPrey.sizeRatio.alpha.sp8.stage1,4.22538211391027e-05,0.0102895604218759,0.0155738782377286,1000
sp13,182,predation.predPrey.sizeRatio.teta.sp9.stage1,0.000150763564528552,0.00965934948370163,0.0148490808651975,1000
sp13,183,predation.predPrey.sizeRatio.alpha.sp9.stage1,-0.000855282280168199,0.0168580856781712,0.0235878545072865,1000
sp13,184,predation.predPrey.sizeRatio.teta.sp10.stage1,0.000169343204450109,0.00941092428223024,0.014616210644403,1000
sp13,185,predation.predPrey.sizeRatio.alpha.sp10.stage1,0.000774055488861075,0.00987666766437216,0.0159166873353395,1000
sp13,186,predation.predPrey.sizeRatio.teta.sp11.stage1,0.000231885899762888,0.00923058791049372,0.0141947134533301,1000
sp13,187,predation.predPrey.sizeRatio.alpha.sp11.stage1,0.000661081875829188,0.0103105572574893,0.0156329589580048,1000
sp13,188,predation.predPrey.sizeRatio.teta.sp12.stage1,-0.000408443410783388,0.00990513375581706,0.0154225020571856,1000
sp13,189,predation.predPrey.sizeRatio.alpha.sp12.stage1,6.63360115879703e-06,0.0106797798938059,0.0168474493693848,1000
sp13,190,predation.predPrey.sizeRatio.teta.sp13.stage1,8.60371444473919e-05,0.012747872661462,0.0188568576277934,1000
sp13,191,predation.predPrey.sizeRatio.alpha.sp13.stage1,0.00681052920482781,0.0917869622105403,0.115337184789713,1000
sp13,192,predation.predPrey.sizeRatio.teta.sp14.stage1,-0.00021042304531272,0.00947789025243314,0.0144242149553387,1000
sp13,193,predation.predPrey.sizeRatio.alpha.sp14.stage1,0.000453536462341534,0.0100059925542277,0.0151676718379872,1000
sp13,194,predation.predPrey.sizeRatio.teta.sp15.stage1,-0.000726892525250458,0.00985142494258801,0.0153210914429076,1000
sp13,195,predation.predPrey.sizeRatio.alpha.sp15.stage1,7.22331146992198e-05,0.00913700542862068,0.0139669385191959,1000
sp14,1,mortality.additional.rate.sp0,-3.54605961463199e-05,0.00667798483518895,0.00871560975533642,1000
sp14,2,mortality.additional.rate.sp1,0.000356034514358795,0.00641931649114063,0.00830525168984338,1000
sp14,3,mortality.additional.rate.sp2,0.000547587479365788,0.00860233603037089,0.0115440933652524,1000
sp14,4,mortality.additional.rate.sp3,0.000166640416689873,0.00720095453501318,0.00955266937736138,1000
sp14,5,mortality.additional.rate.sp4,6.11207423600102e-05,0.00675049077111671,0.00879240351247586,1000
sp14,6,mortality.additional.rate.sp5,0.000739335739041191,0.00951740795693481,0.0127809214261125,1000
sp14,7,mortality.additional.rate.sp6,-0.000278441368696303,0.00642943855473216,0.00827608927485581,1000
sp14,8,mortality.additional.rate.sp7,0.000154402880472418,0.0067163528718522,0.00866080017068468,1000
sp14,9,mortality.additional.rate.sp8,0.000342599715018795,0.00649315814923724,0.00842034078524597,1000
sp14,10,mortality.additional.rate.sp9,0.000148801009452872,0.00659392597385223,0.00855571775020164,1000
sp14,11,mortality.additional.rate.sp10,0.000307448733078884,0.00649247177466069,0.00838803310206515,1000
sp14,12,mortality.additional.rate.sp11,-0.000436629958404594,0.00646173800310356,0.00841530385441171,1000
sp14,13,mortality.additional.rate.sp12,0.000345239241776361,0.00657712634644442,0.00851744464818323,1000
sp14,14,mortality.additional.rate.sp13,-0.000274112681540826,0.00667619300700864,0.00871834781911048,1000
sp14,15,mortality.additional.rate.sp14,-0.000851617545255226,0.0111262773224769,0.0138077072567706,1000
sp14,16,mortality.additional.rate.sp15,-9.61681217463116e-05,0.00648933914730877,0.00846485742464567,1000
sp14,17,fisheries.rate.base.fsh0,-0.000707056336657399,0.0162826613827291,0.0202305554998366,1000
sp14,18,fisheries.rate.base.fsh1,-0.000228051982581243,0.00865730457729608,0.0111435335633277,1000
sp14,19,fisheries.rate.base.fsh2,0.000312910532256384,0.0067032956815471,0.00885367025664413,1000
sp14,20,fisheries.rate.base.fsh3,-0.000196131716168244,0.00694514747102849,0.00890017444183409,1000
sp14,21,species.catchability.fsh0.sp0,0.00109385826754276,0.0155405907009184,0.0207071783883123,1000
sp14,22,species.catchability.fsh0.sp1,-0.000464464827054103,0.0068479084231743,0.00891189344332252,1000
sp14,23,species.catchability.fsh0.sp2,-0.000199337612818785,0.00694490922999587,0.00901498860570423,1000
sp14,24,species.catchability.fsh0.sp3,-5.80648285615513e-05,0.00783039164821052,0.0102694152018022,1000
sp14,25,species.catchability.fsh0.sp5,0.000281101538869394,0.00747348741799782,0.00969201987776556,1000
sp14,26,species.catchability.fsh0.sp7,-0.000781309503911046,0.00677765811232468,0.00877782271463565,1000
sp14,27,species.catchability.fsh0.sp8,0.000137671415896764,0.0069680432599932,0.00913441595017681,1000
sp14,28,species.catchability.fsh0.sp9,-0.000304485332681928,0.00638694379290958,0.0083145866216398,1000
sp14,29,species.catchability.fsh0.sp10,3.72493681052977e-05,0.0066915640153447,0.00876610784224425,1000
sp14,30,species.catchability.fsh0.sp13,-0.000185249211196648,0.0065566269401558,0.0086840745545658,1000
sp14,31,species.catchability.fsh0.sp14,0.000215117529545255,0.00661298253161387,0.00868054910004612,1000
sp14,32,species.catchability.fsh0.sp15,-0.000413001289806969,0.00638452027850241,0.00836563070053788,1000
sp14,33,species.catchability.fsh1.sp9,-0.000284461739877526,0.00675861972243646,0.00889522576575475,1000
sp14,34,species.catchability.fsh1.sp10,6.27572164594711e-05,0.00677557668306759,0.00885854167729395,1000
sp14,35,species.catchability.fsh1.sp11,3.2584884784924e-05,0.00653826275690013,0.00851312326295531,1000
sp14,36,species.catchability.fsh1.sp12,0.000128964880573569,0.00679789641081553,0.00876674002016108,1000
sp14,37,species.catchability.fsh2.sp0,4.85450358111378e-05,0.00681855180631248,0.00888862296883503,1000
sp14,38,species.catchability.fsh2.sp5,-0.000104718139288213,0.00707720781792759,0.00912360566770588,1000
sp14,39,species.catchability.fsh2.sp7,-0.000191502637940079,0.0062911905309934,0.00821382670117155,1000
sp14,40,species.catchability.fsh2.sp8,-5.24030066469879e-05,0.00627453982539066,0.0082267099543572,1000
sp14,41,species.catchability.fsh3.sp0,0.000257679877368774,0.00689945542733256,0.00895191166570801,1000
sp14,42,species.catchability.fsh3.sp1,-0.000537320124784226,0.00663692541792356,0.00849858489011398,1000
sp14,43,species.catchability.fsh3.sp2,-0.000136116735309115,0.00655489886751628,0.00857662145301915,1000
sp14,44,species.catchability.fsh3.sp3,-6.0702425357577e-05,0.00665213881450219,0.00857462472019455,1000
sp14,45,species.catchability.fsh3.sp5,-0.000481505374661328,0.00653922645860552,0.00852229458734572,1000
sp14,46,species.catchability.fsh3.sp7,-0.000447230293339129,0.00662046911482665,0.00855708844890567,1000
sp14,47,species.catchability.fsh3.sp8,0.000235927859005598,0.00656951640965775,0.00837897414022916,1000
sp14,48,species.catchability.fsh3.sp9,-0.000192307974586384,0.0068125476833327,0.00898649710536095,1000
sp14,49,species.catchability.fsh3.sp10,3.77142169452083e-05,0.00643244293901598,0.00833997282067571,1000
sp14,50,species.catchability.fsh3.sp11,-0.00016720140886122,0.00648656679369434,0.00847352064556289,1000
sp14,51,species.catchability.fsh3.sp12,0.000256896413627041,0.00657404407844627,0.00842240937158899,1000
sp14,52,species.catchability.fsh3.sp13,0.000264801349335517,0.00658418632587829,0.0084474051336818,1000
sp14,53,species.catchability.fsh3.sp14,0.000257371299173976,0.0064797569948873,0.00843234937929598,1000
sp14,54,species.catchability.fsh3.sp15,6.14315812621023e-05,0.00673801102342864,0.00886257135792475,1000
sp14,55,species.length2weight.condition.factor.sp0,-0.000100967292160688,0.020548712788327,0.0286490402186686,1000
sp14,56,species.length2weight.condition.factor.sp1,-0.00041776793143263,0.00666646516700535,0.00848707256378931,1000
sp14,57,species.length2weight.condition.factor.sp2,-0.000321170991758081,0.00913099574354767,0.0126538536232693,1000
sp14,58,species.length2weight.condition.factor.sp3,0.000465282086667115,0.0103197637551207,0.013740096230788,1000
sp14,59,species.length2weight.condition.factor.sp4,-0.00021437747228854,0.0073186242311779,0.00939461576142344,1000
sp14,60,species.length2weight.condition.factor.sp5,-0.00010778611980454,0.00632153467792656,0.00819333786523046,1000
sp14,61,species.length2weight.condition.factor.sp6,0.000321701818953684,0.00655814688493265,0.00852596873923393,1000
sp14,62,species.length2weight.condition.factor.sp7,8.21280608309465e-05,0.006365246786063,0.00826395527793569,1000
sp14,63,species.length2weight.condition.factor.sp8,0.000685867657307427,0.00659998692715976,0.00850726701497388,1000
sp14,64,species.length2weight.condition.factor.sp9,-0.000146819052133912,0.00720414868577008,0.00925321987684457,1000
sp14,65,species.length2weight.condition.factor.sp10,0.000223392378528049,0.00697682270812032,0.00902912467871102,1000
sp14,66,species.length2weight.condition.factor.sp11,0.000162369832101232,0.0065367637364635,0.00840150334283689,1000
sp14,67,species.length2weight.condition.factor.sp12,0.000212081277419963,0.0067086410087149,0.00873397685552503,1000
sp14,68,species.length2weight.condition.factor.sp13,4.07033266025511e-05,0.00674995162918253,0.00881399004335408,1000
sp14,69,species.length2weight.condition.factor.sp14,0.000370819152606607,0.0265890379383508,0.0338806431055666,1000
sp14,70,species.length2weight.condition.factor.sp15,-0.000255643797482441,0.00698242705493119,0.00909567879224312,1000
sp14,71,species.k.sp0,-0.00102559484085739,0.0614020787331402,0.0847162503263697,1000
sp14,72,species.k.sp1,0.000115997264221186,0.00752283893654833,0.00975072805364502,1000
sp14,73,species.k.sp2,-8.01013262713537e-05,0.0165205378215947,0.0221105727511338,1000
sp14,74,species.k.sp3,0.000170160142171841,0.0190368269104658,0.0250034794787275,1000
sp14,75,species.k.sp4,-0.00184128394027688,0.0382109926200838,0.0423031831962299,1000
sp14,76,species.k.sp5,0.000256770365474184,0.0100791244689539,0.0134223821069693,1000
sp14,77,species.k.sp6,0.000595459351377236,0.0115939010578096,0.0139293729245107,1000
sp14,78,species.k.sp7,-0.000313795226624421,0.00644744950845681,0.0085281096454739,1000
sp14,79,species.k.sp8,-0.000142956246888772,0.0110152563973643,0.0137925713550581,1000
sp14,80,species.k.sp9,-6.09434274604345e-05,0.0143430214266432,0.0173987665843843,1000
sp14,81,species.k.sp10,0.000589484270518428,0.00797774695218604,0.0103949285746073,1000
sp14,82,species.k.sp11,2.44274647294541e-05,0.00700313341266693,0.0091166439283285,1000
sp14,83,species.k.sp12,-0.000284308286795451,0.00734200020719906,0.0095293555607733,1000
sp14,84,species.k.sp13,-0.000436796109597206,0.0330635467688776,0.0424438243517948,1000
sp14,85,species.k.sp14,-0.00326614683716079,0.132333496317247,0.141588199625286,1000
sp14,86,species.k.sp15,0.000263229088294175,0.00709823542487888,0.00953820327520327,1000
sp14,87,species.l0.sp0,0.000600368412177946,0.0152117410101997,0.02255502581708,1000
sp14,88,species.l0.sp1,0.000326671494362411,0.00642314692931688,0.00831893933003762,1000
sp14,89,species.l0.sp2,-5.0102416704836e-05,0.0149504463767678,0.0204612589065478,1000
sp14,90,species.l0.sp3,0.000204314254822292,0.00978692752838078,0.0130775899864185,1000
sp14,91,species.l0.sp4,-0.000302053809032565,0.0203783657732486,0.0233413198101807,1000
sp14,92,species.l0.sp5,-0.000585216668595995,0.00685455980801815,0.00893998007184596,1000
sp14,93,species.l0.sp6,-0.000842121932748175,0.00804304914672563,0.0101418220177779,1000
sp14,94,species.l0.sp7,0.000447023280189797,0.0066959091592789,0.00866191850402981,1000
sp14,95,species.l0.sp8,0.000449606346601021,0.0072720817510621,0.00959455654492488,1000
sp14,96,species.l0.sp9,-6.11436396104765e-05,0.0107698333691775,0.0136218301467438,1000
sp14,97,species.l0.sp10,0.000105777514231974,0.0104340084271486,0.0136545662854287,1000
sp14,98,species.l0.sp11,-0.000522972889559387,0.00688574978671476,0.00884348230302069,1000
sp14,99,species.l0.sp12,-0.000127385913953254,0.00664680103087092,0.00878975076122184,1000
sp14,100,species.l0.sp13,0.000188624879447651,0.00631733992624233,0.00824933796524736,1000
sp14,101,species.l0.sp14,0.000255809607295132,0.00627770936923055,0.008121739199458,1000
sp14,102,species.l0.sp15,1.43001429305076e-05,0.00659496129358848,0.00874301243167195,1000
sp14,103,mortality.additional.larva.rate.sp0,-3.96699081044065e-05,0.0642204985942702,0.0914145176436502,1000
sp14,104,mortality.additional.larva.rate.sp1,-0.000453328599449227,0.00691436527098919,0.00913429613593747,1000
sp14,105,mortality.additional.larva.rate.sp2,0.000820709307146448,0.0574425994731632,0.0729352104744772,1000
sp14,106,mortality.additional.larva.rate.sp3,0.00260820051816896,0.0538735708047541,0.0719990043796175,1000
sp14,107,mortality.additional.larva.rate.sp4,-0.000419550098945789,0.00674503474645241,0.00874033177262171,1000
sp14,108,mortality.additional.larva.rate.sp5,0.000303927820904234,0.00678468518897655,0.00886079404753698,1000
sp14,109,mortality.additional.larva.rate.sp6,-0.000235809259675224,0.00675577515716309,0.00878276374305223,1000
sp14,110,mortality.additional.larva.rate.sp9,-0.00114739299451664,0.0161251340568064,0.0191345953986008,1000
sp14,111,mortality.additional.larva.rate.sp10,0.000238993443465054,0.0135885980933883,0.018188734469791,1000
sp14,112,mortality.additional.larva.rate.sp11,-6.39165664051204e-05,0.00689956038792822,0.00902551386363894,1000
sp14,113,mortality.additional.larva.rate.sp12,0.000514671707333631,0.00857466211909832,0.0108913989464366,1000
sp14,114,mortality.additional.larva.rate.sp13,0.000288219679484694,0.00674601624828327,0.00880246246836631,1000
sp14,115,mortality.additional.larva.rate.sp14,0.00110252713985214,0.0361460890290716,0.0474356600114743,1000
sp14,116,mortality.additional.larva.rate.sp15,-0.000614419864724884,0.00862174698433807,0.0118835270424881,1000
sp14,117,mortality.additional.larva.rate.mean.sp7,-1.88350015795276e-05,0.00643505495782615,0.00834897283673158,1000
sp14,118,mortality.additional.larva.rate.mean.sp8,-0.000238367064845955,0.00763953757277207,0.010110500426968,1000
sp14,119,species.linf.sp0,-0.00504948227327743,0.069682390587023,0.102235627081314,1000
sp14,120,species.linf.sp1,-7.90963091294933e-05,0.0100872415730077,0.0129965584514874,1000
sp14,121,species.linf.sp2,0.000523421006098007,0.048235078335945,0.0625609736355111,1000
sp14,122,species.linf.sp3,-0.00178531692627017,0.0405225538161579,0.0543291569902801,1000
sp14,123,species.linf.sp4,0.000758916950141155,0.107476377685019,0.116280524770557,1000
sp14,124,species.linf.sp5,-0.000260108473606202,0.0214648662496037,0.0292789319572982,1000
sp14,125,species.linf.sp6,-0.000221457677684308,0.0263825337880467,0.0287730026499787,1000
sp14,126,species.linf.sp7,-6.10992398119543e-06,0.00700068632794946,0.00912136519455458,1000
sp14,127,species.linf.sp8,0.000469575013499967,0.0308227366288832,0.0353274670843907,1000
sp14,128,species.linf.sp9,-0.000715823147399695,0.0378178969905212,0.0439021805655371,1000
sp14,129,species.linf.sp10,0.000230275147091593,0.0175401241009738,0.0230861553841317,1000
sp14,130,species.linf.sp11,-0.000101975055240468,0.00757669966767647,0.00976542226995889,1000
sp14,131,species.linf.sp12,-0.000978637208646238,0.014593661104369,0.0174768088364399,1000
sp14,132,species.linf.sp13,-0.000170627461528911,0.0169785498576916,0.0223797689949386,1000
sp14,133,species.linf.sp14,-0.0109019103605169,0.30870713591329,0.317976921334764,1000
sp14,134,species.linf.sp15,-0.000240052787937527,0.00864064255352696,0.0116732212838228,1000
sp14,135,species.accessibility2fish.sp16,0.000272373975372487,0.00660668028443066,0.00841336013745261,1000
sp14,136,species.accessibility2fish.sp17,0.000394284974260649,0.00636298690396689,0.00818309221406393,1000
sp14,137,species.accessibility2fish.sp18,0.000117312913167871,0.00671266263200693,0.00889455373276468,1000
sp14,138,species.accessibility2fish.sp19,0.000300314843182203,0.0065524935656133,0.00859292932515564,1000
sp14,139,species.accessibility2fish.sp20,0.000216728717967925,0.00670090046334058,0.00865627542669275,1000
sp14,140,species.accessibility2fish.sp21,3.44533770924974e-05,0.00835072483922557,0.0110091140040182,1000
sp14,141,species.accessibility2fish.sp22,-0.00071134448666385,0.0252952413827719,0.0433597452067119,1000
sp14,142,species.accessibility2fish.sp23,-0.0013484414739074,0.0369233389585935,0.0393074446099299,1000
sp14,143,species.accessibility2fish.sp24,-0.00183590988596383,0.0660079205378214,0.0750154464894823,1000
sp14,144,species.accessibility2fish.sp25,-0.00024355175958833,0.00644074311468891,0.00835421279493087,1000
sp14,145,species.accessibility2fish.sp26,0.00054202436035413,0.00676674330218148,0.00865138474876209,1000
sp14,146,species.maturity.size.ratio.sp0,0.00170794678538551,0.0665418150228561,0.0979893500359698,1000
sp14,147,species.maturity.size.ratio.sp1,0.000366663579207536,0.00653355412070145,0.00839072954963872,1000
sp14,148,species.maturity.size.ratio.sp2,0.000319134720650627,0.0065161926534423,0.00853660870107866,1000
sp14,149,species.maturity.size.ratio.sp3,-0.000224479246364822,0.00689101016163934,0.00900143278464096,1000
sp14,150,species.maturity.size.ratio.sp4,-0.000364297997239776,0.00689116786020535,0.00886671957556212,1000
sp14,151,species.maturity.size.ratio.sp5,-0.000136351564800687,0.00637171120972359,0.00820556628223061,1000
sp14,152,species.maturity.size.ratio.sp6,-1.65601944383573e-05,0.00739428560066577,0.00961382504256616,1000
sp14,153,species.maturity.size.ratio.sp7,-2.11134989562797e-05,0.00617443602587233,0.0080097712482843,1000
sp14,154,species.maturity.size.ratio.sp8,-2.24485609911041e-05,0.00674864781996645,0.00896454019895274,1000
sp14,155,species.maturity.size.ratio.sp9,-0.000124322875928235,0.00713651012165724,0.00937011140754648,1000
sp14,156,species.maturity.size.ratio.sp10,-0.000189810610298883,0.00755198050055629,0.00999820914021863,1000
sp14,157,species.maturity.size.ratio.sp11,0.000183281990785239,0.00791419245874703,0.0103410165697431,1000
sp14,158,species.maturity.size.ratio.sp12,-0.000226207862437154,0.00706762692311381,0.00932887781012922,1000
sp14,159,species.maturity.size.ratio.sp13,-0.00143114917783346,0.0476203899012275,0.0571366916053538,1000
sp14,160,species.maturity.size.ratio.sp14,0.000415148357946121,0.0184179348066758,0.025566639461834,1000
sp14,161,species.maturity.size.ratio.sp15,-0.000107562466034116,0.00884659697144755,0.0119580127246424,1000
sp14,162,predation.predPrey.sizeRatio.teta.sp0.stage1,0.000253410388033039,0.00652199623578524,0.00854778725062369,1000
sp14,163,predation.predPrey.sizeRatio.alpha.sp0.stage1,0.00031963850117266,0.0147383685928509,0.0235169050774426,1000
sp14,164,predation.predPrey.sizeRatio.teta.sp1.stage1,-8.09704054880072e-06,0.00670712128811677,0.00858296984387678,1000
sp14,165,predation.predPrey.sizeRatio.alpha.sp1.stage1,0.000616143030860954,0.00883718193455333,0.0113285559931749,1000
sp14,166,predation.predPrey.sizeRatio.teta.sp2.stage1,-0.000235002206361364,0.00673754926286909,0.00871040316693168,1000
sp14,167,predation.predPrey.sizeRatio.alpha.sp2.stage1,-0.00024660923869675,0.0120487762976506,0.0173281503453023,1000
sp14,168,predation.predPrey.sizeRatio.teta.sp3.stage1,-1.88333562602069e-05,0.00775610010503307,0.010096404346542,1000
sp14,169,predation.predPrey.sizeRatio.alpha.sp3.stage1,-0.00152883608044932,0.0195883378720954,0.0260147771051591,1000
sp14,170,predation.predPrey.sizeRatio.teta.sp4.stage1,-0.000161922396345591,0.00748086102864648,0.00972275228234859,1000
sp14,171,predation.predPrey.sizeRatio.alpha.sp4.stage1,-0.00219529228278167,0.0387913985900817,0.0459339494476056,1000
sp14,172,predation.predPrey.sizeRatio.teta.sp5.stage1,-0.000144633329270324,0.00680030030174707,0.00883433092071985,1000
sp14,173,predation.predPrey.sizeRatio.teta.sp5.stage2,-6.48361277422218e-05,0.0098518748511314,0.0137386823336004,1000
sp14,174,predation.predPrey.sizeRatio.alpha.sp5.stage1,0.000129703255124343,0.00665883572077004,0.00868628580559656,1000
sp14,175,predation.predPrey.sizeRatio.alpha.sp5.stage2,-0.00025725456275717,0.00881007148735377,0.011932840327587,1000
sp14,176,predation.predPrey.sizeRatio.teta.sp6.stage1,-0.000433550733216013,0.00733969696476753,0.00952712189663961,1000
sp14,177,predation.predPrey.sizeRatio.alpha.sp6.stage1,0.000557995127898831,0.00866070251352473,0.0110830465659274,1000
sp14,178,predation.predPrey.sizeRatio.teta.sp7.stage1,0.000524203970733509,0.00663588630321932,0.00860746216608757,1000
sp14,179,predation.predPrey.sizeRatio.alpha.sp7.stage1,0.000256887732575477,0.00678424303043946,0.00892867163463543,1000
sp14,180,predation.predPrey.sizeRatio.teta.sp8.stage1,0.0003119744217352,0.00670591500668962,0.00899271867062642,1000
sp14,181,predation.predPrey.sizeRatio.alpha.sp8.stage1,0.000545919132612194,0.0210879417425507,0.0246147386347793,1000
sp14,182,predation.predPrey.sizeRatio.teta.sp9.stage1,0.000217309454722861,0.00733670012314523,0.00948928242602276,1000
sp14,183,predation.predPrey.sizeRatio.alpha.sp9.stage1,0.000391479304390377,0.0186762558430975,0.0242355775004848,1000
sp14,184,predation.predPrey.sizeRatio.teta.sp10.stage1,0.000119612156217262,0.00675920235255765,0.00874353244130442,1000
sp14,185,predation.predPrey.sizeRatio.alpha.sp10.stage1,0.000180914371578169,0.00846492473815422,0.0113452015471223,1000
sp14,186,predation.predPrey.sizeRatio.teta.sp11.stage1,-0.000278499915886769,0.00653092467500307,0.00845174912012683,1000
sp14,187,predation.predPrey.sizeRatio.alpha.sp11.stage1,0.000480772271267989,0.00703348900703569,0.00902004522079326,1000
sp14,188,predation.predPrey.sizeRatio.teta.sp12.stage1,-0.000124006993317473,0.00691887100931687,0.0090801739929856,1000
sp14,189,predation.predPrey.sizeRatio.alpha.sp12.stage1,-0.00054390252452587,0.00832071943500956,0.0107294323938456,1000
sp14,190,predation.predPrey.sizeRatio.teta.sp13.stage1,0.000400365013514664,0.00680245255126445,0.00885015205126839,1000
sp14,191,predation.predPrey.sizeRatio.alpha.sp13.stage1,0.00125448635662734,0.017121739916827,0.0232601814000242,1000
sp14,192,predation.predPrey.sizeRatio.teta.sp14.stage1,-0.00102222077339285,0.0225878963805878,0.0262835866851662,1000
sp14,193,predation.predPrey.sizeRatio.alpha.sp14.stage1,0.00301323823102857,0.219537443712108,0.231650584794405,1000
sp14,194,predation.predPrey.sizeRatio.teta.sp15.stage1,0.000698244575690888,0.00683845430825292,0.00876340719245474,1000
sp14,195,predation.predPrey.sizeRatio.alpha.sp15.stage1,0.000703060133997838,0.00726333243758752,0.00952755820526885,1000
sp15,1,mortality.additional.rate.sp0,-0.000127620710966166,0.00213450666104402,0.00364659106800337,1000
sp15,2,mortality.additional.rate.sp1,-0.000132050021429954,0.00215915187383329,0.00391165697486992,1000
sp15,3,mortality.additional.rate.sp2,5.78519117916549e-06,0.00316653610286298,0.00583154076964079,1000
sp15,4,mortality.additional.rate.sp3,-0.000232287189376423,0.00326981844324576,0.00604461363807419,1000
sp15,5,mortality.additional.rate.sp4,-3.41006446450192e-05,0.00197604022621475,0.00331121700340814,1000
sp15,6,mortality.additional.rate.sp5,6.71502948856521e-05,0.00300146341870513,0.00565733747648722,1000
sp15,7,mortality.additional.rate.sp6,-0.000206858931823862,0.00187748430440262,0.00288763901843297,1000
sp15,8,mortality.additional.rate.sp7,0.000142604628795656,0.00204871815272129,0.00347933214922611,1000
sp15,9,mortality.additional.rate.sp8,8.10854196130712e-05,0.00213033759524746,0.00356833675438593,1000
sp15,10,mortality.additional.rate.sp9,0.000172266439184693,0.00215180483674,0.0038570539672398,1000
sp15,11,mortality.additional.rate.sp10,-1.61787062323695e-05,0.00215682122857644,0.0039976763245239,1000
sp15,12,mortality.additional.rate.sp11,-4.78676241797129e-05,0.00203604338742838,0.00345329085608052,1000
sp15,13,mortality.additional.rate.sp12,0.000100249258717089,0.00216478742937266,0.00387684142815833,1000
sp15,14,mortality.additional.rate.sp13,4.35498708166562e-05,0.00204349191938301,0.0034715083094903,1000
sp15,15,mortality.additional.rate.sp14,-6.82533770776294e-06,0.00206013446137821,0.00358483784981997,1000
sp15,16,mortality.additional.rate.sp15,0.00183901649195627,0.0497318449866176,0.0620057421173239,1000
sp15,17,fisheries.rate.base.fsh0,0.00448311202675284,0.0902706115443686,0.110528843216995,1000
sp15,18,fisheries.rate.base.fsh1,5.16246587906859e-05,0.00238734095371854,0.00421413799445849,1000
sp15,19,fisheries.rate.base.fsh2,3.20297759579264e-05,0.00212287262812166,0.00376410555827886,1000
sp15,20,fisheries.rate.base.fsh3,0.00144195759900119,0.165490804914966,0.210635848555785,1000
sp15,21,species.catchability.fsh0.sp0,-0.000181243377855254,0.00376198785907078,0.0100255082374342,1000
sp15,22,species.catchability.fsh0.sp1,-2.57578113495044e-05,0.00215312821546177,0.00384068671184988,1000
sp15,23,species.catchability.fsh0.sp2,-4.53643046503705e-05,0.00202050093926109,0.00320347314350544,1000
sp15,24,species.catchability.fsh0.sp3,-0.000154047973547899,0.00365974629120749,0.00705023709684298,1000
sp15,25,species.catchability.fsh0.sp5,-0.000103581234167279,0.00253294560657481,0.00567077883664367,1000
sp15,26,species.catchability.fsh0.sp7,-0.000185307325407898,0.00197412772562164,0.00342465457137107,1000
sp15,27,species.catchability.fsh0.sp8,0.000271271436648652,0.00463697725657273,0.0076565362804842,1000
sp15,28,species.catchability.fsh0.sp9,-0.000138019279886181,0.00191972737610984,0.00314180868072765,1000
sp15,29,species.catchability.fsh0.sp10,-4.59235122342914e-05,0.0020269363875088,0.00345074433629264,1000
sp15,30,species.catchability.fsh0.sp13,0.000206398539575167,0.00205152861895891,0.00393373788745043,1000
sp15,31,species.catchability.fsh0.sp14,-6.87809038800858e-06,0.00192777825782423,0.00321236745902186,1000
sp15,32,species.catchability.fsh0.sp15,0.000270677487045257,0.10046067869393,0.123704682313146,1000
sp15,33,species.catchability.fsh1.sp9,0.000182413517569725,0.00210140798461011,0.00390001534692213,1000
sp15,34,species.catchability.fsh1.sp10,3.88744241187704e-06,0.00212125755860872,0.0037438816873784,1000
sp15,35,species.catchability.fsh1.sp11,1.72253679660978e-05,0.00211441821462195,0.00370078262787464,1000
sp15,36,species.catchability.fsh1.sp12,-0.000182582771550318,0.00210506559434653,0.00352890647359372,1000
sp15,37,species.catchability.fsh2.sp0,0.000201045536666547,0.00203055344241923,0.00352901839403227,1000
sp15,38,species.catchability.fsh2.sp5,-0.000155123507508029,0.00196160494010841,0.00378438336361166,1000
sp15,39,species.catchability.fsh2.sp7,7.05651691102053e-05,0.00200359860860987,0.00352873138228405,1000
sp15,40,species.catchability.fsh2.sp8,3.20291899377993e-05,0.00211166506539345,0.00369762601258571,1000
sp15,41,species.catchability.fsh3.sp0,0.000125662474670616,0.00218455222009111,0.00385072029244563,1000
sp15,42,species.catchability.fsh3.sp1,8.67073805188985e-05,0.00214279020890385,0.00383464940831128,1000
sp15,43,species.catchability.fsh3.sp2,-0.000138988683920324,0.00212775321049129,0.00389059445242356,1000
sp15,44,species.catchability.fsh3.sp3,-7.50967189131013e-05,0.00200824569352528,0.00327397556516051,1000
sp15,45,species.catchability.fsh3.sp5,-2.36680090511177e-05,0.00207939197681231,0.00361162286986495,1000
sp15,46,species.catchability.fsh3.sp7,-0.000115519734865745,0.00212514758350028,0.00378678570300746,1000
sp15,47,species.catchability.fsh3.sp8,-7.66791971069858e-05,0.00206117246486797,0.00328161056914056,1000
sp15,48,species.catchability.fsh3.sp9,0.000366738699434862,0.00215626457451866,0.00418986021657358,1000
sp15,49,species.catchability.fsh3.sp10,-0.000120613957474459,0.00212200368160948,0.0038240573727718,1000
sp15,50,species.catchability.fsh3.sp11,0.000110869005602401,0.00202080641569025,0.00340327192345194,1000
sp15,51,species.catchability.fsh3.sp12,8.71476551782656e-05,0.00204145647411895,0.00345152647050307,1000
sp15,52,species.catchability.fsh3.sp13,0.000309136911866959,0.00202705674946248,0.00379264348272932,1000
sp15,53,species.catchability.fsh3.sp14,0.000143987490728227,0.0020680661639885,0.0035565797697896,1000
sp15,54,species.catchability.fsh3.sp15,0.0068547970051138,0.158947893051395,0.196678053348323,1000
sp15,55,species.length2weight.condition.factor.sp0,-0.000103441976019227,0.00533551813252148,0.0183481691389956,1000
sp15,56,species.length2weight.condition.factor.sp1,-5.32455453269987e-06,0.00209986753018272,0.00390226108240951,1000
sp15,57,species.length2weight.condition.factor.sp2,-6.65850867573262e-05,0.00322001962177604,0.00717030224623957,1000
sp15,58,species.length2weight.condition.factor.sp3,-0.000160025291904143,0.00459762460801724,0.0085469763092964,1000
sp15,59,species.length2weight.condition.factor.sp4,9.96804571990987e-05,0.00258080498311663,0.00439864031865198,1000
sp15,60,species.length2weight.condition.factor.sp5,-5.66993913451569e-05,0.00193455830241819,0.00316685788047559,1000
sp15,61,species.length2weight.condition.factor.sp6,-0.000111170881633657,0.00219872429050856,0.00403054492382825,1000
sp15,62,species.length2weight.condition.factor.sp7,3.46037885082446e-05,0.00198836728302453,0.00345600299684347,1000
sp15,63,species.length2weight.condition.factor.sp8,0.000245867515650231,0.00202887208783522,0.00349702618324868,1000
sp15,64,species.length2weight.condition.factor.sp9,-0.000120811244325059,0.00212822339058868,0.00358383449295302,1000
sp15,65,species.length2weight.condition.factor.sp10,2.15778831261362e-05,0.00212057822242199,0.00357229452905945,1000
sp15,66,species.length2weight.condition.factor.sp11,6.05219619168208e-06,0.00204958784115741,0.00353869884544608,1000
sp15,67,species.length2weight.condition.factor.sp12,-3.28791378045371e-05,0.00204362995007814,0.00355927272665587,1000
sp15,68,species.length2weight.condition.factor.sp13,-0.000183583897524537,0.00210921286063383,0.0036313427776706,1000
sp15,69,species.length2weight.condition.factor.sp14,0.00025031125876763,0.00259885426901274,0.00439054919351741,1000
sp15,70,species.length2weight.condition.factor.sp15,-0.00793646296333655,0.351351605598176,0.543187815195649,1000
sp15,71,species.k.sp0,0.00185932128653286,0.0140117008944515,0.0532737757367912,1000
sp15,72,species.k.sp1,-6.23151051113039e-05,0.00235540396463723,0.00420308074151883,1000
sp15,73,species.k.sp2,-0.000734979327180506,0.00720369630781641,0.0139663911335117,1000
sp15,74,species.k.sp3,0.000678918350450932,0.0117295462225603,0.0229077966477707,1000
sp15,75,species.k.sp4,0.000110595146108379,0.00427332551975222,0.00820030273244159,1000
sp15,76,species.k.sp5,0.000782504380753768,0.0037055344453833,0.0103153977387876,1000
sp15,77,species.k.sp6,0.000138425718965631,0.00228783485185068,0.00406663317607204,1000
sp15,78,species.k.sp7,0.000107440239250138,0.0021397382389429,0.00408218939817153,1000
sp15,79,species.k.sp8,-0.000603444433300749,0.0105084511788373,0.019457655116516,1000
sp15,80,species.k.sp9,-0.000401550500381518,0.00275727279991855,0.00504336787061444,1000
sp15,81,species.k.sp10,-0.000176098582606308,0.00258785529494339,0.00488383142474813,1000
sp15,82,species.k.sp11,-0.000195984258996432,0.00218778484449092,0.00358381081120329,1000
sp15,83,species.k.sp12,-5.25250738769766e-05,0.00224912517647863,0.00414496795585014,1000
sp15,84,species.k.sp13,-0.0004369859841924,0.00501016222979972,0.0104448478879303,1000
sp15,85,species.k.sp14,0.000211111993601214,0.00444924672445341,0.00803042204860502,1000
sp15,86,species.k.sp15,-0.0139552065670326,0.583667689955589,0.937264422779683,1000
sp15,87,species.l0.sp0,0.000292426376035607,0.00299252970423065,0.00577364363753414,1000
sp15,88,species.l0.sp1,-0.000200873462519769,0.00225212317949141,0.00433232539212783,1000
sp15,89,species.l0.sp2,-0.000152025817227148,0.005611458168276,0.0107307611017364,1000
sp15,90,species.l0.sp3,4.18970389672624e-05,0.00446119423769837,0.00889042200605091,1000
sp15,91,species.l0.sp4,0.000334458268467558,0.00426184233816296,0.00722990564699433,1000
sp15,92,species.l0.sp5,-0.000248945853369175,0.00199950584765854,0.00350777044342493,1000
sp15,93,species.l0.sp6,-3.80281360418611e-05,0.0022101065051119,0.00403278033387957,1000
sp15,94,species.l0.sp7,-0.000111269913393058,0.00197870653922183,0.00332469741534189,1000
sp15,95,species.l0.sp8,4.96245662732743e-05,0.00274137334077025,0.00512399313321369,1000
sp15,96,species.l0.sp9,-0.000299116596459756,0.00264939746445041,0.00511173716724007,1000
sp15,97,species.l0.sp10,4.4880309337818e-05,0.00328891860054558,0.00746723066995118,1000
sp15,98,species.l0.sp11,-0.000127038930708897,0.00211728676812256,0.00375306903505896,1000
sp15,99,species.l0.sp12,5.55120413948969e-05,0.00218112888964422,0.00433075240417512,1000
sp15,100,species.l0.sp13,-9.26665687772145e-05,0.00202499172024889,0.00383729810117267,1000
sp15,101,species.l0.sp14,-8.45074353009211e-05,0.00205775056968634,0.00393458846555466,1000
sp15,102,species.l0.sp15,-0.00765290609209579,0.140352116039347,0.270708133611199,1000
sp15,103,mortality.additional.larva.rate.sp0,0.000212622467459797,0.011316867866384,0.0396982684549643,1000
sp15,104,mortality.additional.larva.rate.sp1,0.000118756789487439,0.00223278646777558,0.00418915569527346,1000
sp15,105,mortality.additional.larva.rate.sp2,0.0017104138510207,0.0177489597326682,0.0354322078823789,1000
sp15,106,mortality.additional.larva.rate.sp3,0.00150699073471734,0.0267920230573485,0.0524788966292439,1000
sp15,107,mortality.additional.larva.rate.sp4,-0.000116356473790087,0.00195331598615797,0.00315833442270442,1000
sp15,108,mortality.additional.larva.rate.sp5,0.00012795741335343,0.00201120877604586,0.00342866434415392,1000
sp15,109,mortality.additional.larva.rate.sp6,0.000107102259401947,0.00195078533862199,0.00326862929457794,1000
sp15,110,mortality.additional.larva.rate.sp9,-0.00033188032434995,0.00468028103332353,0.00910373616818293,1000
sp15,111,mortality.additional.larva.rate.sp10,0.00013169268759442,0.00454993942716118,0.00883085315460056,1000
sp15,112,mortality.additional.larva.rate.sp11,1.26077485727241e-05,0.00201794561818118,0.00338753892114538,1000
sp15,113,mortality.additional.larva.rate.sp12,0.000198065453623065,0.00276371373087247,0.00475557477346455,1000
sp15,114,mortality.additional.larva.rate.sp13,0.000123056879276116,0.00195036282191076,0.00326421525310344,1000
sp15,115,mortality.additional.larva.rate.sp14,-9.61709089788868e-05,0.00377143349618836,0.00682624098822849,1000
sp15,116,mortality.additional.larva.rate.sp15,0.014288505902745,0.926984421149334,1.30150529156234,1000
sp15,117,mortality.additional.larva.rate.mean.sp7,4.46487407551623e-05,0.00207834755554988,0.00367652522726488,1000
sp15,118,mortality.additional.larva.rate.mean.sp8,3.87381985224135e-05,0.00316606004237105,0.0059012556642047,1000
sp15,119,species.linf.sp0,-0.00379854437972788,0.0137627420603237,0.0490737827662431,1000
sp15,120,species.linf.sp1,-0.000218881818114135,0.00314735750486551,0.00538722049425822,1000
sp15,121,species.linf.sp2,0.00083619991167627,0.021446783072019,0.041148047248077,1000
sp15,122,species.linf.sp3,-0.0028840787196525,0.028714051870865,0.0583572315027245,1000
sp15,123,species.linf.sp4,0.000236760048850734,0.0081196657444793,0.0153131181342839,1000
sp15,124,species.linf.sp5,-3.06071770855701e-05,0.00864154261220018,0.0174907968094127,1000
sp15,125,species.linf.sp6,8.50167022340882e-05,0.00230667300844223,0.00432612056739184,1000
sp15,126,species.linf.sp7,0.000288751002946392,0.00221309009982177,0.00411732967572541,1000
sp15,127,species.linf.sp8,-0.000217702473126362,0.027399071677527,0.0400869502363457,1000
sp15,128,species.linf.sp9,-0.000127450115500154,0.00481765388484163,0.00890498047721615,1000
sp15,129,species.linf.sp10,0.000417210161126859,0.00476809517910594,0.00998724387842556,1000
sp15,130,species.linf.sp11,-0.000197982223560554,0.00308788610397017,0.00605088969704422,1000
sp15,131,species.linf.sp12,-0.000288259446863559,0.00379090552236901,0.00682922136055292,1000
sp15,132,species.linf.sp13,0.000244133673392741,0.0029679467321599,0.00535216492145864,1000
sp15,133,species.linf.sp14,0.000212877342027895,0.0144001635151051,0.0242883058309101,1000
sp15,134,species.linf.sp15,0.078658095945029,1.1303589961455,1.5756156972514,1000
sp15,135,species.accessibility2fish.sp16,-8.3979369576128e-05,0.00216240035801528,0.00371330052000335,1000
sp15,136,species.accessibility2fish.sp17,-4.84053154350724e-06,0.00203111156194307,0.00329782081599935,1000
sp15,137,species.accessibility2fish.sp18,-2.94748696712309e-05,0.00208453728205972,0.0035440472698744,1000
sp15,138,species.accessibility2fish.sp19,-0.000104918544571787,0.00214456160034015,0.00414199153448621,1000
sp15,139,species.accessibility2fish.sp20,-6.61957245193973e-05,0.00200947533319908,0.00325244702238264,1000
sp15,140,species.accessibility2fish.sp21,0.000102487177944337,0.00314567136299535,0.00629928946562387,1000
sp15,141,species.accessibility2fish.sp22,5.85492464044059e-05,0.00229460550396799,0.00425458676982502,1000
sp15,142,species.accessibility2fish.sp23,-3.40198462661034e-05,0.00267347030787057,0.00493546244537158,1000
sp15,143,species.accessibility2fish.sp24,-0.00134394516503695,0.0142948027252499,0.0216591754147545,1000
sp15,144,species.accessibility2fish.sp25,3.77115485118958e-05,0.00210733328015349,0.00365754875987181,1000
sp15,145,species.accessibility2fish.sp26,0.000209335200706845,0.0040673308286995,0.00966118386065468,1000
sp15,146,species.maturity.size.ratio.sp0,0.000271398310986344,0.0134986195054296,0.0470185693315747,1000
sp15,147,species.maturity.size.ratio.sp1,7.00422806983351e-05,0.00184178156090664,0.00329537373345279,1000
sp15,148,species.maturity.size.ratio.sp2,-7.00891019069889e-05,0.00225705844400676,0.00397763409194346,1000
sp15,149,species.maturity.size.ratio.sp3,0.000111475098122504,0.00243285116669024,0.00432379257020696,1000
sp15,150,species.maturity.size.ratio.sp4,-0.000282820153070161,0.00270603817378185,0.00464773486901937,1000
sp15,151,species.maturity.size.ratio.sp5,-0.000190040691586587,0.00214362558222964,0.00402792047853925,1000
sp15,152,species.maturity.size.ratio.sp6,3.19172209540675e-05,0.00207085622987184,0.00354318406628918,1000
sp15,153,species.maturity.size.ratio.sp7,-0.000222201650410046,0.00205650880408192,0.00348892094332526,1000
sp15,154,species.maturity.size.ratio.sp8,1.35333701860905e-06,0.00203021286435248,0.00360122076648641,1000
sp15,155,species.maturity.size.ratio.sp9,3.12536887805221e-05,0.00210726131709557,0.00338645897483367,1000
sp15,156,species.maturity.size.ratio.sp10,2.72867860898111e-05,0.00224757864465367,0.0040895187128967,1000
sp15,157,species.maturity.size.ratio.sp11,-9.61557863692643e-05,0.00302512147978692,0.00607395375539747,1000
sp15,158,species.maturity.size.ratio.sp12,-5.74662246072794e-05,0.00213545593917398,0.00364330831542324,1000
sp15,159,species.maturity.size.ratio.sp13,-0.000200219305361648,0.00804153003363181,0.0152748171947969,1000
sp15,160,species.maturity.size.ratio.sp14,-3.6279852400146e-05,0.002058231644104,0.00354402033124713,1000
sp15,161,species.maturity.size.ratio.sp15,-0.0186163558507094,0.966352100962766,1.54814116105952,1000
sp15,162,predation.predPrey.sizeRatio.teta.sp0.stage1,-0.000323724274324254,0.00256949701192417,0.00500094929222443,1000
sp15,163,predation.predPrey.sizeRatio.alpha.sp0.stage1,0.00011298005292703,0.00510447504938526,0.0191462790129265,1000
sp15,164,predation.predPrey.sizeRatio.teta.sp1.stage1,3.93212881340707e-05,0.00217479346785188,0.00370558145008796,1000
sp15,165,predation.predPrey.sizeRatio.alpha.sp1.stage1,0.000370551222496343,0.00441953070699466,0.00760500311564449,1000
sp15,166,predation.predPrey.sizeRatio.teta.sp2.stage1,-6.09085297646721e-05,0.00265218692703058,0.00461243768451348,1000
sp15,167,predation.predPrey.sizeRatio.alpha.sp2.stage1,-0.000917975640668819,0.0101941352049561,0.0215032085907557,1000
sp15,168,predation.predPrey.sizeRatio.teta.sp3.stage1,-0.000156260094229374,0.00267086550803091,0.00565299812277818,1000
sp15,169,predation.predPrey.sizeRatio.alpha.sp3.stage1,-0.000106841236047196,0.00723901779904188,0.0167792896602505,1000
sp15,170,predation.predPrey.sizeRatio.teta.sp4.stage1,0.000161511454153196,0.00230376580879393,0.00402654025899353,1000
sp15,171,predation.predPrey.sizeRatio.alpha.sp4.stage1,-0.000442425051940142,0.00468054604947865,0.0107715799264209,1000
sp15,172,predation.predPrey.sizeRatio.teta.sp5.stage1,-5.41741936122578e-05,0.00207209696752082,0.00387368109259159,1000
sp15,173,predation.predPrey.sizeRatio.teta.sp5.stage2,0.00037163885791763,0.0037239238757851,0.00767151160081648,1000
sp15,174,predation.predPrey.sizeRatio.alpha.sp5.stage1,6.69437949220105e-05,0.00203951167067334,0.00342573695760293,1000
sp15,175,predation.predPrey.sizeRatio.alpha.sp5.stage2,-6.72241849145818e-05,0.00252784902818538,0.00409156251806324,1000
sp15,176,predation.predPrey.sizeRatio.teta.sp6.stage1,0.000122108147789448,0.00217825871789182,0.00381765335480057,1000
sp15,177,predation.predPrey.sizeRatio.alpha.sp6.stage1,6.43104698532799e-05,0.00229671898939055,0.00412860142356584,1000
sp15,178,predation.predPrey.sizeRatio.teta.sp7.stage1,0.00013462198139532,0.00224213924015373,0.00421191111263834,1000
sp15,179,predation.predPrey.sizeRatio.alpha.sp7.stage1,7.238503516698e-05,0.00272347237314163,0.00499331077947116,1000
sp15,180,predation.predPrey.sizeRatio.teta.sp8.stage1,-0.000239156404710243,0.00365591980005603,0.00584538814344765,1000
sp15,181,predation.predPrey.sizeRatio.alpha.sp8.stage1,-3.21117340235768e-06,0.0253254661638313,0.0374343189049714,1000
sp15,182,predation.predPrey.sizeRatio.teta.sp9.stage1,9.26727043194597e-05,0.00219605994183002,0.00397384205249559,1000
sp15,183,predation.predPrey.sizeRatio.alpha.sp9.stage1,-0.000141865347091388,0.00363839920165877,0.00775432885965271,1000
sp15,184,predation.predPrey.sizeRatio.teta.sp10.stage1,2.27995180156119e-05,0.00200506883838101,0.00331961479068979,1000
sp15,185,predation.predPrey.sizeRatio.alpha.sp10.stage1,-9.68830543342571e-05,0.00238578672701635,0.00488302882311637,1000
sp15,186,predation.predPrey.sizeRatio.teta.sp11.stage1,-0.000136400098670224,0.0019110766639224,0.00334210849791305,1000
sp15,187,predation.predPrey.sizeRatio.alpha.sp11.stage1,-7.70241467756614e-07,0.00207133877649655,0.00374367943121516,1000
sp15,188,predation.predPrey.sizeRatio.teta.sp12.stage1,-2.24826516999571e-05,0.00223166753185933,0.00372798826434477,1000
sp15,189,predation.predPrey.sizeRatio.alpha.sp12.stage1,-0.000192318374895744,0.00329380881319713,0.00582927826155089,1000
sp15,190,predation.predPrey.sizeRatio.teta.sp13.stage1,4.6198492691515e-05,0.00209801107751205,0.00358826301729889,1000
sp15,191,predation.predPrey.sizeRatio.alpha.sp13.stage1,-0.000330292560749851,0.00298300289355537,0.0056698797373015,1000
sp15,192,predation.predPrey.sizeRatio.teta.sp14.stage1,0.000233301096968128,0.00239952661427095,0.00384985424277608,1000
sp15,193,predation.predPrey.sizeRatio.alpha.sp14.stage1,-0.000801488858262353,0.0182370939841682,0.0312930939689924,1000
sp15,194,predation.predPrey.sizeRatio.teta.sp15.stage1,4.84209749179927e-05,0.00337771005991149,0.00576477424862111,1000
sp15,195,predation.predPrey.sizeRatio.alpha.sp15.stage1,-0.000705806334134446,0.0332965102637145,0.0768362927823486,1000
