species,param_id,param_name,mu,mu_star,sigma,n_ee
sp0,1,mortality.additional.rate.sp0,0.000204892371786906,0.0536082831155561,0.0844147717481035,1000
sp0,2,mortality.additional.rate.sp1,0.000229114151994799,0.0291163391788312,0.0508579013466265,1000
sp0,3,mortality.additional.rate.sp2,0.00225727164181692,0.0406075492188691,0.0710777034510382,1000
sp0,4,mortality.additional.rate.sp3,-0.00166465310536235,0.040594788339023,0.0724578275675612,1000
sp0,5,mortality.additional.rate.sp4,-0.000291954870631853,0.027076887883282,0.0452825838633501,1000
sp0,6,mortality.additional.rate.sp5,-0.0196811451888755,0.200192255924238,0.300467483898824,1000
sp0,7,mortality.additional.rate.sp6,-0.00461588980710434,0.0295630742376561,0.0514781702848877,1000
sp0,8,mortality.additional.rate.sp7,-0.000617830803637763,0.0300569328610343,0.0507519381767826,1000
sp0,9,mortality.additional.rate.sp8,0.000882791368237076,0.0284995193248318,0.0496123329362084,1000
sp0,10,mortality.additional.rate.sp9,-0.000769809714058911,0.0290170159756631,0.050036122665914,1000
sp0,11,mortality.additional.rate.sp10,0.000492640046666958,0.0304091977816077,0.0513585553606597,1000
sp0,12,mortality.additional.rate.sp11,0.000128254815329759,0.0270566684121445,0.0459346691500724,1000
sp0,13,mortality.additional.rate.sp12,-0.00179641937623526,0.0290044875295769,0.0498929861125148,1000
sp0,14,mortality.additional.rate.sp13,-0.000445215949507516,0.0284922789318288,0.0473601979751385,1000
sp0,15,mortality.additional.rate.sp14,-0.00191806062982408,0.0289191835787982,0.0498041571933359,1000
sp0,16,mortality.additional.rate.sp15,-0.0020399555022464,0.0286873559325604,0.0495104495846526,1000
sp0,17,fisheries.rate.base.fsh0,-0.0191010219255881,0.330257615441346,0.566287632417325,1000
sp0,18,fisheries.rate.base.fsh1,-0.00166263822407777,0.0311023985384848,0.0529598306822069,1000
sp0,19,fisheries.rate.base.fsh2,0.000311656646858266,0.0407325845149791,0.0805878159962992,1000
sp0,20,fisheries.rate.base.fsh3,-0.000157430368157737,0.0606124978940161,0.107745165362219,1000
sp0,21,species.catchability.fsh0.sp0,-0.00782951750056786,0.204331387773455,0.419476554521463,1000
sp0,22,species.catchability.fsh0.sp1,0.00266338519204802,0.0303169800255765,0.0542450674775225,1000
sp0,23,species.catchability.fsh0.sp2,0.000195415899796038,0.0310493626760935,0.0577669310924854,1000
sp0,24,species.catchability.fsh0.sp3,-0.00196936098610301,0.0544571078641414,0.0942836392117206,1000
sp0,25,species.catchability.fsh0.sp5,0.000954666445551252,0.106904079710362,0.163487984971851,1000
sp0,26,species.catchability.fsh0.sp7,-0.00127813413591609,0.0260496196284765,0.0450488588355848,1000
sp0,27,species.catchability.fsh0.sp8,9.81655845622012e-05,0.0387130889985232,0.0660220068808189,1000
sp0,28,species.catchability.fsh0.sp9,0.000909390164664919,0.0283605723792563,0.0489659388144859,1000
sp0,29,species.catchability.fsh0.sp10,-0.000234542704982087,0.0287590842811145,0.0489266888692036,1000
sp0,30,species.catchability.fsh0.sp13,-0.000729131160690599,0.030010744267082,0.051931622625395,1000
sp0,31,species.catchability.fsh0.sp14,-0.00058669221613591,0.0280084749904955,0.0469800830128684,1000
sp0,32,species.catchability.fsh0.sp15,0.00145274248943306,0.0281462104415849,0.0471181770646334,1000
sp0,33,species.catchability.fsh1.sp9,-0.000518158720186621,0.0288752014628819,0.0515185889545949,1000
sp0,34,species.catchability.fsh1.sp10,0.00133677568250823,0.0322856502999208,0.0559451659494731,1000
sp0,35,species.catchability.fsh1.sp11,0.000754851246050204,0.0288002874652819,0.0498917371166305,1000
sp0,36,species.catchability.fsh1.sp12,-0.00167294602211893,0.0299152540140943,0.0537310610986787,1000
sp0,37,species.catchability.fsh2.sp0,0.00071447891441413,0.0418243239325351,0.0766727267004232,1000
sp0,38,species.catchability.fsh2.sp5,-0.00167716432122487,0.0319823370796665,0.0538938885232904,1000
sp0,39,species.catchability.fsh2.sp7,-0.00200583037565252,0.0296105017044059,0.0509415993574444,1000
sp0,40,species.catchability.fsh2.sp8,0.00137536154187488,0.0287514802407559,0.0497181244152918,1000
sp0,41,species.catchability.fsh3.sp0,-0.00133058676527905,0.0452813987214878,0.0861915959442528,1000
sp0,42,species.catchability.fsh3.sp1,0.00154208339904886,0.0282640886035173,0.0503102937195638,1000
sp0,43,species.catchability.fsh3.sp2,-0.000265701267630807,0.0300455199655436,0.0524569320454024,1000
sp0,44,species.catchability.fsh3.sp3,-0.00195877260126618,0.0288579628255788,0.0473440137012927,1000
sp0,45,species.catchability.fsh3.sp5,-0.00058544386681488,0.0315535099299772,0.0514340815767723,1000
sp0,46,species.catchability.fsh3.sp7,0.00083644379011947,0.0300467612281004,0.0500067242730992,1000
sp0,47,species.catchability.fsh3.sp8,-0.00399185344604089,0.0271481927724125,0.0457387106336082,1000
sp0,48,species.catchability.fsh3.sp9,-0.000673359380739286,0.0284407700095546,0.0493863670122762,1000
sp0,49,species.catchability.fsh3.sp10,3.37552532585243e-05,0.028469642184446,0.0484351843880477,1000
sp0,50,species.catchability.fsh3.sp11,0.000443264108851148,0.0268344563934671,0.0465809539402588,1000
sp0,51,species.catchability.fsh3.sp12,0.00269231285220096,0.0271880926524486,0.0462972706054342,1000
sp0,52,species.catchability.fsh3.sp13,0.000351746893717411,0.0287947453011983,0.0491216792588898,1000
sp0,53,species.catchability.fsh3.sp14,0.00203434217883319,0.0281161127754272,0.0478396681255082,1000
sp0,54,species.catchability.fsh3.sp15,0.000767134683582435,0.029482259739629,0.0500757716229321,1000
sp0,55,species.length2weight.condition.factor.sp0,0.0148307282412063,0.787665405190779,1.17945397276503,1000
sp0,56,species.length2weight.condition.factor.sp1,-0.00185718925246239,0.0293334665982889,0.0494024771386191,1000
sp0,57,species.length2weight.condition.factor.sp2,0.000733287319707701,0.0406604059268101,0.0764755489524751,1000
sp0,58,species.length2weight.condition.factor.sp3,0.0014991865366364,0.0428424913603454,0.0750443462360345,1000
sp0,59,species.length2weight.condition.factor.sp4,-0.00121043150285437,0.0302786849142347,0.0510038705520146,1000
sp0,60,species.length2weight.condition.factor.sp5,-0.00136588502010949,0.0281577992893371,0.05031943992442,1000
sp0,61,species.length2weight.condition.factor.sp6,0.00168069459650046,0.0285716471941489,0.0513808276941497,1000
sp0,62,species.length2weight.condition.factor.sp7,-0.00173773798088053,0.0289518941040035,0.0489894506901376,1000
sp0,63,species.length2weight.condition.factor.sp8,-0.00126698192923614,0.0285412926219085,0.0497448275539815,1000
sp0,64,species.length2weight.condition.factor.sp9,0.000924598726848073,0.0298055477918256,0.050232762537049,1000
sp0,65,species.length2weight.condition.factor.sp10,0.000575593243741853,0.0304404564674734,0.0512197257689002,1000
sp0,66,species.length2weight.condition.factor.sp11,-0.00144178809886249,0.0291893409002515,0.0484281629478784,1000
sp0,67,species.length2weight.condition.factor.sp12,0.00160047363308265,0.0278877485312839,0.0482381296604949,1000
sp0,68,species.length2weight.condition.factor.sp13,-0.0007910744627998,0.0301176608986503,0.0520455006748105,1000
sp0,69,species.length2weight.condition.factor.sp14,0.00125620995831885,0.0297758019848358,0.051200109076505,1000
sp0,70,species.length2weight.condition.factor.sp15,0.00402252212082212,0.0295443619639118,0.0503934890260515,1000
sp0,71,species.k.sp0,-0.0411923978385873,2.75475609804201,3.80402243108395,1000
sp0,72,species.k.sp1,0.000436044942814449,0.0326613688385009,0.0572534014919969,1000
sp0,73,species.k.sp2,0.00145902106527185,0.0972435587080887,0.194414881075299,1000
sp0,74,species.k.sp3,-0.00788298009664174,0.0884641381167963,0.163659271482491,1000
sp0,75,species.k.sp4,-0.00400913331605958,0.0379770479432709,0.0665593570328071,1000
sp0,76,species.k.sp5,-0.0161348788556457,0.226413855907172,0.348672212139664,1000
sp0,77,species.k.sp6,-0.00178962598589717,0.032560593783041,0.057385144309377,1000
sp0,78,species.k.sp7,0.00181651896426215,0.0294825321121765,0.0516738917173118,1000
sp0,79,species.k.sp8,-0.000108285466811052,0.0637279886119647,0.106337785008173,1000
sp0,80,species.k.sp9,-0.000678145316465525,0.0378909940266857,0.0612993526819766,1000
sp0,81,species.k.sp10,-6.94892484404023e-05,0.0340475287423541,0.0592854500316333,1000
sp0,82,species.k.sp11,-0.000758555262003192,0.0311260162050947,0.0519767699050773,1000
sp0,83,species.k.sp12,0.00401851982531261,0.0318614674043772,0.0557503308579363,1000
sp0,84,species.k.sp13,0.0049987672740547,0.0449588560073247,0.077998325931267,1000
sp0,85,species.k.sp14,0.000390847081606269,0.0373423338422111,0.0634090706054186,1000
sp0,86,species.k.sp15,0.000189275698944952,0.0267768670524237,0.0464426319167322,1000
sp0,87,species.l0.sp0,-0.0255582517566811,0.535122859378947,0.870753760230192,1000
sp0,88,species.l0.sp1,0.00306385623949085,0.0325204711885697,0.0536469515582275,1000
sp0,89,species.l0.sp2,0.00417761572826183,0.0806400526009735,0.164498097538633,1000
sp0,90,species.l0.sp3,0.00282096311489981,0.0397715730723628,0.0703976568705555,1000
sp0,91,species.l0.sp4,-0.000465438364376241,0.0344276852048162,0.0595131180702217,1000
sp0,92,species.l0.sp5,0.000560599173686711,0.0298904962053319,0.0488077904791372,1000
sp0,93,species.l0.sp6,-0.0017072170396133,0.0293335949118797,0.0497745517844226,1000
sp0,94,species.l0.sp7,0.00058181419438687,0.0285060044340696,0.0496733663847166,1000
sp0,95,species.l0.sp8,-0.000504070092549603,0.0319857616117802,0.0546198710662426,1000
sp0,96,species.l0.sp9,0.00194167619546239,0.0406499013182018,0.0677880815748993,1000
sp0,97,species.l0.sp10,-0.00143823087621827,0.045717731315042,0.0850698717332488,1000
sp0,98,species.l0.sp11,0.00283605655548618,0.0271738764863157,0.0468486335772746,1000
sp0,99,species.l0.sp12,0.000295634976245563,0.0286580918797428,0.0479115289035037,1000
sp0,100,species.l0.sp13,0.00081260753349405,0.0288007833006394,0.0507123076956105,1000
sp0,101,species.l0.sp14,-0.00203046546986894,0.0276065957548986,0.0473984528213294,1000
sp0,102,species.l0.sp15,8.95792638345158e-05,0.0293548997980981,0.0485396340789254,1000
sp0,103,mortality.additional.larva.rate.sp0,-0.0841949441716608,2.64994387859732,3.84119038062922,1000
sp0,104,mortality.additional.larva.rate.sp1,0.00274711963261465,0.030988695061788,0.0533789604074514,1000
sp0,105,mortality.additional.larva.rate.sp2,0.0133355362152145,0.23087442516897,0.503343604483203,1000
sp0,106,mortality.additional.larva.rate.sp3,0.00116998850311811,0.194246404336059,0.403998001681339,1000
sp0,107,mortality.additional.larva.rate.sp4,0.000740420601891317,0.0295536335286,0.0519769478346463,1000
sp0,108,mortality.additional.larva.rate.sp5,-0.000472192895271359,0.0285439902737406,0.0510482361937942,1000
sp0,109,mortality.additional.larva.rate.sp6,-0.000779885111201674,0.0280378110564697,0.0473930913049118,1000
sp0,110,mortality.additional.larva.rate.sp9,0.00157869490098465,0.0565436840543247,0.0969169502597367,1000
sp0,111,mortality.additional.larva.rate.sp10,0.00427977347151901,0.0627601485152168,0.118044193715845,1000
sp0,112,mortality.additional.larva.rate.sp11,0.00116181832330144,0.0286291700140121,0.0496615074910843,1000
sp0,113,mortality.additional.larva.rate.sp12,0.00364046339286067,0.0299720930841901,0.0499776433380428,1000
sp0,114,mortality.additional.larva.rate.sp13,0.000641395181433733,0.0293419796340187,0.052073943934391,1000
sp0,115,mortality.additional.larva.rate.sp14,-0.0020286174383528,0.0284227117320093,0.0485391721664117,1000
sp0,116,mortality.additional.larva.rate.sp15,-0.00187961035015451,0.0277920522197523,0.0481373224489482,1000
sp0,117,mortality.additional.larva.rate.mean.sp7,0.000959357676878143,0.0305561904095804,0.0520566086565636,1000
sp0,118,mortality.additional.larva.rate.mean.sp8,0.00137877573331229,0.0339407597607247,0.0596892117478834,1000
sp0,119,species.linf.sp0,0.364368300232265,3.26387068988502,4.75838210548477,1000
sp0,120,species.linf.sp1,-0.00326596950695927,0.0486365629029178,0.0895903784019186,1000
sp0,121,species.linf.sp2,0.00987886387207704,0.249660848834008,0.507730899456699,1000
sp0,122,species.linf.sp3,0.0027727544386863,0.308133968934292,0.598789291111405,1000
sp0,123,species.linf.sp4,-7.87292650171643e-05,0.0766703755047941,0.134527707512084,1000
sp0,124,species.linf.sp5,0.00594514105304515,0.679273706641994,0.98534136245272,1000
sp0,125,species.linf.sp6,-0.00150458635473383,0.0433696795410528,0.0740680280537738,1000
sp0,126,species.linf.sp7,0.00365018267363387,0.0377223310414839,0.0627153409782854,1000
sp0,127,species.linf.sp8,-0.00985119956118173,0.175355954982847,0.281482804011701,1000
sp0,128,species.linf.sp9,0.000637599330249125,0.0785974056976496,0.135472811776809,1000
sp0,129,species.linf.sp10,-0.000405298422873978,0.0654779949849196,0.120712279230027,1000
sp0,130,species.linf.sp11,-0.0019501467639523,0.0379678605441494,0.0687953291164286,1000
sp0,131,species.linf.sp12,-0.000856215154180695,0.0441761200028478,0.0800871779447305,1000
sp0,132,species.linf.sp13,0.00143612799527714,0.0371530020910251,0.0653306977310691,1000
sp0,133,species.linf.sp14,0.00380887555781315,0.0541523140719354,0.0908971035820244,1000
sp0,134,species.linf.sp15,-0.0011811524725154,0.0321894901873405,0.0561907441788571,1000
sp0,135,species.accessibility2fish.sp16,-6.19920711276061e-05,0.0310662931013576,0.053414588746679,1000
sp0,136,species.accessibility2fish.sp17,0.000210877610610296,0.0270055784100989,0.0457710712569341,1000
sp0,137,species.accessibility2fish.sp18,-0.00132476734336324,0.029105652443591,0.0496447451184505,1000
sp0,138,species.accessibility2fish.sp19,-0.00127177235858628,0.0282351516112898,0.0478188313595964,1000
sp0,139,species.accessibility2fish.sp20,-0.000286301111040207,0.0293477284648638,0.052922660601533,1000
sp0,140,species.accessibility2fish.sp21,0.000126625492875715,0.042526810994269,0.0859366563120038,1000
sp0,141,species.accessibility2fish.sp22,0.00163727986616921,0.030172791269907,0.0551247607911626,1000
sp0,142,species.accessibility2fish.sp23,-0.00167735141980639,0.0311812749750476,0.0516685752381284,1000
sp0,143,species.accessibility2fish.sp24,-0.00327220026035662,0.220319235851521,0.425523375728002,1000
sp0,144,species.accessibility2fish.sp25,0.000185911217988854,0.0290842015091097,0.047851494249813,1000
sp0,145,species.accessibility2fish.sp26,0.00289507073862535,0.0452780999619959,0.0974283359589586,1000
sp0,146,species.maturity.size.ratio.sp0,-0.0794461577814564,2.80433374076827,4.35329692882827,1000
sp0,147,species.maturity.size.ratio.sp1,-0.00153172200085025,0.0285874058461243,0.0501986419996621,1000
sp0,148,species.maturity.size.ratio.sp2,-0.000574996572560424,0.0325174252305377,0.0571866729916576,1000
sp0,149,species.maturity.size.ratio.sp3,0.00399931285512096,0.0326391493963162,0.0588426438102025,1000
sp0,150,species.maturity.size.ratio.sp4,-0.000151678009341442,0.0288409451295524,0.0499636081250553,1000
sp0,151,species.maturity.size.ratio.sp5,-0.00277346886955494,0.0285862356445953,0.0466838312082254,1000
sp0,152,species.maturity.size.ratio.sp6,0.00210437348267908,0.0285715830251346,0.0472799299810111,1000
sp0,153,species.maturity.size.ratio.sp7,-0.000942738056249997,0.0281750242221125,0.0472835546225726,1000
sp0,154,species.maturity.size.ratio.sp8,-0.000533900549784297,0.0305802917255437,0.0525068621087286,1000
sp0,155,species.maturity.size.ratio.sp9,0.00283081191059447,0.0287197229744757,0.0487552428178217,1000
sp0,156,species.maturity.size.ratio.sp10,-0.00283841261830143,0.0298476642058072,0.0498356270422599,1000
sp0,157,species.maturity.size.ratio.sp11,0.0010705904763137,0.0385562948691508,0.0665867112411401,1000
sp0,158,species.maturity.size.ratio.sp12,-0.00130779473523426,0.0286331314879183,0.0496293294578577,1000
sp0,159,species.maturity.size.ratio.sp13,0.00247093014112049,0.0537991418131243,0.0949589231266334,1000
sp0,160,species.maturity.size.ratio.sp14,-0.000996893396754241,0.0298547723054324,0.0513424864830332,1000
sp0,161,species.maturity.size.ratio.sp15,0.00114371806619264,0.0292868638299982,0.05023386741287,1000
sp0,162,predation.predPrey.sizeRatio.teta.sp0.stage1,0.00362601083457075,0.051677012588511,0.093329755977556,1000
sp0,163,predation.predPrey.sizeRatio.alpha.sp0.stage1,-0.0780451419944109,0.866722918225279,1.49734094122872,1000
sp0,164,predation.predPrey.sizeRatio.teta.sp1.stage1,-0.00134982675225341,0.0306405290788595,0.0509766450836027,1000
sp0,165,predation.predPrey.sizeRatio.alpha.sp1.stage1,0.00447863034091553,0.0519758401813785,0.0926511617518112,1000
sp0,166,predation.predPrey.sizeRatio.teta.sp2.stage1,0.00114963530724821,0.0310747478350677,0.0552518071868545,1000
sp0,167,predation.predPrey.sizeRatio.alpha.sp2.stage1,0.00661505179987643,0.141422132512202,0.321714727430409,1000
sp0,168,predation.predPrey.sizeRatio.teta.sp3.stage1,0.00121515658384662,0.0344163431893022,0.0568767053622222,1000
sp0,169,predation.predPrey.sizeRatio.alpha.sp3.stage1,-0.00200132672987206,0.253470168340047,0.446861606780868,1000
sp0,170,predation.predPrey.sizeRatio.teta.sp4.stage1,0.00186102828788307,0.0289534545869624,0.049930914389138,1000
sp0,171,predation.predPrey.sizeRatio.alpha.sp4.stage1,-0.00429845462531568,0.0643068680611961,0.125856204522564,1000
sp0,172,predation.predPrey.sizeRatio.teta.sp5.stage1,-0.00130724474532086,0.0279169191339525,0.0473826974191974,1000
sp0,173,predation.predPrey.sizeRatio.teta.sp5.stage2,-0.00437135728837025,0.232872676561334,0.388600529917806,1000
sp0,174,predation.predPrey.sizeRatio.alpha.sp5.stage1,0.00271910478598752,0.0286813954557136,0.0486505046798094,1000
sp0,175,predation.predPrey.sizeRatio.alpha.sp5.stage2,0.000425200778672023,0.174314736306998,0.277219898198998,1000
sp0,176,predation.predPrey.sizeRatio.teta.sp6.stage1,-0.000612018577908946,0.0307445316057165,0.0517403076491873,1000
sp0,177,predation.predPrey.sizeRatio.alpha.sp6.stage1,-0.0018043707653565,0.0318848088141946,0.055204816281981,1000
sp0,178,predation.predPrey.sizeRatio.teta.sp7.stage1,-0.00141836530664456,0.0297787738629501,0.0535504034140762,1000
sp0,179,predation.predPrey.sizeRatio.alpha.sp7.stage1,0.00429185773915943,0.0352601495335761,0.0635663805186153,1000
sp0,180,predation.predPrey.sizeRatio.teta.sp8.stage1,0.00143169035681598,0.0282737149347304,0.0484155707695176,1000
sp0,181,predation.predPrey.sizeRatio.alpha.sp8.stage1,-0.00352863701721362,0.118569966257474,0.192705978397249,1000
sp0,182,predation.predPrey.sizeRatio.teta.sp9.stage1,0.00452330906708593,0.0298440590949494,0.0516304322926623,1000
sp0,183,predation.predPrey.sizeRatio.alpha.sp9.stage1,-0.00364174484022654,0.0721603435803049,0.144738073517573,1000
sp0,184,predation.predPrey.sizeRatio.teta.sp10.stage1,0.00260094651307598,0.0278699120681296,0.0474669528725588,1000
sp0,185,predation.predPrey.sizeRatio.alpha.sp10.stage1,0.00141742514428029,0.0378421984973456,0.0641281824143418,1000
sp0,186,predation.predPrey.sizeRatio.teta.sp11.stage1,0.0019722838216604,0.0296111498180685,0.0494443975032384,1000
sp0,187,predation.predPrey.sizeRatio.alpha.sp11.stage1,0.00178518598656728,0.0307148889687634,0.0518162165323233,1000
sp0,188,predation.predPrey.sizeRatio.teta.sp12.stage1,0.00136400963512461,0.030376011039411,0.0532024723720963,1000
sp0,189,predation.predPrey.sizeRatio.alpha.sp12.stage1,0.000465910277901031,0.0350832954284028,0.0595422495784688,1000
sp0,190,predation.predPrey.sizeRatio.teta.sp13.stage1,-0.000210608564884386,0.0294664983310301,0.050708027233227,1000
sp0,191,predation.predPrey.sizeRatio.alpha.sp13.stage1,-0.00115938590962287,0.0344301142543841,0.0604587339090437,1000
sp0,192,predation.predPrey.sizeRatio.teta.sp14.stage1,-9.33708725639905e-05,0.0268915413242962,0.0460948887087127,1000
sp0,193,predation.predPrey.sizeRatio.alpha.sp14.stage1,-0.00235157105857518,0.0428701471823636,0.0705668331118823,1000
sp0,194,predation.predPrey.sizeRatio.teta.sp15.stage1,0.00107564409677297,0.0282602164054005,0.0470016822649527,1000
sp0,195,predation.predPrey.sizeRatio.alpha.sp15.stage1,-0.00228794553161553,0.0413202227638228,0.0733078943166629,1000
sp1,1,mortality.additional.rate.sp0,8.01304867945226e-05,0.00396702366778525,0.0059331690996996,1000
sp1,2,mortality.additional.rate.sp1,9.55370738932082e-05,0.00400757123561464,0.00575919625693726,1000
sp1,3,mortality.additional.rate.sp2,9.477645185485e-05,0.0043727100338341,0.00650436996368222,1000
sp1,4,mortality.additional.rate.sp3,3.12799299691745e-05,0.00573555799114912,0.007847396490588,1000
sp1,5,mortality.additional.rate.sp4,0.000179267886933426,0.00373369996688474,0.00545384329519752,1000
sp1,6,mortality.additional.rate.sp5,8.74026677479162e-05,0.00572237109567482,0.00754930386626757,1000
sp1,7,mortality.additional.rate.sp6,9.50831941703453e-05,0.00409507847245525,0.00597912884717419,1000
sp1,8,mortality.additional.rate.sp7,-0.000443421949180669,0.00525837290155115,0.00749113854031852,1000
sp1,9,mortality.additional.rate.sp8,-1.33971096808976e-05,0.00428427653895952,0.00665097647559023,1000
sp1,10,mortality.additional.rate.sp9,1.72911119251423e-05,0.00400990089256106,0.00600638960008524,1000
sp1,11,mortality.additional.rate.sp10,6.85224521640008e-05,0.00409640976680192,0.00624884193130717,1000
sp1,12,mortality.additional.rate.sp11,1.90616804541326e-05,0.00387100844815979,0.00570290772400221,1000
sp1,13,mortality.additional.rate.sp12,8.83516234855913e-05,0.00390239177976636,0.00597195373411573,1000
sp1,14,mortality.additional.rate.sp13,-1.37069653939408e-05,0.00396673886254714,0.00586743633763482,1000
sp1,15,mortality.additional.rate.sp14,0.000420101630797287,0.00391647002177828,0.00570531358978571,1000
sp1,16,mortality.additional.rate.sp15,9.55160662519049e-05,0.00421567252200642,0.00630394633517385,1000
sp1,17,fisheries.rate.base.fsh0,-0.00237708313364834,0.0679784798323181,0.0769063082946871,1000
sp1,18,fisheries.rate.base.fsh1,-0.000319649810254984,0.00459697472391176,0.00675172132262088,1000
sp1,19,fisheries.rate.base.fsh2,-0.000338320166244922,0.0040911053935227,0.00615983011143688,1000
sp1,20,fisheries.rate.base.fsh3,-0.000272092749709724,0.00642838714303578,0.00832794468974025,1000
sp1,21,species.catchability.fsh0.sp0,1.91624270013936e-06,0.00460211488252364,0.00660462364893095,1000
sp1,22,species.catchability.fsh0.sp1,0.00553600155515506,0.0724532565338972,0.0811103719442524,1000
sp1,23,species.catchability.fsh0.sp2,1.33601790531885e-05,0.00418900473561878,0.00614001565071367,1000
sp1,24,species.catchability.fsh0.sp3,0.000283142545903562,0.00918156789567479,0.0122246067772907,1000
sp1,25,species.catchability.fsh0.sp5,0.000161471287998641,0.00448245797168592,0.00657951070771506,1000
sp1,26,species.catchability.fsh0.sp7,-1.5507999124608e-05,0.00404759103522224,0.00598577997242556,1000
sp1,27,species.catchability.fsh0.sp8,4.4499104633725e-05,0.00444483217145825,0.00678402102720799,1000
sp1,28,species.catchability.fsh0.sp9,-0.000285076181673592,0.00378650075484261,0.0056377856946885,1000
sp1,29,species.catchability.fsh0.sp10,0.00019261166185874,0.00398067339589184,0.00577221503333677,1000
sp1,30,species.catchability.fsh0.sp13,-0.000221899998227216,0.00402655985934768,0.0057769887039884,1000
sp1,31,species.catchability.fsh0.sp14,-5.09355466149939e-05,0.00403253680310101,0.00590338048014776,1000
sp1,32,species.catchability.fsh0.sp15,-1.36918016625865e-05,0.00380002930717148,0.00551299691851129,1000
sp1,33,species.catchability.fsh1.sp9,0.00019529420929514,0.0041094298522066,0.00587007021367772,1000
sp1,34,species.catchability.fsh1.sp10,0.000240252842083741,0.00395889659648447,0.00576860774763588,1000
sp1,35,species.catchability.fsh1.sp11,0.000176870387295697,0.00375616145300867,0.00543956432737465,1000
sp1,36,species.catchability.fsh1.sp12,-0.000281391205782119,0.00409988360858708,0.00605481220479413,1000
sp1,37,species.catchability.fsh2.sp0,0.000222067875379769,0.00392430612610283,0.00583209539010843,1000
sp1,38,species.catchability.fsh2.sp5,0.000424006725185748,0.00416297048591539,0.00625339210410882,1000
sp1,39,species.catchability.fsh2.sp7,-0.00020034849005382,0.00400878306317205,0.0060364804489878,1000
sp1,40,species.catchability.fsh2.sp8,-0.000289848848156135,0.00401883293528382,0.00596294270112277,1000
sp1,41,species.catchability.fsh3.sp0,-2.44415190282607e-05,0.00401104779899894,0.00586246209721139,1000
sp1,42,species.catchability.fsh3.sp1,-2.50705987182827e-05,0.00739212579896698,0.00958534415113444,1000
sp1,43,species.catchability.fsh3.sp2,-0.000299290134878983,0.00398242047870402,0.00581113625685727,1000
sp1,44,species.catchability.fsh3.sp3,-0.00017580751636235,0.00439096668584816,0.00679525521212202,1000
sp1,45,species.catchability.fsh3.sp5,-9.25693560759473e-05,0.00379936116097323,0.00581473950092124,1000
sp1,46,species.catchability.fsh3.sp7,-0.000115671845511765,0.00408368629802893,0.00627205745544042,1000
sp1,47,species.catchability.fsh3.sp8,5.8627340213286e-05,0.00426542166072956,0.00650925608803859,1000
sp1,48,species.catchability.fsh3.sp9,0.000318304592249429,0.00393282355442497,0.00593300750115592,1000
sp1,49,species.catchability.fsh3.sp10,-0.000174293544233544,0.00392537995247615,0.00575652990885633,1000
sp1,50,species.catchability.fsh3.sp11,0.000155305923644171,0.00403059759187203,0.00595833226815508,1000
sp1,51,species.catchability.fsh3.sp12,0.000128363715439996,0.00416052046304466,0.00613577348424339,1000
sp1,52,species.catchability.fsh3.sp13,0.000148715259851284,0.00407430335954231,0.00623835634566149,1000
sp1,53,species.catchability.fsh3.sp14,0.000205644376102451,0.00378738352174113,0.00563517539173734,1000
sp1,54,species.catchability.fsh3.sp15,-2.23591275107878e-05,0.00401420003288664,0.00593390728792199,1000
sp1,55,species.length2weight.condition.factor.sp0,-3.9822901626072e-05,0.00437135340917631,0.00624906453254149,1000
sp1,56,species.length2weight.condition.factor.sp1,-6.2733461870725e-05,0.00487217115695433,0.0068906907700878,1000
sp1,57,species.length2weight.condition.factor.sp2,-1.28052263838898e-05,0.00467990710769953,0.00690299116777075,1000
sp1,58,species.length2weight.condition.factor.sp3,3.99606570113037e-05,0.00620624385331534,0.00925003775852766,1000
sp1,59,species.length2weight.condition.factor.sp4,0.000121387281799894,0.00419508106123508,0.00613268620731385,1000
sp1,60,species.length2weight.condition.factor.sp5,-1.05062406870178e-05,0.00439569067853873,0.00672248838349439,1000
sp1,61,species.length2weight.condition.factor.sp6,0.000163905332995689,0.00409397283330393,0.00599686781641578,1000
sp1,62,species.length2weight.condition.factor.sp7,1.46798738314354e-05,0.00416503755354918,0.00619131257414525,1000
sp1,63,species.length2weight.condition.factor.sp8,-5.47278846602105e-05,0.0044813665819639,0.0065446519378686,1000
sp1,64,species.length2weight.condition.factor.sp9,-0.000598741946776773,0.0041464793409324,0.00618847878454051,1000
sp1,65,species.length2weight.condition.factor.sp10,5.93408568153968e-05,0.00401185237576056,0.00585296200738524,1000
sp1,66,species.length2weight.condition.factor.sp11,-0.000212820469248152,0.0040738441744511,0.00615664816430974,1000
sp1,67,species.length2weight.condition.factor.sp12,-0.000292176785333805,0.00423573600634998,0.0063856402404322,1000
sp1,68,species.length2weight.condition.factor.sp13,-3.93722256751101e-05,0.0041271712146108,0.00608994112265693,1000
sp1,69,species.length2weight.condition.factor.sp14,4.31182937982362e-05,0.00463960738753492,0.00690614884887022,1000
sp1,70,species.length2weight.condition.factor.sp15,0.000172661015625363,0.00396862801488316,0.00587814822832087,1000
sp1,71,species.k.sp0,-8.63805839670775e-05,0.00867954757003941,0.0117564187350462,1000
sp1,72,species.k.sp1,0.00215539658359035,0.0830489795247576,0.101478419278809,1000
sp1,73,species.k.sp2,0.000302289515350638,0.00557444524350515,0.00795301994196882,1000
sp1,74,species.k.sp3,-0.000453102322773444,0.0116894441005775,0.0172429632878858,1000
sp1,75,species.k.sp4,-0.000612961136079654,0.00806301358892035,0.00971836687365345,1000
sp1,76,species.k.sp5,-0.000400838921420919,0.00609667870178198,0.00840139131990617,1000
sp1,77,species.k.sp6,0.000462966490879097,0.0131093861812961,0.015135971319791,1000
sp1,78,species.k.sp7,1.37408789338065e-05,0.0042353351496286,0.00606963891811033,1000
sp1,79,species.k.sp8,-2.39144457481542e-05,0.00769876795495886,0.0107663568553898,1000
sp1,80,species.k.sp9,0.000498112817568908,0.00553412315787588,0.00758589195728482,1000
sp1,81,species.k.sp10,-4.63909041377373e-05,0.00436882635107255,0.00656194121498948,1000
sp1,82,species.k.sp11,0.000233178177560217,0.00401234176794497,0.00593542236534882,1000
sp1,83,species.k.sp12,2.85049526518995e-05,0.00432503416554372,0.00633258204781336,1000
sp1,84,species.k.sp13,0.000567955965247709,0.00601812293905182,0.00883366012650006,1000
sp1,85,species.k.sp14,0.000111203840126333,0.00744030124115215,0.010634867006988,1000
sp1,86,species.k.sp15,0.000291666308293864,0.00433244964364393,0.00658418205097545,1000
sp1,87,species.l0.sp0,9.95492113292194e-05,0.00433506713730215,0.00654454515135935,1000
sp1,88,species.l0.sp1,0.00017471514119585,0.00945575879883553,0.0124097197542935,1000
sp1,89,species.l0.sp2,0.000488451888931,0.00676963589309721,0.00968132120997163,1000
sp1,90,species.l0.sp3,-9.57652873516336e-05,0.00548763849368979,0.00832169357367148,1000
sp1,91,species.l0.sp4,0.000218204995613247,0.00724883905124529,0.00890691095744511,1000
sp1,92,species.l0.sp5,-0.000134810561204992,0.00429888921242815,0.00645364989545243,1000
sp1,93,species.l0.sp6,0.000106263276490665,0.00663561050943534,0.00877076377879592,1000
sp1,94,species.l0.sp7,-2.54492207393359e-05,0.00438178781229654,0.00641803801054618,1000
sp1,95,species.l0.sp8,-0.000201440551681067,0.00667524050653407,0.00923737382244507,1000
sp1,96,species.l0.sp9,0.000273287921507377,0.00422658199871323,0.00603905772362927,1000
sp1,97,species.l0.sp10,0.000259205409371743,0.00433235933325653,0.00664257692208616,1000
sp1,98,species.l0.sp11,3.34438193096802e-05,0.00415158005469224,0.00621616014300321,1000
sp1,99,species.l0.sp12,0.000283211339241326,0.00407030141060255,0.00591670156725586,1000
sp1,100,species.l0.sp13,0.000133873615572596,0.00386123656154197,0.00560428238992961,1000
sp1,101,species.l0.sp14,3.4080850277716e-05,0.00399142740054373,0.00592303946896198,1000
sp1,102,species.l0.sp15,0.000238276765197618,0.00402322701904375,0.00593353882464536,1000
sp1,103,mortality.additional.larva.rate.sp0,-0.000600289804521978,0.0073517891347553,0.0103062330055008,1000
sp1,104,mortality.additional.larva.rate.sp1,-1.36947803229675e-05,0.0102892475931016,0.0133852973326714,1000
sp1,105,mortality.additional.larva.rate.sp2,6.70693495306133e-05,0.0168358547454951,0.0244850921075417,1000
sp1,106,mortality.additional.larva.rate.sp3,-0.00127566861088316,0.0272159887532172,0.0399897158737873,1000
sp1,107,mortality.additional.larva.rate.sp4,-0.000162694851252213,0.00408730952124489,0.00594971226045839,1000
sp1,108,mortality.additional.larva.rate.sp5,4.91942914030252e-05,0.00400790383639373,0.00583149885441144,1000
sp1,109,mortality.additional.larva.rate.sp6,-3.60126085053661e-05,0.00395544953063388,0.00596848697086525,1000
sp1,110,mortality.additional.larva.rate.sp9,-0.000140137382665235,0.00566377284218889,0.00774925938889631,1000
sp1,111,mortality.additional.larva.rate.sp10,-1.53509882292891e-05,0.00513352537959432,0.00762854769312884,1000
sp1,112,mortality.additional.larva.rate.sp11,0.000205810817644344,0.0041075025430753,0.00618571943886194,1000
sp1,113,mortality.additional.larva.rate.sp12,-0.000255771231429437,0.00442530880690221,0.00643494472255649,1000
sp1,114,mortality.additional.larva.rate.sp13,5.67257961694344e-05,0.00395111861627157,0.0059650662108094,1000
sp1,115,mortality.additional.larva.rate.sp14,0.000302669870057232,0.00518083780507468,0.00724853358603065,1000
sp1,116,mortality.additional.larva.rate.sp15,-9.08714206654362e-05,0.00424076122018174,0.00616621104580746,1000
sp1,117,mortality.additional.larva.rate.mean.sp7,0.00019984446206879,0.00425696046378809,0.00624083881257436,1000
sp1,118,mortality.additional.larva.rate.mean.sp8,-0.000113641328349433,0.00963372233114089,0.0122274545526881,1000
sp1,119,species.linf.sp0,0.000806844739152984,0.0105624303247824,0.0145542662177468,1000
sp1,120,species.linf.sp1,0.0104215980468629,0.217982257133784,0.251690321340021,1000
sp1,121,species.linf.sp2,-0.000455112888005847,0.0124331382116578,0.0187277561700198,1000
sp1,122,species.linf.sp3,0.00213355843177344,0.0447535832424138,0.058185069792598,1000
sp1,123,species.linf.sp4,-0.000153125812131274,0.0188092022668265,0.0208488523377705,1000
sp1,124,species.linf.sp5,0.00022419298581764,0.0179502127177765,0.0210231265987061,1000
sp1,125,species.linf.sp6,-0.000496749661645821,0.0360855982981725,0.0390605728114563,1000
sp1,126,species.linf.sp7,-3.83935049192174e-06,0.00909411378851747,0.0114402751786571,1000
sp1,127,species.linf.sp8,-0.000861354614223824,0.0178898480041798,0.0232544512247193,1000
sp1,128,species.linf.sp9,-0.000341188549577463,0.0107001446426781,0.0130879879377767,1000
sp1,129,species.linf.sp10,-0.000314581684740149,0.00589628255580228,0.0101248603471237,1000
sp1,130,species.linf.sp11,-0.000205457238136655,0.00468245859613947,0.00689768911932706,1000
sp1,131,species.linf.sp12,-0.000222115921026705,0.00508880518902986,0.00717282951839751,1000
sp1,132,species.linf.sp13,-0.000159489296073782,0.0057521953625553,0.00882824324887355,1000
sp1,133,species.linf.sp14,-0.000101435920781175,0.00767200096276095,0.0114741114945172,1000
sp1,134,species.linf.sp15,0.000279784885798621,0.00462674514279197,0.00679435139709729,1000
sp1,135,species.accessibility2fish.sp16,0.000316545224274764,0.00393225492899071,0.00582008383513779,1000
sp1,136,species.accessibility2fish.sp17,-6.16554241974142e-06,0.00384307101778429,0.0060128340685353,1000
sp1,137,species.accessibility2fish.sp18,-0.00016097288438127,0.00417847760394183,0.00601582545736686,1000
sp1,138,species.accessibility2fish.sp19,1.70892470976027e-05,0.00424594517452207,0.00636101397550976,1000
sp1,139,species.accessibility2fish.sp20,0.000167733469930079,0.00376157176231276,0.00564554899193922,1000
sp1,140,species.accessibility2fish.sp21,4.28141780422398e-05,0.00440703032966155,0.00653602884064974,1000
sp1,141,species.accessibility2fish.sp22,-0.000233379136986461,0.0161464257455938,0.030679086275035,1000
sp1,142,species.accessibility2fish.sp23,-0.000131351409353866,0.0444687359338875,0.0503804777822068,1000
sp1,143,species.accessibility2fish.sp24,-0.00051094194055554,0.0186641668507774,0.0284229522614686,1000
sp1,144,species.accessibility2fish.sp25,0.000212411519682513,0.00383359526426666,0.00566274733988447,1000
sp1,145,species.accessibility2fish.sp26,0.000128199885478211,0.00402599496889073,0.0060902654769952,1000
sp1,146,species.maturity.size.ratio.sp0,-0.000688297334368028,0.00855542918889747,0.0123815647098584,1000
sp1,147,species.maturity.size.ratio.sp1,0.000304151079691678,0.0041864468797999,0.00623456843817197,1000
sp1,148,species.maturity.size.ratio.sp2,-0.000314205609819842,0.00428011945613242,0.00639647084103733,1000
sp1,149,species.maturity.size.ratio.sp3,0.000261604575366819,0.00442175717959985,0.00655417951498028,1000
sp1,150,species.maturity.size.ratio.sp4,-7.11418266267703e-05,0.00431482878333616,0.00635454443056883,1000
sp1,151,species.maturity.size.ratio.sp5,9.22575936827017e-06,0.00414719795807161,0.00627735248561938,1000
sp1,152,species.maturity.size.ratio.sp6,7.08610926574233e-05,0.00420305469717505,0.00613852273627308,1000
sp1,153,species.maturity.size.ratio.sp7,-0.00016382803214365,0.00397129132625516,0.00585340128989125,1000
sp1,154,species.maturity.size.ratio.sp8,0.000140787517631785,0.00394816595701387,0.00581752908015473,1000
sp1,155,species.maturity.size.ratio.sp9,7.80021347121708e-05,0.00403905003368111,0.00578462646369789,1000
sp1,156,species.maturity.size.ratio.sp10,-0.000507330197401501,0.00405447886584994,0.00601009049207141,1000
sp1,157,species.maturity.size.ratio.sp11,0.000114363236044114,0.00453270879281351,0.00653798484966759,1000
sp1,158,species.maturity.size.ratio.sp12,-0.000301639510184216,0.00395190576296625,0.00603094866200432,1000
sp1,159,species.maturity.size.ratio.sp13,-0.000288888740081535,0.00841741866390523,0.0116135954327425,1000
sp1,160,species.maturity.size.ratio.sp14,0.000188077786804037,0.00406023948421371,0.00599802988341313,1000
sp1,161,species.maturity.size.ratio.sp15,-0.000374717615925526,0.00417607595492967,0.00622720962049854,1000
sp1,162,predation.predPrey.sizeRatio.teta.sp0.stage1,-0.000304875234656041,0.00411148694936961,0.00603463825097026,1000
sp1,163,predation.predPrey.sizeRatio.alpha.sp0.stage1,-0.000492519674056426,0.00549701104877985,0.00792389559420322,1000
sp1,164,predation.predPrey.sizeRatio.teta.sp1.stage1,0.00105338663640281,0.0232392871896077,0.0295237234286802,1000
sp1,165,predation.predPrey.sizeRatio.alpha.sp1.stage1,-0.0226796685774508,0.233387655124702,0.272804714236922,1000
sp1,166,predation.predPrey.sizeRatio.teta.sp2.stage1,0.000184521814526508,0.0046172465677809,0.00656932415259486,1000
sp1,167,predation.predPrey.sizeRatio.alpha.sp2.stage1,-0.000154247241754372,0.00649235422938043,0.00937725986077234,1000
sp1,168,predation.predPrey.sizeRatio.teta.sp3.stage1,0.000245083111830982,0.00521963902399318,0.00748882558813131,1000
sp1,169,predation.predPrey.sizeRatio.alpha.sp3.stage1,-0.000268862883713354,0.022543646398982,0.0362057260668347,1000
sp1,170,predation.predPrey.sizeRatio.teta.sp4.stage1,2.30680089555898e-05,0.00411935703075372,0.00598002062881167,1000
sp1,171,predation.predPrey.sizeRatio.alpha.sp4.stage1,-0.000337049573232048,0.00429365794669921,0.00607902193233045,1000
sp1,172,predation.predPrey.sizeRatio.teta.sp5.stage1,-0.000184063385135959,0.003903713737792,0.00586925955225751,1000
sp1,173,predation.predPrey.sizeRatio.teta.sp5.stage2,-0.000957344284790671,0.0125775353090695,0.0157146404269086,1000
sp1,174,predation.predPrey.sizeRatio.alpha.sp5.stage1,0.000110731019474165,0.00394916287819836,0.00587835929782281,1000
sp1,175,predation.predPrey.sizeRatio.alpha.sp5.stage2,0.000245512568425751,0.00640111478704943,0.00943930677301694,1000
sp1,176,predation.predPrey.sizeRatio.teta.sp6.stage1,-7.24432524173376e-05,0.00566351573697164,0.00788420758730111,1000
sp1,177,predation.predPrey.sizeRatio.alpha.sp6.stage1,6.17497884909471e-05,0.01071295423399,0.0129435312534201,1000
sp1,178,predation.predPrey.sizeRatio.teta.sp7.stage1,-0.000116583780347441,0.00417834321108226,0.0061798202754683,1000
sp1,179,predation.predPrey.sizeRatio.alpha.sp7.stage1,-0.000408799530951833,0.0104204339167493,0.0140116207691438,1000
sp1,180,predation.predPrey.sizeRatio.teta.sp8.stage1,-4.08049432464103e-05,0.00448250995943368,0.00643536909756279,1000
sp1,181,predation.predPrey.sizeRatio.alpha.sp8.stage1,-0.000121218343148417,0.0112470669975949,0.0148865682329859,1000
sp1,182,predation.predPrey.sizeRatio.teta.sp9.stage1,1.82467938625343e-05,0.00551040381348331,0.00815227047224609,1000
sp1,183,predation.predPrey.sizeRatio.alpha.sp9.stage1,-1.11516664089028e-05,0.00583506503779982,0.00806959859692285,1000
sp1,184,predation.predPrey.sizeRatio.teta.sp10.stage1,2.93887001715628e-05,0.00406181423831188,0.0061843534582036,1000
sp1,185,predation.predPrey.sizeRatio.alpha.sp10.stage1,-2.60316443724522e-05,0.00448778655619754,0.006659968652396,1000
sp1,186,predation.predPrey.sizeRatio.teta.sp11.stage1,1.49017207773596e-05,0.00402497548603592,0.00590107561408261,1000
sp1,187,predation.predPrey.sizeRatio.alpha.sp11.stage1,1.20447811668852e-05,0.00410366033712828,0.00596624291687553,1000
sp1,188,predation.predPrey.sizeRatio.teta.sp12.stage1,-1.45818047081154e-05,0.00422367685391067,0.00624828276171925,1000
sp1,189,predation.predPrey.sizeRatio.alpha.sp12.stage1,0.000251719235287774,0.00443666832441531,0.00684065031936963,1000
sp1,190,predation.predPrey.sizeRatio.teta.sp13.stage1,-0.000151432865883123,0.00422221629065665,0.00611679947580179,1000
sp1,191,predation.predPrey.sizeRatio.alpha.sp13.stage1,0.000292095477644607,0.00516223789270664,0.00743175316123335,1000
sp1,192,predation.predPrey.sizeRatio.teta.sp14.stage1,1.03357994849702e-05,0.00426241369951133,0.00628697523089909,1000
sp1,193,predation.predPrey.sizeRatio.alpha.sp14.stage1,-0.000115794012257707,0.00795495807928125,0.010284803792397,1000
sp1,194,predation.predPrey.sizeRatio.teta.sp15.stage1,9.99662912080458e-05,0.00422994218091196,0.00644088707461827,1000
sp1,195,predation.predPrey.sizeRatio.alpha.sp15.stage1,-4.81174754605555e-05,0.00474296668214381,0.00708779541289424,1000
sp2,1,mortality.additional.rate.sp0,0.0021863997798111,0.0296604256016563,0.0449911063263358,1000
sp2,2,mortality.additional.rate.sp1,-0.00323716435330822,0.0319502408198376,0.049230654948945,1000
sp2,3,mortality.additional.rate.sp2,-0.00479351062164543,0.172238952676212,0.219171489724206,1000
sp2,4,mortality.additional.rate.sp3,8.65875589470031e-05,0.0358978634131302,0.0561155645420607,1000
sp2,5,mortality.additional.rate.sp4,0.00206177518848996,0.029014858508337,0.0448168408062273,1000
sp2,6,mortality.additional.rate.sp5,-0.0031482451608355,0.0302107427643836,0.046140250467285,1000
sp2,7,mortality.additional.rate.sp6,0.00266370515440964,0.0294936394163164,0.0443788046349751,1000
sp2,8,mortality.additional.rate.sp7,-0.00171151417400011,0.0304909887691427,0.0474151938691808,1000
sp2,9,mortality.additional.rate.sp8,-0.00236877064600109,0.031765287651433,0.0493074875013907,1000
sp2,10,mortality.additional.rate.sp9,0.00306823927190645,0.0289009018744792,0.0435150277188362,1000
sp2,11,mortality.additional.rate.sp10,0.00300847270239205,0.0307281698747797,0.0468444730162354,1000
sp2,12,mortality.additional.rate.sp11,-0.00160171698233703,0.0307016285388575,0.0465867876840226,1000
sp2,13,mortality.additional.rate.sp12,-0.0010262232467566,0.0316062590961139,0.0472780226916575,1000
sp2,14,mortality.additional.rate.sp13,0.00284635996285153,0.029590005156759,0.0451606620598863,1000
sp2,15,mortality.additional.rate.sp14,-0.00239224224423434,0.0296962527165971,0.0442197715087949,1000
sp2,16,mortality.additional.rate.sp15,-0.000867845832306424,0.0303677684513005,0.0474070386568655,1000
sp2,17,fisheries.rate.base.fsh0,-0.00385869390795686,0.381466154547011,0.501107381603855,1000
sp2,18,fisheries.rate.base.fsh1,0.00239581293122214,0.0431268632015658,0.0639735852725481,1000
sp2,19,fisheries.rate.base.fsh2,0.000136597053175601,0.0306398846443141,0.0465228506717646,1000
sp2,20,fisheries.rate.base.fsh3,-4.3149623996147e-05,0.0958363109283926,0.127108122854449,1000
sp2,21,species.catchability.fsh0.sp0,-0.00229955315332007,0.0308658972885049,0.0476591632441306,1000
sp2,22,species.catchability.fsh0.sp1,0.00347493628428386,0.0289658251226883,0.0448002603571055,1000
sp2,23,species.catchability.fsh0.sp2,-0.0252611491761208,0.31843045217466,0.452721952719417,1000
sp2,24,species.catchability.fsh0.sp3,-0.00107678092162518,0.037542144358187,0.0581815722091017,1000
sp2,25,species.catchability.fsh0.sp5,-0.00166214741568087,0.0293890325212764,0.0445280423742469,1000
sp2,26,species.catchability.fsh0.sp7,0.00291947288550895,0.0308637766170935,0.0464527913008075,1000
sp2,27,species.catchability.fsh0.sp8,-0.00156361239048192,0.0322579766787788,0.0501447289244897,1000
sp2,28,species.catchability.fsh0.sp9,-0.000588528493859278,0.0311475665820005,0.0474747938033707,1000
sp2,29,species.catchability.fsh0.sp10,0.00126540265516265,0.032767449789001,0.0509418334069981,1000
sp2,30,species.catchability.fsh0.sp13,-0.00207200648249685,0.0323337691235311,0.048718200576101,1000
sp2,31,species.catchability.fsh0.sp14,-0.000363200609543131,0.0290094240200683,0.0428730907805799,1000
sp2,32,species.catchability.fsh0.sp15,0.00100478745777696,0.03083907769077,0.0462602068483857,1000
sp2,33,species.catchability.fsh1.sp9,-0.00136975284066673,0.0310358096759576,0.046299542330719,1000
sp2,34,species.catchability.fsh1.sp10,2.79372931864248e-05,0.0363423462778818,0.0583377294623104,1000
sp2,35,species.catchability.fsh1.sp11,-0.000872759052466067,0.0316872139177925,0.0481564543219211,1000
sp2,36,species.catchability.fsh1.sp12,-3.45656631862446e-05,0.0335539374656711,0.0511406922691397,1000
sp2,37,species.catchability.fsh2.sp0,-0.00251911468967782,0.0281238814448847,0.0426321502575756,1000
sp2,38,species.catchability.fsh2.sp5,-0.000671161564772619,0.0304389196956133,0.0458944781690036,1000
sp2,39,species.catchability.fsh2.sp7,0.000597706141642152,0.0288489576401408,0.044112121868993,1000
sp2,40,species.catchability.fsh2.sp8,-0.00346608325545023,0.0307989066339723,0.0458615661118925,1000
sp2,41,species.catchability.fsh3.sp0,-9.68143134173314e-05,0.0296550011261346,0.0449294166801656,1000
sp2,42,species.catchability.fsh3.sp1,0.00171030616957504,0.0306609931179167,0.0470269248589794,1000
sp2,43,species.catchability.fsh3.sp2,0.000454735976392871,0.0858761150869345,0.11611560424935,1000
sp2,44,species.catchability.fsh3.sp3,0.00276586561722539,0.0300460956513617,0.0446640707519883,1000
sp2,45,species.catchability.fsh3.sp5,0.00200663629034448,0.0303936899720682,0.0449848904733555,1000
sp2,46,species.catchability.fsh3.sp7,0.00129492079679246,0.0302335348092006,0.0457523831245746,1000
sp2,47,species.catchability.fsh3.sp8,-0.000226379412789342,0.030588008807298,0.047025386238718,1000
sp2,48,species.catchability.fsh3.sp9,0.00171154932880713,0.031313959416314,0.0456013742844515,1000
sp2,49,species.catchability.fsh3.sp10,-0.000116262695576878,0.0306128826798975,0.0453959910844995,1000
sp2,50,species.catchability.fsh3.sp11,-0.000120711958462057,0.0297449410716759,0.0438057831962813,1000
sp2,51,species.catchability.fsh3.sp12,-0.000296885690481589,0.0305551665508149,0.045854933132632,1000
sp2,52,species.catchability.fsh3.sp13,0.00103133702479628,0.0292449974194062,0.0447328907238556,1000
sp2,53,species.catchability.fsh3.sp14,0.00147547328227913,0.0283285207670273,0.04300619156412,1000
sp2,54,species.catchability.fsh3.sp15,-0.0023326135132492,0.0319387071293871,0.0495997308340365,1000
sp2,55,species.length2weight.condition.factor.sp0,-0.00212278560113475,0.0352475365026085,0.0535946070438413,1000
sp2,56,species.length2weight.condition.factor.sp1,0.00193784974456925,0.0307755528671176,0.0469440969747998,1000
sp2,57,species.length2weight.condition.factor.sp2,0.00693895255598796,0.164779500237059,0.25810339543181,1000
sp2,58,species.length2weight.condition.factor.sp3,-0.000282060777391441,0.0386896521621037,0.0621755639563172,1000
sp2,59,species.length2weight.condition.factor.sp4,-0.000526874209884018,0.0336958057720028,0.0520254603019653,1000
sp2,60,species.length2weight.condition.factor.sp5,-0.00274719143661919,0.0297954889733578,0.0455691058607459,1000
sp2,61,species.length2weight.condition.factor.sp6,-0.00219325990833698,0.0291161363105478,0.0456166895188713,1000
sp2,62,species.length2weight.condition.factor.sp7,0.000534223459440332,0.0303347816318954,0.0470506251869173,1000
sp2,63,species.length2weight.condition.factor.sp8,-0.00032979820724434,0.0290505410799328,0.043663794105452,1000
sp2,64,species.length2weight.condition.factor.sp9,-0.000543422466812017,0.0346467192503502,0.0539076033449502,1000
sp2,65,species.length2weight.condition.factor.sp10,-0.000972919166664842,0.0340941701141515,0.0528343198822641,1000
sp2,66,species.length2weight.condition.factor.sp11,-0.000732857308170548,0.0299503481214551,0.0457908585275398,1000
sp2,67,species.length2weight.condition.factor.sp12,0.00238023498722182,0.0294771910966523,0.0452797007955148,1000
sp2,68,species.length2weight.condition.factor.sp13,-0.0022224296858919,0.0306259753099477,0.046000789941553,1000
sp2,69,species.length2weight.condition.factor.sp14,-0.000762837569470697,0.0303402671655387,0.0459483947428584,1000
sp2,70,species.length2weight.condition.factor.sp15,-0.000653375362091317,0.0303096592137467,0.0469276535893307,1000
sp2,71,species.k.sp0,0.00125635011689589,0.0559176718876104,0.0978799663167793,1000
sp2,72,species.k.sp1,0.000678409190748692,0.0306594431928941,0.0457873264355915,1000
sp2,73,species.k.sp2,0.0153881921919222,0.619208356278269,0.765513935962565,1000
sp2,74,species.k.sp3,-0.000589808292311349,0.0763242559215073,0.128375843885953,1000
sp2,75,species.k.sp4,-0.00100467653720347,0.0650823941035544,0.0911012939088203,1000
sp2,76,species.k.sp5,-5.48570774171516e-05,0.0297013170732938,0.0425363056547362,1000
sp2,77,species.k.sp6,0.00150787790125982,0.0307875219919552,0.0477054357553616,1000
sp2,78,species.k.sp7,0.000886564823932322,0.0291084288571255,0.0455451802889187,1000
sp2,79,species.k.sp8,-0.00163924794224093,0.0405623452210257,0.0616244832440117,1000
sp2,80,species.k.sp9,-0.00285339960175505,0.0590618015569835,0.0874084127189178,1000
sp2,81,species.k.sp10,-0.00231789728402135,0.0500082164100924,0.0798661127492189,1000
sp2,82,species.k.sp11,-0.00183191648022901,0.0349929137389211,0.0538896166402837,1000
sp2,83,species.k.sp12,-0.000440362130661608,0.034960310288409,0.0545493612165583,1000
sp2,84,species.k.sp13,-0.00121423669044786,0.0546478676992606,0.0870718499360607,1000
sp2,85,species.k.sp14,0.00201153809802283,0.0302037086581871,0.0457622474978016,1000
sp2,86,species.k.sp15,0.00186331796411993,0.028967770888667,0.0453986445544278,1000
sp2,87,species.l0.sp0,-5.67043556909702e-07,0.0326058386319375,0.0504652403839157,1000
sp2,88,species.l0.sp1,-0.00130133658095849,0.0304421106278402,0.0453357523033128,1000
sp2,89,species.l0.sp2,0.00658788671783361,0.466731661459444,0.613070552785283,1000
sp2,90,species.l0.sp3,-0.00123750278021413,0.0380542132054463,0.0593712856476248,1000
sp2,91,species.l0.sp4,0.00486851611536087,0.0463494777970056,0.0666367474919044,1000
sp2,92,species.l0.sp5,-0.00116090895688974,0.0281340270089727,0.0423236113018831,1000
sp2,93,species.l0.sp6,0.00153724774391141,0.030558270880309,0.0474186539952245,1000
sp2,94,species.l0.sp7,0.000758730754381225,0.0281873461507623,0.0417679529959876,1000
sp2,95,species.l0.sp8,-0.00268604397382067,0.0333743018721574,0.0499344758992116,1000
sp2,96,species.l0.sp9,-0.00214701922076661,0.0655659718509108,0.0993879487168904,1000
sp2,97,species.l0.sp10,0.00148452951532306,0.0780492240268728,0.125054122698681,1000
sp2,98,species.l0.sp11,0.00158611822047282,0.03438268405465,0.0548288625484136,1000
sp2,99,species.l0.sp12,-0.00053412629721481,0.0300139451119151,0.0450977066871166,1000
sp2,100,species.l0.sp13,0.000518096883060756,0.0300284686493475,0.0453008724165664,1000
sp2,101,species.l0.sp14,0.00128802330516411,0.0306429989074589,0.0473112163406041,1000
sp2,102,species.l0.sp15,0.000325237331100424,0.0314220676218988,0.0469063539944447,1000
sp2,103,mortality.additional.larva.rate.sp0,0.00107537396145585,0.0588615712026197,0.106889223055369,1000
sp2,104,mortality.additional.larva.rate.sp1,-8.56755918411919e-05,0.0336446990881351,0.0507217759510447,1000
sp2,105,mortality.additional.larva.rate.sp2,-0.0387732680543068,1.61116128521108,2.00126785190599,1000
sp2,106,mortality.additional.larva.rate.sp3,-0.000267260397822929,0.165912498573897,0.275860152227759,1000
sp2,107,mortality.additional.larva.rate.sp4,0.00120339384179031,0.0311492179129617,0.0472135016261333,1000
sp2,108,mortality.additional.larva.rate.sp5,0.000153868247496237,0.0299557133865038,0.0456416736887263,1000
sp2,109,mortality.additional.larva.rate.sp6,-0.00191492522809005,0.0296332301748769,0.0435989333668645,1000
sp2,110,mortality.additional.larva.rate.sp9,0.00959073453856376,0.117947004640415,0.170323948688883,1000
sp2,111,mortality.additional.larva.rate.sp10,-0.0066930033339949,0.116762851113038,0.187627922448387,1000
sp2,112,mortality.additional.larva.rate.sp11,-0.0012287365414185,0.0306993597294428,0.0494999688213852,1000
sp2,113,mortality.additional.larva.rate.sp12,-0.00222842890841772,0.0326512660947888,0.0498829276018363,1000
sp2,114,mortality.additional.larva.rate.sp13,-0.000256824483461105,0.0284932142978524,0.0437778715153808,1000
sp2,115,mortality.additional.larva.rate.sp14,-0.000462608062084478,0.0291575014812426,0.0451160674309334,1000
sp2,116,mortality.additional.larva.rate.sp15,0.00477452220346109,0.030886736184455,0.0479824078805723,1000
sp2,117,mortality.additional.larva.rate.mean.sp7,-0.000689592721637792,0.030232666798454,0.0451396720282172,1000
sp2,118,mortality.additional.larva.rate.mean.sp8,-0.000274202235657338,0.0297056082066571,0.0448441313831754,1000
sp2,119,species.linf.sp0,-0.0092573276615168,0.0599185004650616,0.112195540747434,1000
sp2,120,species.linf.sp1,-0.0013188781995738,0.0340339143471204,0.0518764387265302,1000
sp2,121,species.linf.sp2,-0.0385843714797997,1.96653544343394,2.29445824014331,1000
sp2,122,species.linf.sp3,-0.0056656888095062,0.179996633191764,0.285597973262498,1000
sp2,123,species.linf.sp4,0.00500478541212504,0.185179852646764,0.242737681620816,1000
sp2,124,species.linf.sp5,0.00105667045714796,0.0449557688475421,0.0679684122907955,1000
sp2,125,species.linf.sp6,0.000645011446822777,0.0340743439304217,0.0496918824749867,1000
sp2,126,species.linf.sp7,0.00124532183362944,0.030347183702459,0.0459663532075228,1000
sp2,127,species.linf.sp8,-0.0089606361223796,0.0849323833090922,0.121533487733564,1000
sp2,128,species.linf.sp9,0.00160409521878104,0.155470640241872,0.22040600041982,1000
sp2,129,species.linf.sp10,-0.00203022234902778,0.14234880535124,0.22270087697225,1000
sp2,130,species.linf.sp11,0.00283823955185097,0.0360337635193596,0.0558207938969867,1000
sp2,131,species.linf.sp12,0.006566495368136,0.0829160037018218,0.120034709819189,1000
sp2,132,species.linf.sp13,0.000281464484918438,0.0490649665203753,0.0760667928551277,1000
sp2,133,species.linf.sp14,0.00104709405784653,0.0286938767508279,0.0443616622219727,1000
sp2,134,species.linf.sp15,3.4972530857238e-05,0.0335254498674724,0.0507746634711813,1000
sp2,135,species.accessibility2fish.sp16,-1.79602851502237e-05,0.0291602160090511,0.044167052477495,1000
sp2,136,species.accessibility2fish.sp17,-0.000814645845316748,0.0293696682994825,0.0439451129802988,1000
sp2,137,species.accessibility2fish.sp18,-0.00034227747504012,0.0293952224626622,0.0468421133077258,1000
sp2,138,species.accessibility2fish.sp19,0.000237960621959704,0.0293252267547393,0.0448956545231111,1000
sp2,139,species.accessibility2fish.sp20,0.00321691580707354,0.03088813018728,0.0473768812785865,1000
sp2,140,species.accessibility2fish.sp21,-0.00119192623730916,0.0508629874948775,0.0870000673564456,1000
sp2,141,species.accessibility2fish.sp22,-0.000587501620377856,0.0323590476948159,0.04833829594674,1000
sp2,142,species.accessibility2fish.sp23,-0.00301050728295158,0.0298054981096804,0.045307748696953,1000
sp2,143,species.accessibility2fish.sp24,-0.0114164180299799,0.29012700215042,0.404122496757437,1000
sp2,144,species.accessibility2fish.sp25,-0.000500307138738579,0.0298148672815781,0.0447018584360105,1000
sp2,145,species.accessibility2fish.sp26,-0.000564062695846912,0.0315268857168773,0.0485737466891195,1000
sp2,146,species.maturity.size.ratio.sp0,0.00295587695179312,0.056550133630346,0.107178137241709,1000
sp2,147,species.maturity.size.ratio.sp1,-0.000434322188191889,0.0296235974368686,0.0453198627010684,1000
sp2,148,species.maturity.size.ratio.sp2,0.00454467114628804,0.0559047823282178,0.0910444242773559,1000
sp2,149,species.maturity.size.ratio.sp3,0.000101049602117815,0.0317760255514117,0.0484720065242757,1000
sp2,150,species.maturity.size.ratio.sp4,0.00304884172866811,0.034033750070009,0.0526547418185117,1000
sp2,151,species.maturity.size.ratio.sp5,-0.000396599288395206,0.0319052758959349,0.049489415734535,1000
sp2,152,species.maturity.size.ratio.sp6,-0.00361940462897131,0.0327799684050618,0.0501248930108878,1000
sp2,153,species.maturity.size.ratio.sp7,0.00186344829590434,0.0301922078383732,0.0454530662442084,1000
sp2,154,species.maturity.size.ratio.sp8,-0.000751351193495192,0.0289404678343276,0.0426756328714508,1000
sp2,155,species.maturity.size.ratio.sp9,0.000196331868810692,0.0309365847781776,0.0476543276471819,1000
sp2,156,species.maturity.size.ratio.sp10,0.00227231415955531,0.0428722696667074,0.0656822836536058,1000
sp2,157,species.maturity.size.ratio.sp11,0.0045505630852481,0.0613461783910415,0.0941745661554378,1000
sp2,158,species.maturity.size.ratio.sp12,0.000516327286052263,0.0315787063678548,0.0474462862495956,1000
sp2,159,species.maturity.size.ratio.sp13,0.00197507960389395,0.0592449686591626,0.104238975560466,1000
sp2,160,species.maturity.size.ratio.sp14,-0.0021480641524871,0.0320567184727983,0.0489900324745994,1000
sp2,161,species.maturity.size.ratio.sp15,-0.00251499299799545,0.0302494664467018,0.0467480705968284,1000
sp2,162,predation.predPrey.sizeRatio.teta.sp0.stage1,-0.000482793873215026,0.0299107971746286,0.0469094043585005,1000
sp2,163,predation.predPrey.sizeRatio.alpha.sp0.stage1,-0.00275485305727689,0.0335735182915054,0.0517082376870515,1000
sp2,164,predation.predPrey.sizeRatio.teta.sp1.stage1,0.00186477353448371,0.0299482230676409,0.044283338325378,1000
sp2,165,predation.predPrey.sizeRatio.alpha.sp1.stage1,0.00256162848038743,0.0363774062489466,0.0537456771139037,1000
sp2,166,predation.predPrey.sizeRatio.teta.sp2.stage1,0.00144344515626292,0.0415221950804942,0.0612926552862373,1000
sp2,167,predation.predPrey.sizeRatio.alpha.sp2.stage1,0.00935952370707951,0.484585082806249,0.657064615023733,1000
sp2,168,predation.predPrey.sizeRatio.teta.sp3.stage1,0.0003698970358233,0.0307839241015242,0.0469114407811344,1000
sp2,169,predation.predPrey.sizeRatio.alpha.sp3.stage1,0.00240136880769072,0.0645443915797272,0.0972909042431165,1000
sp2,170,predation.predPrey.sizeRatio.teta.sp4.stage1,0.00114466995078135,0.0367911539820179,0.0585301139870905,1000
sp2,171,predation.predPrey.sizeRatio.alpha.sp4.stage1,-0.00322825960541223,0.078068297415266,0.114563952193856,1000
sp2,172,predation.predPrey.sizeRatio.teta.sp5.stage1,0.00278367553185743,0.0303472894229324,0.0468180375373695,1000
sp2,173,predation.predPrey.sizeRatio.teta.sp5.stage2,-0.00162507097867589,0.0390943429783184,0.0582374421897495,1000
sp2,174,predation.predPrey.sizeRatio.alpha.sp5.stage1,-7.43499552643968e-05,0.0294792240986129,0.0473557002703679,1000
sp2,175,predation.predPrey.sizeRatio.alpha.sp5.stage2,0.00109579251954183,0.0328015101856493,0.0478206382248112,1000
sp2,176,predation.predPrey.sizeRatio.teta.sp6.stage1,0.00210591953536686,0.02982973034237,0.0444793934594214,1000
sp2,177,predation.predPrey.sizeRatio.alpha.sp6.stage1,0.00296558016550138,0.0304644946723104,0.0449610752297044,1000
sp2,178,predation.predPrey.sizeRatio.teta.sp7.stage1,-0.0019152885530419,0.0288137191259576,0.0428808542505875,1000
sp2,179,predation.predPrey.sizeRatio.alpha.sp7.stage1,-0.0011225600255067,0.0313409572118119,0.0475265288330539,1000
sp2,180,predation.predPrey.sizeRatio.teta.sp8.stage1,0.00149561920523635,0.0305315518985037,0.0463252127008441,1000
sp2,181,predation.predPrey.sizeRatio.alpha.sp8.stage1,7.09542946386637e-05,0.0557205851068267,0.0834967751415307,1000
sp2,182,predation.predPrey.sizeRatio.teta.sp9.stage1,-0.00260890727714313,0.035454601249729,0.0535236448413154,1000
sp2,183,predation.predPrey.sizeRatio.alpha.sp9.stage1,0.00299703540261577,0.0430876507120229,0.065856252345864,1000
sp2,184,predation.predPrey.sizeRatio.teta.sp10.stage1,-0.00289740310828006,0.0313754653996227,0.0480148134226661,1000
sp2,185,predation.predPrey.sizeRatio.alpha.sp10.stage1,0.00357534894489102,0.0467539097953726,0.0813499507194213,1000
sp2,186,predation.predPrey.sizeRatio.teta.sp11.stage1,-0.00039159358836225,0.03156855867171,0.0480349496301076,1000
sp2,187,predation.predPrey.sizeRatio.alpha.sp11.stage1,-0.000168478166056656,0.0307361981482697,0.0466391802113201,1000
sp2,188,predation.predPrey.sizeRatio.teta.sp12.stage1,0.000479568760043904,0.0363567796474895,0.0554217549096405,1000
sp2,189,predation.predPrey.sizeRatio.alpha.sp12.stage1,-0.00234736436525234,0.0529258727354531,0.0812329988253078,1000
sp2,190,predation.predPrey.sizeRatio.teta.sp13.stage1,-0.000256565327060642,0.0289894785052599,0.0443751074174842,1000
sp2,191,predation.predPrey.sizeRatio.alpha.sp13.stage1,0.00117579734526457,0.0523507446177631,0.0803004393733729,1000
sp2,192,predation.predPrey.sizeRatio.teta.sp14.stage1,0.00131060131034728,0.0300319702562361,0.0447948765584578,1000
sp2,193,predation.predPrey.sizeRatio.alpha.sp14.stage1,0.00168676758613224,0.0312053857716484,0.0471234824594,1000
sp2,194,predation.predPrey.sizeRatio.teta.sp15.stage1,-0.00232151222337975,0.0298814830581726,0.0452582541322651,1000
sp2,195,predation.predPrey.sizeRatio.alpha.sp15.stage1,-0.00265588034387097,0.035406405607478,0.0529324824962606,1000
sp3,1,mortality.additional.rate.sp0,-0.000669015089890279,0.0338559645361044,0.0503283527723367,1000
sp3,2,mortality.additional.rate.sp1,0.000471286155582452,0.03434174630671,0.0510062870983721,1000
sp3,3,mortality.additional.rate.sp2,0.000950973525315124,0.0374348739181435,0.0555799476708671,1000
sp3,4,mortality.additional.rate.sp3,0.00843024481729815,0.16115688620374,0.186543610655977,1000
sp3,5,mortality.additional.rate.sp4,0.0018514698798314,0.0340055585061576,0.0506616557956346,1000
sp3,6,mortality.additional.rate.sp5,0.000983353403722661,0.0391908471616384,0.0580414252816626,1000
sp3,7,mortality.additional.rate.sp6,0.00280701379776603,0.0347819036875485,0.0525498822938095,1000
sp3,8,mortality.additional.rate.sp7,-0.00221232896436282,0.037708449689628,0.0564570004009125,1000
sp3,9,mortality.additional.rate.sp8,0.00187273539361073,0.034251417427761,0.0528205936362172,1000
sp3,10,mortality.additional.rate.sp9,0.001143154745266,0.0339246215870025,0.0506205682916468,1000
sp3,11,mortality.additional.rate.sp10,0.00132466254203233,0.0321417410675556,0.0496767304054331,1000
sp3,12,mortality.additional.rate.sp11,-0.00194942338193845,0.0316242079921742,0.0489855961345956,1000
sp3,13,mortality.additional.rate.sp12,-0.00199487348061333,0.0355290561469297,0.0534882935143261,1000
sp3,14,mortality.additional.rate.sp13,-0.00149168007604309,0.0359878619619481,0.0539669177294695,1000
sp3,15,mortality.additional.rate.sp14,0.000312982269289358,0.034217850594744,0.0512285856207192,1000
sp3,16,mortality.additional.rate.sp15,-0.00173039585377724,0.0327165944815978,0.0491988197744797,1000
sp3,17,fisheries.rate.base.fsh0,-0.0159484995510533,0.24533879463107,0.347311325787081,1000
sp3,18,fisheries.rate.base.fsh1,0.00171822419638039,0.052957540034288,0.0809292923116437,1000
sp3,19,fisheries.rate.base.fsh2,-0.0034170328520655,0.0355251578121761,0.0533618630598637,1000
sp3,20,fisheries.rate.base.fsh3,-0.00167837228467373,0.0531661912155997,0.079447504466865,1000
sp3,21,species.catchability.fsh0.sp0,0.000761332799354525,0.0364260994106666,0.0557670280556507,1000
sp3,22,species.catchability.fsh0.sp1,0.00078997411414507,0.0366876288806264,0.0554928697334644,1000
sp3,23,species.catchability.fsh0.sp2,-0.00165624627788275,0.034653004933775,0.0518904600358457,1000
sp3,24,species.catchability.fsh0.sp3,-0.0110873047451471,0.199408844278521,0.302425291325773,1000
sp3,25,species.catchability.fsh0.sp5,0.000152252383295667,0.0367486039901998,0.0538079450795313,1000
sp3,26,species.catchability.fsh0.sp7,0.000799648965926138,0.0346161840041176,0.0516756481436614,1000
sp3,27,species.catchability.fsh0.sp8,-2.09811124135857e-05,0.0342050776765172,0.0508408403625465,1000
sp3,28,species.catchability.fsh0.sp9,0.000270733424902416,0.033725605074656,0.0492600612697267,1000
sp3,29,species.catchability.fsh0.sp10,0.00263915454435949,0.0393875412959458,0.0630891669537159,1000
sp3,30,species.catchability.fsh0.sp13,-7.44285567652169e-05,0.0334886791723464,0.0497529352597831,1000
sp3,31,species.catchability.fsh0.sp14,-0.0008634767694749,0.0336213053478996,0.0499354057474127,1000
sp3,32,species.catchability.fsh0.sp15,-0.000232454926955342,0.0338200458547484,0.0503212173237498,1000
sp3,33,species.catchability.fsh1.sp9,0.00023616012466624,0.0331448623084897,0.0494821866774338,1000
sp3,34,species.catchability.fsh1.sp10,-0.000620571856225059,0.0425557035946491,0.064274010666555,1000
sp3,35,species.catchability.fsh1.sp11,0.00224034929915281,0.0337640590874532,0.0512625135728053,1000
sp3,36,species.catchability.fsh1.sp12,0.00315756289195451,0.0392465868489292,0.0584834214456323,1000
sp3,37,species.catchability.fsh2.sp0,-0.00126125313041676,0.0350539695635089,0.0541758840477385,1000
sp3,38,species.catchability.fsh2.sp5,-0.00165269208053952,0.0331552206668949,0.0495601097572637,1000
sp3,39,species.catchability.fsh2.sp7,-0.00112753082993394,0.0341246478307578,0.0516696818972437,1000
sp3,40,species.catchability.fsh2.sp8,-0.00163814911910711,0.0326371409746672,0.0481012613408689,1000
sp3,41,species.catchability.fsh3.sp0,-0.00226944140056387,0.0356990034789301,0.0539195888301201,1000
sp3,42,species.catchability.fsh3.sp1,-0.00185344564623307,0.0347045276798613,0.05067843846866,1000
sp3,43,species.catchability.fsh3.sp2,-3.48932776495414e-05,0.0339843980192541,0.0511850975056098,1000
sp3,44,species.catchability.fsh3.sp3,-0.00261289988303359,0.0454316135455107,0.0686843527909672,1000
sp3,45,species.catchability.fsh3.sp5,0.00099603975007535,0.0328799855649437,0.0490803279312627,1000
sp3,46,species.catchability.fsh3.sp7,0.000697871524294989,0.033981873716018,0.0524825034616278,1000
sp3,47,species.catchability.fsh3.sp8,-0.00100717819309851,0.0335484172774008,0.0498756318906456,1000
sp3,48,species.catchability.fsh3.sp9,-0.00108216934948656,0.0347528708681832,0.0529237395930769,1000
sp3,49,species.catchability.fsh3.sp10,-0.000277989382039138,0.034662832916518,0.0513116636817328,1000
sp3,50,species.catchability.fsh3.sp11,0.00183846933157279,0.0347369511723145,0.0504330538622849,1000
sp3,51,species.catchability.fsh3.sp12,0.00174987382709349,0.0356566164046837,0.0541493215685098,1000
sp3,52,species.catchability.fsh3.sp13,0.00234078481647402,0.0340940975635096,0.0516751509024644,1000
sp3,53,species.catchability.fsh3.sp14,0.000666429252522051,0.0344637774764315,0.0527540651051388,1000
sp3,54,species.catchability.fsh3.sp15,0.000237322542293825,0.0363456430114883,0.0552570681850179,1000
sp3,55,species.length2weight.condition.factor.sp0,-0.0019362676287384,0.0393630358397995,0.0607517428418343,1000
sp3,56,species.length2weight.condition.factor.sp1,0.00191924836325491,0.0347025669273794,0.0519694433055242,1000
sp3,57,species.length2weight.condition.factor.sp2,-0.00251536412133203,0.0422597151439393,0.0641592448752456,1000
sp3,58,species.length2weight.condition.factor.sp3,-0.00413589716533619,0.148880874930262,0.2087838114374,1000
sp3,59,species.length2weight.condition.factor.sp4,0.00330212335402746,0.0365631880772719,0.0529842538650112,1000
sp3,60,species.length2weight.condition.factor.sp5,0.00120933753646706,0.0340174494074008,0.0516943171912424,1000
sp3,61,species.length2weight.condition.factor.sp6,0.0022253311004159,0.0354276215872747,0.0521983825639285,1000
sp3,62,species.length2weight.condition.factor.sp7,0.00147543271680391,0.0344377522947391,0.0515297835405851,1000
sp3,63,species.length2weight.condition.factor.sp8,-0.000850569232847397,0.0340089495886503,0.0515567156772406,1000
sp3,64,species.length2weight.condition.factor.sp9,-0.00201751795674648,0.0386656798978375,0.0561328866878401,1000
sp3,65,species.length2weight.condition.factor.sp10,-0.00133692234577216,0.0396744894787813,0.0604721143829308,1000
sp3,66,species.length2weight.condition.factor.sp11,0.00165282448121873,0.0334069997355041,0.0507282301937428,1000
sp3,67,species.length2weight.condition.factor.sp12,-0.00173051784419847,0.0360071513527609,0.0531555251733176,1000
sp3,68,species.length2weight.condition.factor.sp13,0.00162043547385897,0.0350694489022259,0.0546017728455299,1000
sp3,69,species.length2weight.condition.factor.sp14,-0.00261194445746555,0.0319744870027759,0.0494472423314617,1000
sp3,70,species.length2weight.condition.factor.sp15,-0.00108200608377154,0.0326637035723392,0.0477028343171047,1000
sp3,71,species.k.sp0,-0.00258313634873685,0.0681994626120623,0.115449045627993,1000
sp3,72,species.k.sp1,-0.00407934779672505,0.0359307250353228,0.0540905474840807,1000
sp3,73,species.k.sp2,-0.00176678435098327,0.0835839978368654,0.126507828995457,1000
sp3,74,species.k.sp3,-0.000568920685912594,0.472339283782002,0.596814555978194,1000
sp3,75,species.k.sp4,0.00215831130235759,0.0374920916066474,0.0586100647507139,1000
sp3,76,species.k.sp5,-0.000441934932550391,0.0364838600583407,0.0527698528655555,1000
sp3,77,species.k.sp6,-0.00229666854455789,0.0371163523045411,0.0571275758378354,1000
sp3,78,species.k.sp7,-0.00226491657890859,0.0342716384036363,0.0532051498123898,1000
sp3,79,species.k.sp8,0.00250044415325548,0.0418940801164458,0.0626614936271913,1000
sp3,80,species.k.sp9,-0.00214682704955863,0.0771826727622668,0.11040984441798,1000
sp3,81,species.k.sp10,-0.00518058654688993,0.0580108905987012,0.0877524515573823,1000
sp3,82,species.k.sp11,0.00131855351501292,0.0419170658180251,0.0639050098897441,1000
sp3,83,species.k.sp12,-0.000637657202120325,0.035471936432,0.0530010218277228,1000
sp3,84,species.k.sp13,-0.000897035483530937,0.0674321525444987,0.109250058329889,1000
sp3,85,species.k.sp14,-0.00056483402647927,0.033172286648024,0.0493895386235004,1000
sp3,86,species.k.sp15,-0.00105721165807373,0.0351592836918286,0.0547162368963139,1000
sp3,87,species.l0.sp0,0.00202805250574551,0.0392809568806918,0.0630768753557299,1000
sp3,88,species.l0.sp1,0.0027193984665438,0.0358303454611078,0.0527026618226815,1000
sp3,89,species.l0.sp2,-0.00206079251228066,0.0819459654820797,0.125079078781813,1000
sp3,90,species.l0.sp3,-0.00279319126848078,0.143355756212133,0.194566143824717,1000
sp3,91,species.l0.sp4,0.000396341098638203,0.0429200644592092,0.0646452503026776,1000
sp3,92,species.l0.sp5,0.000957851173501802,0.0333101949998263,0.0504258017742925,1000
sp3,93,species.l0.sp6,0.00169268066478632,0.0361653030548862,0.0548101877881532,1000
sp3,94,species.l0.sp7,-0.000271386634599689,0.0355114971722017,0.0531377233824565,1000
sp3,95,species.l0.sp8,-0.000361335486193225,0.0345136041759814,0.0535542026268367,1000
sp3,96,species.l0.sp9,0.00071563294962614,0.0876324101976345,0.123819536321251,1000
sp3,97,species.l0.sp10,-0.00242731928241265,0.0909104817266565,0.13897378902684,1000
sp3,98,species.l0.sp11,0.00240565358954665,0.038106559526401,0.0580234854153178,1000
sp3,99,species.l0.sp12,-0.00135267893683499,0.0340401914518547,0.0525246628786962,1000
sp3,100,species.l0.sp13,0.000610712575144958,0.034374190500186,0.051651849232318,1000
sp3,101,species.l0.sp14,0.000340937564335267,0.0330765787743666,0.0500220304973442,1000
sp3,102,species.l0.sp15,-0.000468095702112051,0.0342148524893686,0.0525736578308931,1000
sp3,103,mortality.additional.larva.rate.sp0,0.00525147481868474,0.065406597129513,0.106871622326446,1000
sp3,104,mortality.additional.larva.rate.sp1,-0.000816825764128676,0.036068165854873,0.0552103561188884,1000
sp3,105,mortality.additional.larva.rate.sp2,0.00836214231510573,0.202836013398749,0.31582554221534,1000
sp3,106,mortality.additional.larva.rate.sp3,-0.0369873635520421,1.12718743956319,1.38989587451406,1000
sp3,107,mortality.additional.larva.rate.sp4,-0.00122046800423754,0.0345802874105174,0.0509176987866433,1000
sp3,108,mortality.additional.larva.rate.sp5,0.000815484310282221,0.0332727401360219,0.0491158849872815,1000
sp3,109,mortality.additional.larva.rate.sp6,0.0007062706955004,0.0336746220781599,0.0489570349531498,1000
sp3,110,mortality.additional.larva.rate.sp9,0.00427283667246623,0.0878558982930747,0.127808795625357,1000
sp3,111,mortality.additional.larva.rate.sp10,0.00610723720967098,0.139761608721454,0.209041805122893,1000
sp3,112,mortality.additional.larva.rate.sp11,0.00150437116161292,0.0360251492630791,0.0545834027184607,1000
sp3,113,mortality.additional.larva.rate.sp12,-0.00133099338992223,0.0374049380844903,0.0555082866980893,1000
sp3,114,mortality.additional.larva.rate.sp13,-0.00215446579151796,0.0322290930103524,0.0484872023977776,1000
sp3,115,mortality.additional.larva.rate.sp14,0.00179408793746508,0.0353599523963276,0.053592997447949,1000
sp3,116,mortality.additional.larva.rate.sp15,0.000788625706721309,0.0366195693597536,0.0550055990647513,1000
sp3,117,mortality.additional.larva.rate.mean.sp7,-0.00030038740406984,0.0330968687886395,0.0505898894519381,1000
sp3,118,mortality.additional.larva.rate.mean.sp8,-1.8102993787127e-05,0.0328868731564926,0.0492753241258224,1000
sp3,119,species.linf.sp0,-0.00689291738428909,0.0811566084242673,0.144391426334071,1000
sp3,120,species.linf.sp1,-0.00209313865944653,0.0346773383128737,0.051161000174102,1000
sp3,121,species.linf.sp2,0.00181427610004317,0.232618945010954,0.330913432396937,1000
sp3,122,species.linf.sp3,0.111402537999891,1.86512512462579,2.09938954481608,1000
sp3,123,species.linf.sp4,-0.00123875591471175,0.0551315838351756,0.082849765141847,1000
sp3,124,species.linf.sp5,0.00261007604349315,0.0702570714623094,0.0880908178894551,1000
sp3,125,species.linf.sp6,-0.000755092981186736,0.0482903871915254,0.0726837204178751,1000
sp3,126,species.linf.sp7,-0.00010324713165308,0.0337686710881723,0.0523325446338212,1000
sp3,127,species.linf.sp8,0.00382461248659444,0.0739397710605881,0.10441774015077,1000
sp3,128,species.linf.sp9,0.00505446918009296,0.195154504981967,0.261569786533185,1000
sp3,129,species.linf.sp10,-0.00570735445404204,0.180524348286946,0.273370422808492,1000
sp3,130,species.linf.sp11,-0.0031811345614397,0.0446418433506437,0.0668544563614679,1000
sp3,131,species.linf.sp12,0.00767236118693504,0.110901229751739,0.159298030569945,1000
sp3,132,species.linf.sp13,-0.00191923492102325,0.0506886257131166,0.082992120432798,1000
sp3,133,species.linf.sp14,-0.00220262937996151,0.0342932359179486,0.0499617926281179,1000
sp3,134,species.linf.sp15,-0.000224978243672478,0.0385381464332546,0.0576151856873663,1000
sp3,135,species.accessibility2fish.sp16,0.000724622928595023,0.0325419792207916,0.0469448401801902,1000
sp3,136,species.accessibility2fish.sp17,0.000135027785193995,0.0345262224644895,0.0508841979993727,1000
sp3,137,species.accessibility2fish.sp18,-0.00173828786341382,0.0351953437010926,0.0550223036375144,1000
sp3,138,species.accessibility2fish.sp19,-0.00187457536974373,0.0358795760317258,0.0545726310667318,1000
sp3,139,species.accessibility2fish.sp20,0.00236594880388029,0.0341908539879439,0.0518234918585197,1000
sp3,140,species.accessibility2fish.sp21,0.0025235517332118,0.0394956510352501,0.0616664790687603,1000
sp3,141,species.accessibility2fish.sp22,-0.00351683125827678,0.0333206285061882,0.0511577934239579,1000
sp3,142,species.accessibility2fish.sp23,0.00213924955548136,0.0344668128261948,0.0527433914819179,1000
sp3,143,species.accessibility2fish.sp24,-0.00295943585262569,0.202843282222262,0.288011227610465,1000
sp3,144,species.accessibility2fish.sp25,-0.00153984153757331,0.0329756623534545,0.0490409416543484,1000
sp3,145,species.accessibility2fish.sp26,-0.000837695846941482,0.0366139268778333,0.056944079344764,1000
sp3,146,species.maturity.size.ratio.sp0,0.000150610986858434,0.0783858155706867,0.132296800076832,1000
sp3,147,species.maturity.size.ratio.sp1,-0.000441143021630245,0.034213034519464,0.052690754047338,1000
sp3,148,species.maturity.size.ratio.sp2,-0.00157796232275607,0.0356051143599561,0.0531096938062095,1000
sp3,149,species.maturity.size.ratio.sp3,0.00072948137081838,0.0412453242962636,0.0611236858231936,1000
sp3,150,species.maturity.size.ratio.sp4,0.00241113780469902,0.0387040621796938,0.0572136792700788,1000
sp3,151,species.maturity.size.ratio.sp5,0.00294596195968083,0.0362698172371105,0.0553284574172553,1000
sp3,152,species.maturity.size.ratio.sp6,0.000178303055053101,0.0358860541662149,0.0537890767276361,1000
sp3,153,species.maturity.size.ratio.sp7,0.000843183333807131,0.0332704305779367,0.0502300650909499,1000
sp3,154,species.maturity.size.ratio.sp8,0.000413954646126157,0.0349906518407727,0.0516848787422213,1000
sp3,155,species.maturity.size.ratio.sp9,-0.00177666552238045,0.0348600554423607,0.051852999053115,1000
sp3,156,species.maturity.size.ratio.sp10,-0.000844886422239284,0.0464749808728182,0.0719153297036904,1000
sp3,157,species.maturity.size.ratio.sp11,0.00293129026278971,0.0773527465489596,0.112365965507342,1000
sp3,158,species.maturity.size.ratio.sp12,0.000604426970586139,0.0338824876722199,0.0513929482611248,1000
sp3,159,species.maturity.size.ratio.sp13,0.00565914474461127,0.0790877069649719,0.122667608565553,1000
sp3,160,species.maturity.size.ratio.sp14,0.00364380365526064,0.0355112073708345,0.0532883053183195,1000
sp3,161,species.maturity.size.ratio.sp15,-0.000220567693321724,0.0354755871900791,0.0544923459145457,1000
sp3,162,predation.predPrey.sizeRatio.teta.sp0.stage1,0.00112014203837411,0.0342913569857164,0.0522943464471696,1000
sp3,163,predation.predPrey.sizeRatio.alpha.sp0.stage1,0.00177513417238747,0.0380608536646672,0.0577838900693096,1000
sp3,164,predation.predPrey.sizeRatio.teta.sp1.stage1,-0.00225593818751478,0.0337553405217675,0.0513651144875563,1000
sp3,165,predation.predPrey.sizeRatio.alpha.sp1.stage1,0.000452100078540818,0.0376332699946652,0.0561948237845674,1000
sp3,166,predation.predPrey.sizeRatio.teta.sp2.stage1,-0.000975860532602639,0.0349240784390265,0.0528124887134795,1000
sp3,167,predation.predPrey.sizeRatio.alpha.sp2.stage1,-0.00176351538357476,0.0950568729611837,0.145805146133534,1000
sp3,168,predation.predPrey.sizeRatio.teta.sp3.stage1,0.00139419958581775,0.0357715205509971,0.0524861182905963,1000
sp3,169,predation.predPrey.sizeRatio.alpha.sp3.stage1,-0.00949597533151131,0.403704721501376,0.590927027725114,1000
sp3,170,predation.predPrey.sizeRatio.teta.sp4.stage1,1.12388381833483e-05,0.0346299653156814,0.0526261514177918,1000
sp3,171,predation.predPrey.sizeRatio.alpha.sp4.stage1,-0.00342240149348026,0.0411724912902973,0.061878789429526,1000
sp3,172,predation.predPrey.sizeRatio.teta.sp5.stage1,-0.00164063974772194,0.0338762562224021,0.050777939571005,1000
sp3,173,predation.predPrey.sizeRatio.teta.sp5.stage2,-0.0017076907210768,0.0466823057421173,0.0608465474079654,1000
sp3,174,predation.predPrey.sizeRatio.alpha.sp5.stage1,0.000542607716549745,0.0330206243604736,0.049669668775101,1000
sp3,175,predation.predPrey.sizeRatio.alpha.sp5.stage2,0.00190010053908373,0.0595711560995097,0.0815458199144175,1000
sp3,176,predation.predPrey.sizeRatio.teta.sp6.stage1,-0.0030604217198216,0.0322205215999612,0.0486108548834217,1000
sp3,177,predation.predPrey.sizeRatio.alpha.sp6.stage1,0.000649162635438503,0.0359643970825129,0.0549677518753427,1000
sp3,178,predation.predPrey.sizeRatio.teta.sp7.stage1,0.00107919102378747,0.0351102049403963,0.0534770543134023,1000
sp3,179,predation.predPrey.sizeRatio.alpha.sp7.stage1,-0.0012153688088981,0.0355011400402782,0.053574288468532,1000
sp3,180,predation.predPrey.sizeRatio.teta.sp8.stage1,4.2271945286137e-05,0.0337468330178733,0.0497954766294074,1000
sp3,181,predation.predPrey.sizeRatio.alpha.sp8.stage1,-0.00170902924303516,0.0612072463824033,0.0885830652265725,1000
sp3,182,predation.predPrey.sizeRatio.teta.sp9.stage1,-0.00206765681283502,0.0395912292084556,0.0575053983628309,1000
sp3,183,predation.predPrey.sizeRatio.alpha.sp9.stage1,-0.00153954951270333,0.0682678778458513,0.100069764306231,1000
sp3,184,predation.predPrey.sizeRatio.teta.sp10.stage1,-0.00123390355470064,0.0364066887925953,0.0550466898718814,1000
sp3,185,predation.predPrey.sizeRatio.alpha.sp10.stage1,0.00128210285041202,0.0527046506311963,0.0820454925937565,1000
sp3,186,predation.predPrey.sizeRatio.teta.sp11.stage1,0.000410123300373509,0.0349457350640301,0.0535855127510395,1000
sp3,187,predation.predPrey.sizeRatio.alpha.sp11.stage1,-0.000475471337718242,0.0355384796082508,0.053785730662455,1000
sp3,188,predation.predPrey.sizeRatio.teta.sp12.stage1,-0.000678428936443614,0.0499515767324044,0.0759289379574543,1000
sp3,189,predation.predPrey.sizeRatio.alpha.sp12.stage1,0.0042006779169337,0.0515204411964251,0.0771014028060051,1000
sp3,190,predation.predPrey.sizeRatio.teta.sp13.stage1,-0.00277277836804771,0.0340750627558066,0.0503799486248282,1000
sp3,191,predation.predPrey.sizeRatio.alpha.sp13.stage1,-7.10712544227472e-06,0.0410089279875291,0.0623497228540219,1000
sp3,192,predation.predPrey.sizeRatio.teta.sp14.stage1,0.00104395081659453,0.0346897346744434,0.0510478193059126,1000
sp3,193,predation.predPrey.sizeRatio.alpha.sp14.stage1,-0.000849646140505872,0.0322070017239394,0.0489083233918375,1000
sp3,194,predation.predPrey.sizeRatio.teta.sp15.stage1,-0.00136764150479751,0.0332324616143171,0.0517417104328907,1000
sp3,195,predation.predPrey.sizeRatio.alpha.sp15.stage1,0.00307593971765663,0.03808040463905,0.0565961643471933,1000
sp4,1,mortality.additional.rate.sp0,,,,0
sp4,2,mortality.additional.rate.sp1,,,,0
sp4,3,mortality.additional.rate.sp2,,,,0
sp4,4,mortality.additional.rate.sp3,,,,0
sp4,5,mortality.additional.rate.sp4,,,,0
sp4,6,mortality.additional.rate.sp5,,,,0
sp4,7,mortality.additional.rate.sp6,,,,0
sp4,8,mortality.additional.rate.sp7,,,,0
sp4,9,mortality.additional.rate.sp8,,,,0
sp4,10,mortality.additional.rate.sp9,,,,0
sp4,11,mortality.additional.rate.sp10,,,,0
sp4,12,mortality.additional.rate.sp11,,,,0
sp4,13,mortality.additional.rate.sp12,,,,0
sp4,14,mortality.additional.rate.sp13,,,,0
sp4,15,mortality.additional.rate.sp14,,,,0
sp4,16,mortality.additional.rate.sp15,,,,0
sp4,17,fisheries.rate.base.fsh0,,,,0
sp4,18,fisheries.rate.base.fsh1,,,,0
sp4,19,fisheries.rate.base.fsh2,,,,0
sp4,20,fisheries.rate.base.fsh3,,,,0
sp4,21,species.catchability.fsh0.sp0,,,,0
sp4,22,species.catchability.fsh0.sp1,,,,0
sp4,23,species.catchability.fsh0.sp2,,,,0
sp4,24,species.catchability.fsh0.sp3,,,,0
sp4,25,species.catchability.fsh0.sp5,,,,0
sp4,26,species.catchability.fsh0.sp7,,,,0
sp4,27,species.catchability.fsh0.sp8,,,,0
sp4,28,species.catchability.fsh0.sp9,,,,0
sp4,29,species.catchability.fsh0.sp10,,,,0
sp4,30,species.catchability.fsh0.sp13,,,,0
sp4,31,species.catchability.fsh0.sp14,,,,0
sp4,32,species.catchability.fsh0.sp15,,,,0
sp4,33,species.catchability.fsh1.sp9,,,,0
sp4,34,species.catchability.fsh1.sp10,,,,0
sp4,35,species.catchability.fsh1.sp11,,,,0
sp4,36,species.catchability.fsh1.sp12,,,,0
sp4,37,species.catchability.fsh2.sp0,,,,0
sp4,38,species.catchability.fsh2.sp5,,,,0
sp4,39,species.catchability.fsh2.sp7,,,,0
sp4,40,species.catchability.fsh2.sp8,,,,0
sp4,41,species.catchability.fsh3.sp0,,,,0
sp4,42,species.catchability.fsh3.sp1,,,,0
sp4,43,species.catchability.fsh3.sp2,,,,0
sp4,44,species.catchability.fsh3.sp3,,,,0
sp4,45,species.catchability.fsh3.sp5,,,,0
sp4,46,species.catchability.fsh3.sp7,,,,0
sp4,47,species.catchability.fsh3.sp8,,,,0
sp4,48,species.catchability.fsh3.sp9,,,,0
sp4,49,species.catchability.fsh3.sp10,,,,0
sp4,50,species.catchability.fsh3.sp11,,,,0
sp4,51,species.catchability.fsh3.sp12,,,,0
sp4,52,species.catchability.fsh3.sp13,,,,0
sp4,53,species.catchability.fsh3.sp14,,,,0
sp4,54,species.catchability.fsh3.sp15,,,,0
sp4,55,species.length2weight.condition.factor.sp0,,,,0
sp4,56,species.length2weight.condition.factor.sp1,,,,0
sp4,57,species.length2weight.condition.factor.sp2,,,,0
sp4,58,species.length2weight.condition.factor.sp3,,,,0
sp4,59,species.length2weight.condition.factor.sp4,,,,0
sp4,60,species.length2weight.condition.factor.sp5,,,,0
sp4,61,species.length2weight.condition.factor.sp6,,,,0
sp4,62,species.length2weight.condition.factor.sp7,,,,0
sp4,63,species.length2weight.condition.factor.sp8,,,,0
sp4,64,species.length2weight.condition.factor.sp9,,,,0
sp4,65,species.length2weight.condition.factor.sp10,,,,0
sp4,66,species.length2weight.condition.factor.sp11,,,,0
sp4,67,species.length2weight.condition.factor.sp12,,,,0
sp4,68,species.length2weight.condition.factor.sp13,,,,0
sp4,69,species.length2weight.condition.factor.sp14,,,,0
sp4,70,species.length2weight.condition.factor.sp15,,,,0
sp4,71,species.k.sp0,,,,0
sp4,72,species.k.sp1,,,,0
sp4,73,species.k.sp2,,,,0
sp4,74,species.k.sp3,,,,0
sp4,75,species.k.sp4,,,,0
sp4,76,species.k.sp5,,,,0
sp4,77,species.k.sp6,,,,0
sp4,78,species.k.sp7,,,,0
sp4,79,species.k.sp8,,,,0
sp4,80,species.k.sp9,,,,0
sp4,81,species.k.sp10,,,,0
sp4,82,species.k.sp11,,,,0
sp4,83,species.k.sp12,,,,0
sp4,84,species.k.sp13,,,,0
sp4,85,species.k.sp14,,,,0
sp4,86,species.k.sp15,,,,0
sp4,87,species.l0.sp0,,,,0
sp4,88,species.l0.sp1,,,,0
sp4,89,species.l0.sp2,,,,0
sp4,90,species.l0.sp3,,,,0
sp4,91,species.l0.sp4,,,,0
sp4,92,species.l0.sp5,,,,0
sp4,93,species.l0.sp6,,,,0
sp4,94,species.l0.sp7,,,,0
sp4,95,species.l0.sp8,,,,0
sp4,96,species.l0.sp9,,,,0
sp4,97,species.l0.sp10,,,,0
sp4,98,species.l0.sp11,,,,0
sp4,99,species.l0.sp12,,,,0
sp4,100,species.l0.sp13,,,,0
sp4,101,species.l0.sp14,,,,0
sp4,102,species.l0.sp15,,,,0
sp4,103,mortality.additional.larva.rate.sp0,,,,0
sp4,104,mortality.additional.larva.rate.sp1,,,,0
sp4,105,mortality.additional.larva.rate.sp2,,,,0
sp4,106,mortality.additional.larva.rate.sp3,,,,0
sp4,107,mortality.additional.larva.rate.sp4,,,,0
sp4,108,mortality.additional.larva.rate.sp5,,,,0
sp4,109,mortality.additional.larva.rate.sp6,,,,0
sp4,110,mortality.additional.larva.rate.sp9,,,,0
sp4,111,mortality.additional.larva.rate.sp10,,,,0
sp4,112,mortality.additional.larva.rate.sp11,,,,0
sp4,113,mortality.additional.larva.rate.sp12,,,,0
sp4,114,mortality.additional.larva.rate.sp13,,,,0
sp4,115,mortality.additional.larva.rate.sp14,,,,0
sp4,116,mortality.additional.larva.rate.sp15,,,,0
sp4,117,mortality.additional.larva.rate.mean.sp7,,,,0
sp4,118,mortality.additional.larva.rate.mean.sp8,,,,0
sp4,119,species.linf.sp0,,,,0
sp4,120,species.linf.sp1,,,,0
sp4,121,species.linf.sp2,,,,0
sp4,122,species.linf.sp3,,,,0
sp4,123,species.linf.sp4,,,,0
sp4,124,species.linf.sp5,,,,0
sp4,125,species.linf.sp6,,,,0
sp4,126,species.linf.sp7,,,,0
sp4,127,species.linf.sp8,,,,0
sp4,128,species.linf.sp9,,,,0
sp4,129,species.linf.sp10,,,,0
sp4,130,species.linf.sp11,,,,0
sp4,131,species.linf.sp12,,,,0
sp4,132,species.linf.sp13,,,,0
sp4,133,species.linf.sp14,,,,0
sp4,134,species.linf.sp15,,,,0
sp4,135,species.accessibility2fish.sp16,,,,0
sp4,136,species.accessibility2fish.sp17,,,,0
sp4,137,species.accessibility2fish.sp18,,,,0
sp4,138,species.accessibility2fish.sp19,,,,0
sp4,139,species.accessibility2fish.sp20,,,,0
sp4,140,species.accessibility2fish.sp21,,,,0
sp4,141,species.accessibility2fish.sp22,,,,0
sp4,142,species.accessibility2fish.sp23,,,,0
sp4,143,species.accessibility2fish.sp24,,,,0
sp4,144,species.accessibility2fish.sp25,,,,0
sp4,145,species.accessibility2fish.sp26,,,,0
sp4,146,species.maturity.size.ratio.sp0,,,,0
sp4,147,species.maturity.size.ratio.sp1,,,,0
sp4,148,species.maturity.size.ratio.sp2,,,,0
sp4,149,species.maturity.size.ratio.sp3,,,,0
sp4,150,species.maturity.size.ratio.sp4,,,,0
sp4,151,species.maturity.size.ratio.sp5,,,,0
sp4,152,species.maturity.size.ratio.sp6,,,,0
sp4,153,species.maturity.size.ratio.sp7,,,,0
sp4,154,species.maturity.size.ratio.sp8,,,,0
sp4,155,species.maturity.size.ratio.sp9,,,,0
sp4,156,species.maturity.size.ratio.sp10,,,,0
sp4,157,species.maturity.size.ratio.sp11,,,,0
sp4,158,species.maturity.size.ratio.sp12,,,,0
sp4,159,species.maturity.size.ratio.sp13,,,,0
sp4,160,species.maturity.size.ratio.sp14,,,,0
sp4,161,species.maturity.size.ratio.sp15,,,,0
sp4,162,predation.predPrey.sizeRatio.teta.sp0.stage1,,,,0
sp4,163,predation.predPrey.sizeRatio.alpha.sp0.stage1,,,,0
sp4,164,predation.predPrey.sizeRatio.teta.sp1.stage1,,,,0
sp4,165,predation.predPrey.sizeRatio.alpha.sp1.stage1,,,,0
sp4,166,predation.predPrey.sizeRatio.teta.sp2.stage1,,,,0
sp4,167,predation.predPrey.sizeRatio.alpha.sp2.stage1,,,,0
sp4,168,predation.predPrey.sizeRatio.teta.sp3.stage1,,,,0
sp4,169,predation.predPrey.sizeRatio.alpha.sp3.stage1,,,,0
sp4,170,predation.predPrey.sizeRatio.teta.sp4.stage1,,,,0
sp4,171,predation.predPrey.sizeRatio.alpha.sp4.stage1,,,,0
sp4,172,predation.predPrey.sizeRatio.teta.sp5.stage1,,,,0
sp4,173,predation.predPrey.sizeRatio.teta.sp5.stage2,,,,0
sp4,174,predation.predPrey.sizeRatio.alpha.sp5.stage1,,,,0
sp4,175,predation.predPrey.sizeRatio.alpha.sp5.stage2,,,,0
sp4,176,predation.predPrey.sizeRatio.teta.sp6.stage1,,,,0
sp4,177,predation.predPrey.sizeRatio.alpha.sp6.stage1,,,,0
sp4,178,predation.predPrey.sizeRatio.teta.sp7.stage1,,,,0
sp4,179,predation.predPrey.sizeRatio.alpha.sp7.stage1,,,,0
sp4,180,predation.predPrey.sizeRatio.teta.sp8.stage1,,,,0
sp4,181,predation.predPrey.sizeRatio.alpha.sp8.stage1,,,,0
sp4,182,predation.predPrey.sizeRatio.teta.sp9.stage1,,,,0
sp4,183,predation.predPrey.sizeRatio.alpha.sp9.stage1,,,,0
sp4,184,predation.predPrey.sizeRatio.teta.sp10.stage1,,,,0
sp4,185,predation.predPrey.sizeRatio.alpha.sp10.stage1,,,,0
sp4,186,predation.predPrey.sizeRatio.teta.sp11.stage1,,,,0
sp4,187,predation.predPrey.sizeRatio.alpha.sp11.stage1,,,,0
sp4,188,predation.predPrey.sizeRatio.teta.sp12.stage1,,,,0
sp4,189,predation.predPrey.sizeRatio.alpha.sp12.stage1,,,,0
sp4,190,predation.predPrey.sizeRatio.teta.sp13.stage1,,,,0
sp4,191,predation.predPrey.sizeRatio.alpha.sp13.stage1,,,,0
sp4,192,predation.predPrey.sizeRatio.teta.sp14.stage1,,,,0
sp4,193,predation.predPrey.sizeRatio.alpha.sp14.stage1,,,,0
sp4,194,predation.predPrey.sizeRatio.teta.sp15.stage1,,,,0
sp4,195,predation.predPrey.sizeRatio.alpha.sp15.stage1,,,,0
sp5,1,mortality.additional.rate.sp0,-0.000129649419882135,0.00790812495522733,0.0107726674098693,1000
sp5,2,mortality.additional.rate.sp1,0.00037114879373642,0.00796221778825569,0.0107634919246386,1000
sp5,3,mortality.additional.rate.sp2,5.63136310976198e-05,0.00817252937547306,0.0113423043813427,1000
sp5,4,mortality.additional.rate.sp3,0.000512074220408518,0.00865224487081048,0.0120708842909469,1000
sp5,5,mortality.additional.rate.sp4,0.000112916298916548,0.00802588833328403,0.0113255636634201,1000
sp5,6,mortality.additional.rate.sp5,0.0089065644729447,0.306524345344683,0.323985994239748,1000
sp5,7,mortality.additional.rate.sp6,-7.63986486711117e-05,0.00792365957304999,0.0105548508712993,1000
sp5,8,mortality.additional.rate.sp7,-0.0005163565746738,0.00767629842115569,0.0102978885339165,1000
sp5,9,mortality.additional.rate.sp8,0.000387724646832829,0.00772605484908793,0.0107513477526522,1000
sp5,10,mortality.additional.rate.sp9,8.97933849556477e-05,0.00810129561371309,0.0109823701692843,1000
sp5,11,mortality.additional.rate.sp10,-0.000965123054922933,0.00799770392654322,0.0107577961786313,1000
sp5,12,mortality.additional.rate.sp11,0.000307731795954096,0.00768357290838336,0.0106245810886302,1000
sp5,13,mortality.additional.rate.sp12,-0.000319742211068606,0.0077938550060001,0.0105715247471481,1000
sp5,14,mortality.additional.rate.sp13,0.000478937385651543,0.00799041529385822,0.0109010624419992,1000
sp5,15,mortality.additional.rate.sp14,0.000159052503651732,0.00768106202043766,0.0103097213617027,1000
sp5,16,mortality.additional.rate.sp15,0.000222632002718346,0.00798732426415938,0.0107725426977726,1000
sp5,17,fisheries.rate.base.fsh0,-0.00634089436461251,0.258608276419371,0.267468030740758,1000
sp5,18,fisheries.rate.base.fsh1,-0.00043066586302206,0.00857283839483021,0.0118980167231594,1000
sp5,19,fisheries.rate.base.fsh2,-6.86551817707409e-05,0.00931793491266584,0.0122636742710037,1000
sp5,20,fisheries.rate.base.fsh3,0.000340394052976335,0.0252699518088701,0.0285200936251151,1000
sp5,21,species.catchability.fsh0.sp0,6.31214890900892e-05,0.00836474602930732,0.0116477696844821,1000
sp5,22,species.catchability.fsh0.sp1,-7.04947303543857e-05,0.00801201853268748,0.0107339859810781,1000
sp5,23,species.catchability.fsh0.sp2,7.4074334405242e-05,0.00789567746120637,0.0110772504154471,1000
sp5,24,species.catchability.fsh0.sp3,-3.17965605668803e-05,0.011160067703387,0.0162564156689688,1000
sp5,25,species.catchability.fsh0.sp5,0.00180697795641849,0.268038749253768,0.277269881157806,1000
sp5,26,species.catchability.fsh0.sp7,0.000407600223428234,0.00789721554241836,0.010687606079311,1000
sp5,27,species.catchability.fsh0.sp8,-0.000504407689109173,0.0076484750099643,0.010662639292549,1000
sp5,28,species.catchability.fsh0.sp9,0.000166824781342671,0.00795053610917958,0.0108341312914868,1000
sp5,29,species.catchability.fsh0.sp10,-0.000158986303728979,0.00836044075914788,0.0115288229805334,1000
sp5,30,species.catchability.fsh0.sp13,-0.000318030251251222,0.00789189424545729,0.0108073793493478,1000
sp5,31,species.catchability.fsh0.sp14,-0.000228207012910483,0.00747817044913141,0.010371311760252,1000
sp5,32,species.catchability.fsh0.sp15,-5.12665595521493e-05,0.00762308211578978,0.0103831855016523,1000
sp5,33,species.catchability.fsh1.sp9,-5.73249730321814e-05,0.00782132920531244,0.0107854306571983,1000
sp5,34,species.catchability.fsh1.sp10,-0.000739066314267622,0.00794465864372187,0.0106056015895128,1000
sp5,35,species.catchability.fsh1.sp11,-0.000491676301075139,0.00768349505566444,0.0105545758451447,1000
sp5,36,species.catchability.fsh1.sp12,-0.000160091039003301,0.00793436098347368,0.0109133238232309,1000
sp5,37,species.catchability.fsh2.sp0,-0.00056108285665031,0.00769106737235475,0.010324080760884,1000
sp5,38,species.catchability.fsh2.sp5,0.000161925292748256,0.00927874636999125,0.0122731685426534,1000
sp5,39,species.catchability.fsh2.sp7,-0.000108524015992026,0.00769581235950706,0.0105718878360462,1000
sp5,40,species.catchability.fsh2.sp8,0.0003127332122356,0.00763033738505584,0.0104114313554924,1000
sp5,41,species.catchability.fsh3.sp0,0.00055351532873473,0.00741040493833041,0.00997415623977782,1000
sp5,42,species.catchability.fsh3.sp1,-0.000462224349925878,0.00762285704403828,0.0103921849971573,1000
sp5,43,species.catchability.fsh3.sp2,0.000129631682727379,0.00762723348670397,0.0103847436157817,1000
sp5,44,species.catchability.fsh3.sp3,0.000222446900087825,0.00773931181323546,0.0104130825846645,1000
sp5,45,species.catchability.fsh3.sp5,0.00103847590465575,0.0268440701762789,0.0300770178480447,1000
sp5,46,species.catchability.fsh3.sp7,0.000260451862188347,0.00758862054396349,0.0104972413910287,1000
sp5,47,species.catchability.fsh3.sp8,0.000228516133095024,0.0078646975837818,0.0106696230429806,1000
sp5,48,species.catchability.fsh3.sp9,-0.000170492261410956,0.00792460177485714,0.0106078745818379,1000
sp5,49,species.catchability.fsh3.sp10,-0.000245540388485921,0.0076767324945714,0.0109372114676725,1000
sp5,50,species.catchability.fsh3.sp11,0.000304197474916085,0.00765164641956066,0.0105764052931581,1000
sp5,51,species.catchability.fsh3.sp12,0.000396748272529696,0.00727198419252976,0.00988930179986206,1000
sp5,52,species.catchability.fsh3.sp13,5.37213778833638e-05,0.00778391150476877,0.0104450979608099,1000
sp5,53,species.catchability.fsh3.sp14,-2.4821771377405e-05,0.00752359741615656,0.0101969234403479,1000
sp5,54,species.catchability.fsh3.sp15,-0.000258788333176393,0.00764788105458181,0.0102646414242111,1000
sp5,55,species.length2weight.condition.factor.sp0,-0.000502350018179407,0.00841404099480089,0.0115283204552757,1000
sp5,56,species.length2weight.condition.factor.sp1,5.93562922212106e-05,0.00764260707859832,0.0103532734370399,1000
sp5,57,species.length2weight.condition.factor.sp2,-0.000210515735460373,0.00833512048075577,0.0120896025373282,1000
sp5,58,species.length2weight.condition.factor.sp3,0.000115598101672155,0.00842498087266508,0.0121413986518309,1000
sp5,59,species.length2weight.condition.factor.sp4,0.000218683183286704,0.00773671347573723,0.0104455248299949,1000
sp5,60,species.length2weight.condition.factor.sp5,-0.000268534414244854,0.00802375486117395,0.011073901467372,1000
sp5,61,species.length2weight.condition.factor.sp6,-1.11202810659386e-05,0.00811118697302699,0.010924907714662,1000
sp5,62,species.length2weight.condition.factor.sp7,-1.10935915240039e-05,0.00812006855413109,0.0109574730366373,1000
sp5,63,species.length2weight.condition.factor.sp8,-0.00023802801813049,0.00844491753279837,0.0115582115832117,1000
sp5,64,species.length2weight.condition.factor.sp9,-1.1740135365364e-05,0.00826292980786111,0.0116678711124341,1000
sp5,65,species.length2weight.condition.factor.sp10,-0.000487931840025731,0.00761958835953496,0.0105039555751408,1000
sp5,66,species.length2weight.condition.factor.sp11,0.00135002486966228,0.00796666762162288,0.0107071623358374,1000
sp5,67,species.length2weight.condition.factor.sp12,0.000201077730365151,0.00787713143166153,0.0108626756018831,1000
sp5,68,species.length2weight.condition.factor.sp13,-4.07410614665303e-06,0.00784389810460264,0.0105110349853671,1000
sp5,69,species.length2weight.condition.factor.sp14,0.00027372587246661,0.00802217914585685,0.0112255794594844,1000
sp5,70,species.length2weight.condition.factor.sp15,-0.00049982776123105,0.00766422929423969,0.010621445033912,1000
sp5,71,species.k.sp0,0.000354099876680305,0.0111399581559855,0.0163645615885805,1000
sp5,72,species.k.sp1,6.75481396978617e-05,0.00812221688284524,0.0111935615910072,1000
sp5,73,species.k.sp2,0.000744220553627624,0.00915976203710627,0.0140268029470883,1000
sp5,74,species.k.sp3,0.000622360201614325,0.0120941717582306,0.0198933421027712,1000
sp5,75,species.k.sp4,-1.03199030024449e-05,0.0105117316571364,0.0146989708488278,1000
sp5,76,species.k.sp5,0.0217079879207046,0.256114846205997,0.266569400906394,1000
sp5,77,species.k.sp6,-6.98046134285151e-07,0.00817782785840801,0.0113568084444039,1000
sp5,78,species.k.sp7,-3.24899852013591e-06,0.00763527195715295,0.0106673571409373,1000
sp5,79,species.k.sp8,-0.000147314656713991,0.00745116929239103,0.0104062832045795,1000
sp5,80,species.k.sp9,0.000200641081405908,0.00899835098404615,0.0128126601095136,1000
sp5,81,species.k.sp10,3.55100663743529e-05,0.00798608542104873,0.0111942472044644,1000
sp5,82,species.k.sp11,-0.000670649804252648,0.00774758737455975,0.0103590659644572,1000
sp5,83,species.k.sp12,-0.000952775417304375,0.00924474437177032,0.0126408554710463,1000
sp5,84,species.k.sp13,-0.000925903387353488,0.0124151970852642,0.0193716108923029,1000
sp5,85,species.k.sp14,6.87209681273283e-05,0.00799927184362218,0.0110746779536473,1000
sp5,86,species.k.sp15,0.000197585589668112,0.00781199582549903,0.0105719900971572,1000
sp5,87,species.l0.sp0,-0.000249273920564344,0.00856094199153552,0.0119759691881963,1000
sp5,88,species.l0.sp1,-0.000846570104496643,0.00782235372204781,0.0107950814508718,1000
sp5,89,species.l0.sp2,6.83748725366723e-05,0.00970352275177549,0.0140691310573182,1000
sp5,90,species.l0.sp3,0.000185076857448802,0.00860682102821805,0.0124594105451801,1000
sp5,91,species.l0.sp4,0.000434895986038174,0.00881138270396003,0.0122326905573483,1000
sp5,92,species.l0.sp5,-0.000486685139306427,0.0145646557264097,0.0177431191240424,1000
sp5,93,species.l0.sp6,0.000205195410442149,0.00772739843460383,0.010533817977409,1000
sp5,94,species.l0.sp7,-0.000240786860885156,0.00811052619985808,0.0114520486930833,1000
sp5,95,species.l0.sp8,0.000484018934572817,0.00918341782237165,0.012955204039205,1000
sp5,96,species.l0.sp9,-0.000331361218818627,0.0110671092091959,0.0155551282829766,1000
sp5,97,species.l0.sp10,0.000496252688705098,0.00921870661520594,0.0132548159715394,1000
sp5,98,species.l0.sp11,0.000651272738012117,0.00784096403700542,0.0106353674484366,1000
sp5,99,species.l0.sp12,0.000575017239693,0.00724124019401814,0.0100069684550859,1000
sp5,100,species.l0.sp13,-0.000174994876529722,0.00781141558540636,0.0105398092172281,1000
sp5,101,species.l0.sp14,-4.29114921752655e-05,0.00778968964418245,0.0107309146756152,1000
sp5,102,species.l0.sp15,0.00025927196460846,0.00774900727364492,0.0107026026173445,1000
sp5,103,mortality.additional.larva.rate.sp0,0.000796354311563227,0.0113183818613697,0.0178801680315604,1000
sp5,104,mortality.additional.larva.rate.sp1,-9.62648384904195e-05,0.00822616044454148,0.0111756806201383,1000
sp5,105,mortality.additional.larva.rate.sp2,0.000752695500480603,0.0191593750120124,0.0326342401776605,1000
sp5,106,mortality.additional.larva.rate.sp3,-0.00241783310935637,0.0207426782563336,0.0387793427750227,1000
sp5,107,mortality.additional.larva.rate.sp4,6.08164988255151e-05,0.0077096425378378,0.0102135723641977,1000
sp5,108,mortality.additional.larva.rate.sp5,1.18258823842248e-06,0.0080007914755164,0.0112083594318692,1000
sp5,109,mortality.additional.larva.rate.sp6,0.000468960510145725,0.00787929002676384,0.0107715097726588,1000
sp5,110,mortality.additional.larva.rate.sp9,0.00167105202715082,0.0137397430498704,0.0225999457851944,1000
sp5,111,mortality.additional.larva.rate.sp10,0.000112140797792138,0.0104682491425112,0.0151783643827874,1000
sp5,112,mortality.additional.larva.rate.sp11,8.30293054930626e-05,0.00788371242089539,0.0109909008835906,1000
sp5,113,mortality.additional.larva.rate.sp12,-6.65439253560404e-06,0.00841891870572397,0.012025348021,1000
sp5,114,mortality.additional.larva.rate.sp13,-0.000314871118447808,0.00783922950577541,0.0107810161687069,1000
sp5,115,mortality.additional.larva.rate.sp14,8.85761483958603e-05,0.00816894356419872,0.0111308878042311,1000
sp5,116,mortality.additional.larva.rate.sp15,-1.67041415462483e-05,0.00784664658591648,0.0106890063544774,1000
sp5,117,mortality.additional.larva.rate.mean.sp7,-0.000233242742967047,0.00796353069660145,0.0108854704141158,1000
sp5,118,mortality.additional.larva.rate.mean.sp8,-0.000398871214897095,0.00938685047071399,0.0133759873764439,1000
sp5,119,species.linf.sp0,8.87427073133183e-05,0.0115535832361821,0.0174796755827383,1000
sp5,120,species.linf.sp1,-6.34047328221009e-05,0.00793922745559317,0.0108948600018839,1000
sp5,121,species.linf.sp2,-0.000399771636334242,0.0153953406874133,0.0272435718420924,1000
sp5,122,species.linf.sp3,0.0013997398522221,0.0239426458421936,0.0441876842697368,1000
sp5,123,species.linf.sp4,-0.000720797691507549,0.0265432558359473,0.0349663083221459,1000
sp5,124,species.linf.sp5,-0.0131790231929168,0.719475181734678,0.749779071994648,1000
sp5,125,species.linf.sp6,2.77203170748168e-05,0.0100117721209308,0.0145496607722968,1000
sp5,126,species.linf.sp7,0.000388541460860001,0.00796648741670277,0.0113590492808923,1000
sp5,127,species.linf.sp8,-0.000334050531140083,0.00864344463219783,0.0118304987286436,1000
sp5,128,species.linf.sp9,0.000212407205677325,0.0156576870461321,0.0266442777349213,1000
sp5,129,species.linf.sp10,5.46685693906007e-06,0.0122442653128066,0.0184735312621475,1000
sp5,130,species.linf.sp11,0.00061040265208962,0.009446502689049,0.0131864908484415,1000
sp5,131,species.linf.sp12,0.000808497199680036,0.00830000080817966,0.0113945998820738,1000
sp5,132,species.linf.sp13,0.000258264161159593,0.00949193796610783,0.0132343094306515,1000
sp5,133,species.linf.sp14,0.000407867813577746,0.00864219110022627,0.0120201842242987,1000
sp5,134,species.linf.sp15,-0.000622632649591221,0.00794106395751672,0.010768790647323,1000
sp5,135,species.accessibility2fish.sp16,0.000682916358665667,0.00770788956792526,0.0105838040689876,1000
sp5,136,species.accessibility2fish.sp17,8.56486876448671e-05,0.007760677233921,0.010726764002226,1000
sp5,137,species.accessibility2fish.sp18,0.000286655535003997,0.00834758598764107,0.0111888544004106,1000
sp5,138,species.accessibility2fish.sp19,-0.000218694493797326,0.00781214900126734,0.0104738421718138,1000
sp5,139,species.accessibility2fish.sp20,0.000133329503092039,0.00765285171556876,0.0106011452475391,1000
sp5,140,species.accessibility2fish.sp21,-0.00107338311948462,0.0104731462908095,0.015240787253073,1000
sp5,141,species.accessibility2fish.sp22,-8.63432176797071e-06,0.00833252780376652,0.0110905989496684,1000
sp5,142,species.accessibility2fish.sp23,-0.000419872840886725,0.00881839787649402,0.0121021812824409,1000
sp5,143,species.accessibility2fish.sp24,-0.000873897767535265,0.0128286382509104,0.0173028884559246,1000
sp5,144,species.accessibility2fish.sp25,1.90859756638167e-05,0.00766253783583302,0.0105220264430917,1000
sp5,145,species.accessibility2fish.sp26,0.000376486518552373,0.00965685157548762,0.0128725040499652,1000
sp5,146,species.maturity.size.ratio.sp0,0.000872906278560333,0.0128187694477439,0.0204003045659574,1000
sp5,147,species.maturity.size.ratio.sp1,2.45244343053525e-05,0.00823994284944038,0.0113336572838546,1000
sp5,148,species.maturity.size.ratio.sp2,0.000801162831705602,0.00815160569376206,0.0110490019440522,1000
sp5,149,species.maturity.size.ratio.sp3,0.000634069240614849,0.00797148391106474,0.0110351536288989,1000
sp5,150,species.maturity.size.ratio.sp4,0.000673010080130187,0.00745336877374998,0.010238088010871,1000
sp5,151,species.maturity.size.ratio.sp5,0.000195418687211356,0.00763881276211897,0.0104945956925559,1000
sp5,152,species.maturity.size.ratio.sp6,8.98592445614218e-05,0.00771140678638368,0.0105466721475785,1000
sp5,153,species.maturity.size.ratio.sp7,0.000236480340276778,0.00806700135758695,0.0107612894414292,1000
sp5,154,species.maturity.size.ratio.sp8,0.000299431808069803,0.00778099107545273,0.0106174937846151,1000
sp5,155,species.maturity.size.ratio.sp9,0.000176818351348321,0.00772370728622935,0.0107268303693651,1000
sp5,156,species.maturity.size.ratio.sp10,-0.00041106436932721,0.00786020621233475,0.0107851622756376,1000
sp5,157,species.maturity.size.ratio.sp11,-0.00020322320686677,0.00827490592832836,0.011768019744723,1000
sp5,158,species.maturity.size.ratio.sp12,-0.000104324811025499,0.00747248380561792,0.0100944301156455,1000
sp5,159,species.maturity.size.ratio.sp13,0.000317899595574206,0.017863627944946,0.030136036708885,1000
sp5,160,species.maturity.size.ratio.sp14,0.000339269857592393,0.00778826774260585,0.0107079828507045,1000
sp5,161,species.maturity.size.ratio.sp15,-0.000149541228452864,0.00776448074364921,0.0104362646997675,1000
sp5,162,predation.predPrey.sizeRatio.teta.sp0.stage1,-0.000746614526635367,0.00768689792222058,0.0105613481834311,1000
sp5,163,predation.predPrey.sizeRatio.alpha.sp0.stage1,-0.000517983248099303,0.00873836603523829,0.0125125627936124,1000
sp5,164,predation.predPrey.sizeRatio.teta.sp1.stage1,0.000573041091279105,0.00807751102062653,0.0110457976417065,1000
sp5,165,predation.predPrey.sizeRatio.alpha.sp1.stage1,-0.000306386065652022,0.00839164278268101,0.0115533857050621,1000
sp5,166,predation.predPrey.sizeRatio.teta.sp2.stage1,0.000218057728931804,0.00765141065547133,0.0106145364300367,1000
sp5,167,predation.predPrey.sizeRatio.alpha.sp2.stage1,0.0001910822839239,0.00816846289118234,0.0115065279874662,1000
sp5,168,predation.predPrey.sizeRatio.teta.sp3.stage1,0.000834600437256299,0.00922324122819393,0.0124876781446157,1000
sp5,169,predation.predPrey.sizeRatio.alpha.sp3.stage1,0.00111648901637903,0.0661374654968171,0.0799557943916851,1000
sp5,170,predation.predPrey.sizeRatio.teta.sp4.stage1,-0.000288335418518611,0.00790136741457813,0.0107219487834885,1000
sp5,171,predation.predPrey.sizeRatio.alpha.sp4.stage1,-1.98237509848288e-05,0.00919140649608171,0.012746825796512,1000
sp5,172,predation.predPrey.sizeRatio.teta.sp5.stage1,-0.00032596999478289,0.00729453620362944,0.0101987307312755,1000
sp5,173,predation.predPrey.sizeRatio.teta.sp5.stage2,-0.0262617834700544,0.408162526038719,0.450757939966153,1000
sp5,174,predation.predPrey.sizeRatio.alpha.sp5.stage1,-0.000359169034230197,0.00809446707708199,0.0114751194133984,1000
sp5,175,predation.predPrey.sizeRatio.alpha.sp5.stage2,-0.00494099644560978,0.123171044880686,0.136779488920839,1000
sp5,176,predation.predPrey.sizeRatio.teta.sp6.stage1,-0.000719497599177956,0.00790656540512837,0.0110957964329909,1000
sp5,177,predation.predPrey.sizeRatio.alpha.sp6.stage1,0.000217599434962773,0.00786403118918746,0.0108106856300564,1000
sp5,178,predation.predPrey.sizeRatio.teta.sp7.stage1,-0.000111139927516853,0.00794956688410858,0.0107055791291003,1000
sp5,179,predation.predPrey.sizeRatio.alpha.sp7.stage1,-1.60391365721643e-05,0.00906918524902964,0.0131428149651168,1000
sp5,180,predation.predPrey.sizeRatio.teta.sp8.stage1,-0.000392728075885672,0.00790115283628938,0.0106342563048028,1000
sp5,181,predation.predPrey.sizeRatio.alpha.sp8.stage1,0.000249351420277196,0.0106117474699871,0.0154287840084217,1000
sp5,182,predation.predPrey.sizeRatio.teta.sp9.stage1,-0.000296090778614896,0.00813239711662288,0.0111538266350726,1000
sp5,183,predation.predPrey.sizeRatio.alpha.sp9.stage1,0.00047488852895449,0.010790211834795,0.0155120406896939,1000
sp5,184,predation.predPrey.sizeRatio.teta.sp10.stage1,-0.000425668097281796,0.00757871945181428,0.011099012103322,1000
sp5,185,predation.predPrey.sizeRatio.alpha.sp10.stage1,2.91216434229885e-05,0.00854170099949287,0.0119158513126603,1000
sp5,186,predation.predPrey.sizeRatio.teta.sp11.stage1,-0.000176820042699498,0.00752025655803097,0.0101390620404331,1000
sp5,187,predation.predPrey.sizeRatio.alpha.sp11.stage1,-0.000481108057811832,0.00777990007081878,0.0108641923050835,1000
sp5,188,predation.predPrey.sizeRatio.teta.sp12.stage1,-0.000203156609854836,0.0082265957201549,0.0114202020248546,1000
sp5,189,predation.predPrey.sizeRatio.alpha.sp12.stage1,0.000108558651990305,0.0103393446632441,0.0150462198985332,1000
sp5,190,predation.predPrey.sizeRatio.teta.sp13.stage1,0.000743142372529575,0.00788619263335524,0.0105726084953395,1000
sp5,191,predation.predPrey.sizeRatio.alpha.sp13.stage1,-0.00130036122061738,0.0219674224865928,0.0260981793526247,1000
sp5,192,predation.predPrey.sizeRatio.teta.sp14.stage1,-5.6887273231047e-05,0.00762179356253151,0.0102594273752724,1000
sp5,193,predation.predPrey.sizeRatio.alpha.sp14.stage1,-0.000319542243064278,0.00793647968614386,0.010756738096338,1000
sp5,194,predation.predPrey.sizeRatio.teta.sp15.stage1,0.000209729876743436,0.00803443037750974,0.0111057709248412,1000
sp5,195,predation.predPrey.sizeRatio.alpha.sp15.stage1,-0.000448763390461783,0.0279901444769029,0.0304627091757483,1000
sp6,1,mortality.additional.rate.sp0,,,,0
sp6,2,mortality.additional.rate.sp1,,,,0
sp6,3,mortality.additional.rate.sp2,,,,0
sp6,4,mortality.additional.rate.sp3,,,,0
sp6,5,mortality.additional.rate.sp4,,,,0
sp6,6,mortality.additional.rate.sp5,,,,0
sp6,7,mortality.additional.rate.sp6,,,,0
sp6,8,mortality.additional.rate.sp7,,,,0
sp6,9,mortality.additional.rate.sp8,,,,0
sp6,10,mortality.additional.rate.sp9,,,,0
sp6,11,mortality.additional.rate.sp10,,,,0
sp6,12,mortality.additional.rate.sp11,,,,0
sp6,13,mortality.additional.rate.sp12,,,,0
sp6,14,mortality.additional.rate.sp13,,,,0
sp6,15,mortality.additional.rate.sp14,,,,0
sp6,16,mortality.additional.rate.sp15,,,,0
sp6,17,fisheries.rate.base.fsh0,,,,0
sp6,18,fisheries.rate.base.fsh1,,,,0
sp6,19,fisheries.rate.base.fsh2,,,,0
sp6,20,fisheries.rate.base.fsh3,,,,0
sp6,21,species.catchability.fsh0.sp0,,,,0
sp6,22,species.catchability.fsh0.sp1,,,,0
sp6,23,species.catchability.fsh0.sp2,,,,0
sp6,24,species.catchability.fsh0.sp3,,,,0
sp6,25,species.catchability.fsh0.sp5,,,,0
sp6,26,species.catchability.fsh0.sp7,,,,0
sp6,27,species.catchability.fsh0.sp8,,,,0
sp6,28,species.catchability.fsh0.sp9,,,,0
sp6,29,species.catchability.fsh0.sp10,,,,0
sp6,30,species.catchability.fsh0.sp13,,,,0
sp6,31,species.catchability.fsh0.sp14,,,,0
sp6,32,species.catchability.fsh0.sp15,,,,0
sp6,33,species.catchability.fsh1.sp9,,,,0
sp6,34,species.catchability.fsh1.sp10,,,,0
sp6,35,species.catchability.fsh1.sp11,,,,0
sp6,36,species.catchability.fsh1.sp12,,,,0
sp6,37,species.catchability.fsh2.sp0,,,,0
sp6,38,species.catchability.fsh2.sp5,,,,0
sp6,39,species.catchability.fsh2.sp7,,,,0
sp6,40,species.catchability.fsh2.sp8,,,,0
sp6,41,species.catchability.fsh3.sp0,,,,0
sp6,42,species.catchability.fsh3.sp1,,,,0
sp6,43,species.catchability.fsh3.sp2,,,,0
sp6,44,species.catchability.fsh3.sp3,,,,0
sp6,45,species.catchability.fsh3.sp5,,,,0
sp6,46,species.catchability.fsh3.sp7,,,,0
sp6,47,species.catchability.fsh3.sp8,,,,0
sp6,48,species.catchability.fsh3.sp9,,,,0
sp6,49,species.catchability.fsh3.sp10,,,,0
sp6,50,species.catchability.fsh3.sp11,,,,0
sp6,51,species.catchability.fsh3.sp12,,,,0
sp6,52,species.catchability.fsh3.sp13,,,,0
sp6,53,species.catchability.fsh3.sp14,,,,0
sp6,54,species.catchability.fsh3.sp15,,,,0
sp6,55,species.length2weight.condition.factor.sp0,,,,0
sp6,56,species.length2weight.condition.factor.sp1,,,,0
sp6,57,species.length2weight.condition.factor.sp2,,,,0
sp6,58,species.length2weight.condition.factor.sp3,,,,0
sp6,59,species.length2weight.condition.factor.sp4,,,,0
sp6,60,species.length2weight.condition.factor.sp5,,,,0
sp6,61,species.length2weight.condition.factor.sp6,,,,0
sp6,62,species.length2weight.condition.factor.sp7,,,,0
sp6,63,species.length2weight.condition.factor.sp8,,,,0
sp6,64,species.length2weight.condition.factor.sp9,,,,0
sp6,65,species.length2weight.condition.factor.sp10,,,,0
sp6,66,species.length2weight.condition.factor.sp11,,,,0
sp6,67,species.length2weight.condition.factor.sp12,,,,0
sp6,68,species.length2weight.condition.factor.sp13,,,,0
sp6,69,species.length2weight.condition.factor.sp14,,,,0
sp6,70,species.length2weight.condition.factor.sp15,,,,0
sp6,71,species.k.sp0,,,,0
sp6,72,species.k.sp1,,,,0
sp6,73,species.k.sp2,,,,0
sp6,74,species.k.sp3,,,,0
sp6,75,species.k.sp4,,,,0
sp6,76,species.k.sp5,,,,0
sp6,77,species.k.sp6,,,,0
sp6,78,species.k.sp7,,,,0
sp6,79,species.k.sp8,,,,0
sp6,80,species.k.sp9,,,,0
sp6,81,species.k.sp10,,,,0
sp6,82,species.k.sp11,,,,0
sp6,83,species.k.sp12,,,,0
sp6,84,species.k.sp13,,,,0
sp6,85,species.k.sp14,,,,0
sp6,86,species.k.sp15,,,,0
sp6,87,species.l0.sp0,,,,0
sp6,88,species.l0.sp1,,,,0
sp6,89,species.l0.sp2,,,,0
sp6,90,species.l0.sp3,,,,0
sp6,91,species.l0.sp4,,,,0
sp6,92,species.l0.sp5,,,,0
sp6,93,species.l0.sp6,,,,0
sp6,94,species.l0.sp7,,,,0
sp6,95,species.l0.sp8,,,,0
sp6,96,species.l0.sp9,,,,0
sp6,97,species.l0.sp10,,,,0
sp6,98,species.l0.sp11,,,,0
sp6,99,species.l0.sp12,,,,0
sp6,100,species.l0.sp13,,,,0
sp6,101,species.l0.sp14,,,,0
sp6,102,species.l0.sp15,,,,0
sp6,103,mortality.additional.larva.rate.sp0,,,,0
sp6,104,mortality.additional.larva.rate.sp1,,,,0
sp6,105,mortality.additional.larva.rate.sp2,,,,0
sp6,106,mortality.additional.larva.rate.sp3,,,,0
sp6,107,mortality.additional.larva.rate.sp4,,,,0
sp6,108,mortality.additional.larva.rate.sp5,,,,0
sp6,109,mortality.additional.larva.rate.sp6,,,,0
sp6,110,mortality.additional.larva.rate.sp9,,,,0
sp6,111,mortality.additional.larva.rate.sp10,,,,0
sp6,112,mortality.additional.larva.rate.sp11,,,,0
sp6,113,mortality.additional.larva.rate.sp12,,,,0
sp6,114,mortality.additional.larva.rate.sp13,,,,0
sp6,115,mortality.additional.larva.rate.sp14,,,,0
sp6,116,mortality.additional.larva.rate.sp15,,,,0
sp6,117,mortality.additional.larva.rate.mean.sp7,,,,0
sp6,118,mortality.additional.larva.rate.mean.sp8,,,,0
sp6,119,species.linf.sp0,,,,0
sp6,120,species.linf.sp1,,,,0
sp6,121,species.linf.sp2,,,,0
sp6,122,species.linf.sp3,,,,0
sp6,123,species.linf.sp4,,,,0
sp6,124,species.linf.sp5,,,,0
sp6,125,species.linf.sp6,,,,0
sp6,126,species.linf.sp7,,,,0
sp6,127,species.linf.sp8,,,,0
sp6,128,species.linf.sp9,,,,0
sp6,129,species.linf.sp10,,,,0
sp6,130,species.linf.sp11,,,,0
sp6,131,species.linf.sp12,,,,0
sp6,132,species.linf.sp13,,,,0
sp6,133,species.linf.sp14,,,,0
sp6,134,species.linf.sp15,,,,0
sp6,135,species.accessibility2fish.sp16,,,,0
sp6,136,species.accessibility2fish.sp17,,,,0
sp6,137,species.accessibility2fish.sp18,,,,0
sp6,138,species.accessibility2fish.sp19,,,,0
sp6,139,species.accessibility2fish.sp20,,,,0
sp6,140,species.accessibility2fish.sp21,,,,0
sp6,141,species.accessibility2fish.sp22,,,,0
sp6,142,species.accessibility2fish.sp23,,,,0
sp6,143,species.accessibility2fish.sp24,,,,0
sp6,144,species.accessibility2fish.sp25,,,,0
sp6,145,species.accessibility2fish.sp26,,,,0
sp6,146,species.maturity.size.ratio.sp0,,,,0
sp6,147,species.maturity.size.ratio.sp1,,,,0
sp6,148,species.maturity.size.ratio.sp2,,,,0
sp6,149,species.maturity.size.ratio.sp3,,,,0
sp6,150,species.maturity.size.ratio.sp4,,,,0
sp6,151,species.maturity.size.ratio.sp5,,,,0
sp6,152,species.maturity.size.ratio.sp6,,,,0
sp6,153,species.maturity.size.ratio.sp7,,,,0
sp6,154,species.maturity.size.ratio.sp8,,,,0
sp6,155,species.maturity.size.ratio.sp9,,,,0
sp6,156,species.maturity.size.ratio.sp10,,,,0
sp6,157,species.maturity.size.ratio.sp11,,,,0
sp6,158,species.maturity.size.ratio.sp12,,,,0
sp6,159,species.maturity.size.ratio.sp13,,,,0
sp6,160,species.maturity.size.ratio.sp14,,,,0
sp6,161,species.maturity.size.ratio.sp15,,,,0
sp6,162,predation.predPrey.sizeRatio.teta.sp0.stage1,,,,0
sp6,163,predation.predPrey.sizeRatio.alpha.sp0.stage1,,,,0
sp6,164,predation.predPrey.sizeRatio.teta.sp1.stage1,,,,0
sp6,165,predation.predPrey.sizeRatio.alpha.sp1.stage1,,,,0
sp6,166,predation.predPrey.sizeRatio.teta.sp2.stage1,,,,0
sp6,167,predation.predPrey.sizeRatio.alpha.sp2.stage1,,,,0
sp6,168,predation.predPrey.sizeRatio.teta.sp3.stage1,,,,0
sp6,169,predation.predPrey.sizeRatio.alpha.sp3.stage1,,,,0
sp6,170,predation.predPrey.sizeRatio.teta.sp4.stage1,,,,0
sp6,171,predation.predPrey.sizeRatio.alpha.sp4.stage1,,,,0
sp6,172,predation.predPrey.sizeRatio.teta.sp5.stage1,,,,0
sp6,173,predation.predPrey.sizeRatio.teta.sp5.stage2,,,,0
sp6,174,predation.predPrey.sizeRatio.alpha.sp5.stage1,,,,0
sp6,175,predation.predPrey.sizeRatio.alpha.sp5.stage2,,,,0
sp6,176,predation.predPrey.sizeRatio.teta.sp6.stage1,,,,0
sp6,177,predation.predPrey.sizeRatio.alpha.sp6.stage1,,,,0
sp6,178,predation.predPrey.sizeRatio.teta.sp7.stage1,,,,0
sp6,179,predation.predPrey.sizeRatio.alpha.sp7.stage1,,,,0
sp6,180,predation.predPrey.sizeRatio.teta.sp8.stage1,,,,0
sp6,181,predation.predPrey.sizeRatio.alpha.sp8.stage1,,,,0
sp6,182,predation.predPrey.sizeRatio.teta.sp9.stage1,,,,0
sp6,183,predation.predPrey.sizeRatio.alpha.sp9.stage1,,,,0
sp6,184,predation.predPrey.sizeRatio.teta.sp10.stage1,,,,0
sp6,185,predation.predPrey.sizeRatio.alpha.sp10.stage1,,,,0
sp6,186,predation.predPrey.sizeRatio.teta.sp11.stage1,,,,0
sp6,187,predation.predPrey.sizeRatio.alpha.sp11.stage1,,,,0
sp6,188,predation.predPrey.sizeRatio.teta.sp12.stage1,,,,0
sp6,189,predation.predPrey.sizeRatio.alpha.sp12.stage1,,,,0
sp6,190,predation.predPrey.sizeRatio.teta.sp13.stage1,,,,0
sp6,191,predation.predPrey.sizeRatio.alpha.sp13.stage1,,,,0
sp6,192,predation.predPrey.sizeRatio.teta.sp14.stage1,,,,0
sp6,193,predation.predPrey.sizeRatio.alpha.sp14.stage1,,,,0
sp6,194,predation.predPrey.sizeRatio.teta.sp15.stage1,,,,0
sp6,195,predation.predPrey.sizeRatio.alpha.sp15.stage1,,,,0
sp7,1,mortality.additional.rate.sp0,-3.71687918602318e-05,0.0026443374680239,0.00402400210388426,1000
sp7,2,mortality.additional.rate.sp1,-5.13655334306269e-05,0.00276760909858396,0.00403721004311097,1000
sp7,3,mortality.additional.rate.sp2,9.23673807718337e-05,0.00271220460389258,0.00394818985511435,1000
sp7,4,mortality.additional.rate.sp3,-0.000156338207587961,0.00345531998276167,0.00467626056394705,1000
sp7,5,mortality.additional.rate.sp4,5.22577123707504e-05,0.00277822445375101,0.00391762128723035,1000
sp7,6,mortality.additional.rate.sp5,0.00036026342260196,0.00551187827011803,0.00703381865843132,1000
sp7,7,mortality.additional.rate.sp6,2.16759216081227e-05,0.00271016369378216,0.00373074672051731,1000
sp7,8,mortality.additional.rate.sp7,-0.000800748322649072,0.029554545535133,0.0356588180114791,1000
sp7,9,mortality.additional.rate.sp8,8.53526052300333e-05,0.00275049276497686,0.00401772873936821,1000
sp7,10,mortality.additional.rate.sp9,-0.000191326313333508,0.00267711949095465,0.00388990597913377,1000
sp7,11,mortality.additional.rate.sp10,-9.57817619238024e-05,0.00273719723507081,0.00376728697069795,1000
sp7,12,mortality.additional.rate.sp11,-0.000131322119945504,0.00274444317192318,0.0043505398542385,1000
sp7,13,mortality.additional.rate.sp12,1.33625854855818e-05,0.00283302843251838,0.00410681940323908,1000
sp7,14,mortality.additional.rate.sp13,4.88845016178218e-05,0.00272218673535532,0.0039851727289456,1000
sp7,15,mortality.additional.rate.sp14,5.40430193546984e-05,0.00265477150808857,0.00361664721202623,1000
sp7,16,mortality.additional.rate.sp15,4.97902369810059e-05,0.00260249780570977,0.00362449162932132,1000
sp7,17,fisheries.rate.base.fsh0,-0.00114544007034563,0.034710899684967,0.03735698151287,1000
sp7,18,fisheries.rate.base.fsh1,4.6553301054703e-06,0.00318725241573438,0.0044289027503837,1000
sp7,19,fisheries.rate.base.fsh2,-0.000252907838832935,0.0153212107200419,0.0161296015466234,1000
sp7,20,fisheries.rate.base.fsh3,-0.00025485389977743,0.0167808099735375,0.0179851260715942,1000
sp7,21,species.catchability.fsh0.sp0,-5.703033259359e-05,0.00289102875509773,0.00416244723523229,1000
sp7,22,species.catchability.fsh0.sp1,9.22598965090322e-05,0.00283795876231227,0.0041875170034359,1000
sp7,23,species.catchability.fsh0.sp2,-3.16671475645558e-05,0.00275871717615807,0.00398783631147946,1000
sp7,24,species.catchability.fsh0.sp3,0.000170913086342117,0.00454568434091989,0.0059496999116297,1000
sp7,25,species.catchability.fsh0.sp5,0.000114338063813744,0.00369469228115479,0.00504137779435618,1000
sp7,26,species.catchability.fsh0.sp7,0.00199172671340112,0.0355565400216953,0.0377147004419211,1000
sp7,27,species.catchability.fsh0.sp8,-0.000117557196688066,0.00287964034810639,0.00437222027221214,1000
sp7,28,species.catchability.fsh0.sp9,-0.000153578136374334,0.00257468231471032,0.00377926456309744,1000
sp7,29,species.catchability.fsh0.sp10,7.69168451312782e-05,0.00279279278252491,0.00417052728340534,1000
sp7,30,species.catchability.fsh0.sp13,0.000131802750798713,0.00266825846996606,0.0037640698362344,1000
sp7,31,species.catchability.fsh0.sp14,-2.86330482012324e-05,0.00278239326317951,0.00395009389193267,1000
sp7,32,species.catchability.fsh0.sp15,-0.000121545463412181,0.00278544202837003,0.00395103566999982,1000
sp7,33,species.catchability.fsh1.sp9,5.68139326337594e-05,0.00278669067066339,0.00400796883527071,1000
sp7,34,species.catchability.fsh1.sp10,0.00021004554986884,0.00272308348801578,0.00374281567837305,1000
sp7,35,species.catchability.fsh1.sp11,0.000141416404608684,0.00271972034096399,0.00402163970353462,1000
sp7,36,species.catchability.fsh1.sp12,6.70222405118603e-05,0.0029298727109712,0.00457646114091128,1000
sp7,37,species.catchability.fsh2.sp0,1.72192900705199e-05,0.00264379565703956,0.00372519996447897,1000
sp7,38,species.catchability.fsh2.sp5,1.82494623331064e-05,0.00279265745761031,0.0040564604785942,1000
sp7,39,species.catchability.fsh2.sp7,-6.19479794783965e-05,0.015099070664039,0.0159603009237907,1000
sp7,40,species.catchability.fsh2.sp8,-0.000100359499533224,0.00267434594764236,0.00382798859455581,1000
sp7,41,species.catchability.fsh3.sp0,0.000109942223923135,0.00271165987047946,0.00383814602019702,1000
sp7,42,species.catchability.fsh3.sp1,-0.000142728423265838,0.00268285183737394,0.00376997698714838,1000
sp7,43,species.catchability.fsh3.sp2,0.00017978630828094,0.00272508898915192,0.00399813359935387,1000
sp7,44,species.catchability.fsh3.sp3,-0.000175044439856991,0.00276808135675454,0.00385979600558289,1000
sp7,45,species.catchability.fsh3.sp5,-0.000163524964046082,0.00281432367272238,0.00421308524630098,1000
sp7,46,species.catchability.fsh3.sp7,-0.000325864314922029,0.0173830385223471,0.0187782017896047,1000
sp7,47,species.catchability.fsh3.sp8,0.000134603166193346,0.0026808547758555,0.00386085414708471,1000
sp7,48,species.catchability.fsh3.sp9,1.66746027274955e-05,0.00277987038240101,0.00396290112834245,1000
sp7,49,species.catchability.fsh3.sp10,1.53898593314411e-06,0.00265491269345664,0.0038143284196558,1000
sp7,50,species.catchability.fsh3.sp11,-4.6769608598076e-05,0.0026475266247941,0.00370343096189907,1000
sp7,51,species.catchability.fsh3.sp12,-3.8071348594754e-05,0.00277278189738168,0.00415953004637641,1000
sp7,52,species.catchability.fsh3.sp13,-0.000136344261845923,0.00280310767900601,0.00419463834523823,1000
sp7,53,species.catchability.fsh3.sp14,0.000137496071317923,0.00252513581381456,0.00356432840515269,1000
sp7,54,species.catchability.fsh3.sp15,2.03016321541515e-06,0.00254423136598667,0.00360902741420081,1000
sp7,55,species.length2weight.condition.factor.sp0,-9.82944068507912e-05,0.00270154364689131,0.00388831950118118,1000
sp7,56,species.length2weight.condition.factor.sp1,6.91852541601395e-06,0.00283010066464172,0.00398814362136338,1000
sp7,57,species.length2weight.condition.factor.sp2,8.86616012062189e-06,0.0030175765514036,0.00427935270463455,1000
sp7,58,species.length2weight.condition.factor.sp3,0.000189210997230872,0.00359568323108886,0.0051668808790781,1000
sp7,59,species.length2weight.condition.factor.sp4,-2.82441581678841e-05,0.00280542371329476,0.00386882894734073,1000
sp7,60,species.length2weight.condition.factor.sp5,-7.64472700873561e-05,0.00274740582540381,0.00402800468698988,1000
sp7,61,species.length2weight.condition.factor.sp6,0.000218263366146048,0.00268336391930299,0.00381503529840754,1000
sp7,62,species.length2weight.condition.factor.sp7,8.67402585007905e-05,0.00289953205302279,0.00437516847700232,1000
sp7,63,species.length2weight.condition.factor.sp8,-6.274393284109e-05,0.00311093999221609,0.00441917610173404,1000
sp7,64,species.length2weight.condition.factor.sp9,-6.24709927617109e-05,0.00273922968386625,0.0038601689140884,1000
sp7,65,species.length2weight.condition.factor.sp10,6.83843273012839e-05,0.00269269136646612,0.00392134170002737,1000
sp7,66,species.length2weight.condition.factor.sp11,-4.82487684361846e-05,0.0027619721828881,0.00388571848403386,1000
sp7,67,species.length2weight.condition.factor.sp12,-7.22815593625709e-05,0.00284725288550075,0.00397616647435466,1000
sp7,68,species.length2weight.condition.factor.sp13,1.2523286407202e-06,0.0027746609298689,0.00404526668573647,1000
sp7,69,species.length2weight.condition.factor.sp14,-0.000367549074739883,0.00277022356497152,0.00398959552558859,1000
sp7,70,species.length2weight.condition.factor.sp15,-3.36575799714833e-05,0.00281504401043767,0.00424916427577787,1000
sp7,71,species.k.sp0,1.52052860234852e-05,0.0043525959465576,0.00595000626405593,1000
sp7,72,species.k.sp1,-5.51126164690102e-05,0.0102101040566972,0.0117434953551805,1000
sp7,73,species.k.sp2,-5.1105892125426e-05,0.00314926894025511,0.0045350552431999,1000
sp7,74,species.k.sp3,-0.00020510267653154,0.00661511548988516,0.00874961542748827,1000
sp7,75,species.k.sp4,-0.000390641538974395,0.0041252436730866,0.00572933346123407,1000
sp7,76,species.k.sp5,-0.000637682904789323,0.00633783134870087,0.00851852082312573,1000
sp7,77,species.k.sp6,0.000246340599855588,0.00702286519589171,0.00841325529982476,1000
sp7,78,species.k.sp7,0.000627959450882982,0.00975458757709207,0.0131984843142864,1000
sp7,79,species.k.sp8,0.000516953032425077,0.00504992896318778,0.00691160799371432,1000
sp7,80,species.k.sp9,-4.44053616552935e-05,0.00303775345935761,0.00419137764167821,1000
sp7,81,species.k.sp10,-0.000155429609413942,0.00285759537019346,0.00409092460152084,1000
sp7,82,species.k.sp11,2.26164561797884e-05,0.00275062306145214,0.00398909544014458,1000
sp7,83,species.k.sp12,0.000151043312985466,0.00268296376993318,0.00390597332478278,1000
sp7,84,species.k.sp13,0.0003021472003827,0.00354783329698761,0.00499462206372571,1000
sp7,85,species.k.sp14,-5.84718102702612e-05,0.00419224706308199,0.00587806831486755,1000
sp7,86,species.k.sp15,-0.000181968860449502,0.00276603079176737,0.00398700174312897,1000
sp7,87,species.l0.sp0,0.000112993289559452,0.00274647678411316,0.00398560739071022,1000
sp7,88,species.l0.sp1,-0.000239837760449362,0.00761849230056034,0.00899721701825619,1000
sp7,89,species.l0.sp2,1.21061947399003e-05,0.00381190723719462,0.00549732571261121,1000
sp7,90,species.l0.sp3,0.000293344456276934,0.00347176757770591,0.00478320147251094,1000
sp7,91,species.l0.sp4,-2.61205913597032e-05,0.00368460652547697,0.00501252477459318,1000
sp7,92,species.l0.sp5,2.43473079056782e-05,0.00273982043492566,0.00406655195651611,1000
sp7,93,species.l0.sp6,-6.69448300091396e-05,0.0035705234104682,0.00469790902364602,1000
sp7,94,species.l0.sp7,-0.00160845614684265,0.0321805886700827,0.0416078197136404,1000
sp7,95,species.l0.sp8,-0.000288240511726229,0.00527345144580658,0.00669325780837221,1000
sp7,96,species.l0.sp9,-5.57575807945745e-05,0.0028809697302434,0.00417873166121356,1000
sp7,97,species.l0.sp10,-0.000143687013215394,0.00297465261494705,0.00414634450844574,1000
sp7,98,species.l0.sp11,6.92133082878356e-05,0.00277487692355087,0.00402877640510785,1000
sp7,99,species.l0.sp12,0.00021797876325729,0.00277708125159462,0.00394006899880731,1000
sp7,100,species.l0.sp13,0.000122892954144001,0.00274029917321172,0.00390561409922954,1000
sp7,101,species.l0.sp14,-8.84336227281879e-05,0.00273041381118145,0.00405450714568895,1000
sp7,102,species.l0.sp15,0.000227741295005649,0.00271389355357203,0.00396028239328951,1000
sp7,103,mortality.additional.larva.rate.sp0,1.30453350218791e-05,0.00369427627782478,0.00520595281741452,1000
sp7,104,mortality.additional.larva.rate.sp1,-2.06703228347248e-05,0.00306772312143195,0.00419623635952078,1000
sp7,105,mortality.additional.larva.rate.sp2,-0.000251546018348726,0.00799180459430495,0.0117481646401377,1000
sp7,106,mortality.additional.larva.rate.sp3,-0.000220228067157491,0.0150086667022029,0.0201081585948638,1000
sp7,107,mortality.additional.larva.rate.sp4,-3.56505928517564e-06,0.00273027240500246,0.00398248997510106,1000
sp7,108,mortality.additional.larva.rate.sp5,7.88127293619279e-05,0.00293965018483065,0.00430719421611702,1000
sp7,109,mortality.additional.larva.rate.sp6,2.28155789014892e-05,0.00264225145127523,0.00367896255860133,1000
sp7,110,mortality.additional.larva.rate.sp9,-0.00028917263776766,0.00321203812224362,0.00454395234276283,1000
sp7,111,mortality.additional.larva.rate.sp10,0.0001644667548946,0.00285909965487292,0.00394829111295972,1000
sp7,112,mortality.additional.larva.rate.sp11,1.61827596826879e-06,0.00285626886366397,0.00399562174510749,1000
sp7,113,mortality.additional.larva.rate.sp12,-7.85271355247803e-06,0.00292624250215048,0.00417606831247972,1000
sp7,114,mortality.additional.larva.rate.sp13,2.63020561229519e-05,0.00273838885200604,0.00397052907854845,1000
sp7,115,mortality.additional.larva.rate.sp14,0.000181175968507101,0.00279099152698515,0.00425066990621384,1000
sp7,116,mortality.additional.larva.rate.sp15,-6.76222047639161e-05,0.00280381161129884,0.00384858998896409,1000
sp7,117,mortality.additional.larva.rate.mean.sp7,3.33764889697465e-05,0.0184401652017834,0.0287946415928496,1000
sp7,118,mortality.additional.larva.rate.mean.sp8,0.000264253763867008,0.00773928692809439,0.00958322636649486,1000
sp7,119,species.linf.sp0,0.000308770011408005,0.00493026959102539,0.0067137898157156,1000
sp7,120,species.linf.sp1,-7.21315903870395e-06,0.0240073527820926,0.0260016010177192,1000
sp7,121,species.linf.sp2,-8.6667336626215e-06,0.00568545831275536,0.00848224241615924,1000
sp7,122,species.linf.sp3,0.00135199347602094,0.023650528545315,0.0285573904230239,1000
sp7,123,species.linf.sp4,-7.81390644629774e-05,0.00763557799862039,0.00969596345652745,1000
sp7,124,species.linf.sp5,0.000282223041026224,0.0242816802368764,0.029042284796245,1000
sp7,125,species.linf.sp6,-0.00047080671782576,0.0194965183224846,0.02107024059709,1000
sp7,126,species.linf.sp7,-0.00137220344859815,0.100812172383495,0.116976963805028,1000
sp7,127,species.linf.sp8,0.000130225285419966,0.00986738535632099,0.0127541224883332,1000
sp7,128,species.linf.sp9,0.000132582116754841,0.00427375162070171,0.00571949800825578,1000
sp7,129,species.linf.sp10,-0.000132456558043756,0.00356508098809934,0.00499873256142865,1000
sp7,130,species.linf.sp11,-6.91872207456514e-05,0.00289327988601027,0.00422553362979649,1000
sp7,131,species.linf.sp12,0.000118718908728035,0.00308682168908654,0.00408684387634034,1000
sp7,132,species.linf.sp13,-8.93790946335844e-05,0.00494492328437952,0.00720079730493711,1000
sp7,133,species.linf.sp14,0.000141122195630388,0.00370282391322392,0.00540821445370809,1000
sp7,134,species.linf.sp15,-8.38784283561898e-06,0.00285278474541184,0.00412366500322195,1000
sp7,135,species.accessibility2fish.sp16,1.31185520935633e-05,0.00262352032452855,0.00370580389639324,1000
sp7,136,species.accessibility2fish.sp17,2.0957922059905e-05,0.00266958764363826,0.00384482518129945,1000
sp7,137,species.accessibility2fish.sp18,-0.000102308835197916,0.00263823837892713,0.00387465295390937,1000
sp7,138,species.accessibility2fish.sp19,-1.82519055911922e-05,0.00289471090422027,0.00404740416529864,1000
sp7,139,species.accessibility2fish.sp20,0.000305698657856869,0.00277163329350752,0.00389290043161946,1000
sp7,140,species.accessibility2fish.sp21,-3.20605468193821e-05,0.00310624020688953,0.00443927912554886,1000
sp7,141,species.accessibility2fish.sp22,-0.000325662097772065,0.0107501325957423,0.0192251616920407,1000
sp7,142,species.accessibility2fish.sp23,-0.00160473144764994,0.0299349809733246,0.0317949196068315,1000
sp7,143,species.accessibility2fish.sp24,-0.000124655124961201,0.00769227547574098,0.0108294238613974,1000
sp7,144,species.accessibility2fish.sp25,8.34641930062677e-05,0.00272850266345003,0.00395948427521228,1000
sp7,145,species.accessibility2fish.sp26,-4.6229817293978e-05,0.00281059409939371,0.00385014179976952,1000
sp7,146,species.maturity.size.ratio.sp0,1.66854199163256e-05,0.00413426817362406,0.00593718851007343,1000
sp7,147,species.maturity.size.ratio.sp1,3.36683677676074e-05,0.00280917957551768,0.00391825816090337,1000
sp7,148,species.maturity.size.ratio.sp2,5.83258198238178e-05,0.00286987936337515,0.00416374512936269,1000
sp7,149,species.maturity.size.ratio.sp3,-2.40778152525283e-05,0.00280579109735169,0.00421275458660204,1000
sp7,150,species.maturity.size.ratio.sp4,9.03357854602822e-05,0.0029269164839098,0.00400503254642009,1000
sp7,151,species.maturity.size.ratio.sp5,0.000196102160576365,0.00266524172432262,0.00368346119782562,1000
sp7,152,species.maturity.size.ratio.sp6,-0.000189219236352814,0.00285694231727476,0.00422205420164038,1000
sp7,153,species.maturity.size.ratio.sp7,-4.96281661541381e-06,0.00271122897279101,0.00389257498195053,1000
sp7,154,species.maturity.size.ratio.sp8,4.75670217443532e-05,0.00277604976043607,0.0039295093474417,1000
sp7,155,species.maturity.size.ratio.sp9,-3.20991152860165e-05,0.0028129321360068,0.00404817337822575,1000
sp7,156,species.maturity.size.ratio.sp10,-3.53905312352023e-05,0.00278322738661146,0.00406948174680875,1000
sp7,157,species.maturity.size.ratio.sp11,-0.000137987794785234,0.00281956389656602,0.003952852231933,1000
sp7,158,species.maturity.size.ratio.sp12,8.35122999317971e-05,0.00258689250484383,0.00361458714392787,1000
sp7,159,species.maturity.size.ratio.sp13,-0.000188003251735099,0.00468409594074979,0.00683756786153769,1000
sp7,160,species.maturity.size.ratio.sp14,-5.48836988767014e-05,0.00283276232785686,0.00414412385102582,1000
sp7,161,species.maturity.size.ratio.sp15,1.18931986141567e-06,0.00285123668112077,0.00411532696420651,1000
sp7,162,predation.predPrey.sizeRatio.teta.sp0.stage1,0.000287776795051538,0.00267890840530211,0.00383630008173513,1000
sp7,163,predation.predPrey.sizeRatio.alpha.sp0.stage1,-0.000156356118216946,0.00338961322711171,0.00474772012936946,1000
sp7,164,predation.predPrey.sizeRatio.teta.sp1.stage1,1.36402078390514e-05,0.00366788436184941,0.00510540123716684,1000
sp7,165,predation.predPrey.sizeRatio.alpha.sp1.stage1,-4.66083228442047e-05,0.00343198555875715,0.00521714545201477,1000
sp7,166,predation.predPrey.sizeRatio.teta.sp2.stage1,0.000164605769156085,0.00293693688205976,0.00410914910414486,1000
sp7,167,predation.predPrey.sizeRatio.alpha.sp2.stage1,-5.36420912664078e-05,0.00412372290040284,0.00573924455832681,1000
sp7,168,predation.predPrey.sizeRatio.teta.sp3.stage1,6.35766463873834e-05,0.00345794375668045,0.0048917835731654,1000
sp7,169,predation.predPrey.sizeRatio.alpha.sp3.stage1,-0.000645393361730373,0.0152019485695835,0.0195239498919973,1000
sp7,170,predation.predPrey.sizeRatio.teta.sp4.stage1,2.30120503073728e-05,0.00277906800085577,0.00389923525097694,1000
sp7,171,predation.predPrey.sizeRatio.alpha.sp4.stage1,-0.000263167518879395,0.00297445452965163,0.00433635368303051,1000
sp7,172,predation.predPrey.sizeRatio.teta.sp5.stage1,-0.000126346928966041,0.00274894426338346,0.00400270969070713,1000
sp7,173,predation.predPrey.sizeRatio.teta.sp5.stage2,-0.000771744222868424,0.0177802172059196,0.021745159033487,1000
sp7,174,predation.predPrey.sizeRatio.alpha.sp5.stage1,0.000121786724269374,0.00267163044945834,0.00411442769138471,1000
sp7,175,predation.predPrey.sizeRatio.alpha.sp5.stage2,-2.06177661354986e-05,0.0110800369089018,0.0157214568030617,1000
sp7,176,predation.predPrey.sizeRatio.teta.sp6.stage1,-7.23181059529133e-05,0.00347653002856256,0.00489179347330531,1000
sp7,177,predation.predPrey.sizeRatio.alpha.sp6.stage1,4.42761180773214e-07,0.00620876381555586,0.00761182916924288,1000
sp7,178,predation.predPrey.sizeRatio.teta.sp7.stage1,-0.000758521849281718,0.0125497327078883,0.0169478939813657,1000
sp7,179,predation.predPrey.sizeRatio.alpha.sp7.stage1,-0.00100806364293007,0.1315495846582,0.15833580677444,1000
sp7,180,predation.predPrey.sizeRatio.teta.sp8.stage1,-0.000186833029372122,0.00331415006549538,0.00458494628372645,1000
sp7,181,predation.predPrey.sizeRatio.alpha.sp8.stage1,-0.00014989992055185,0.0109969365393236,0.012551714695628,1000
sp7,182,predation.predPrey.sizeRatio.teta.sp9.stage1,0.000183208413458883,0.00312712849977499,0.00439520998568085,1000
sp7,183,predation.predPrey.sizeRatio.alpha.sp9.stage1,0.000127901855547997,0.00316487005056895,0.0045808550920208,1000
sp7,184,predation.predPrey.sizeRatio.teta.sp10.stage1,-4.91227685225739e-05,0.00273460810519969,0.00392975084230628,1000
sp7,185,predation.predPrey.sizeRatio.alpha.sp10.stage1,2.27640334393864e-05,0.00277318398969938,0.00388130112137989,1000
sp7,186,predation.predPrey.sizeRatio.teta.sp11.stage1,-4.06501529133254e-05,0.00273187432572849,0.00423479108498059,1000
sp7,187,predation.predPrey.sizeRatio.alpha.sp11.stage1,7.27380498691589e-05,0.00266856444554489,0.00380254145686496,1000
sp7,188,predation.predPrey.sizeRatio.teta.sp12.stage1,0.000173032368141889,0.00264157562079132,0.0036587413727502,1000
sp7,189,predation.predPrey.sizeRatio.alpha.sp12.stage1,-1.4161061030908e-05,0.00295399740898784,0.00412485252067566,1000
sp7,190,predation.predPrey.sizeRatio.teta.sp13.stage1,-5.43716362196472e-05,0.00260573889104346,0.0036167726482654,1000
sp7,191,predation.predPrey.sizeRatio.alpha.sp13.stage1,4.66934857798842e-05,0.00293864443341543,0.0042696843483168,1000
sp7,192,predation.predPrey.sizeRatio.teta.sp14.stage1,-2.63733133302365e-05,0.00287256450918374,0.00410932483447194,1000
sp7,193,predation.predPrey.sizeRatio.alpha.sp14.stage1,-0.000289571268180483,0.00398435320151119,0.00533305468593304,1000
sp7,194,predation.predPrey.sizeRatio.teta.sp15.stage1,-0.000185305642763267,0.0027096603185165,0.00381408242236367,1000
sp7,195,predation.predPrey.sizeRatio.alpha.sp15.stage1,9.32881556911838e-05,0.00341982997123863,0.00461201166671528,1000
sp8,1,mortality.additional.rate.sp0,0.000314942962522699,0.0111341891049887,0.0147872573730226,1000
sp8,2,mortality.additional.rate.sp1,0.000390961396535943,0.0109634688218977,0.0146515775597398,1000
sp8,3,mortality.additional.rate.sp2,-3.73736570770036e-05,0.0122004509589856,0.0164988962983769,1000
sp8,4,mortality.additional.rate.sp3,-0.000198964148109483,0.0117071925512546,0.0154892799390149,1000
sp8,5,mortality.additional.rate.sp4,-0.000247383773172907,0.0110067287445782,0.0146651749413418,1000
sp8,6,mortality.additional.rate.sp5,-0.000144463119689606,0.0148184481547046,0.0189848922144802,1000
sp8,7,mortality.additional.rate.sp6,0.000491685805921287,0.010620675998149,0.0143391511577752,1000
sp8,8,mortality.additional.rate.sp7,-0.000247492527795891,0.0116903132101204,0.0155243214587076,1000
sp8,9,mortality.additional.rate.sp8,-0.000439853547011671,0.0107952250272659,0.0146936816595884,1000
sp8,10,mortality.additional.rate.sp9,-0.00035905298132255,0.0109417311265887,0.0147872303145847,1000
sp8,11,mortality.additional.rate.sp10,-0.000202429255244967,0.0113313442616677,0.0149872077786978,1000
sp8,12,mortality.additional.rate.sp11,0.000400802935408707,0.0109769145169374,0.0145161063647782,1000
sp8,13,mortality.additional.rate.sp12,-0.000207595821669154,0.0109525197305146,0.0145350780155548,1000
sp8,14,mortality.additional.rate.sp13,-0.000536635022757444,0.0108806930579122,0.0144897407769085,1000
sp8,15,mortality.additional.rate.sp14,0.000550487680215243,0.0109163602440355,0.014654750770312,1000
sp8,16,mortality.additional.rate.sp15,6.36922307843535e-05,0.0105728481039369,0.0141918948114867,1000
sp8,17,fisheries.rate.base.fsh0,-0.00403955062373712,0.137509113339668,0.150666459517887,1000
sp8,18,fisheries.rate.base.fsh1,0.00030171764313801,0.01181572052242,0.0156841963343032,1000
sp8,19,fisheries.rate.base.fsh2,-0.000267535671134457,0.0274311059589712,0.0334158450757116,1000
sp8,20,fisheries.rate.base.fsh3,-0.000868488114250959,0.0220067492339587,0.0272676007168071,1000
sp8,21,species.catchability.fsh0.sp0,0.000161469703499273,0.0111228136993832,0.0148577898702771,1000
sp8,22,species.catchability.fsh0.sp1,1.28441487022621e-05,0.0110990921650016,0.0147416343773093,1000
sp8,23,species.catchability.fsh0.sp2,1.63378344725125e-05,0.0111321127224486,0.0148767347888451,1000
sp8,24,species.catchability.fsh0.sp3,-0.000562254818418603,0.012473284855408,0.0164154659294218,1000
sp8,25,species.catchability.fsh0.sp5,9.69407307600122e-05,0.0119709024602494,0.0156946079063534,1000
sp8,26,species.catchability.fsh0.sp7,0.000171967423399043,0.0110511917351665,0.0147354272132716,1000
sp8,27,species.catchability.fsh0.sp8,0.00449801669778911,0.123212868644644,0.136721149629108,1000
sp8,28,species.catchability.fsh0.sp9,7.71507711366635e-05,0.0103730827408278,0.013668511697973,1000
sp8,29,species.catchability.fsh0.sp10,-7.49103495608162e-05,0.0108893040526509,0.0145656023363369,1000
sp8,30,species.catchability.fsh0.sp13,0.000247635778651931,0.011229635390208,0.0148788689806543,1000
sp8,31,species.catchability.fsh0.sp14,-0.000354944589561064,0.0103656676294821,0.01377399482867,1000
sp8,32,species.catchability.fsh0.sp15,-0.000194766586440039,0.010670106319497,0.0143014989274892,1000
sp8,33,species.catchability.fsh1.sp9,0.000335989248473648,0.0113291080292506,0.0149165714102314,1000
sp8,34,species.catchability.fsh1.sp10,0.000186044150758093,0.0109099637054659,0.0146687986825066,1000
sp8,35,species.catchability.fsh1.sp11,-0.000623192963770398,0.0108461923460628,0.0145473034249262,1000
sp8,36,species.catchability.fsh1.sp12,-0.000533766961407864,0.0109378413418087,0.0143825585814833,1000
sp8,37,species.catchability.fsh2.sp0,0.000727120815174526,0.0109386169781991,0.0145734623074123,1000
sp8,38,species.catchability.fsh2.sp5,0.00076120090990679,0.0111582510909905,0.0148855068235847,1000
sp8,39,species.catchability.fsh2.sp7,-5.63975572691895e-05,0.0105458832733821,0.0142687764922751,1000
sp8,40,species.catchability.fsh2.sp8,0.000683967440914644,0.025827279581395,0.0315083471966868,1000
sp8,41,species.catchability.fsh3.sp0,4.40183846356548e-05,0.0108597739819791,0.0144650470499796,1000
sp8,42,species.catchability.fsh3.sp1,0.000694035473093105,0.0108367257461842,0.0144309003667376,1000
sp8,43,species.catchability.fsh3.sp2,-0.000188929396069589,0.0106606530319258,0.0140380853732388,1000
sp8,44,species.catchability.fsh3.sp3,0.000313968323852543,0.0113088861252039,0.0148600299625769,1000
sp8,45,species.catchability.fsh3.sp5,-0.000158089574381645,0.0110767323500504,0.0148638857416546,1000
sp8,46,species.catchability.fsh3.sp7,0.00047785519642745,0.0110534406939729,0.0144589899847789,1000
sp8,47,species.catchability.fsh3.sp8,-0.000484360264047688,0.0198033740144869,0.025740004164527,1000
sp8,48,species.catchability.fsh3.sp9,-0.000532498837042277,0.0107548230937741,0.0146639964357526,1000
sp8,49,species.catchability.fsh3.sp10,1.44753109999361e-05,0.0110141830172945,0.0145372062458665,1000
sp8,50,species.catchability.fsh3.sp11,9.70405405273783e-05,0.0107639506047241,0.0142511974760611,1000
sp8,51,species.catchability.fsh3.sp12,-0.000659295934029581,0.0107696061590762,0.0146220480329563,1000
sp8,52,species.catchability.fsh3.sp13,0.000317834887394771,0.011348430954887,0.0152758595664204,1000
sp8,53,species.catchability.fsh3.sp14,-0.000336644459043323,0.0111942350309267,0.015002912751427,1000
sp8,54,species.catchability.fsh3.sp15,8.82674600434978e-05,0.010762886271972,0.0145797899496996,1000
sp8,55,species.length2weight.condition.factor.sp0,0.000510764839569379,0.0124566479188267,0.0170869905363237,1000
sp8,56,species.length2weight.condition.factor.sp1,0.000394492097029334,0.0110325941892177,0.0149670179160363,1000
sp8,57,species.length2weight.condition.factor.sp2,1.24132753113716e-05,0.0122613377295312,0.0166776110600323,1000
sp8,58,species.length2weight.condition.factor.sp3,0.000170595137499528,0.0127046781085667,0.0168210003799924,1000
sp8,59,species.length2weight.condition.factor.sp4,-0.000240384929586577,0.010711636212567,0.0142299302461161,1000
sp8,60,species.length2weight.condition.factor.sp5,0.000269132865296811,0.0106559557921974,0.0141988116472203,1000
sp8,61,species.length2weight.condition.factor.sp6,-0.0001978508347229,0.0109302953746164,0.0143972785313178,1000
sp8,62,species.length2weight.condition.factor.sp7,0.000849170022478105,0.011180806025713,0.0145205071325137,1000
sp8,63,species.length2weight.condition.factor.sp8,-0.000572430774104174,0.0124478831819719,0.0165707705957636,1000
sp8,64,species.length2weight.condition.factor.sp9,0.00088503223366782,0.0109660023885837,0.0146528973130316,1000
sp8,65,species.length2weight.condition.factor.sp10,-9.71226878598884e-05,0.0111279034483747,0.0149420270287812,1000
sp8,66,species.length2weight.condition.factor.sp11,-0.000255355556637607,0.0102673256994622,0.0139116837683114,1000
sp8,67,species.length2weight.condition.factor.sp12,0.000153604334655025,0.010857423612874,0.0143811481000121,1000
sp8,68,species.length2weight.condition.factor.sp13,0.000299994152523411,0.0108232035400873,0.0148184847104551,1000
sp8,69,species.length2weight.condition.factor.sp14,-0.000524104607755511,0.0112847659993251,0.0149095595062047,1000
sp8,70,species.length2weight.condition.factor.sp15,-0.000658957974823606,0.0108102874550407,0.0145991769860203,1000
sp8,71,species.k.sp0,-0.00132465323922603,0.0155576812328562,0.0230364646352147,1000
sp8,72,species.k.sp1,-0.000433802896674002,0.0155245373479633,0.0198256186856325,1000
sp8,73,species.k.sp2,9.67560380895307e-05,0.0179555493856987,0.0235418616120159,1000
sp8,74,species.k.sp3,-0.000745308254315895,0.019035067651079,0.026056154945356,1000
sp8,75,species.k.sp4,-0.000767991724896693,0.0172982758955076,0.0222753116506212,1000
sp8,76,species.k.sp5,-0.00212727863475168,0.0163179442987751,0.0202210706667521,1000
sp8,77,species.k.sp6,-0.000133339275487365,0.0120573436705392,0.0159404967653519,1000
sp8,78,species.k.sp7,0.000716230063519345,0.0118621241070762,0.015670444051476,1000
sp8,79,species.k.sp8,-0.00310464775656861,0.156508043988883,0.16618419246618,1000
sp8,80,species.k.sp9,-0.000256371156553218,0.0136332303130981,0.0183259768586001,1000
sp8,81,species.k.sp10,0.000423104409672709,0.0107626904494459,0.0142952936596979,1000
sp8,82,species.k.sp11,0.000402309065453118,0.0111284104621803,0.0151205488178986,1000
sp8,83,species.k.sp12,-0.000785371356467371,0.0113393601667394,0.014996403140179,1000
sp8,84,species.k.sp13,0.000296860831100706,0.0131382703990905,0.0175239792381972,1000
sp8,85,species.k.sp14,0.000599553645597349,0.0138606884864359,0.0177593568748177,1000
sp8,86,species.k.sp15,2.35195384196376e-05,0.0107364839742061,0.0142612939614508,1000
sp8,87,species.l0.sp0,-0.000639648750218648,0.0120237269191231,0.016024994920072,1000
sp8,88,species.l0.sp1,0.000480914582055836,0.0124737831025497,0.016914431099594,1000
sp8,89,species.l0.sp2,9.28430118498118e-05,0.0158428781108511,0.0208625563216816,1000
sp8,90,species.l0.sp3,-0.000334036497362081,0.012315375192223,0.0168533972025025,1000
sp8,91,species.l0.sp4,0.000244814051213025,0.0128792571622862,0.0170606001761498,1000
sp8,92,species.l0.sp5,0.00018509704754929,0.0110478379105687,0.0150511794415278,1000
sp8,93,species.l0.sp6,-0.000680398701299137,0.0106862281883966,0.014470940997213,1000
sp8,94,species.l0.sp7,0.000171417077691397,0.0110999145842164,0.0149758347420171,1000
sp8,95,species.l0.sp8,0.00123321094214558,0.0547391599382484,0.0672947318477391,1000
sp8,96,species.l0.sp9,-0.000281166864618951,0.011921219401468,0.0161307834161411,1000
sp8,97,species.l0.sp10,-8.36349369777021e-05,0.011244581925259,0.0149293719522077,1000
sp8,98,species.l0.sp11,0.000166872496148036,0.0114025747493326,0.0155365572614432,1000
sp8,99,species.l0.sp12,0.000280433831431657,0.0106780937143184,0.0142631740053777,1000
sp8,100,species.l0.sp13,-0.000298816572121842,0.0107256577852533,0.0142837286969348,1000
sp8,101,species.l0.sp14,-0.000223574221193312,0.0109083291780887,0.0145245950367568,1000
sp8,102,species.l0.sp15,-0.000138133785252152,0.010942148795093,0.0145191760967813,1000
sp8,103,mortality.additional.larva.rate.sp0,8.22385598512926e-05,0.0166820681962622,0.0248231603804803,1000
sp8,104,mortality.additional.larva.rate.sp1,0.000288377806639377,0.0110724175699629,0.0146968506266745,1000
sp8,105,mortality.additional.larva.rate.sp2,0.00066236459660665,0.0481938155006641,0.0630276478971873,1000
sp8,106,mortality.additional.larva.rate.sp3,-0.00107726246891512,0.0419323178891224,0.0577099596175924,1000
sp8,107,mortality.additional.larva.rate.sp4,-0.000683839959579626,0.0109654808627141,0.0145025389097772,1000
sp8,108,mortality.additional.larva.rate.sp5,1.96576574386179e-06,0.0108265769965803,0.0146939521174071,1000
sp8,109,mortality.additional.larva.rate.sp6,0.000678640581006354,0.0112969198957114,0.0151466691114354,1000
sp8,110,mortality.additional.larva.rate.sp9,0.000770591983346976,0.0138150022578119,0.0189714013188943,1000
sp8,111,mortality.additional.larva.rate.sp10,8.02573513057717e-05,0.0120494212165125,0.016131298586951,1000
sp8,112,mortality.additional.larva.rate.sp11,0.000358640747692289,0.0108373442433571,0.0144995797096008,1000
sp8,113,mortality.additional.larva.rate.sp12,-3.45243867079613e-05,0.0115164457798684,0.0154702890754052,1000
sp8,114,mortality.additional.larva.rate.sp13,4.39806386072591e-05,0.0108484337467375,0.0144727942496023,1000
sp8,115,mortality.additional.larva.rate.sp14,-0.000230014890203031,0.0108222084703775,0.0144029286825029,1000
sp8,116,mortality.additional.larva.rate.sp15,-0.000426313362884611,0.0105893537069266,0.0139741548127924,1000
sp8,117,mortality.additional.larva.rate.mean.sp7,-0.000292324874762775,0.0112046834464877,0.0147134457629373,1000
sp8,118,mortality.additional.larva.rate.mean.sp8,0.0019766168329187,0.051821085464697,0.0647499621125812,1000
sp8,119,species.linf.sp0,-0.000691894085388558,0.0165720607192833,0.0242510029213701,1000
sp8,120,species.linf.sp1,-0.000407537941974537,0.0298226280200611,0.0349015287379915,1000
sp8,121,species.linf.sp2,0.00257297932446925,0.0459490437678398,0.0581002932787338,1000
sp8,122,species.linf.sp3,-0.000670442101847718,0.0505977167018556,0.0704076213609094,1000
sp8,123,species.linf.sp4,-6.68135880417783e-05,0.0436005128503524,0.051970998192614,1000
sp8,124,species.linf.sp5,0.000614999062944415,0.0407962550692789,0.0469065773100406,1000
sp8,125,species.linf.sp6,0.000375275556334974,0.0173242962942919,0.0215619712265228,1000
sp8,126,species.linf.sp7,0.000113397973467251,0.0140288065561064,0.018205631669566,1000
sp8,127,species.linf.sp8,0.00635853243870601,0.409790311093627,0.424294334219914,1000
sp8,128,species.linf.sp9,0.000264657968559891,0.019753376128405,0.0265724320861938,1000
sp8,129,species.linf.sp10,0.000173665665859689,0.0126905755203044,0.0168476917164761,1000
sp8,130,species.linf.sp11,0.000261179685706985,0.0113276069390602,0.0150188525186317,1000
sp8,131,species.linf.sp12,-0.000134585981477773,0.0128758348677769,0.016813377711094,1000
sp8,132,species.linf.sp13,-0.000442367618997969,0.0137491645352763,0.0183059673257892,1000
sp8,133,species.linf.sp14,0.000950860754010441,0.0203318631791668,0.0248557540991436,1000
sp8,134,species.linf.sp15,-0.000513366413207782,0.0109157010333219,0.0143098816126555,1000
sp8,135,species.accessibility2fish.sp16,-0.000303745140641267,0.0109342485128202,0.014481573312295,1000
sp8,136,species.accessibility2fish.sp17,-0.000276262690016453,0.0103905685026243,0.0139659358288355,1000
sp8,137,species.accessibility2fish.sp18,0.000541733194780014,0.010649172805274,0.0138950052301904,1000
sp8,138,species.accessibility2fish.sp19,0.000182786011267096,0.0104483621466409,0.0136627726360754,1000
sp8,139,species.accessibility2fish.sp20,-0.00131539589091314,0.0108616450787549,0.0142919143908598,1000
sp8,140,species.accessibility2fish.sp21,-0.000769256851967036,0.0135647483434008,0.0180967713376679,1000
sp8,141,species.accessibility2fish.sp22,-0.000243445652314726,0.0219287371946727,0.0326308850203788,1000
sp8,142,species.accessibility2fish.sp23,-0.00177561253064331,0.0353025536603491,0.0396785337356985,1000
sp8,143,species.accessibility2fish.sp24,-0.00405481684781275,0.12006694445855,0.135945029046141,1000
sp8,144,species.accessibility2fish.sp25,0.00033049377946076,0.0114203869978587,0.0150735449072166,1000
sp8,145,species.accessibility2fish.sp26,-6.08397414036697e-05,0.0117874913712025,0.0158539956994963,1000
sp8,146,species.maturity.size.ratio.sp0,0.00150038575794862,0.0175101561353842,0.0268276036457546,1000
sp8,147,species.maturity.size.ratio.sp1,-0.00012418776667612,0.0104865771075828,0.0138138911805872,1000
sp8,148,species.maturity.size.ratio.sp2,-0.000197207528297488,0.0108216838781684,0.0142381574517338,1000
sp8,149,species.maturity.size.ratio.sp3,-0.000552653993509919,0.0118056995641611,0.0159936272935543,1000
sp8,150,species.maturity.size.ratio.sp4,-0.00104193116139879,0.010894581175929,0.0145876156101537,1000
sp8,151,species.maturity.size.ratio.sp5,-0.000285357650227103,0.0107292321716515,0.0141498241345917,1000
sp8,152,species.maturity.size.ratio.sp6,0.000478919849758494,0.0108832442341603,0.0144733396924661,1000
sp8,153,species.maturity.size.ratio.sp7,0.000289040641372817,0.0114446920548159,0.0150986494920266,1000
sp8,154,species.maturity.size.ratio.sp8,0.000201995925755564,0.0120819891961461,0.0164557689375983,1000
sp8,155,species.maturity.size.ratio.sp9,0.000299511138830297,0.0109574633123258,0.0143546416313033,1000
sp8,156,species.maturity.size.ratio.sp10,0.000405351633584393,0.0108761239295148,0.0145377632160756,1000
sp8,157,species.maturity.size.ratio.sp11,-0.00107515698493779,0.0146735512046927,0.0196848376344811,1000
sp8,158,species.maturity.size.ratio.sp12,0.000209495025073442,0.0108071211607586,0.0142439315725127,1000
sp8,159,species.maturity.size.ratio.sp13,0.000417549303500666,0.0164806912935468,0.0223100042539679,1000
sp8,160,species.maturity.size.ratio.sp14,0.000246122304712096,0.0113142209928813,0.0153194216673983,1000
sp8,161,species.maturity.size.ratio.sp15,7.64016279988378e-05,0.0111250423574648,0.0148469776002351,1000
sp8,162,predation.predPrey.sizeRatio.teta.sp0.stage1,0.000311130755088253,0.0106963115819923,0.0144818326366381,1000
sp8,163,predation.predPrey.sizeRatio.alpha.sp0.stage1,0.000283544966995975,0.0129133330827396,0.0170797443487392,1000
sp8,164,predation.predPrey.sizeRatio.teta.sp1.stage1,0.00013724187187055,0.0104950424785133,0.0141802146622284,1000
sp8,165,predation.predPrey.sizeRatio.alpha.sp1.stage1,0.00101906922461425,0.0149223229455609,0.0195496257629288,1000
sp8,166,predation.predPrey.sizeRatio.teta.sp2.stage1,-2.92672791646617e-05,0.0113843158711926,0.0152040395000417,1000
sp8,167,predation.predPrey.sizeRatio.alpha.sp2.stage1,-9.6025987829171e-05,0.0183225398108865,0.025402383410879,1000
sp8,168,predation.predPrey.sizeRatio.teta.sp3.stage1,0.000206647769191382,0.0111245404504666,0.0148440821561979,1000
sp8,169,predation.predPrey.sizeRatio.alpha.sp3.stage1,0.000819549992063492,0.0399884983086161,0.0497086191675347,1000
sp8,170,predation.predPrey.sizeRatio.teta.sp4.stage1,-0.000410066302612474,0.0107879840665518,0.0142998240310532,1000
sp8,171,predation.predPrey.sizeRatio.alpha.sp4.stage1,-0.00019661373629367,0.0193792736067193,0.0254981450516697,1000
sp8,172,predation.predPrey.sizeRatio.teta.sp5.stage1,-0.000354992132025349,0.0107751343107222,0.0143388505294628,1000
sp8,173,predation.predPrey.sizeRatio.teta.sp5.stage2,-0.00144967210463291,0.0200704748985765,0.0244089346212873,1000
sp8,174,predation.predPrey.sizeRatio.alpha.sp5.stage1,-0.000226523111355936,0.0110540801864385,0.0146162563366239,1000
sp8,175,predation.predPrey.sizeRatio.alpha.sp5.stage2,-0.000646920262314554,0.0157607268606824,0.0199326568623074,1000
sp8,176,predation.predPrey.sizeRatio.teta.sp6.stage1,-0.000547173760599717,0.0107643620916316,0.0142034299926562,1000
sp8,177,predation.predPrey.sizeRatio.alpha.sp6.stage1,0.000205446830260621,0.0113899669635143,0.0149441905741274,1000
sp8,178,predation.predPrey.sizeRatio.teta.sp7.stage1,-0.0001536331048779,0.0109227226416701,0.0148039448741772,1000
sp8,179,predation.predPrey.sizeRatio.alpha.sp7.stage1,0.000489411890013932,0.011486694061088,0.0154405825281346,1000
sp8,180,predation.predPrey.sizeRatio.teta.sp8.stage1,0.000265793276262075,0.0186748816612338,0.0229654835150898,1000
sp8,181,predation.predPrey.sizeRatio.alpha.sp8.stage1,-0.00323951052268434,0.352706261534772,0.367596919541272,1000
sp8,182,predation.predPrey.sizeRatio.teta.sp9.stage1,0.000457907689019191,0.0140646399491871,0.0190658205459505,1000
sp8,183,predation.predPrey.sizeRatio.alpha.sp9.stage1,0.00088709861269682,0.0119972687000722,0.015936122306271,1000
sp8,184,predation.predPrey.sizeRatio.teta.sp10.stage1,-1.83925299101625e-06,0.0107586639421712,0.0142768476359051,1000
sp8,185,predation.predPrey.sizeRatio.alpha.sp10.stage1,-0.00023664492737575,0.0109312053927348,0.0145183644868454,1000
sp8,186,predation.predPrey.sizeRatio.teta.sp11.stage1,-0.000142898048399262,0.0107636987248428,0.0146219428978371,1000
sp8,187,predation.predPrey.sizeRatio.alpha.sp11.stage1,-0.000676519912085237,0.0112185835381486,0.0151495088713881,1000
sp8,188,predation.predPrey.sizeRatio.teta.sp12.stage1,6.73169252962427e-05,0.011237390435152,0.0151879631016461,1000
sp8,189,predation.predPrey.sizeRatio.alpha.sp12.stage1,-0.000304471458047442,0.0121546182513987,0.0163535111904141,1000
sp8,190,predation.predPrey.sizeRatio.teta.sp13.stage1,-1.25643159473368e-06,0.011412707428472,0.0150428524013875,1000
sp8,191,predation.predPrey.sizeRatio.alpha.sp13.stage1,0.000800998468480366,0.020376134747752,0.0270434056871187,1000
sp8,192,predation.predPrey.sizeRatio.teta.sp14.stage1,-0.000623283185897199,0.0109217705395646,0.0145261496831659,1000
sp8,193,predation.predPrey.sizeRatio.alpha.sp14.stage1,0.000286263302492514,0.015229447507072,0.019618184516267,1000
sp8,194,predation.predPrey.sizeRatio.teta.sp15.stage1,-0.000410810766963224,0.0107094832951853,0.0141977400122947,1000
sp8,195,predation.predPrey.sizeRatio.alpha.sp15.stage1,0.00019494068012789,0.0117190582315776,0.0158659051744565,1000
sp9,1,mortality.additional.rate.sp0,0.000745064247206915,0.0131933114119307,0.0176982014353405,1000
sp9,2,mortality.additional.rate.sp1,0.000107329143707543,0.0140874596011036,0.0194005857475303,1000
sp9,3,mortality.additional.rate.sp2,0.000461480628842408,0.016181655478317,0.0210835695854731,1000
sp9,4,mortality.additional.rate.sp3,-0.00126909069339264,0.0156625963982901,0.0205959775133875,1000
sp9,5,mortality.additional.rate.sp4,-0.000100308714618445,0.0134590935799154,0.0179934161289995,1000
sp9,6,mortality.additional.rate.sp5,-0.000246895280748767,0.0149706871257154,0.0196555101822691,1000
sp9,7,mortality.additional.rate.sp6,-0.000537618717023161,0.0126923008593329,0.016679005635513,1000
sp9,8,mortality.additional.rate.sp7,0.000197849215377291,0.0128046199007563,0.0166714054050173,1000
sp9,9,mortality.additional.rate.sp8,0.00140184647094421,0.0135288804217311,0.0177061253115518,1000
sp9,10,mortality.additional.rate.sp9,-8.87847961078097e-05,0.0134999051131468,0.0183778184268893,1000
sp9,11,mortality.additional.rate.sp10,-0.000655158273712346,0.012603395709909,0.0166323431090027,1000
sp9,12,mortality.additional.rate.sp11,-0.000310845457800877,0.0129116135051089,0.0168759790629054,1000
sp9,13,mortality.additional.rate.sp12,-0.00053981029501708,0.0132330209978561,0.0175605909839945,1000
sp9,14,mortality.additional.rate.sp13,0.000916572129850918,0.0133713223797419,0.0178407506655771,1000
sp9,15,mortality.additional.rate.sp14,0.00113031447080819,0.013189220354085,0.0173037493937293,1000
sp9,16,mortality.additional.rate.sp15,-0.000151230823730109,0.0133783783368104,0.0180104208981239,1000
sp9,17,fisheries.rate.base.fsh0,-0.00124340900412295,0.0347847288270944,0.041110293017434,1000
sp9,18,fisheries.rate.base.fsh1,0.00612054997559463,0.229340978596445,0.24663817253915,1000
sp9,19,fisheries.rate.base.fsh2,1.01642828796173e-05,0.0127052954148017,0.0165963932265099,1000
sp9,20,fisheries.rate.base.fsh3,0.00111775476140054,0.026821663312703,0.0315522307568518,1000
sp9,21,species.catchability.fsh0.sp0,-0.00074909869134349,0.0137094578044335,0.0180176030666392,1000
sp9,22,species.catchability.fsh0.sp1,-0.000130173536882741,0.01345426104912,0.017509833616849,1000
sp9,23,species.catchability.fsh0.sp2,0.000932514518195875,0.0137082218537557,0.0179969966902693,1000
sp9,24,species.catchability.fsh0.sp3,-0.000158559282208094,0.0166007850232839,0.0218739957171647,1000
sp9,25,species.catchability.fsh0.sp5,-0.000531683034724715,0.0138067242837011,0.0178780302099191,1000
sp9,26,species.catchability.fsh0.sp7,0.00066999851466641,0.0132816534998435,0.0175890527774776,1000
sp9,27,species.catchability.fsh0.sp8,0.000906936494265825,0.0123793990385619,0.0163005341433223,1000
sp9,28,species.catchability.fsh0.sp9,0.000611288528074901,0.022647204695598,0.028094859524832,1000
sp9,29,species.catchability.fsh0.sp10,-5.69241629127583e-05,0.0151588154985595,0.0199737988863484,1000
sp9,30,species.catchability.fsh0.sp13,-0.000226931841437305,0.0133148671674095,0.0177968199484128,1000
sp9,31,species.catchability.fsh0.sp14,-0.00030221825654824,0.0129515779255858,0.0172758230272409,1000
sp9,32,species.catchability.fsh0.sp15,-0.00029532483518076,0.0131779763674653,0.0173855980181179,1000
sp9,33,species.catchability.fsh1.sp9,0.0032879353598606,0.206824666319958,0.22396752191721,1000
sp9,34,species.catchability.fsh1.sp10,-0.000331048594048212,0.017405032954905,0.0225583026388342,1000
sp9,35,species.catchability.fsh1.sp11,4.52838262827823e-05,0.0133380494829407,0.0176646296299007,1000
sp9,36,species.catchability.fsh1.sp12,-0.000172616468819233,0.0151843309429262,0.0197588979389217,1000
sp9,37,species.catchability.fsh2.sp0,-0.000575300655316216,0.0125779950599462,0.0167727538930968,1000
sp9,38,species.catchability.fsh2.sp5,0.000128627961550223,0.0128102897568492,0.0171860087964512,1000
sp9,39,species.catchability.fsh2.sp7,0.000307265451516209,0.0138800740236938,0.0189817572633648,1000
sp9,40,species.catchability.fsh2.sp8,0.000715658361961636,0.0129772328339331,0.0173026377494748,1000
sp9,41,species.catchability.fsh3.sp0,0.000263067056579596,0.012581267213636,0.0162530613507949,1000
sp9,42,species.catchability.fsh3.sp1,-0.000815790661196265,0.0129984729689775,0.0171405315026458,1000
sp9,43,species.catchability.fsh3.sp2,-5.62070099236099e-07,0.0131480135401468,0.0175794658629108,1000
sp9,44,species.catchability.fsh3.sp3,-0.000990055982853315,0.0128671475198845,0.0171016219098407,1000
sp9,45,species.catchability.fsh3.sp5,-0.000938570960537411,0.0132918131719628,0.0174315699599633,1000
sp9,46,species.catchability.fsh3.sp7,5.93682722043951e-05,0.0126872317888287,0.0166577500922487,1000
sp9,47,species.catchability.fsh3.sp8,0.000112474794520493,0.0132173642324135,0.017548671285404,1000
sp9,48,species.catchability.fsh3.sp9,0.00104608281303611,0.0239372232366261,0.0288103528016969,1000
sp9,49,species.catchability.fsh3.sp10,0.000592444352563909,0.0136706213805438,0.0178174210688558,1000
sp9,50,species.catchability.fsh3.sp11,0.000364251779191841,0.0127612108897133,0.0166625989850553,1000
sp9,51,species.catchability.fsh3.sp12,-0.000333539547855671,0.0132408509556365,0.0175026182401187,1000
sp9,52,species.catchability.fsh3.sp13,-0.000672922596593789,0.0136287103849538,0.0182520308436529,1000
sp9,53,species.catchability.fsh3.sp14,-0.000400962507450261,0.0128212634495816,0.0166525210227695,1000
sp9,54,species.catchability.fsh3.sp15,9.93316490615992e-05,0.0129805787001465,0.0172433782278252,1000
sp9,55,species.length2weight.condition.factor.sp0,0.000702989441656244,0.0138536364201431,0.0186176571452553,1000
sp9,56,species.length2weight.condition.factor.sp1,4.8476078701787e-05,0.0125216051130419,0.0163111509939873,1000
sp9,57,species.length2weight.condition.factor.sp2,-0.000673502957598674,0.0170633531569177,0.0226907537315574,1000
sp9,58,species.length2weight.condition.factor.sp3,-0.000464715903469659,0.0210164598778742,0.028042180362336,1000
sp9,59,species.length2weight.condition.factor.sp4,0.00234729619020715,0.0242281083923969,0.0309929362388457,1000
sp9,60,species.length2weight.condition.factor.sp5,-0.00010730757778209,0.0133660506957516,0.0176212240383485,1000
sp9,61,species.length2weight.condition.factor.sp6,-0.000309229522813997,0.013897817622988,0.018066134070903,1000
sp9,62,species.length2weight.condition.factor.sp7,-0.000116426893638099,0.0129632951414798,0.0175836676423805,1000
sp9,63,species.length2weight.condition.factor.sp8,-0.000326308192557865,0.013395210250264,0.0177591894850094,1000
sp9,64,species.length2weight.condition.factor.sp9,-2.42075257048144e-05,0.0201988140322428,0.0260403740642851,1000
sp9,65,species.length2weight.condition.factor.sp10,-0.00116909472918044,0.0147275980335663,0.0194276834056921,1000
sp9,66,species.length2weight.condition.factor.sp11,0.000911531580449213,0.013185852753838,0.0173761470033204,1000
sp9,67,species.length2weight.condition.factor.sp12,-0.000482035621948179,0.0136644750654869,0.0180239891461102,1000
sp9,68,species.length2weight.condition.factor.sp13,0.00057630066220497,0.0177379718908883,0.0229807436415066,1000
sp9,69,species.length2weight.condition.factor.sp14,-0.000285693922084563,0.0133925849965166,0.0179181857786763,1000
sp9,70,species.length2weight.condition.factor.sp15,5.34322063578762e-06,0.0133621088461275,0.0175914424950103,1000
sp9,71,species.k.sp0,-0.000271638143418909,0.0186037006815961,0.0265027564774054,1000
sp9,72,species.k.sp1,9.44485178129834e-05,0.0131140645600757,0.017477894386748,1000
sp9,73,species.k.sp2,-0.000340383096194265,0.0321577409461978,0.0416031339244502,1000
sp9,74,species.k.sp3,0.000291553906203127,0.0405933423470233,0.0565564984483226,1000
sp9,75,species.k.sp4,0.00206318163316104,0.0207561258569527,0.0286652204429368,1000
sp9,76,species.k.sp5,-0.00191579657286315,0.0157817675234231,0.020678883709952,1000
sp9,77,species.k.sp6,-0.00046784599613195,0.0135321288499339,0.0177440908107972,1000
sp9,78,species.k.sp7,-0.000860614943080467,0.0130556705924458,0.0174266997825647,1000
sp9,79,species.k.sp8,0.00199725983441947,0.0137130577119878,0.0182840645492536,1000
sp9,80,species.k.sp9,0.0100263632756462,0.222706344422302,0.232817533130053,1000
sp9,81,species.k.sp10,-0.000349697670688834,0.0256316388697564,0.0332213186493103,1000
sp9,82,species.k.sp11,0.000275110825894894,0.0180888166779461,0.022752222326339,1000
sp9,83,species.k.sp12,-0.000496033193276502,0.0133786409368668,0.0175944810684899,1000
sp9,84,species.k.sp13,0.00148839388782922,0.0897169523178574,0.112397266800352,1000
sp9,85,species.k.sp14,0.000171602517966389,0.013143035837126,0.0170151804171344,1000
sp9,86,species.k.sp15,0.000768757682612617,0.0131539502109757,0.0176154503695554,1000
sp9,87,species.l0.sp0,0.000118852022086754,0.013847770952682,0.0184753294486812,1000
sp9,88,species.l0.sp1,0.000375276207161953,0.0129630370121283,0.0174048685108074,1000
sp9,89,species.l0.sp2,4.2853237078564e-07,0.0311436167676102,0.0400075093857909,1000
sp9,90,species.l0.sp3,0.000796200566148429,0.0206215526751822,0.0272849661031894,1000
sp9,91,species.l0.sp4,-0.000817448492776158,0.0234139938456985,0.0327783051547091,1000
sp9,92,species.l0.sp5,0.000474125798475343,0.0134140228544481,0.0178036079675895,1000
sp9,93,species.l0.sp6,0.000413733195660344,0.01338752109889,0.0174398608015295,1000
sp9,94,species.l0.sp7,0.00110432424156456,0.0132087102610348,0.0182442040771375,1000
sp9,95,species.l0.sp8,0.000397767216139959,0.0123848332445616,0.016202472447806,1000
sp9,96,species.l0.sp9,0.00321313467543241,0.0891903698683165,0.104951220611529,1000
sp9,97,species.l0.sp10,0.00143013340440718,0.0381558421130028,0.0483905117875291,1000
sp9,98,species.l0.sp11,-0.000443999814594364,0.0165415881514912,0.0213831112818435,1000
sp9,99,species.l0.sp12,0.00054140639653161,0.0131329987511591,0.0181710901501582,1000
sp9,100,species.l0.sp13,0.000488317206219181,0.0132655996209612,0.0172913398644985,1000
sp9,101,species.l0.sp14,9.04144092664965e-05,0.012652526589214,0.016641706738122,1000
sp9,102,species.l0.sp15,2.10429484054124e-06,0.0139484811047256,0.0183619512628137,1000
sp9,103,mortality.additional.larva.rate.sp0,-0.00037911375449125,0.0185283236587063,0.0287109129128076,1000
sp9,104,mortality.additional.larva.rate.sp1,-0.00064329491178447,0.0130479439305768,0.0174959729774825,1000
sp9,105,mortality.additional.larva.rate.sp2,-0.000204469482346691,0.10912181108693,0.135960383606232,1000
sp9,106,mortality.additional.larva.rate.sp3,1.89105456025951e-05,0.099744568488475,0.145103230507969,1000
sp9,107,mortality.additional.larva.rate.sp4,0.000399334012292305,0.0133599252736467,0.0179630606763691,1000
sp9,108,mortality.additional.larva.rate.sp5,-0.000441852778900093,0.0128439611302111,0.0168716303542623,1000
sp9,109,mortality.additional.larva.rate.sp6,0.000395930148454247,0.013550782660151,0.017881873315082,1000
sp9,110,mortality.additional.larva.rate.sp9,-0.00207049526209204,0.0877247269081809,0.108457920069049,1000
sp9,111,mortality.additional.larva.rate.sp10,0.000352003633991793,0.060611995106317,0.0778371148249983,1000
sp9,112,mortality.additional.larva.rate.sp11,-3.78750588799113e-05,0.0133433103668518,0.0178496528762553,1000
sp9,113,mortality.additional.larva.rate.sp12,0.000383191357908686,0.0225794617293398,0.0287348830668683,1000
sp9,114,mortality.additional.larva.rate.sp13,0.000154066843516618,0.0132643729708021,0.0178492662166827,1000
sp9,115,mortality.additional.larva.rate.sp14,0.00092971069358334,0.013502393569025,0.0182026845860927,1000
sp9,116,mortality.additional.larva.rate.sp15,-0.000290664342995836,0.0137205195561834,0.0179886765110926,1000
sp9,117,mortality.additional.larva.rate.mean.sp7,-0.000258912835325974,0.0139763641676887,0.019221732437872,1000
sp9,118,mortality.additional.larva.rate.mean.sp8,-0.000197313710017372,0.0131980701144203,0.0171531712417523,1000
sp9,119,species.linf.sp0,-0.000243385505763455,0.0193671289069872,0.0281380492288552,1000
sp9,120,species.linf.sp1,-0.000424693663544175,0.0131037956563104,0.0171862120380661,1000
sp9,121,species.linf.sp2,0.000804076497878357,0.0853898944651851,0.108899540522293,1000
sp9,122,species.linf.sp3,-0.000861594239954441,0.0967667388032861,0.136572902607889,1000
sp9,123,species.linf.sp4,-0.00175535010416155,0.0359288122760042,0.0526671142479609,1000
sp9,124,species.linf.sp5,0.00154428638501809,0.0319987691072954,0.0378075886948173,1000
sp9,125,species.linf.sp6,-0.000153689023587516,0.0158053358203441,0.0208845431592649,1000
sp9,126,species.linf.sp7,-0.000145518723618555,0.0137944407528835,0.0183678859744276,1000
sp9,127,species.linf.sp8,1.62036464829241e-05,0.0138566391517499,0.018521622341431,1000
sp9,128,species.linf.sp9,-0.00719924396528183,0.575348485073215,0.597589624024907,1000
sp9,129,species.linf.sp10,-0.00167803893808603,0.0731605167663805,0.0907192503592073,1000
sp9,130,species.linf.sp11,0.000237183660239331,0.0200700265693911,0.0259387361846599,1000
sp9,131,species.linf.sp12,0.00104170823953011,0.0402078076681895,0.0490933338364216,1000
sp9,132,species.linf.sp13,-0.000280860575126548,0.116738673014934,0.136537061982649,1000
sp9,133,species.linf.sp14,0.000168240760321164,0.0136230739762655,0.0179486728706568,1000
sp9,134,species.linf.sp15,3.47839360464486e-05,0.0140202677826073,0.0180797698721309,1000
sp9,135,species.accessibility2fish.sp16,-0.000820350355618334,0.0133396884601107,0.0179825893634577,1000
sp9,136,species.accessibility2fish.sp17,0.000253408149498958,0.0131374854978997,0.0172528019270605,1000
sp9,137,species.accessibility2fish.sp18,-0.000319523553713979,0.0133455140696283,0.0174971621392367,1000
sp9,138,species.accessibility2fish.sp19,0.000457432302737204,0.0135705442876084,0.0180760073937506,1000
sp9,139,species.accessibility2fish.sp20,0.000347284455451485,0.012969922829098,0.0168517172990687,1000
sp9,140,species.accessibility2fish.sp21,-0.000563578645627769,0.0718748707985168,0.125453931728498,1000
sp9,141,species.accessibility2fish.sp22,0.000671614062962277,0.0133860841436228,0.0183462298843497,1000
sp9,142,species.accessibility2fish.sp23,-0.000453379687099917,0.0137191652025432,0.0182591236763672,1000
sp9,143,species.accessibility2fish.sp24,-0.000971707686599419,0.0171345202300162,0.0221345938176002,1000
sp9,144,species.accessibility2fish.sp25,9.39077681586924e-05,0.0133047535373786,0.0173940869051375,1000
sp9,145,species.accessibility2fish.sp26,0.000150056043718609,0.0135612497258323,0.0179093125224741,1000
sp9,146,species.maturity.size.ratio.sp0,0.000476526513199937,0.0179557551061721,0.0263957367494294,1000
sp9,147,species.maturity.size.ratio.sp1,0.000266973531277312,0.0133252889064325,0.0179849120801591,1000
sp9,148,species.maturity.size.ratio.sp2,-3.55704652834726e-05,0.0142697701310207,0.0193575804390108,1000
sp9,149,species.maturity.size.ratio.sp3,0.00156815465955633,0.0149587551548037,0.0202200949868296,1000
sp9,150,species.maturity.size.ratio.sp4,0.00156225633135902,0.0264172533913325,0.0326691849482151,1000
sp9,151,species.maturity.size.ratio.sp5,-0.000454786931188492,0.0132497784770156,0.0179885837272426,1000
sp9,152,species.maturity.size.ratio.sp6,0.000377665907559248,0.0146817184818864,0.0193504878735896,1000
sp9,153,species.maturity.size.ratio.sp7,0.000764123667515667,0.0134484509159871,0.01761973549353,1000
sp9,154,species.maturity.size.ratio.sp8,0.000977333865821296,0.0136933245575381,0.0179818963358022,1000
sp9,155,species.maturity.size.ratio.sp9,0.000581709448181187,0.0162045105330128,0.0211824103464669,1000
sp9,156,species.maturity.size.ratio.sp10,0.000315571109440954,0.0207917767569674,0.0280580294435294,1000
sp9,157,species.maturity.size.ratio.sp11,-0.00106936373463147,0.0338921213995041,0.0404904406121165,1000
sp9,158,species.maturity.size.ratio.sp12,-0.00056969947029252,0.0142968011801477,0.0189968742354855,1000
sp9,159,species.maturity.size.ratio.sp13,-0.00190189349484725,0.0750397141746139,0.104567172335727,1000
sp9,160,species.maturity.size.ratio.sp14,3.39959312216433e-05,0.0133389398574969,0.0179322864959973,1000
sp9,161,species.maturity.size.ratio.sp15,0.000262866443951097,0.0135191754841564,0.0178521660483802,1000
sp9,162,predation.predPrey.sizeRatio.teta.sp0.stage1,-6.35867598046059e-05,0.0125594811023925,0.0169317061650556,1000
sp9,163,predation.predPrey.sizeRatio.alpha.sp0.stage1,0.000492051552554072,0.0148788411332604,0.0194541182829683,1000
sp9,164,predation.predPrey.sizeRatio.teta.sp1.stage1,-0.000623604335257507,0.0132187494070466,0.0176599418220745,1000
sp9,165,predation.predPrey.sizeRatio.alpha.sp1.stage1,-0.000734287604873777,0.0132741805585088,0.0175873448807634,1000
sp9,166,predation.predPrey.sizeRatio.teta.sp2.stage1,-0.000406067013038842,0.0139041121430995,0.018521134710645,1000
sp9,167,predation.predPrey.sizeRatio.alpha.sp2.stage1,-0.000792095375122,0.0214201957487259,0.0290990756967155,1000
sp9,168,predation.predPrey.sizeRatio.teta.sp3.stage1,0.000995069531086531,0.0146129191390138,0.019543379889788,1000
sp9,169,predation.predPrey.sizeRatio.alpha.sp3.stage1,-0.00030845975967132,0.0291973355861425,0.0383836277109643,1000
sp9,170,predation.predPrey.sizeRatio.teta.sp4.stage1,-0.000299797946191928,0.014676951100905,0.0190098859827107,1000
sp9,171,predation.predPrey.sizeRatio.alpha.sp4.stage1,0.00278870887682085,0.0294743614001292,0.0413513280087989,1000
sp9,172,predation.predPrey.sizeRatio.teta.sp5.stage1,-0.000505338477741826,0.0135269860759516,0.0180527789505387,1000
sp9,173,predation.predPrey.sizeRatio.teta.sp5.stage2,-0.000973576231415479,0.0194170861008715,0.0247633341379436,1000
sp9,174,predation.predPrey.sizeRatio.alpha.sp5.stage1,-0.000100469199249413,0.0136832410300727,0.018113042904652,1000
sp9,175,predation.predPrey.sizeRatio.alpha.sp5.stage2,-0.00105133456876723,0.0155306858127488,0.019972703125069,1000
sp9,176,predation.predPrey.sizeRatio.teta.sp6.stage1,0.000267373883692164,0.0131743963262221,0.0173780065909118,1000
sp9,177,predation.predPrey.sizeRatio.alpha.sp6.stage1,-0.000862893569607541,0.0131025426270405,0.0175176021245008,1000
sp9,178,predation.predPrey.sizeRatio.teta.sp7.stage1,-0.000123326596226632,0.0129280483072557,0.0173499485391807,1000
sp9,179,predation.predPrey.sizeRatio.alpha.sp7.stage1,0.000114857053971643,0.0135416650496416,0.017652395509401,1000
sp9,180,predation.predPrey.sizeRatio.teta.sp8.stage1,-0.000682892042993117,0.0134391826738101,0.0178916067953758,1000
sp9,181,predation.predPrey.sizeRatio.alpha.sp8.stage1,-9.44812489180578e-05,0.0140729026746871,0.018525479749968,1000
sp9,182,predation.predPrey.sizeRatio.teta.sp9.stage1,-0.0011065128063458,0.0165480931952846,0.021758950428542,1000
sp9,183,predation.predPrey.sizeRatio.alpha.sp9.stage1,0.00678422055222491,0.208502100713471,0.229366241525105,1000
sp9,184,predation.predPrey.sizeRatio.teta.sp10.stage1,0.000411707841619272,0.0135122667278082,0.0181233167772038,1000
sp9,185,predation.predPrey.sizeRatio.alpha.sp10.stage1,-0.000229007389369842,0.0169905276084936,0.0234502324100428,1000
sp9,186,predation.predPrey.sizeRatio.teta.sp11.stage1,-0.00119780935145063,0.0136394934013944,0.0180519498605439,1000
sp9,187,predation.predPrey.sizeRatio.alpha.sp11.stage1,-0.000443745851314126,0.0157185429705528,0.0202686865517164,1000
sp9,188,predation.predPrey.sizeRatio.teta.sp12.stage1,0.000240446179065767,0.0261171823757193,0.0319666224612201,1000
sp9,189,predation.predPrey.sizeRatio.alpha.sp12.stage1,0.000834489199629868,0.0255372461239296,0.0313851897073193,1000
sp9,190,predation.predPrey.sizeRatio.teta.sp13.stage1,-1.00897963236215e-05,0.013405198128072,0.0180221051705594,1000
sp9,191,predation.predPrey.sizeRatio.alpha.sp13.stage1,-0.0057822593780579,0.0855117881348231,0.0991418201624847,1000
sp9,192,predation.predPrey.sizeRatio.teta.sp14.stage1,-0.00021203689087985,0.0133446081559371,0.0173880609956993,1000
sp9,193,predation.predPrey.sizeRatio.alpha.sp14.stage1,-0.00126041698035738,0.013380021830765,0.0178206806480051,1000
sp9,194,predation.predPrey.sizeRatio.teta.sp15.stage1,0.000968618816262124,0.0132917752418734,0.0178295460012612,1000
sp9,195,predation.predPrey.sizeRatio.alpha.sp15.stage1,-0.000253767179748623,0.0139456178399675,0.0180664889732181,1000
sp10,1,mortality.additional.rate.sp0,0.00206026742585529,0.0372185398170857,0.0527049212330892,1000
sp10,2,mortality.additional.rate.sp1,-0.000594092711443294,0.0388217317076505,0.0552371303269718,1000
sp10,3,mortality.additional.rate.sp2,-0.00117319815900411,0.0388092287460979,0.0564943031197277,1000
sp10,4,mortality.additional.rate.sp3,0.00185795980603,0.041279866336889,0.0599063602038674,1000
sp10,5,mortality.additional.rate.sp4,-0.0018317710107752,0.0369614489189583,0.0533939544161133,1000
sp10,6,mortality.additional.rate.sp5,0.00193770039635996,0.0399565323211068,0.0565076987315543,1000
sp10,7,mortality.additional.rate.sp6,0.00353507186166981,0.0376430885481916,0.0542157194014148,1000
sp10,8,mortality.additional.rate.sp7,0.00338619733720976,0.035971602897299,0.0516553128509577,1000
sp10,9,mortality.additional.rate.sp8,-0.000672666295681343,0.037543764383841,0.054291750636057,1000
sp10,10,mortality.additional.rate.sp9,0.000362364221124842,0.0380662317863301,0.0560845451481333,1000
sp10,11,mortality.additional.rate.sp10,-0.00351183864830694,0.0390591503567392,0.0574409244495158,1000
sp10,12,mortality.additional.rate.sp11,0.000406887970718605,0.0370424457548511,0.0534105774084709,1000
sp10,13,mortality.additional.rate.sp12,-0.00242280045449615,0.0377398765024125,0.0562065017787361,1000
sp10,14,mortality.additional.rate.sp13,-0.00370281264125749,0.0409101164899056,0.0577550963365172,1000
sp10,15,mortality.additional.rate.sp14,-0.00109902340873427,0.0373979462049082,0.0539700758694932,1000
sp10,16,mortality.additional.rate.sp15,0.00058253681608766,0.0381614094142082,0.0538363315590609,1000
sp10,17,fisheries.rate.base.fsh0,0.004500477479414,0.0598441580136928,0.0872919039288847,1000
sp10,18,fisheries.rate.base.fsh1,0.00298207980644402,0.0998999420532238,0.157414564791003,1000
sp10,19,fisheries.rate.base.fsh2,-0.0015196012931131,0.0381289366783068,0.0557710671004304,1000
sp10,20,fisheries.rate.base.fsh3,0.00143351698298841,0.0377443771211258,0.0554666362664492,1000
sp10,21,species.catchability.fsh0.sp0,0.00388967988345125,0.0386893708837868,0.0563055553127857,1000
sp10,22,species.catchability.fsh0.sp1,-0.000417360282487433,0.0385044263234465,0.0552213493512543,1000
sp10,23,species.catchability.fsh0.sp2,-0.00278197687381127,0.0391629525289987,0.0573255870453142,1000
sp10,24,species.catchability.fsh0.sp3,0.000883008888147805,0.0409749430941602,0.0598141993683567,1000
sp10,25,species.catchability.fsh0.sp5,-0.00136937683811964,0.0375323685749527,0.0545673741243077,1000
sp10,26,species.catchability.fsh0.sp7,-0.0022421612425007,0.0371392359947545,0.0542268725353431,1000
sp10,27,species.catchability.fsh0.sp8,0.000473262201396062,0.0370161439922497,0.0540855439934344,1000
sp10,28,species.catchability.fsh0.sp9,0.000634962047154557,0.0367085447513835,0.0504613360251731,1000
sp10,29,species.catchability.fsh0.sp10,-0.00332300315195659,0.0596271518648663,0.0851327520986593,1000
sp10,30,species.catchability.fsh0.sp13,0.00344582425776277,0.036565134155026,0.0528787533531105,1000
sp10,31,species.catchability.fsh0.sp14,0.0025196230945279,0.0400378919219964,0.0575437143961636,1000
sp10,32,species.catchability.fsh0.sp15,0.0012963982076312,0.0399348782464782,0.0577686350496282,1000
sp10,33,species.catchability.fsh1.sp9,-0.00120603410117314,0.0406864268736015,0.0576103564938727,1000
sp10,34,species.catchability.fsh1.sp10,0.000671121045572374,0.0817538345273558,0.118366045664225,1000
sp10,35,species.catchability.fsh1.sp11,-0.00183930756098238,0.0387913149792685,0.0558579372240008,1000
sp10,36,species.catchability.fsh1.sp12,-0.0001314665673478,0.040514375089708,0.0597155809742647,1000
sp10,37,species.catchability.fsh2.sp0,0.000209014470723184,0.0385195306306699,0.055302337625897,1000
sp10,38,species.catchability.fsh2.sp5,0.00105878652135878,0.038323999287818,0.0547265954651329,1000
sp10,39,species.catchability.fsh2.sp7,0.000403661323798365,0.037372579333091,0.0545909085842999,1000
sp10,40,species.catchability.fsh2.sp8,0.000700536436925336,0.0396511203081048,0.0567204523120436,1000
sp10,41,species.catchability.fsh3.sp0,0.0010155073693912,0.0364127454031605,0.0529840850839997,1000
sp10,42,species.catchability.fsh3.sp1,0.00148370974888501,0.0382165008710419,0.054834678639611,1000
sp10,43,species.catchability.fsh3.sp2,0.00143925726360091,0.0385767601848509,0.0564469420083556,1000
sp10,44,species.catchability.fsh3.sp3,0.000464861056663458,0.0407747774872938,0.0585414233094188,1000
sp10,45,species.catchability.fsh3.sp5,0.000541619479580241,0.0373695053517234,0.0549270279685531,1000
sp10,46,species.catchability.fsh3.sp7,0.000893037349157405,0.0367844635722094,0.0537892437592344,1000
sp10,47,species.catchability.fsh3.sp8,-0.000704711121184297,0.0371871003356752,0.0538089112477828,1000
sp10,48,species.catchability.fsh3.sp9,-0.000392697590444147,0.0366590955050697,0.0526899692006249,1000
sp10,49,species.catchability.fsh3.sp10,-0.0020341899735733,0.0385903694544617,0.0572870654660854,1000
sp10,50,species.catchability.fsh3.sp11,-0.00153631777879368,0.0378254067640382,0.0556429585276586,1000
sp10,51,species.catchability.fsh3.sp12,0.000671185583985298,0.0399308567535505,0.0573971676576417,1000
sp10,52,species.catchability.fsh3.sp13,0.00130255166571091,0.0374046182374917,0.0530966998244831,1000
sp10,53,species.catchability.fsh3.sp14,0.00227385328400087,0.0360104354774725,0.0523513415229234,1000
sp10,54,species.catchability.fsh3.sp15,-0.00239526478015741,0.0375013526054048,0.0544418735974215,1000
sp10,55,species.length2weight.condition.factor.sp0,-0.000881558933500067,0.0393892311798252,0.0580810892638568,1000
sp10,56,species.length2weight.condition.factor.sp1,0.00163040370124,0.0395226335419252,0.0570632070079821,1000
sp10,57,species.length2weight.condition.factor.sp2,-0.00257470462564116,0.0450081700369849,0.0654059156768256,1000
sp10,58,species.length2weight.condition.factor.sp3,-0.00180804896782264,0.0458300593107524,0.0681742668475572,1000
sp10,59,species.length2weight.condition.factor.sp4,-0.000932915197489174,0.0447232566002961,0.0665865538145877,1000
sp10,60,species.length2weight.condition.factor.sp5,-0.00198180497219411,0.0384793415631166,0.0549547744920756,1000
sp10,61,species.length2weight.condition.factor.sp6,0.00260014916457664,0.0385956953800365,0.0561538494658803,1000
sp10,62,species.length2weight.condition.factor.sp7,-0.00232353020954933,0.0363324070346331,0.0523069852165644,1000
sp10,63,species.length2weight.condition.factor.sp8,0.000742434750955639,0.0391508458988774,0.0552931777002317,1000
sp10,64,species.length2weight.condition.factor.sp9,0.00152774251043035,0.0469940910089308,0.0664997668300941,1000
sp10,65,species.length2weight.condition.factor.sp10,0.00555926168896306,0.102923589101797,0.138151005764671,1000
sp10,66,species.length2weight.condition.factor.sp11,0.00128230943922023,0.0390772136311018,0.055001054170062,1000
sp10,67,species.length2weight.condition.factor.sp12,-0.00219373107521147,0.038619156777517,0.0559443046717393,1000
sp10,68,species.length2weight.condition.factor.sp13,-0.000391787541995159,0.0383762304974271,0.0550000133264569,1000
sp10,69,species.length2weight.condition.factor.sp14,0.00186748632818024,0.0378667057974107,0.0542874942244264,1000
sp10,70,species.length2weight.condition.factor.sp15,0.00214501881763151,0.038397377914786,0.0557627947481295,1000
sp10,71,species.k.sp0,0.000420946250790055,0.0505450753587769,0.082347248366989,1000
sp10,72,species.k.sp1,0.00151261307711206,0.0387458267995854,0.0546491285597098,1000
sp10,73,species.k.sp2,0.00200760985277716,0.073718505534232,0.112000816812238,1000
sp10,74,species.k.sp3,-0.00108669409965752,0.0658456394295305,0.10871355720528,1000
sp10,75,species.k.sp4,-0.00255460228562869,0.0498716701523354,0.0731392032319709,1000
sp10,76,species.k.sp5,-0.0008029069176985,0.0387143314041553,0.0562939486839771,1000
sp10,77,species.k.sp6,0.000868938748102967,0.037492811602895,0.0544085931765517,1000
sp10,78,species.k.sp7,0.00415352832116826,0.0386024706537718,0.0556696049743726,1000
sp10,79,species.k.sp8,-0.00312918387436185,0.0372935818333653,0.0527416956065973,1000
sp10,80,species.k.sp9,-0.0101422732271493,0.172314854328698,0.215969493810806,1000
sp10,81,species.k.sp10,0.0188608407826667,0.403910786390549,0.482323005544473,1000
sp10,82,species.k.sp11,-0.000382784995883546,0.0618765583590246,0.0864567088614815,1000
sp10,83,species.k.sp12,-0.00154365759389842,0.0377786574566177,0.0562457959336936,1000
sp10,84,species.k.sp13,0.00522819660072653,0.130621698213166,0.20825170834613,1000
sp10,85,species.k.sp14,-0.00103252553893052,0.0375179796215645,0.054032130919083,1000
sp10,86,species.k.sp15,-0.000901771778787512,0.0374204996924499,0.0540713698168918,1000
sp10,87,species.l0.sp0,-0.000890020206238841,0.0392825424539314,0.0574554968245601,1000
sp10,88,species.l0.sp1,-0.000288559169402805,0.0409785341469702,0.0602352527272332,1000
sp10,89,species.l0.sp2,-0.00524541316113456,0.0743211548549454,0.110868007562795,1000
sp10,90,species.l0.sp3,0.000788308012066886,0.0414879581170108,0.0622476559047889,1000
sp10,91,species.l0.sp4,0.00289073380396521,0.0488696094512343,0.0714855652135692,1000
sp10,92,species.l0.sp5,-0.000376021987119937,0.0363694804325728,0.0529128906860401,1000
sp10,93,species.l0.sp6,0.00168515259422958,0.0394822699945258,0.0569654291807586,1000
sp10,94,species.l0.sp7,-0.00107026386337208,0.0354877217529179,0.0501433745227669,1000
sp10,95,species.l0.sp8,0.00124909482036809,0.036784510869945,0.0529477326158402,1000
sp10,96,species.l0.sp9,-9.81668073171352e-05,0.124518409291479,0.168115394677591,1000
sp10,97,species.l0.sp10,0.00701956952677591,0.568871581841636,0.691702050931258,1000
sp10,98,species.l0.sp11,-0.00234810709388681,0.045466091427636,0.0641381506546447,1000
sp10,99,species.l0.sp12,0.00054028454510767,0.0411744956405018,0.0585275945685314,1000
sp10,100,species.l0.sp13,0.00144977261168012,0.035786085920061,0.0507061407138502,1000
sp10,101,species.l0.sp14,-0.0003063545198178,0.0377166653024947,0.0547117346729039,1000
sp10,102,species.l0.sp15,0.00226993596572757,0.0386997484145025,0.05577753754064,1000
sp10,103,mortality.additional.larva.rate.sp0,0.00282875699902239,0.0569323719305011,0.0909404183746192,1000
sp10,104,mortality.additional.larva.rate.sp1,-0.000705789723813799,0.0408412627201162,0.0586727732205098,1000
sp10,105,mortality.additional.larva.rate.sp2,0.00446178383214846,0.225270973367982,0.335994220654516,1000
sp10,106,mortality.additional.larva.rate.sp3,0.0179311385789211,0.141398054837497,0.240104480758399,1000
sp10,107,mortality.additional.larva.rate.sp4,-0.00340687461761417,0.0374625456464079,0.0547491031152409,1000
sp10,108,mortality.additional.larva.rate.sp5,-0.000887756824683732,0.0386463667734122,0.0563761847119441,1000
sp10,109,mortality.additional.larva.rate.sp6,0.00174527496954571,0.0375474752713476,0.0559614821829389,1000
sp10,110,mortality.additional.larva.rate.sp9,0.0103764730622393,0.205189264657397,0.279115555667361,1000
sp10,111,mortality.additional.larva.rate.sp10,-0.00770710797880772,0.751987121150358,0.902567958548618,1000
sp10,112,mortality.additional.larva.rate.sp11,0.004035760117219,0.0394421574871932,0.0570917510399115,1000
sp10,113,mortality.additional.larva.rate.sp12,0.00394934698317185,0.0686022716120099,0.0981288925386494,1000
sp10,114,mortality.additional.larva.rate.sp13,0.00041972474316975,0.0391514337131243,0.0565842725384163,1000
sp10,115,mortality.additional.larva.rate.sp14,0.00174925417791643,0.0367407252375181,0.054841709643594,1000
sp10,116,mortality.additional.larva.rate.sp15,-0.000148248799248513,0.0382779559317091,0.0552524334051826,1000
sp10,117,mortality.additional.larva.rate.mean.sp7,0.00125574397025171,0.037346178250099,0.053646883768959,1000
sp10,118,mortality.additional.larva.rate.mean.sp8,0.000365707405266158,0.0375699680094872,0.0534871830405183,1000
sp10,119,species.linf.sp0,-0.00507994456902633,0.0579169927515293,0.0998046347717092,1000
sp10,120,species.linf.sp1,-0.00207118153404147,0.0463274649063275,0.0673941748970536,1000
sp10,121,species.linf.sp2,0.00749329910607405,0.198361399454547,0.297802191249109,1000
sp10,122,species.linf.sp3,-0.00322413086725492,0.128626522891616,0.206256263338323,1000
sp10,123,species.linf.sp4,-0.00457501506914889,0.100201950196762,0.142227229009666,1000
sp10,124,species.linf.sp5,-0.000337328245817833,0.0624620284241186,0.0855717687855984,1000
sp10,125,species.linf.sp6,0.00183747637487834,0.0394954942393979,0.0565350812200656,1000
sp10,126,species.linf.sp7,-0.00112813001225583,0.0390427704486461,0.0560364768214845,1000
sp10,127,species.linf.sp8,-0.00164298942887836,0.0371406595069964,0.0535784406547377,1000
sp10,128,species.linf.sp9,0.00985032149246016,0.454787480814015,0.553918434823969,1000
sp10,129,species.linf.sp10,0.0342068100886246,1.45693342378459,1.64636543329444,1000
sp10,130,species.linf.sp11,0.000644557745430764,0.0690375682501773,0.0967262781453891,1000
sp10,131,species.linf.sp12,0.00943904925403304,0.0987353187469104,0.146177199957641,1000
sp10,132,species.linf.sp13,-0.000660699815921872,0.10096921159355,0.146738840131071,1000
sp10,133,species.linf.sp14,-0.00191559064552711,0.0377948492013208,0.0524368599107797,1000
sp10,134,species.linf.sp15,-0.0010277122267909,0.0402179755716618,0.0590180498782154,1000
sp10,135,species.accessibility2fish.sp16,0.00217806918677298,0.0367869229572692,0.0526482354847858,1000
sp10,136,species.accessibility2fish.sp17,0.00100758412391879,0.0379919445920276,0.0562914140329873,1000
sp10,137,species.accessibility2fish.sp18,0.000333006288804042,0.0391067141914576,0.0575658967489479,1000
sp10,138,species.accessibility2fish.sp19,-0.00084038666422718,0.0397813942652527,0.0586069795136814,1000
sp10,139,species.accessibility2fish.sp20,-0.000462785492550934,0.0376819203907572,0.05528217932468,1000
sp10,140,species.accessibility2fish.sp21,0.00493764567114299,0.127902689344823,0.237707557452379,1000
sp10,141,species.accessibility2fish.sp22,-0.0013007048947628,0.0357725687176493,0.0515618604852187,1000
sp10,142,species.accessibility2fish.sp23,0.000375718472484907,0.0383174294031129,0.0558489628265586,1000
sp10,143,species.accessibility2fish.sp24,0.0019359816073347,0.0466437989429395,0.0674836234853452,1000
sp10,144,species.accessibility2fish.sp25,-0.00013160096182771,0.0351123688290529,0.0508945315218486,1000
sp10,145,species.accessibility2fish.sp26,-0.00162224577787941,0.0362298239189307,0.0525444626736728,1000
sp10,146,species.maturity.size.ratio.sp0,0.00107047757727755,0.0548547948338143,0.0919126653224897,1000
sp10,147,species.maturity.size.ratio.sp1,-0.000666437312810895,0.0383561051098441,0.0544145556273268,1000
sp10,148,species.maturity.size.ratio.sp2,0.00221512916202396,0.0401257903141051,0.0576600649026215,1000
sp10,149,species.maturity.size.ratio.sp3,0.00182779670477091,0.0396411815776341,0.0578819000040121,1000
sp10,150,species.maturity.size.ratio.sp4,0.00209313262713806,0.0494444582683392,0.0756073134704361,1000
sp10,151,species.maturity.size.ratio.sp5,-0.00168302965579218,0.0363886052452038,0.0530562913655447,1000
sp10,152,species.maturity.size.ratio.sp6,0.00140618230521248,0.0380855380198078,0.0546686110499647,1000
sp10,153,species.maturity.size.ratio.sp7,0.00144509776471112,0.0352688400979807,0.0510814101550865,1000
sp10,154,species.maturity.size.ratio.sp8,-0.00359416381896199,0.0378191211609168,0.052723614049145,1000
sp10,155,species.maturity.size.ratio.sp9,0.00074911497794168,0.0410740554830981,0.0594288892871353,1000
sp10,156,species.maturity.size.ratio.sp10,-0.00396599542630914,0.140618849389329,0.196539410226781,1000
sp10,157,species.maturity.size.ratio.sp11,-0.00937388095548561,0.114553804468332,0.150996511564432,1000
sp10,158,species.maturity.size.ratio.sp12,0.000831805395122256,0.0426088251433688,0.0622281169509412,1000
sp10,159,species.maturity.size.ratio.sp13,-0.00509240866562752,0.167880701112149,0.2624104164554,1000
sp10,160,species.maturity.size.ratio.sp14,0.00251094351167722,0.0380744110185571,0.0550299743979442,1000
sp10,161,species.maturity.size.ratio.sp15,-1.13085864303866e-05,0.0390677017063847,0.0568275205890185,1000
sp10,162,predation.predPrey.sizeRatio.teta.sp0.stage1,-0.000814318329409568,0.0367943477599418,0.0533272566389877,1000
sp10,163,predation.predPrey.sizeRatio.alpha.sp0.stage1,-0.00306235558370245,0.0423073289322753,0.0600847767993291,1000
sp10,164,predation.predPrey.sizeRatio.teta.sp1.stage1,-0.000894676466420381,0.0394295027203323,0.0573793166947731,1000
sp10,165,predation.predPrey.sizeRatio.alpha.sp1.stage1,-0.00234636965890357,0.0393195731886358,0.0583203793924863,1000
sp10,166,predation.predPrey.sizeRatio.teta.sp2.stage1,0.000559868654769303,0.0406594869252036,0.05990440413419,1000
sp10,167,predation.predPrey.sizeRatio.alpha.sp2.stage1,-0.000677104911187575,0.0530278980454283,0.0826279666151136,1000
sp10,168,predation.predPrey.sizeRatio.teta.sp3.stage1,-0.00467197959608669,0.0401931615223249,0.0577209147452531,1000
sp10,169,predation.predPrey.sizeRatio.alpha.sp3.stage1,-0.0032491865788854,0.0887226109586266,0.126632424545686,1000
sp10,170,predation.predPrey.sizeRatio.teta.sp4.stage1,0.00145192489205944,0.0397998159288371,0.0570027028530181,1000
sp10,171,predation.predPrey.sizeRatio.alpha.sp4.stage1,0.00445800597404664,0.0547640009451623,0.0873765468301952,1000
sp10,172,predation.predPrey.sizeRatio.teta.sp5.stage1,-0.000232649348152463,0.0378409683842951,0.0543543945921057,1000
sp10,173,predation.predPrey.sizeRatio.teta.sp5.stage2,-0.00143898565064518,0.0517073175174673,0.071755999136851,1000
sp10,174,predation.predPrey.sizeRatio.alpha.sp5.stage1,-0.00121108419488745,0.0392871214012944,0.0569991330170776,1000
sp10,175,predation.predPrey.sizeRatio.alpha.sp5.stage2,-0.0019239650707019,0.0414381194404752,0.0596024860620418,1000
sp10,176,predation.predPrey.sizeRatio.teta.sp6.stage1,0.00216178148719326,0.0400059967861661,0.0579688435595544,1000
sp10,177,predation.predPrey.sizeRatio.alpha.sp6.stage1,0.00276844577104911,0.0384779282383434,0.0564690984189718,1000
sp10,178,predation.predPrey.sizeRatio.teta.sp7.stage1,0.000706628968837925,0.0362115962298228,0.0520810995873925,1000
sp10,179,predation.predPrey.sizeRatio.alpha.sp7.stage1,0.000971971533646287,0.0359183699651492,0.0531632022782487,1000
sp10,180,predation.predPrey.sizeRatio.teta.sp8.stage1,-0.00071482491115489,0.0381915159876835,0.0551069978766325,1000
sp10,181,predation.predPrey.sizeRatio.alpha.sp8.stage1,0.000328284653888521,0.0376162935687251,0.0545152628796287,1000
sp10,182,predation.predPrey.sizeRatio.teta.sp9.stage1,-0.000135574917199643,0.0411360783125031,0.0587403154384217,1000
sp10,183,predation.predPrey.sizeRatio.alpha.sp9.stage1,-0.00843650132001311,0.151395977704951,0.191685358382159,1000
sp10,184,predation.predPrey.sizeRatio.teta.sp10.stage1,-0.00040781306369913,0.0407039174938887,0.0592327833797866,1000
sp10,185,predation.predPrey.sizeRatio.alpha.sp10.stage1,-0.00451614522230997,0.329568869439318,0.432004482846152,1000
sp10,186,predation.predPrey.sizeRatio.teta.sp11.stage1,-0.000867768130697619,0.036485380210409,0.0540192945134521,1000
sp10,187,predation.predPrey.sizeRatio.alpha.sp11.stage1,-0.0021895021458849,0.0417096278301267,0.0583795386858001,1000
sp10,188,predation.predPrey.sizeRatio.teta.sp12.stage1,-0.00219784082477408,0.0597035004936854,0.0829353817233618,1000
sp10,189,predation.predPrey.sizeRatio.alpha.sp12.stage1,0.000911945532721364,0.0733556978157197,0.0998398470426172,1000
sp10,190,predation.predPrey.sizeRatio.teta.sp13.stage1,0.00043915487902838,0.0377655193414481,0.0533880756324449,1000
sp10,191,predation.predPrey.sizeRatio.alpha.sp13.stage1,-0.00316091958245796,0.0612120484427263,0.0922641942537939,1000
sp10,192,predation.predPrey.sizeRatio.teta.sp14.stage1,-0.000468546087753922,0.0378298492182264,0.0558383644490823,1000
sp10,193,predation.predPrey.sizeRatio.alpha.sp14.stage1,0.000884264907806119,0.0369554203064719,0.0538686609876037,1000
sp10,194,predation.predPrey.sizeRatio.teta.sp15.stage1,-0.000803321144243985,0.0373385246872909,0.0541882061015525,1000
sp10,195,predation.predPrey.sizeRatio.alpha.sp15.stage1,-0.00114391571273178,0.0374888543169064,0.0530293240542543,1000
sp11,1,mortality.additional.rate.sp0,0.00634052814953364,0.032298225376381,0.11128398742784,1000
sp11,2,mortality.additional.rate.sp1,0.00356685163940082,0.0294772298600259,0.0627710055991206,1000
sp11,3,mortality.additional.rate.sp2,0.000857678293787036,0.0271182728840011,0.0475540196199306,1000
sp11,4,mortality.additional.rate.sp3,0.00209545897993692,0.0275562791351147,0.0507785266618097,1000
sp11,5,mortality.additional.rate.sp4,0.000689238058329141,0.0281176963716117,0.0559652395588952,1000
sp11,6,mortality.additional.rate.sp5,-0.00464771620538309,0.0304658124263282,0.0699164408863427,1000
sp11,7,mortality.additional.rate.sp6,-0.00128240175235116,0.0279001704342882,0.0485708647239975,1000
sp11,8,mortality.additional.rate.sp7,0.000118259069915478,0.0303604137193024,0.067178271267717,1000
sp11,9,mortality.additional.rate.sp8,-0.000720412902383282,0.0279310916277462,0.0577473915068893,1000
sp11,10,mortality.additional.rate.sp9,0.00202304012152728,0.0299984595925179,0.0578987236273251,1000
sp11,11,mortality.additional.rate.sp10,0.00062981728961392,0.0278852046320639,0.0504537862675385,1000
sp11,12,mortality.additional.rate.sp11,0.00249252518948417,0.0285407970525289,0.0631489849930005,1000
sp11,13,mortality.additional.rate.sp12,0.00131226684996052,0.0288182709947012,0.0572155777956705,1000
sp11,14,mortality.additional.rate.sp13,6.05117503421655e-05,0.0283351669609515,0.0616134027054037,1000
sp11,15,mortality.additional.rate.sp14,-0.000385222211985722,0.0324627323293253,0.0727251461469557,1000
sp11,16,mortality.additional.rate.sp15,-0.00298021421426351,0.0295319977666438,0.0591660410077594,1000
sp11,17,fisheries.rate.base.fsh0,0.00150715161414873,0.0300935741285603,0.0571689958721468,1000
sp11,18,fisheries.rate.base.fsh1,0.0154142919994856,0.286030285766022,0.393017689220748,1000
sp11,19,fisheries.rate.base.fsh2,-0.000458954282049967,0.0277957156193233,0.0567312921791951,1000
sp11,20,fisheries.rate.base.fsh3,0.000323051467562749,0.0312830277701833,0.0718194672186712,1000
sp11,21,species.catchability.fsh0.sp0,-0.000507179845833966,0.0266650254893747,0.0468427129298462,1000
sp11,22,species.catchability.fsh0.sp1,4.05005142223014e-05,0.0286228268687774,0.0491163827169279,1000
sp11,23,species.catchability.fsh0.sp2,-0.00437623554709819,0.0295115627857271,0.0740746778462039,1000
sp11,24,species.catchability.fsh0.sp3,-0.000304448076079766,0.0331014435529771,0.0665961274201666,1000
sp11,25,species.catchability.fsh0.sp5,-0.00168378852674596,0.0282705867359233,0.0593871774490189,1000
sp11,26,species.catchability.fsh0.sp7,-0.000449958047493574,0.0281501079611891,0.0526924308786361,1000
sp11,27,species.catchability.fsh0.sp8,-0.00425974149743484,0.0305069220503618,0.080331325346112,1000
sp11,28,species.catchability.fsh0.sp9,0.00248167153216016,0.0282827830783161,0.0521142825780416,1000
sp11,29,species.catchability.fsh0.sp10,-0.000192285484293276,0.0310644970993305,0.0565235894885145,1000
sp11,30,species.catchability.fsh0.sp13,-0.000432373833397902,0.0302415976800398,0.06988189813027,1000
sp11,31,species.catchability.fsh0.sp14,0.00264355458707495,0.0294684618059848,0.0593787044778918,1000
sp11,32,species.catchability.fsh0.sp15,-0.000995814257280063,0.0288216175164444,0.0599141508971017,1000
sp11,33,species.catchability.fsh1.sp9,-0.000190364120389769,0.0302813956593559,0.0704400659096974,1000
sp11,34,species.catchability.fsh1.sp10,-0.00338889052704094,0.0308710089911787,0.0786369026376637,1000
sp11,35,species.catchability.fsh1.sp11,0.00236772048509345,0.267633418476756,0.365335151354582,1000
sp11,36,species.catchability.fsh1.sp12,-0.000785555867162987,0.0286390672335613,0.0565644366135084,1000
sp11,37,species.catchability.fsh2.sp0,-0.000353727225880473,0.0304397459639516,0.0793266505760806,1000
sp11,38,species.catchability.fsh2.sp5,0.000457427809663076,0.0276417824912706,0.0464725739562113,1000
sp11,39,species.catchability.fsh2.sp7,0.000819529120875366,0.0276304298484649,0.0494780340725895,1000
sp11,40,species.catchability.fsh2.sp8,-0.00373780258186393,0.0291030379035213,0.061914928486228,1000
sp11,41,species.catchability.fsh3.sp0,-0.00111584990056896,0.0265082040647583,0.0507330787827384,1000
sp11,42,species.catchability.fsh3.sp1,0.000555209205358718,0.0308425547149592,0.0587693774689346,1000
sp11,43,species.catchability.fsh3.sp2,0.00351692332268444,0.0290801202334491,0.0670671649113768,1000
sp11,44,species.catchability.fsh3.sp3,-0.00112272216155182,0.0301527035539741,0.0732817444552704,1000
sp11,45,species.catchability.fsh3.sp5,0.00140091659666988,0.0308257429651058,0.0645727485365132,1000
sp11,46,species.catchability.fsh3.sp7,-0.00240936884720132,0.0298711719878563,0.0598482084526558,1000
sp11,47,species.catchability.fsh3.sp8,0.00349874806997178,0.0316587062819663,0.0848742722049204,1000
sp11,48,species.catchability.fsh3.sp9,-0.00210940194531559,0.0302029147476186,0.0744717166730672,1000
sp11,49,species.catchability.fsh3.sp10,0.0023376096249871,0.02837151044308,0.0603305965154499,1000
sp11,50,species.catchability.fsh3.sp11,-0.00114330569426976,0.0300559360789989,0.0557943757991845,1000
sp11,51,species.catchability.fsh3.sp12,0.00111944169305112,0.0307450188159902,0.0604773702576415,1000
sp11,52,species.catchability.fsh3.sp13,0.00281248914026646,0.0296919199537905,0.0598364746367519,1000
sp11,53,species.catchability.fsh3.sp14,-0.000413904831707665,0.029326046168409,0.0521303967279091,1000
sp11,54,species.catchability.fsh3.sp15,-0.000117753247968916,0.0268712335800827,0.0480310962266405,1000
sp11,55,species.length2weight.condition.factor.sp0,-0.00076237698783913,0.0284076094833758,0.0538483141555378,1000
sp11,56,species.length2weight.condition.factor.sp1,0.00212173577677613,0.0305676470797367,0.0685813499012966,1000
sp11,57,species.length2weight.condition.factor.sp2,0.00311576345565197,0.0288755339953716,0.0664403780663343,1000
sp11,58,species.length2weight.condition.factor.sp3,-0.00163317325788262,0.0293533837929353,0.0615443818180267,1000
sp11,59,species.length2weight.condition.factor.sp4,0.000598195230572466,0.0276739354707604,0.0481078385948774,1000
sp11,60,species.length2weight.condition.factor.sp5,-0.00111411167974897,0.029961639517559,0.0649350518864069,1000
sp11,61,species.length2weight.condition.factor.sp6,0.00398375788677232,0.0309120243895322,0.0675643436833124,1000
sp11,62,species.length2weight.condition.factor.sp7,0.00229538881923428,0.0311177024976618,0.0747708304295448,1000
sp11,63,species.length2weight.condition.factor.sp8,0.00188766257484927,0.0274062832340359,0.0656799692666759,1000
sp11,64,species.length2weight.condition.factor.sp9,-0.00101356000078911,0.0300594403688283,0.0617130258164268,1000
sp11,65,species.length2weight.condition.factor.sp10,-0.000352316891306617,0.0306418357436874,0.0585164179709185,1000
sp11,66,species.length2weight.condition.factor.sp11,-0.00624167835956441,0.170747906364178,0.283926094558518,1000
sp11,67,species.length2weight.condition.factor.sp12,-0.0029170376545006,0.0289597708921857,0.0601632433772974,1000
sp11,68,species.length2weight.condition.factor.sp13,-0.00200750343400073,0.0311146727768984,0.0586976917444956,1000
sp11,69,species.length2weight.condition.factor.sp14,0.00230982193007713,0.0287480292360105,0.0569378678117904,1000
sp11,70,species.length2weight.condition.factor.sp15,-0.00378925765429915,0.0292369447623799,0.0683506631084976,1000
sp11,71,species.k.sp0,0.000204465100349271,0.0372309601668534,0.0672219484285662,1000
sp11,72,species.k.sp1,-0.000582145431690956,0.0263132687856378,0.0499058909390162,1000
sp11,73,species.k.sp2,5.49369964909203e-05,0.0314198044911337,0.0597292979300666,1000
sp11,74,species.k.sp3,-0.000957248738816422,0.038486150453638,0.0707196139744432,1000
sp11,75,species.k.sp4,0.00220516604018171,0.049079887103867,0.0839141705857712,1000
sp11,76,species.k.sp5,0.000300973579212071,0.0297167659232864,0.0533298240713824,1000
sp11,77,species.k.sp6,-0.000628840258860705,0.02969981059366,0.0713986782654258,1000
sp11,78,species.k.sp7,-3.4173018942804e-06,0.029259864346558,0.0633629605677841,1000
sp11,79,species.k.sp8,-0.00152585898752688,0.0302276530470719,0.057070006366462,1000
sp11,80,species.k.sp9,0.000625309424812496,0.0369558824230381,0.0917582352158245,1000
sp11,81,species.k.sp10,0.000528522575558684,0.0330535106324315,0.0672287877516135,1000
sp11,82,species.k.sp11,0.010882403518896,0.930940323036224,1.39662464131231,1000
sp11,83,species.k.sp12,-0.00540252002501308,0.0345456673068304,0.0751750065351018,1000
sp11,84,species.k.sp13,-0.00106528035600949,0.0456843157292424,0.106816869571696,1000
sp11,85,species.k.sp14,-0.000289233044454102,0.0284757359486636,0.0946218744826607,1000
sp11,86,species.k.sp15,0.000315159003689926,0.0269872213221782,0.0491276614944763,1000
sp11,87,species.l0.sp0,0.00426066157474044,0.0313596699086556,0.0684661051721052,1000
sp11,88,species.l0.sp1,-0.00118395261963647,0.0294758844194863,0.0590043233645819,1000
sp11,89,species.l0.sp2,7.33900979223601e-05,0.0333321022138614,0.0718402097153959,1000
sp11,90,species.l0.sp3,0.000622762916411591,0.0282478892450246,0.0525954601403414,1000
sp11,91,species.l0.sp4,-0.000923078447264721,0.0396304019424301,0.0623697137587956,1000
sp11,92,species.l0.sp5,-0.00247562851231442,0.0291279943367505,0.0530038278598142,1000
sp11,93,species.l0.sp6,-0.00091886728637528,0.0283108701989021,0.0576357495295228,1000
sp11,94,species.l0.sp7,0.00272265100743928,0.0293941423166673,0.0566408610858616,1000
sp11,95,species.l0.sp8,-0.0018912830475015,0.0279255657767438,0.0586550490254783,1000
sp11,96,species.l0.sp9,-0.00213540823428835,0.0347861716264751,0.0619107657595149,1000
sp11,97,species.l0.sp10,-0.000402938825682435,0.0375614351079414,0.0737073501928019,1000
sp11,98,species.l0.sp11,0.0263333354990096,0.708818388754765,1.14328356366724,1000
sp11,99,species.l0.sp12,0.000902856419789065,0.0308970897619035,0.0830507372064845,1000
sp11,100,species.l0.sp13,-0.00258228971471669,0.0256938541003478,0.0415188788481965,1000
sp11,101,species.l0.sp14,-0.00115527805743015,0.0303175249530369,0.0617961215514367,1000
sp11,102,species.l0.sp15,0.00072554001802912,0.0268895895045837,0.0531600196408109,1000
sp11,103,mortality.additional.larva.rate.sp0,-0.00159746936575034,0.0439155073489642,0.078135589565734,1000
sp11,104,mortality.additional.larva.rate.sp1,0.00134127413677942,0.0287946474031636,0.0536573420678681,1000
sp11,105,mortality.additional.larva.rate.sp2,-5.49805069144512e-05,0.0588089902427381,0.105410630641429,1000
sp11,106,mortality.additional.larva.rate.sp3,-0.00233859533239025,0.0626461218526481,0.12317634161035,1000
sp11,107,mortality.additional.larva.rate.sp4,0.000362825493093136,0.0302726541724835,0.0575694624596294,1000
sp11,108,mortality.additional.larva.rate.sp5,-0.00178387177440794,0.0278416319855758,0.0526719893700119,1000
sp11,109,mortality.additional.larva.rate.sp6,0.00138559124408148,0.0301725372773678,0.0627479294450715,1000
sp11,110,mortality.additional.larva.rate.sp9,0.00225273139410175,0.0683682329750707,0.112050910743535,1000
sp11,111,mortality.additional.larva.rate.sp10,-0.00252389198345426,0.049669274462667,0.0929845725867016,1000
sp11,112,mortality.additional.larva.rate.sp11,-0.00212588078906399,0.0287808705766513,0.0624374108266457,1000
sp11,113,mortality.additional.larva.rate.sp12,0.00379970582724181,0.0312365527074316,0.0603775478949729,1000
sp11,114,mortality.additional.larva.rate.sp13,-0.00287142551546063,0.0281362155201294,0.054065124729695,1000
sp11,115,mortality.additional.larva.rate.sp14,-0.000621078152826456,0.028942505853921,0.0568817369653872,1000
sp11,116,mortality.additional.larva.rate.sp15,-0.00330687943152188,0.0318830383536432,0.0707661263112415,1000
sp11,117,mortality.additional.larva.rate.mean.sp7,0.0004770809376421,0.0282783018797898,0.0552487010354608,1000
sp11,118,mortality.additional.larva.rate.mean.sp8,0.0018869714435745,0.0302342123862626,0.0696905753428196,1000
sp11,119,species.linf.sp0,-0.000520116778028212,0.0406579360396124,0.0680421720026261,1000
sp11,120,species.linf.sp1,0.000483867072408067,0.0305768886597038,0.0581646992473478,1000
sp11,121,species.linf.sp2,-0.00223540134974751,0.0517952973360058,0.107426384592465,1000
sp11,122,species.linf.sp3,0.00922619207817187,0.100425258319971,0.151565834845326,1000
sp11,123,species.linf.sp4,-0.00209710888105331,0.112593671401733,0.150483655195533,1000
sp11,124,species.linf.sp5,-0.0011682763441184,0.0324775201565592,0.0673746938701988,1000
sp11,125,species.linf.sp6,-0.00237346461042586,0.0330756474618284,0.0940661801707009,1000
sp11,126,species.linf.sp7,0.0021443134312524,0.0301560539392449,0.0783388643403914,1000
sp11,127,species.linf.sp8,-0.00454305899886333,0.0317656892247667,0.0775266776076436,1000
sp11,128,species.linf.sp9,-0.00173449619407754,0.0765860171717467,0.12514965270816,1000
sp11,129,species.linf.sp10,0.00322159560059159,0.0458905955335537,0.0900818685738146,1000
sp11,130,species.linf.sp11,-0.0492848491768001,1.33752663319737,1.95353923122798,1000
sp11,131,species.linf.sp12,0.000140899979906281,0.0484672049586722,0.085911672552865,1000
sp11,132,species.linf.sp13,0.000220403471710672,0.0488814957654274,0.121050724695901,1000
sp11,133,species.linf.sp14,0.000609689210081856,0.0306929776625521,0.0543316666283466,1000
sp11,134,species.linf.sp15,-0.00106593781825336,0.0301121070030367,0.0645165041156401,1000
sp11,135,species.accessibility2fish.sp16,0.000961044705991734,0.0286416937252204,0.0598309003983048,1000
sp11,136,species.accessibility2fish.sp17,-0.00153179746773703,0.028265331173263,0.0543653547612332,1000
sp11,137,species.accessibility2fish.sp18,0.00138449910709119,0.0298719734700264,0.0649137307285034,1000
sp11,138,species.accessibility2fish.sp19,-0.00173242372670798,0.0585829589771348,0.123883584175118,1000
sp11,139,species.accessibility2fish.sp20,0.00122942931591581,0.0296131027724975,0.0542795632372775,1000
sp11,140,species.accessibility2fish.sp21,0.00459311829744099,0.0832757512568604,0.205755356354753,1000
sp11,141,species.accessibility2fish.sp22,0.000306254265827974,0.0284798993899277,0.0578351750030101,1000
sp11,142,species.accessibility2fish.sp23,0.000132972579969256,0.0315863368016186,0.0727203894883255,1000
sp11,143,species.accessibility2fish.sp24,-0.00129493642036164,0.0324036012814637,0.0856563371614243,1000
sp11,144,species.accessibility2fish.sp25,0.000190509039066548,0.0282319154526847,0.0524718538872845,1000
sp11,145,species.accessibility2fish.sp26,-0.00352372209084635,0.0293171424375982,0.0585653886741298,1000
sp11,146,species.maturity.size.ratio.sp0,0.00312028217646012,0.042835642677879,0.0749325689344035,1000
sp11,147,species.maturity.size.ratio.sp1,-0.000540802816667455,0.0297657667906981,0.0692845969256357,1000
sp11,148,species.maturity.size.ratio.sp2,-0.00701746504111271,0.0270076142744675,0.057437245094044,1000
sp11,149,species.maturity.size.ratio.sp3,0.000642110880678435,0.0294429079869035,0.0562522858453496,1000
sp11,150,species.maturity.size.ratio.sp4,0.00188647315663374,0.0309960390152318,0.0603154053245095,1000
sp11,151,species.maturity.size.ratio.sp5,0.0019091319089981,0.0286501517620715,0.0593215415366465,1000
sp11,152,species.maturity.size.ratio.sp6,0.000511346770700949,0.0273257066802099,0.0510630639251213,1000
sp11,153,species.maturity.size.ratio.sp7,-0.00143025473708415,0.027375016054263,0.0483225370221624,1000
sp11,154,species.maturity.size.ratio.sp8,0.0029411492706137,0.0299116218041423,0.0791813904961976,1000
sp11,155,species.maturity.size.ratio.sp9,0.00153251571934703,0.0306756654242973,0.0713048827012307,1000
sp11,156,species.maturity.size.ratio.sp10,-0.00119614130579613,0.0296972906157977,0.0515180926847205,1000
sp11,157,species.maturity.size.ratio.sp11,0.105953114093098,1.42780173654508,2.11661388024884,1000
sp11,158,species.maturity.size.ratio.sp12,0.000351620645257672,0.0276746708226634,0.0505656777953179,1000
sp11,159,species.maturity.size.ratio.sp13,0.00288331059901811,0.0544514995641858,0.126727201855832,1000
sp11,160,species.maturity.size.ratio.sp14,-0.00250104643675711,0.028048610106885,0.0538581567382408,1000
sp11,161,species.maturity.size.ratio.sp15,0.00148918848465436,0.0298214156810556,0.0587968421978615,1000
sp11,162,predation.predPrey.sizeRatio.teta.sp0.stage1,0.00055136184595587,0.0314339279536106,0.0750682957270396,1000
sp11,163,predation.predPrey.sizeRatio.alpha.sp0.stage1,0.0034070127487235,0.0348223943725773,0.0659687006883857,1000
sp11,164,predation.predPrey.sizeRatio.teta.sp1.stage1,0.00409037157269443,0.031272942692204,0.0695701755021627,1000
sp11,165,predation.predPrey.sizeRatio.alpha.sp1.stage1,-0.00145439850715928,0.029096825225042,0.0697423417318042,1000
sp11,166,predation.predPrey.sizeRatio.teta.sp2.stage1,-0.00220102898202659,0.0273537888460441,0.0511394499214946,1000
sp11,167,predation.predPrey.sizeRatio.alpha.sp2.stage1,0.00207533196876934,0.0322353509220227,0.0751164018016344,1000
sp11,168,predation.predPrey.sizeRatio.teta.sp3.stage1,-0.00101117901829112,0.029870745936224,0.0706518512693885,1000
sp11,169,predation.predPrey.sizeRatio.alpha.sp3.stage1,-0.00464023161142902,0.0785018627136007,0.128821427219912,1000
sp11,170,predation.predPrey.sizeRatio.teta.sp4.stage1,0.00271001296781519,0.0310299461298195,0.0667099439247124,1000
sp11,171,predation.predPrey.sizeRatio.alpha.sp4.stage1,-0.000647982044989164,0.0414785284573465,0.081172310312791,1000
sp11,172,predation.predPrey.sizeRatio.teta.sp5.stage1,0.00348543924618762,0.0325285034461584,0.0822030259111635,1000
sp11,173,predation.predPrey.sizeRatio.teta.sp5.stage2,0.000105521463035021,0.0309633929313449,0.0781353796859204,1000
sp11,174,predation.predPrey.sizeRatio.alpha.sp5.stage1,0.00131852910387357,0.0285863654147729,0.059278705988967,1000
sp11,175,predation.predPrey.sizeRatio.alpha.sp5.stage2,-0.00216545088420645,0.0289621597743809,0.0613476360597883,1000
sp11,176,predation.predPrey.sizeRatio.teta.sp6.stage1,-8.82531841999068e-05,0.0264171089386215,0.0545737803859787,1000
sp11,177,predation.predPrey.sizeRatio.alpha.sp6.stage1,0.00267613321742177,0.0312733059654171,0.0744662884872111,1000
sp11,178,predation.predPrey.sizeRatio.teta.sp7.stage1,0.000544422348958031,0.0284293476445605,0.0520324150564995,1000
sp11,179,predation.predPrey.sizeRatio.alpha.sp7.stage1,-0.000490734613747883,0.0305103714660699,0.0575124228621837,1000
sp11,180,predation.predPrey.sizeRatio.teta.sp8.stage1,-0.000599569272229083,0.0293631556548312,0.070544121506952,1000
sp11,181,predation.predPrey.sizeRatio.alpha.sp8.stage1,-0.00116882679956159,0.0303385882973174,0.0688733181609331,1000
sp11,182,predation.predPrey.sizeRatio.teta.sp9.stage1,-0.00381902929579122,0.0462418668089532,0.0774556584394725,1000
sp11,183,predation.predPrey.sizeRatio.alpha.sp9.stage1,0.00168423040536235,0.0426446168635277,0.0706716708798367,1000
sp11,184,predation.predPrey.sizeRatio.teta.sp10.stage1,-0.00263203514709079,0.0333826516789855,0.104230461070353,1000
sp11,185,predation.predPrey.sizeRatio.alpha.sp10.stage1,-0.000550666690982357,0.0317819150622365,0.0736615300488667,1000
sp11,186,predation.predPrey.sizeRatio.teta.sp11.stage1,-0.00516413500596419,0.112539886507596,0.197537549674742,1000
sp11,187,predation.predPrey.sizeRatio.alpha.sp11.stage1,0.00969727303677412,0.149674613665029,0.300251731229144,1000
sp11,188,predation.predPrey.sizeRatio.teta.sp12.stage1,0.000220264417973341,0.0341102586695829,0.054518838527204,1000
sp11,189,predation.predPrey.sizeRatio.alpha.sp12.stage1,-0.000302618513823735,0.0337591869536452,0.0801639395817194,1000
sp11,190,predation.predPrey.sizeRatio.teta.sp13.stage1,0.000168934206883367,0.0304022352711166,0.0593354102899384,1000
sp11,191,predation.predPrey.sizeRatio.alpha.sp13.stage1,0.00728433279798988,0.0457883416357278,0.0842132763498744,1000
sp11,192,predation.predPrey.sizeRatio.teta.sp14.stage1,-0.00174085854708498,0.02676012356645,0.0531329186247779,1000
sp11,193,predation.predPrey.sizeRatio.alpha.sp14.stage1,0.00107830235839292,0.0294088156946939,0.062493775339741,1000
sp11,194,predation.predPrey.sizeRatio.teta.sp15.stage1,-0.00150412127873706,0.0300963089417866,0.060577573004641,1000
sp11,195,predation.predPrey.sizeRatio.alpha.sp15.stage1,-0.000308885638269149,0.0297148423684354,0.0650240516361673,1000
sp12,1,mortality.additional.rate.sp0,-9.08449302042575e-05,0.0119148120062054,0.0155019759744137,1000
sp12,2,mortality.additional.rate.sp1,-0.000179741582554672,0.0117307716557693,0.0150252323764374,1000
sp12,3,mortality.additional.rate.sp2,-6.71750694755948e-05,0.012164920030059,0.0154828089078284,1000
sp12,4,mortality.additional.rate.sp3,-0.000369928985049662,0.0148640198009776,0.0189994828692847,1000
sp12,5,mortality.additional.rate.sp4,0.000146528115677805,0.0112683991166072,0.0143973522217815,1000
sp12,6,mortality.additional.rate.sp5,-9.64002020745908e-05,0.0176148520126093,0.0220437079055698,1000
sp12,7,mortality.additional.rate.sp6,-0.000143836261720937,0.0108555261296807,0.0140082605751385,1000
sp12,8,mortality.additional.rate.sp7,-0.000273305837655058,0.0116761950745877,0.0150253954960642,1000
sp12,9,mortality.additional.rate.sp8,0.00124971912498326,0.0115504746751335,0.0148483020616238,1000
sp12,10,mortality.additional.rate.sp9,-3.3366812054377e-06,0.0116694889631268,0.0149829856215822,1000
sp12,11,mortality.additional.rate.sp10,0.000505204418081043,0.0117665503955291,0.0149757591198694,1000
sp12,12,mortality.additional.rate.sp11,0.000357671093996417,0.0118364138879356,0.0149961794633366,1000
sp12,13,mortality.additional.rate.sp12,-0.000587314699938753,0.0129582733236809,0.016425396050898,1000
sp12,14,mortality.additional.rate.sp13,1.49152986634137e-05,0.0112761783959877,0.0144953385932206,1000
sp12,15,mortality.additional.rate.sp14,0.000569003628059984,0.0116633303859437,0.0149531918437521,1000
sp12,16,mortality.additional.rate.sp15,0.000237655037469422,0.0115712539009722,0.0148840687945757,1000
sp12,17,fisheries.rate.base.fsh0,9.7560345207652e-05,0.0150618914129493,0.0193013782864175,1000
sp12,18,fisheries.rate.base.fsh1,0.00412674731819697,0.35173326678906,0.358797967314527,1000
sp12,19,fisheries.rate.base.fsh2,6.8413911582252e-05,0.0118956031069128,0.0153684786800441,1000
sp12,20,fisheries.rate.base.fsh3,2.39467062021781e-05,0.0349886414793811,0.0383870660341204,1000
sp12,21,species.catchability.fsh0.sp0,0.000483111056292456,0.0130100085516984,0.0164587311688297,1000
sp12,22,species.catchability.fsh0.sp1,0.000828086006484532,0.0121693692130753,0.0155852963339188,1000
sp12,23,species.catchability.fsh0.sp2,-0.000182461544402558,0.0119620959271371,0.0151284604493042,1000
sp12,24,species.catchability.fsh0.sp3,0.00105707996313706,0.0189669236987358,0.0235543338940236,1000
sp12,25,species.catchability.fsh0.sp5,-5.84763829322822e-05,0.0133127354031514,0.0169006120331626,1000
sp12,26,species.catchability.fsh0.sp7,3.7027339078406e-05,0.0120016532242566,0.0156458757007912,1000
sp12,27,species.catchability.fsh0.sp8,0.00108888960379793,0.0116680120058298,0.0150064777558926,1000
sp12,28,species.catchability.fsh0.sp9,-0.000435565399506591,0.0118299471846406,0.0153967949237463,1000
sp12,29,species.catchability.fsh0.sp10,0.000935473418958758,0.0119215429930971,0.0153533007885134,1000
sp12,30,species.catchability.fsh0.sp13,0.000141457548961545,0.0115219556890792,0.0147625099831849,1000
sp12,31,species.catchability.fsh0.sp14,0.000122917912272574,0.0119418338023269,0.0154462050935964,1000
sp12,32,species.catchability.fsh0.sp15,-0.000736929097525138,0.0110369469698016,0.0142936274957043,1000
sp12,33,species.catchability.fsh1.sp9,0.000150146486548148,0.0117112532038856,0.0148800918565877,1000
sp12,34,species.catchability.fsh1.sp10,-0.000858595225214522,0.0126894841655218,0.0162890429095785,1000
sp12,35,species.catchability.fsh1.sp11,0.000344990806416148,0.0126254660183371,0.016251526588409,1000
sp12,36,species.catchability.fsh1.sp12,0.00959482326285426,0.337992763818514,0.34439004779075,1000
sp12,37,species.catchability.fsh2.sp0,0.000113822508948777,0.0120614629514533,0.0155114651539672,1000
sp12,38,species.catchability.fsh2.sp5,-0.000416978153310738,0.0112915146062776,0.0145490845791701,1000
sp12,39,species.catchability.fsh2.sp7,-0.000146490827889108,0.0117095020960733,0.0151339597402366,1000
sp12,40,species.catchability.fsh2.sp8,0.000653867161880161,0.0119266618696012,0.0151302694329757,1000
sp12,41,species.catchability.fsh3.sp0,-0.000396009301552662,0.0113343243732732,0.0146860601305242,1000
sp12,42,species.catchability.fsh3.sp1,-0.000691586423223185,0.0120305973468498,0.015453534222831,1000
sp12,43,species.catchability.fsh3.sp2,1.81053138806937e-05,0.0113900580596788,0.0147612014080127,1000
sp12,44,species.catchability.fsh3.sp3,-0.000132522051332241,0.0121834399253765,0.0156140832383682,1000
sp12,45,species.catchability.fsh3.sp5,4.08382477429698e-05,0.0119425423448563,0.0151184561188947,1000
sp12,46,species.catchability.fsh3.sp7,0.00028128491670403,0.0112552999112381,0.0144268287727029,1000
sp12,47,species.catchability.fsh3.sp8,-0.000745180232101536,0.0117500918279722,0.0148291015220345,1000
sp12,48,species.catchability.fsh3.sp9,-0.000343141657779644,0.0116600886238745,0.0149947966895662,1000
sp12,49,species.catchability.fsh3.sp10,0.000709556277721129,0.0116858563728671,0.0152537615084279,1000
sp12,50,species.catchability.fsh3.sp11,0.000102120509587307,0.0114702904698522,0.0149041346435841,1000
sp12,51,species.catchability.fsh3.sp12,-0.000466625779221573,0.0355401584249786,0.0392626815662169,1000
sp12,52,species.catchability.fsh3.sp13,-0.00019153947193566,0.0117657496736493,0.0151907650262851,1000
sp12,53,species.catchability.fsh3.sp14,-9.77153104253455e-05,0.0117741010022008,0.0151183130113824,1000
sp12,54,species.catchability.fsh3.sp15,-0.00074042010589869,0.0121248932678518,0.0154731291170324,1000
sp12,55,species.length2weight.condition.factor.sp0,-5.79290112828605e-05,0.0130277850233593,0.0164342224731822,1000
sp12,56,species.length2weight.condition.factor.sp1,0.000597431779197078,0.0112548229670366,0.014512402245129,1000
sp12,57,species.length2weight.condition.factor.sp2,0.000517662433940923,0.0123085768223458,0.0158882415162101,1000
sp12,58,species.length2weight.condition.factor.sp3,0.000189744455114533,0.0167546201678828,0.0221233268973764,1000
sp12,59,species.length2weight.condition.factor.sp4,0.00126258445834993,0.0126833048995041,0.0161188997193966,1000
sp12,60,species.length2weight.condition.factor.sp5,-0.000187379192929316,0.0111299592422514,0.0143511352001917,1000
sp12,61,species.length2weight.condition.factor.sp6,-0.000207674856058655,0.0118117171529582,0.0152080681594098,1000
sp12,62,species.length2weight.condition.factor.sp7,-0.000500353316020052,0.0121435841065984,0.0154905951376626,1000
sp12,63,species.length2weight.condition.factor.sp8,0.000237592564427452,0.0112204361749667,0.0144740489158169,1000
sp12,64,species.length2weight.condition.factor.sp9,-0.000157062492964631,0.0138200296665221,0.0172752494756682,1000
sp12,65,species.length2weight.condition.factor.sp10,-0.000288892118347427,0.0131890674003673,0.0170944106779816,1000
sp12,66,species.length2weight.condition.factor.sp11,0.000637108410143006,0.0135720874824914,0.0171428906727385,1000
sp12,67,species.length2weight.condition.factor.sp12,0.000414047502287174,0.0182631627118486,0.022404285774437,1000
sp12,68,species.length2weight.condition.factor.sp13,-0.000585107290909207,0.0131627034316389,0.0168534747978583,1000
sp12,69,species.length2weight.condition.factor.sp14,-0.000353781447676197,0.0117792088110277,0.0153058908006997,1000
sp12,70,species.length2weight.condition.factor.sp15,0.000328532430407515,0.0114216710236506,0.0147706781963781,1000
sp12,71,species.k.sp0,-0.000351502428414412,0.0255843756042351,0.0339378162646994,1000
sp12,72,species.k.sp1,6.48782182768892e-05,0.011798808961973,0.0151190230762713,1000
sp12,73,species.k.sp2,0.000688711605681451,0.0127413681411262,0.0163400686103203,1000
sp12,74,species.k.sp3,-0.000883851071040856,0.0342876013451701,0.046424026947734,1000
sp12,75,species.k.sp4,0.000188973214317503,0.0128927426768176,0.0166131807211711,1000
sp12,76,species.k.sp5,-0.00196915327090966,0.0193955454577418,0.0234920462948202,1000
sp12,77,species.k.sp6,-0.000347802299372334,0.0118691045619237,0.015432736708584,1000
sp12,78,species.k.sp7,0.00050507019227301,0.0115881980710447,0.0150577268803426,1000
sp12,79,species.k.sp8,-0.000398959129107758,0.0116835959579135,0.0149400187444287,1000
sp12,80,species.k.sp9,-0.00215643058494461,0.0202563791896755,0.0255103310530317,1000
sp12,81,species.k.sp10,-0.00108530385472596,0.0156711323752601,0.0203415131412422,1000
sp12,82,species.k.sp11,0.000328151689922645,0.0238228697690522,0.0281945966225288,1000
sp12,83,species.k.sp12,-0.00163699111279705,0.072832013152064,0.0805149014653966,1000
sp12,84,species.k.sp13,0.0017114161389003,0.0898814514006098,0.106773151054031,1000
sp12,85,species.k.sp14,-0.000284390020397104,0.0115068750489763,0.0147350784067334,1000
sp12,86,species.k.sp15,-0.000239703292855287,0.0121066559750271,0.0156672856232545,1000
sp12,87,species.l0.sp0,0.000678308606141435,0.01202935998536,0.0159185382281424,1000
sp12,88,species.l0.sp1,0.000936902006238396,0.0120423335126565,0.0153871812502996,1000
sp12,89,species.l0.sp2,-0.000634429710908172,0.0147523041566414,0.0188763921957122,1000
sp12,90,species.l0.sp3,6.46505554885345e-05,0.0166912206313869,0.0217572827882295,1000
sp12,91,species.l0.sp4,-0.000269009323794958,0.0127161876644946,0.0163761341866092,1000
sp12,92,species.l0.sp5,-5.8073159126698e-05,0.0113990023574026,0.0145347377467564,1000
sp12,93,species.l0.sp6,-0.000294286751888831,0.011446972164776,0.0149078904341605,1000
sp12,94,species.l0.sp7,-1.74259660856091e-05,0.0116849337432106,0.0152609036704065,1000
sp12,95,species.l0.sp8,-0.000583548090827583,0.0119207665860164,0.0153600963993545,1000
sp12,96,species.l0.sp9,0.000143464429627403,0.02865745063507,0.0340884538389352,1000
sp12,97,species.l0.sp10,0.00112321013383469,0.0261913921757764,0.033986640740395,1000
sp12,98,species.l0.sp11,2.26813275961305e-05,0.0192653024101296,0.0236982236860169,1000
sp12,99,species.l0.sp12,-0.000311683411951116,0.0175864063052391,0.022142608989659,1000
sp12,100,species.l0.sp13,0.000858827406765518,0.011706468870158,0.0151364686055414,1000
sp12,101,species.l0.sp14,0.000734287949620747,0.0115840836579894,0.0149282775238712,1000
sp12,102,species.l0.sp15,-0.000589087405302055,0.0116125440492608,0.0147725288533973,1000
sp12,103,mortality.additional.larva.rate.sp0,0.000420708927912157,0.0227849961518901,0.0302215608992069,1000
sp12,104,mortality.additional.larva.rate.sp1,-0.000849939394417062,0.0121767937872825,0.0156587589551651,1000
sp12,105,mortality.additional.larva.rate.sp2,-0.000272483511454394,0.0267591110153364,0.0357006799826775,1000
sp12,106,mortality.additional.larva.rate.sp3,-0.00474467113597884,0.0776928698700776,0.104374229809927,1000
sp12,107,mortality.additional.larva.rate.sp4,-0.00040141215633522,0.0116373547015423,0.0150079682193685,1000
sp12,108,mortality.additional.larva.rate.sp5,-0.000124298512631499,0.0114605608345278,0.0145135544115296,1000
sp12,109,mortality.additional.larva.rate.sp6,4.69429859062416e-05,0.011435284077246,0.0143047764896441,1000
sp12,110,mortality.additional.larva.rate.sp9,0.0032621108020809,0.0506125182553624,0.0576303966153467,1000
sp12,111,mortality.additional.larva.rate.sp10,-0.000239101765819609,0.0436335115633987,0.0552350145384358,1000
sp12,112,mortality.additional.larva.rate.sp11,0.000389519283390898,0.0116664631660624,0.01500169432737,1000
sp12,113,mortality.additional.larva.rate.sp12,-0.000718059286399238,0.0542121998016988,0.0639031639001854,1000
sp12,114,mortality.additional.larva.rate.sp13,-2.73214774455542e-05,0.0115717654929599,0.0148755678665944,1000
sp12,115,mortality.additional.larva.rate.sp14,-0.00043585735137054,0.0117688071464818,0.0149865762344914,1000
sp12,116,mortality.additional.larva.rate.sp15,0.000692941128533398,0.0132696760820308,0.0169907525556387,1000
sp12,117,mortality.additional.larva.rate.mean.sp7,-0.000405959894128366,0.011870440594172,0.0151498919471034,1000
sp12,118,mortality.additional.larva.rate.mean.sp8,-0.000163576251129894,0.0117607945059518,0.0153507164624432,1000
sp12,119,species.linf.sp0,0.00105218456945498,0.0300922018855535,0.0405601998895758,1000
sp12,120,species.linf.sp1,1.27643353987387e-06,0.0122652374141861,0.01581255478654,1000
sp12,121,species.linf.sp2,-0.00135563413069536,0.0215007320342961,0.0285181137507153,1000
sp12,122,species.linf.sp3,0.00703818257475542,0.110804371211274,0.133134894595336,1000
sp12,123,species.linf.sp4,0.000822524286601193,0.0190466477553755,0.0248154500202396,1000
sp12,124,species.linf.sp5,0.00167382710625087,0.0526604522087882,0.0571719803863512,1000
sp12,125,species.linf.sp6,-0.00035972918917834,0.0127053104004494,0.0165021224312428,1000
sp12,126,species.linf.sp7,-0.000245848572944054,0.0113710639328768,0.0146879967954117,1000
sp12,127,species.linf.sp8,0.000181696015162048,0.0124718080272377,0.0162002565711896,1000
sp12,128,species.linf.sp9,0.000626489592706407,0.0436782751703072,0.0540631396815138,1000
sp12,129,species.linf.sp10,-0.00129071343335457,0.0366954355083307,0.0475211608982619,1000
sp12,130,species.linf.sp11,0.000480123873400353,0.0201252306111065,0.024980582979067,1000
sp12,131,species.linf.sp12,-0.015410004488381,0.375404378466153,0.386792266091448,1000
sp12,132,species.linf.sp13,-0.000506541743724519,0.044378384403422,0.0570033337283671,1000
sp12,133,species.linf.sp14,0.000154287936774084,0.0119270005940876,0.015503470457378,1000
sp12,134,species.linf.sp15,-0.000824549139112838,0.0141964125169847,0.0180873178490658,1000
sp12,135,species.accessibility2fish.sp16,1.79189076350808e-06,0.0117563131249273,0.0150194994569269,1000
sp12,136,species.accessibility2fish.sp17,0.000103415055697426,0.0117809027735046,0.0152267426535893,1000
sp12,137,species.accessibility2fish.sp18,-0.00104446008316592,0.0122184594590143,0.0155878036250831,1000
sp12,138,species.accessibility2fish.sp19,-0.00227132386507482,0.0457590402912614,0.0751718142301784,1000
sp12,139,species.accessibility2fish.sp20,0.000494381527275061,0.0119183483268835,0.0153453451208678,1000
sp12,140,species.accessibility2fish.sp21,-0.000470258903156021,0.0694635644588259,0.118169587069438,1000
sp12,141,species.accessibility2fish.sp22,-0.000114057381238864,0.0115166092453402,0.0147879853615111,1000
sp12,142,species.accessibility2fish.sp23,-0.000411936739590086,0.0114615633172267,0.0147695176215131,1000
sp12,143,species.accessibility2fish.sp24,-0.000413955975204218,0.0156928525177596,0.0200356967919155,1000
sp12,144,species.accessibility2fish.sp25,-0.000136418786372296,0.0119119102457981,0.0151724765348895,1000
sp12,145,species.accessibility2fish.sp26,0.000388543816121431,0.0112429216988141,0.0144069525170611,1000
sp12,146,species.maturity.size.ratio.sp0,2.31292048411115e-05,0.0235428181364427,0.0323525446075472,1000
sp12,147,species.maturity.size.ratio.sp1,-0.000158343678672622,0.0117245147193076,0.0152596041006726,1000
sp12,148,species.maturity.size.ratio.sp2,-0.000443598997363801,0.012570640960833,0.0161508840365374,1000
sp12,149,species.maturity.size.ratio.sp3,5.66109452286489e-05,0.0112740002013672,0.0144615370887804,1000
sp12,150,species.maturity.size.ratio.sp4,8.72271258528789e-05,0.0136571850816813,0.0171831384193671,1000
sp12,151,species.maturity.size.ratio.sp5,-9.77272145349014e-05,0.0114629608876465,0.0145860164390987,1000
sp12,152,species.maturity.size.ratio.sp6,-0.000434384007865271,0.0116471351422398,0.0149686202109432,1000
sp12,153,species.maturity.size.ratio.sp7,-8.01281188054329e-05,0.0117791005417357,0.0153576771008008,1000
sp12,154,species.maturity.size.ratio.sp8,0.000932446398512073,0.0116475740122895,0.0150619681659924,1000
sp12,155,species.maturity.size.ratio.sp9,4.00523703585542e-05,0.0125276455129074,0.0162340157472375,1000
sp12,156,species.maturity.size.ratio.sp10,-0.000422127841683417,0.0169853585164782,0.0224275602538593,1000
sp12,157,species.maturity.size.ratio.sp11,-0.0026141306464909,0.068244015486018,0.0747348461143837,1000
sp12,158,species.maturity.size.ratio.sp12,0.000161806260593176,0.0212051987586495,0.0279843641456081,1000
sp12,159,species.maturity.size.ratio.sp13,0.00188721543314931,0.131742154342734,0.150790421265114,1000
sp12,160,species.maturity.size.ratio.sp14,0.00058737029222273,0.0117623605408336,0.0152268875325028,1000
sp12,161,species.maturity.size.ratio.sp15,-0.00034122338726336,0.0131766890541167,0.0171721968244274,1000
sp12,162,predation.predPrey.sizeRatio.teta.sp0.stage1,-0.00052710861010582,0.0112805637043453,0.0144133856294367,1000
sp12,163,predation.predPrey.sizeRatio.alpha.sp0.stage1,-0.00137295111173077,0.0194148867080753,0.0256442199353122,1000
sp12,164,predation.predPrey.sizeRatio.teta.sp1.stage1,-0.000554789443161327,0.0116735678155681,0.0147165306917665,1000
sp12,165,predation.predPrey.sizeRatio.alpha.sp1.stage1,-0.000320018208752328,0.0110561452564318,0.0143716775677461,1000
sp12,166,predation.predPrey.sizeRatio.teta.sp2.stage1,-0.00103007831023283,0.0113053269987793,0.0146346867986162,1000
sp12,167,predation.predPrey.sizeRatio.alpha.sp2.stage1,-9.92549627395461e-05,0.0160308608887927,0.0208276305761434,1000
sp12,168,predation.predPrey.sizeRatio.teta.sp3.stage1,0.000148830012916383,0.0124837708964875,0.0159173299034436,1000
sp12,169,predation.predPrey.sizeRatio.alpha.sp3.stage1,0.000842141548893828,0.0440659522990674,0.0587929553251003,1000
sp12,170,predation.predPrey.sizeRatio.teta.sp4.stage1,0.000102748174871465,0.0113795100668432,0.0142952545395971,1000
sp12,171,predation.predPrey.sizeRatio.alpha.sp4.stage1,-0.00101907219541073,0.0139803740429942,0.0179278886877681,1000
sp12,172,predation.predPrey.sizeRatio.teta.sp5.stage1,-0.00043704795354091,0.0117907721984504,0.0150251678619053,1000
sp12,173,predation.predPrey.sizeRatio.teta.sp5.stage2,-0.000774604990504224,0.0199629944293452,0.0251579911551925,1000
sp12,174,predation.predPrey.sizeRatio.alpha.sp5.stage1,0.000290745541384415,0.0116985977611479,0.0147909966144853,1000
sp12,175,predation.predPrey.sizeRatio.alpha.sp5.stage2,-0.000219355225666428,0.0146678065846047,0.0186708258259606,1000
sp12,176,predation.predPrey.sizeRatio.teta.sp6.stage1,0.000520548056629796,0.0122178777268205,0.0156111397031799,1000
sp12,177,predation.predPrey.sizeRatio.alpha.sp6.stage1,-0.000155277107805509,0.0117809823957461,0.0150995930210952,1000
sp12,178,predation.predPrey.sizeRatio.teta.sp7.stage1,-0.000508226173601606,0.0116096846610843,0.0147943013450408,1000
sp12,179,predation.predPrey.sizeRatio.alpha.sp7.stage1,0.000517712661623041,0.0117815344094371,0.0149838781775671,1000
sp12,180,predation.predPrey.sizeRatio.teta.sp8.stage1,-0.00109400685599975,0.0121229422979458,0.0153906830687902,1000
sp12,181,predation.predPrey.sizeRatio.alpha.sp8.stage1,-0.000360260991436475,0.0126375172788178,0.0165096392360813,1000
sp12,182,predation.predPrey.sizeRatio.teta.sp9.stage1,-0.00016615422314974,0.0118979779095547,0.0153130677798675,1000
sp12,183,predation.predPrey.sizeRatio.alpha.sp9.stage1,0.00232934363406146,0.0589843056498191,0.0683228271231926,1000
sp12,184,predation.predPrey.sizeRatio.teta.sp10.stage1,-7.34893805022373e-05,0.012146168551288,0.0158223552176714,1000
sp12,185,predation.predPrey.sizeRatio.alpha.sp10.stage1,-0.000458695636213852,0.0213747763254466,0.0282567524627375,1000
sp12,186,predation.predPrey.sizeRatio.teta.sp11.stage1,0.000170689992040328,0.0157834725737068,0.0198314899228479,1000
sp12,187,predation.predPrey.sizeRatio.alpha.sp11.stage1,-0.00053173362583943,0.0130385941615288,0.0168859942301213,1000
sp12,188,predation.predPrey.sizeRatio.teta.sp12.stage1,7.16519822802738e-05,0.0307541691875268,0.0371145075118595,1000
sp12,189,predation.predPrey.sizeRatio.alpha.sp12.stage1,-0.00133791087240364,0.0311929259765726,0.0392449574860534,1000
sp12,190,predation.predPrey.sizeRatio.teta.sp13.stage1,-0.000579292905385252,0.0119835959332233,0.015213559616483,1000
sp12,191,predation.predPrey.sizeRatio.alpha.sp13.stage1,-0.00158715971900714,0.0246301849479684,0.0314005005528186,1000
sp12,192,predation.predPrey.sizeRatio.teta.sp14.stage1,0.0012079923616134,0.0114335217951171,0.0147184096804895,1000
sp12,193,predation.predPrey.sizeRatio.alpha.sp14.stage1,0.000668119408273394,0.0120012716345314,0.0155480788090631,1000
sp12,194,predation.predPrey.sizeRatio.teta.sp15.stage1,-0.000206055691984687,0.0118948660140595,0.015355527082935,1000
sp12,195,predation.predPrey.sizeRatio.alpha.sp15.stage1,0.000372110411183241,0.0217299040913132,0.0270846248778579,1000
sp13,1,mortality.additional.rate.sp0,-0.000381700719921568,0.0219334525687064,0.0372576517985177,1000
sp13,2,mortality.additional.rate.sp1,0.00111132989961265,0.0214639591220313,0.035354840351345,1000
sp13,3,mortality.additional.rate.sp2,0.000842810367021486,0.0215454191366939,0.0362668007360983,1000
sp13,4,mortality.additional.rate.sp3,0.00152425313263711,0.0208476844431191,0.035288657270755,1000
sp13,5,mortality.additional.rate.sp4,-0.00132718951969646,0.0209721626745583,0.0371561365755615,1000
sp13,6,mortality.additional.rate.sp5,0.00136207189863666,0.021554510488685,0.0379222208085798,1000
sp13,7,mortality.additional.rate.sp6,-0.00108089931847134,0.0194937535275615,0.0323234512044614,1000
sp13,8,mortality.additional.rate.sp7,-0.00093375114117546,0.0200019101875814,0.0338494568532508,1000
sp13,9,mortality.additional.rate.sp8,-0.00171373579796266,0.0209970432963867,0.036048983073165,1000
sp13,10,mortality.additional.rate.sp9,7.57888774816142e-05,0.0204430261700209,0.0342206132508904,1000
sp13,11,mortality.additional.rate.sp10,0.000475274272158015,0.0197853729458134,0.0333110350531814,1000
sp13,12,mortality.additional.rate.sp11,-0.000645742693940803,0.0202829736314001,0.0330603787546079,1000
sp13,13,mortality.additional.rate.sp12,0.00237352972960136,0.0216886712259124,0.0389318437364519,1000
sp13,14,mortality.additional.rate.sp13,-0.000317152078015802,0.0208203656441138,0.0354224094645154,1000
sp13,15,mortality.additional.rate.sp14,-6.26119194158816e-05,0.019496779486184,0.0316083431803909,1000
sp13,16,mortality.additional.rate.sp15,-0.000142734395906227,0.0213537893061987,0.0360196741767486,1000
sp13,17,fisheries.rate.base.fsh0,-0.00409830455812803,0.131850678534538,0.177644546873326,1000
sp13,18,fisheries.rate.base.fsh1,0.000152889621035489,0.0227121606487639,0.0362611493758451,1000
sp13,19,fisheries.rate.base.fsh2,0.000582583538337317,0.0198816761581617,0.0336831802781425,1000
sp13,20,fisheries.rate.base.fsh3,-0.00240597148602986,0.0230474958298969,0.0367476273787239,1000
sp13,21,species.catchability.fsh0.sp0,0.000975775176300142,0.0210459792643398,0.0365003997571564,1000
sp13,22,species.catchability.fsh0.sp1,0.000164578811636796,0.020917893155178,0.0350524578453131,1000
sp13,23,species.catchability.fsh0.sp2,-0.000907229705669706,0.0208099421145999,0.0342045168622591,1000
sp13,24,species.catchability.fsh0.sp3,-0.000320651302847953,0.0201209661867357,0.0320323132073286,1000
sp13,25,species.catchability.fsh0.sp5,0.00121470759812661,0.0185981319790729,0.0304624536733944,1000
sp13,26,species.catchability.fsh0.sp7,-0.00198934400143335,0.0214898400961888,0.0359797997140454,1000
sp13,27,species.catchability.fsh0.sp8,-0.00240161949360666,0.0199822462822381,0.0328710508645383,1000
sp13,28,species.catchability.fsh0.sp9,0.000428103230940107,0.0203459446172883,0.0362400514911173,1000
sp13,29,species.catchability.fsh0.sp10,4.80127058509036e-05,0.0208663835349888,0.0344433694640027,1000
sp13,30,species.catchability.fsh0.sp13,-0.00605932077981149,0.124489853174969,0.166284411603216,1000
sp13,31,species.catchability.fsh0.sp14,-8.44657492183033e-05,0.0205510902928031,0.0333337020223665,1000
sp13,32,species.catchability.fsh0.sp15,6.60031108737525e-05,0.0207990271397898,0.0352588402681883,1000
sp13,33,species.catchability.fsh1.sp9,-0.000145695032954179,0.0212471714154058,0.0363478833413412,1000
sp13,34,species.catchability.fsh1.sp10,0.000624382660089631,0.0218218631978663,0.0377510908637559,1000
sp13,35,species.catchability.fsh1.sp11,-0.000652651916756579,0.0213056478303733,0.0377004354183759,1000
sp13,36,species.catchability.fsh1.sp12,0.000246242402994498,0.0206259665985909,0.0345855169436536,1000
sp13,37,species.catchability.fsh2.sp0,0.00100940304971788,0.0193475318418005,0.0319918784772909,1000
sp13,38,species.catchability.fsh2.sp5,-0.00215852791747195,0.0212465230052364,0.0357938696778345,1000
sp13,39,species.catchability.fsh2.sp7,-0.0020332447839025,0.0222467515553495,0.0383153714610882,1000
sp13,40,species.catchability.fsh2.sp8,-0.00187548243526578,0.0190175413682341,0.0316924108727818,1000
sp13,41,species.catchability.fsh3.sp0,0.000512313457445313,0.0200150403513322,0.0335971375873125,1000
sp13,42,species.catchability.fsh3.sp1,0.000209432363374868,0.0210818606625009,0.0357292941135086,1000
sp13,43,species.catchability.fsh3.sp2,-0.000745739841325515,0.0213679227031449,0.036225933218975,1000
sp13,44,species.catchability.fsh3.sp3,0.00108187529022517,0.0205223332017924,0.0357046919091199,1000
sp13,45,species.catchability.fsh3.sp5,0.000860899508753575,0.0221928963930256,0.0356485080876533,1000
sp13,46,species.catchability.fsh3.sp7,0.000797117486801433,0.019816713944879,0.0328648108330826,1000
sp13,47,species.catchability.fsh3.sp8,0.000498401782872679,0.0204162341952087,0.0331630039983585,1000
sp13,48,species.catchability.fsh3.sp9,-0.00105466672198595,0.0206373495999599,0.0374071769564801,1000
sp13,49,species.catchability.fsh3.sp10,-0.000510454928718655,0.0202200463668671,0.0335409397236606,1000
sp13,50,species.catchability.fsh3.sp11,0.000261923722254595,0.020107613232748,0.0317365841378679,1000
sp13,51,species.catchability.fsh3.sp12,-0.000597989502562872,0.020159608198543,0.033775264645857,1000
sp13,52,species.catchability.fsh3.sp13,0.00151860172703641,0.0234861599523984,0.03964000564632,1000
sp13,53,species.catchability.fsh3.sp14,0.000798502834705797,0.0213824191787694,0.0342983306648881,1000
sp13,54,species.catchability.fsh3.sp15,-0.00126368110918979,0.0197613401694218,0.0340672835333899,1000
sp13,55,species.length2weight.condition.factor.sp0,0.000436865501413018,0.0218426851802188,0.0365641507038785,1000
sp13,56,species.length2weight.condition.factor.sp1,-0.00244600432018814,0.021976248915984,0.0361772118910848,1000
sp13,57,species.length2weight.condition.factor.sp2,0.000781766727487125,0.0203650382725186,0.0331816035566574,1000
sp13,58,species.length2weight.condition.factor.sp3,0.0016406522624164,0.0200574394736145,0.032944358541512,1000
sp13,59,species.length2weight.condition.factor.sp4,-0.00135881610631878,0.0262839106618996,0.0409176304659573,1000
sp13,60,species.length2weight.condition.factor.sp5,0.00143455520119557,0.0205781033314876,0.0335837214896678,1000
sp13,61,species.length2weight.condition.factor.sp6,0.000306165056614706,0.0202107024465525,0.0338118913041927,1000
sp13,62,species.length2weight.condition.factor.sp7,-0.000787195781245827,0.0209645535712682,0.037033213590538,1000
sp13,63,species.length2weight.condition.factor.sp8,0.000183185365465241,0.0193520500968799,0.0336595772261583,1000
sp13,64,species.length2weight.condition.factor.sp9,0.00021142625915698,0.0215650917873369,0.036463813679848,1000
sp13,65,species.length2weight.condition.factor.sp10,0.000264893235326806,0.0206324259255691,0.0347280341577268,1000
sp13,66,species.length2weight.condition.factor.sp11,-0.000998319749686885,0.0200003520611272,0.0332749027082142,1000
sp13,67,species.length2weight.condition.factor.sp12,0.000466045466065178,0.0209858055050252,0.0342801342832436,1000
sp13,68,species.length2weight.condition.factor.sp13,-0.000244411149372512,0.0273491261370456,0.0388658848100751,1000
sp13,69,species.length2weight.condition.factor.sp14,0.000392059741667078,0.0199525677689879,0.0336287352706559,1000
sp13,70,species.length2weight.condition.factor.sp15,-0.00116965973368556,0.0222972798122751,0.0370623380706397,1000
sp13,71,species.k.sp0,0.000373097524652162,0.0301745741535912,0.051892859883478,1000
sp13,72,species.k.sp1,-0.000524283283214998,0.0204467709142651,0.0337074562966971,1000
sp13,73,species.k.sp2,-0.000862563975067531,0.0217752087210947,0.037353124323642,1000
sp13,74,species.k.sp3,-0.000213892486586989,0.0227917063189758,0.0406902628205496,1000
sp13,75,species.k.sp4,0.00051560410270687,0.0305224147840105,0.05059063589724,1000
sp13,76,species.k.sp5,0.00109573602048972,0.021540923546342,0.0381089818371473,1000
sp13,77,species.k.sp6,0.00201152800471607,0.0212760852294134,0.0364037230679644,1000
sp13,78,species.k.sp7,9.83433148741695e-05,0.0197742726682105,0.0341193045820889,1000
sp13,79,species.k.sp8,-0.00138333935671428,0.0198276478215076,0.0324949078829984,1000
sp13,80,species.k.sp9,-0.00406795510479727,0.0391584165613288,0.0592874643757624,1000
sp13,81,species.k.sp10,0.00150696938180558,0.0196760191965998,0.0325277762543888,1000
sp13,82,species.k.sp11,-1.71821477255935e-05,0.019928012886173,0.0329226887292045,1000
sp13,83,species.k.sp12,0.000464469592117257,0.0215449022069194,0.0361813880473553,1000
sp13,84,species.k.sp13,0.00209957024057998,0.391347101854588,0.498911057415612,1000
sp13,85,species.k.sp14,-0.00037231271288661,0.0206365562549059,0.0340947219795637,1000
sp13,86,species.k.sp15,0.000545776843671203,0.0200395046585586,0.0347360689969199,1000
sp13,87,species.l0.sp0,-0.00107454122504913,0.0218701170549432,0.0371616884202332,1000
sp13,88,species.l0.sp1,0.00181991705209211,0.0213216009346267,0.035855323142653,1000
sp13,89,species.l0.sp2,0.00140108483784531,0.0226731789854192,0.036565283553258,1000
sp13,90,species.l0.sp3,-0.000958785503842054,0.0226711922382254,0.038165585544365,1000
sp13,91,species.l0.sp4,-0.00169188561430161,0.0303155658306578,0.049650266535871,1000
sp13,92,species.l0.sp5,-0.00205432328945612,0.021877398695155,0.0376745065463764,1000
sp13,93,species.l0.sp6,-0.00267656572813031,0.0202199708373127,0.0356829536100891,1000
sp13,94,species.l0.sp7,-0.000263040501355879,0.0202925572630511,0.0335136978885419,1000
sp13,95,species.l0.sp8,0.000350838877379313,0.0203453131031744,0.0331464713212328,1000
sp13,96,species.l0.sp9,-0.000905668517851964,0.0290509291913146,0.0467542376205477,1000
sp13,97,species.l0.sp10,-0.000227451960185205,0.0207210734491076,0.0328977502180395,1000
sp13,98,species.l0.sp11,-0.00077821918649332,0.0201550695069933,0.0346684290440704,1000
sp13,99,species.l0.sp12,-0.000404222644042644,0.0214622732887715,0.0364613376937376,1000
sp13,100,species.l0.sp13,0.000422970890639226,0.0200228110383645,0.0324053726819114,1000
sp13,101,species.l0.sp14,0.00208489618736773,0.0189270896715644,0.0314017787470482,1000
sp13,102,species.l0.sp15,-0.000521398610115003,0.0194523757591578,0.0340710731495403,1000
sp13,103,mortality.additional.larva.rate.sp0,-0.00221874632659221,0.0300329993494822,0.0529996229005112,1000
sp13,104,mortality.additional.larva.rate.sp1,0.000123014911025429,0.0197773362731773,0.0317234418357851,1000
sp13,105,mortality.additional.larva.rate.sp2,0.00281020682281478,0.0413526288263954,0.0666141200406921,1000
sp13,106,mortality.additional.larva.rate.sp3,-0.00231262074584981,0.0289652622152591,0.0484668632941962,1000
sp13,107,mortality.additional.larva.rate.sp4,0.000621022092778141,0.0212656025746785,0.0359781460964775,1000
sp13,108,mortality.additional.larva.rate.sp5,0.00150900103280503,0.0197036329222671,0.0349855913639689,1000
sp13,109,mortality.additional.larva.rate.sp6,-0.00168305617790738,0.0223643578147252,0.0362561570931602,1000
sp13,110,mortality.additional.larva.rate.sp9,0.000485442410584991,0.0358977110210058,0.0539620209005098,1000
sp13,111,mortality.additional.larva.rate.sp10,0.000421288216341065,0.0212981348886199,0.0361605603691144,1000
sp13,112,mortality.additional.larva.rate.sp11,-0.00152208036618748,0.022845588352463,0.0415244642097915,1000
sp13,113,mortality.additional.larva.rate.sp12,0.000465754047623706,0.0264891488393545,0.0430854219075438,1000
sp13,114,mortality.additional.larva.rate.sp13,0.000154014425028344,0.0200206806126628,0.0345402513999049,1000
sp13,115,mortality.additional.larva.rate.sp14,-0.00142214248739455,0.021552616479251,0.0358867278818529,1000
sp13,116,mortality.additional.larva.rate.sp15,0.000464302261049837,0.0210906742661761,0.0352210061937824,1000
sp13,117,mortality.additional.larva.rate.mean.sp7,-0.000434930658610411,0.0220046331875416,0.0375988294814568,1000
sp13,118,mortality.additional.larva.rate.mean.sp8,0.00163408092652073,0.0203928725632557,0.0346493397769771,1000
sp13,119,species.linf.sp0,-0.00226932173358226,0.0322571606759128,0.0585961805031421,1000
sp13,120,species.linf.sp1,0.00256301438019998,0.0204520166970616,0.0339718373770606,1000
sp13,121,species.linf.sp2,-0.00140673335751834,0.0383103135568612,0.0614844857728366,1000
sp13,122,species.linf.sp3,0.000223705174023533,0.0271675484507823,0.0456374568339404,1000
sp13,123,species.linf.sp4,-0.00121272091017764,0.0491773280728111,0.0875681205901201,1000
sp13,124,species.linf.sp5,-0.0013001581659904,0.0235683439138449,0.0373863233808933,1000
sp13,125,species.linf.sp6,-0.000736489677223206,0.0214564312334783,0.0374830540820107,1000
sp13,126,species.linf.sp7,0.000659270823015714,0.0220966716997045,0.0373483810693641,1000
sp13,127,species.linf.sp8,0.00115456465954654,0.0206951403816596,0.0342075321947197,1000
sp13,128,species.linf.sp9,-0.000288504204454169,0.0901324691036726,0.121413852458682,1000
sp13,129,species.linf.sp10,-0.000674114472537268,0.0212193661469292,0.0382742959640407,1000
sp13,130,species.linf.sp11,5.49428306584424e-06,0.0221696226063979,0.036255423661612,1000
sp13,131,species.linf.sp12,0.0018698839935057,0.023044797713644,0.0407978840802715,1000
sp13,132,species.linf.sp13,-0.00753287671872864,0.356236834965967,0.470005558165608,1000
sp13,133,species.linf.sp14,-2.03989056431792e-05,0.0218230125143332,0.0368842471856448,1000
sp13,134,species.linf.sp15,0.00205349224056706,0.0210147903354591,0.0358844176462549,1000
sp13,135,species.accessibility2fish.sp16,0.000745519733828168,0.0213278354887324,0.0347744206655164,1000
sp13,136,species.accessibility2fish.sp17,-0.000557702196988534,0.0199295549350125,0.0328511842475011,1000
sp13,137,species.accessibility2fish.sp18,-0.000258272412690671,0.0204289801035333,0.0334524224035646,1000
sp13,138,species.accessibility2fish.sp19,-0.000587547201176818,0.0216956962080792,0.0388595744106298,1000
sp13,139,species.accessibility2fish.sp20,-0.000239207293653666,0.0212830938087348,0.0350624906808502,1000
sp13,140,species.accessibility2fish.sp21,0.00368325717000772,0.0401256871798454,0.0768501378251092,1000
sp13,141,species.accessibility2fish.sp22,-0.000838580049285726,0.0210201205899113,0.0349666657067551,1000
sp13,142,species.accessibility2fish.sp23,-0.00123106618288139,0.0209225471295503,0.0372824988855754,1000
sp13,143,species.accessibility2fish.sp24,0.000534049809426609,0.0209351416704003,0.0338856934254982,1000
sp13,144,species.accessibility2fish.sp25,0.000716065810278417,0.0191799291469943,0.031090386637678,1000
sp13,145,species.accessibility2fish.sp26,0.000763231506606943,0.020548810003515,0.0347750020824373,1000
sp13,146,species.maturity.size.ratio.sp0,0.00157847426094453,0.0324520962034563,0.0577941626034535,1000
sp13,147,species.maturity.size.ratio.sp1,0.000514909241866365,0.0213400539744028,0.0361861649031973,1000
sp13,148,species.maturity.size.ratio.sp2,0.000616792271019177,0.0214378255672419,0.0371590046830573,1000
sp13,149,species.maturity.size.ratio.sp3,-0.00198539670104719,0.0213154585778788,0.0344022705759726,1000
sp13,150,species.maturity.size.ratio.sp4,-0.000769585560328361,0.0254709995209998,0.0399562786244096,1000
sp13,151,species.maturity.size.ratio.sp5,0.000158259757014081,0.0213045500837903,0.0358714467447694,1000
sp13,152,species.maturity.size.ratio.sp6,0.000306116846283206,0.019957182764563,0.0330180753927316,1000
sp13,153,species.maturity.size.ratio.sp7,-0.00220089329556653,0.022115430213547,0.037656389213571,1000
sp13,154,species.maturity.size.ratio.sp8,0.00103302002449408,0.021334510549072,0.0356036581878808,1000
sp13,155,species.maturity.size.ratio.sp9,-0.00147237656949537,0.0206707040882406,0.0351793174145078,1000
sp13,156,species.maturity.size.ratio.sp10,0.000111797531262719,0.0221697405909249,0.0364026580629176,1000
sp13,157,species.maturity.size.ratio.sp11,0.000367174645941156,0.0203838606731294,0.0329149140988241,1000
sp13,158,species.maturity.size.ratio.sp12,8.41984361661674e-05,0.0217299608319414,0.0388959594180056,1000
sp13,159,species.maturity.size.ratio.sp13,-0.00208132377267598,0.373675051300245,0.488318631538828,1000
sp13,160,species.maturity.size.ratio.sp14,-0.00319923774252566,0.0203929402449232,0.0314266751524621,1000
sp13,161,species.maturity.size.ratio.sp15,0.00122894415289075,0.0199154571795302,0.0331042172208705,1000
sp13,162,predation.predPrey.sizeRatio.teta.sp0.stage1,0.000404400015285293,0.0198118428818932,0.0316635692104983,1000
sp13,163,predation.predPrey.sizeRatio.alpha.sp0.stage1,0.000802879800625985,0.022260993842466,0.0361997321957554,1000
sp13,164,predation.predPrey.sizeRatio.teta.sp1.stage1,-0.000217143747353584,0.0190347562823211,0.0331862767876156,1000
sp13,165,predation.predPrey.sizeRatio.alpha.sp1.stage1,0.000619541172638865,0.0190157965736787,0.0316160902282685,1000
sp13,166,predation.predPrey.sizeRatio.teta.sp2.stage1,-0.000105090320490438,0.0209176688282728,0.0352872478149778,1000
sp13,167,predation.predPrey.sizeRatio.alpha.sp2.stage1,0.00106702277766038,0.0216342471028878,0.0374685490706131,1000
sp13,168,predation.predPrey.sizeRatio.teta.sp3.stage1,1.02233206790401e-05,0.0206488039613745,0.0336018249376628,1000
sp13,169,predation.predPrey.sizeRatio.alpha.sp3.stage1,-6.07071219355802e-05,0.0252804731867062,0.0413868608940225,1000
sp13,170,predation.predPrey.sizeRatio.teta.sp4.stage1,0.00137190654584782,0.0214580640840261,0.0358264765057888,1000
sp13,171,predation.predPrey.sizeRatio.alpha.sp4.stage1,0.000984529182048294,0.0341445828272238,0.0577793498545621,1000
sp13,172,predation.predPrey.sizeRatio.teta.sp5.stage1,-0.000180314548863054,0.0213232989044638,0.0359296384846717,1000
sp13,173,predation.predPrey.sizeRatio.teta.sp5.stage2,0.000112114751630089,0.021193750791638,0.0344701137929217,1000
sp13,174,predation.predPrey.sizeRatio.alpha.sp5.stage1,0.00118232574976308,0.0206918208259796,0.0347271396057365,1000
sp13,175,predation.predPrey.sizeRatio.alpha.sp5.stage2,0.000499655479805056,0.020647499006378,0.0340276403342724,1000
sp13,176,predation.predPrey.sizeRatio.teta.sp6.stage1,-0.00154225942035109,0.0206031345162161,0.0356131860063767,1000
sp13,177,predation.predPrey.sizeRatio.alpha.sp6.stage1,0.00128027828010661,0.0210760613639934,0.0355502506242259,1000
sp13,178,predation.predPrey.sizeRatio.teta.sp7.stage1,0.00031926921122038,0.02047332778548,0.0360032561999412,1000
sp13,179,predation.predPrey.sizeRatio.alpha.sp7.stage1,-0.00114099162734972,0.0199476271486494,0.0350734514820296,1000
sp13,180,predation.predPrey.sizeRatio.teta.sp8.stage1,0.00208998651418782,0.0218849325724134,0.0429154436475358,1000
sp13,181,predation.predPrey.sizeRatio.alpha.sp8.stage1,0.000801607856176771,0.0218387134090883,0.0362043471419659,1000
sp13,182,predation.predPrey.sizeRatio.teta.sp9.stage1,4.09393988764799e-05,0.0207876239324012,0.0337914045441988,1000
sp13,183,predation.predPrey.sizeRatio.alpha.sp9.stage1,-0.00192488655799251,0.0269909238163407,0.0445869929847239,1000
sp13,184,predation.predPrey.sizeRatio.teta.sp10.stage1,-0.000282583429895703,0.0206378182575906,0.0338327231689092,1000
sp13,185,predation.predPrey.sizeRatio.alpha.sp10.stage1,0.002514314143977,0.021885002755074,0.0397203123448551,1000
sp13,186,predation.predPrey.sizeRatio.teta.sp11.stage1,0.000235251953078897,0.0195700199498992,0.0321715084613041,1000
sp13,187,predation.predPrey.sizeRatio.alpha.sp11.stage1,0.00150220418776177,0.0221572543612048,0.0360904398489939,1000
sp13,188,predation.predPrey.sizeRatio.teta.sp12.stage1,-0.00133582601748863,0.0221563167522651,0.0377144537973718,1000
sp13,189,predation.predPrey.sizeRatio.alpha.sp12.stage1,-0.000787022231797706,0.0230386191152451,0.0393880041419301,1000
sp13,190,predation.predPrey.sizeRatio.teta.sp13.stage1,-0.000354764740930751,0.0299486457883853,0.0477491972707039,1000
sp13,191,predation.predPrey.sizeRatio.alpha.sp13.stage1,0.0180728256723943,0.228839208423553,0.313273462898105,1000
sp13,192,predation.predPrey.sizeRatio.teta.sp14.stage1,3.36978075497816e-05,0.0204301390961267,0.0324473133432246,1000
sp13,193,predation.predPrey.sizeRatio.alpha.sp14.stage1,0.000989993206229416,0.021927573471943,0.0369965790064362,1000
sp13,194,predation.predPrey.sizeRatio.teta.sp15.stage1,-0.000629560268434324,0.021238010394498,0.0355890492940332,1000
sp13,195,predation.predPrey.sizeRatio.alpha.sp15.stage1,-8.46514798196859e-06,0.0195691312298043,0.0312000968904267,1000
sp14,1,mortality.additional.rate.sp0,5.86164564383727e-05,0.00810901234624069,0.0108364031748559,1000
sp14,2,mortality.additional.rate.sp1,0.000303286719549065,0.00793006707669453,0.0109888984991988,1000
sp14,3,mortality.additional.rate.sp2,0.000505791400854271,0.00887981527778332,0.0118356063937903,1000
sp14,4,mortality.additional.rate.sp3,0.000281762016201122,0.00838551773722486,0.0112808724570933,1000
sp14,5,mortality.additional.rate.sp4,0.000155667438258589,0.00809060943709466,0.011065411960738,1000
sp14,6,mortality.additional.rate.sp5,0.000620200476400769,0.00871227585380268,0.0116980860221675,1000
sp14,7,mortality.additional.rate.sp6,-0.000149729165612523,0.00766529947774792,0.0102702174585702,1000
sp14,8,mortality.additional.rate.sp7,0.000184543788497243,0.00817349323496107,0.0109882357044633,1000
sp14,9,mortality.additional.rate.sp8,0.000612463322423648,0.00771253299124149,0.0102157454120756,1000
sp14,10,mortality.additional.rate.sp9,8.98768423938505e-05,0.00796343282988524,0.0105782676173568,1000
sp14,11,mortality.additional.rate.sp10,0.000515122411397432,0.00760380936896947,0.0102225319350392,1000
sp14,12,mortality.additional.rate.sp11,-0.000321952900150044,0.00794491632178552,0.010457850683116,1000
sp14,13,mortality.additional.rate.sp12,7.45220389686356e-05,0.00820923422203758,0.0110422807268767,1000
sp14,14,mortality.additional.rate.sp13,-0.000287139314171164,0.00810547530609677,0.0109920307983694,1000
sp14,15,mortality.additional.rate.sp14,-0.000599508589269952,0.00971713321926962,0.0129486748495568,1000
sp14,16,mortality.additional.rate.sp15,8.7364447326666e-05,0.00812640871856707,0.0109545559942843,1000
sp14,17,fisheries.rate.base.fsh0,-0.00556112527353026,0.1740487106039,0.193256967714572,1000
sp14,18,fisheries.rate.base.fsh1,0.00029404274418878,0.00927734368800337,0.0120434680826054,1000
sp14,19,fisheries.rate.base.fsh2,0.000494978911379977,0.00811507678241357,0.0109389041434438,1000
sp14,20,fisheries.rate.base.fsh3,-0.000573733327526694,0.0205623611167445,0.0247215550319989,1000
sp14,21,species.catchability.fsh0.sp0,0.000254604590363983,0.0107710088857629,0.0150298408334654,1000
sp14,22,species.catchability.fsh0.sp1,-0.000259717729749051,0.00822539558025418,0.0110506044879094,1000
sp14,23,species.catchability.fsh0.sp2,7.60353746860522e-05,0.00832768649097985,0.0113880610757901,1000
sp14,24,species.catchability.fsh0.sp3,0.00019543621309672,0.00893039376174901,0.0120100209732174,1000
sp14,25,species.catchability.fsh0.sp5,0.000344177203306389,0.0079430217851955,0.0107889425225333,1000
sp14,26,species.catchability.fsh0.sp7,-0.000243795989203734,0.00805354671685237,0.0108068782835756,1000
sp14,27,species.catchability.fsh0.sp8,0.000260166828659879,0.00839368824161387,0.0114093696470417,1000
sp14,28,species.catchability.fsh0.sp9,-0.000510314054856942,0.0081810711515172,0.0109044669601419,1000
sp14,29,species.catchability.fsh0.sp10,-5.89291935850833e-05,0.00856502524725526,0.0115911766491297,1000
sp14,30,species.catchability.fsh0.sp13,-0.000479740105213894,0.00802674234353029,0.0107780815886343,1000
sp14,31,species.catchability.fsh0.sp14,0.00253003781747382,0.167550421519245,0.185147614832517,1000
sp14,32,species.catchability.fsh0.sp15,-0.000440575377846636,0.00801009523902826,0.0105150524800127,1000
sp14,33,species.catchability.fsh1.sp9,-7.93062165513671e-05,0.00796827979176132,0.010885749828585,1000
sp14,34,species.catchability.fsh1.sp10,-2.79511181947819e-05,0.00793897106268733,0.0104215335387774,1000
sp14,35,species.catchability.fsh1.sp11,0.000349245716498258,0.00790797093887862,0.0104483793642264,1000
sp14,36,species.catchability.fsh1.sp12,-7.65053508361645e-05,0.00802674577493681,0.0108436280451545,1000
sp14,37,species.catchability.fsh2.sp0,-0.00075261888204833,0.00805648231208404,0.0108005131514417,1000
sp14,38,species.catchability.fsh2.sp5,-3.62362628571598e-05,0.00803460124077504,0.0109519231473541,1000
sp14,39,species.catchability.fsh2.sp7,-0.000232405289587589,0.00782387315279401,0.0106708462452183,1000
sp14,40,species.catchability.fsh2.sp8,0.000133804227990581,0.00775798469713478,0.010383160763908,1000
sp14,41,species.catchability.fsh3.sp0,0.000506872544025557,0.00807635217105863,0.0108181969461963,1000
sp14,42,species.catchability.fsh3.sp1,-0.000784304669027762,0.00796160147255464,0.0105187206996262,1000
sp14,43,species.catchability.fsh3.sp2,0.000176494506042793,0.00776718117549976,0.010455637966537,1000
sp14,44,species.catchability.fsh3.sp3,-0.000343695873856703,0.00804269684300471,0.0110435443535112,1000
sp14,45,species.catchability.fsh3.sp5,-0.000437756378406758,0.00791849244204777,0.0106241030692701,1000
sp14,46,species.catchability.fsh3.sp7,3.54064140859975e-05,0.00782936229624597,0.0105143824514599,1000
sp14,47,species.catchability.fsh3.sp8,-6.97223087024555e-06,0.00803906888127733,0.0105585019649772,1000
sp14,48,species.catchability.fsh3.sp9,-0.000357060736285174,0.00810434354211823,0.011119111625424,1000
sp14,49,species.catchability.fsh3.sp10,-0.000205948541930542,0.00794273788940267,0.0106255479823886,1000
sp14,50,species.catchability.fsh3.sp11,-2.92219943051501e-05,0.00786625027407803,0.0108053405739697,1000
sp14,51,species.catchability.fsh3.sp12,0.00035603444170142,0.0076190154435441,0.0102885036578538,1000
sp14,52,species.catchability.fsh3.sp13,0.000291538628229066,0.00798994421579919,0.0108691178257381,1000
sp14,53,species.catchability.fsh3.sp14,0.000189751838463674,0.0198091069408177,0.0241911124716942,1000
sp14,54,species.catchability.fsh3.sp15,0.000174161916318651,0.00828773239832572,0.0113108181654846,1000
sp14,55,species.length2weight.condition.factor.sp0,0.000315039119068327,0.0137149326982737,0.0193272937142889,1000
sp14,56,species.length2weight.condition.factor.sp1,-0.0003209290125505,0.007999520950053,0.0105969250732789,1000
sp14,57,species.length2weight.condition.factor.sp2,-0.000316902177609287,0.00893667096717316,0.0123265891555332,1000
sp14,58,species.length2weight.condition.factor.sp3,0.000428841349942009,0.00918777888560222,0.0123826552412548,1000
sp14,59,species.length2weight.condition.factor.sp4,-0.000171531758344607,0.00840209505460171,0.0112193000260857,1000
sp14,60,species.length2weight.condition.factor.sp5,-0.000262353832818147,0.00768285847507868,0.0102015368328932,1000
sp14,61,species.length2weight.condition.factor.sp6,0.000189200340890836,0.00790322235117497,0.0107467266841841,1000
sp14,62,species.length2weight.condition.factor.sp7,3.95120922314366e-05,0.00797028927308705,0.0106718959861511,1000
sp14,63,species.length2weight.condition.factor.sp8,0.000621643146589637,0.00816432924449026,0.0107686162114458,1000
sp14,64,species.length2weight.condition.factor.sp9,0.000149795503617667,0.00844052694572758,0.0115202278111845,1000
sp14,65,species.length2weight.condition.factor.sp10,3.6715023343459e-05,0.00801466865194978,0.0106662574089153,1000
sp14,66,species.length2weight.condition.factor.sp11,0.000711948009859368,0.00776833243797349,0.0103711615586475,1000
sp14,67,species.length2weight.condition.factor.sp12,-2.00146889220924e-05,0.00802514512068212,0.010758247973966,1000
sp14,68,species.length2weight.condition.factor.sp13,0.000141523164173905,0.00837222526779545,0.0112205814556806,1000
sp14,69,species.length2weight.condition.factor.sp14,-0.00279004247278634,0.0434844560671596,0.0524380829806324,1000
sp14,70,species.length2weight.condition.factor.sp15,-0.000276989442773107,0.00788013779704992,0.0103704562418055,1000
sp14,71,species.k.sp0,-0.000963977255508251,0.0291416042001204,0.0453625131081415,1000
sp14,72,species.k.sp1,0.000327075932659828,0.00843701408860083,0.011420928196103,1000
sp14,73,species.k.sp2,0.000289432562842724,0.0133695990616802,0.0178122795394717,1000
sp14,74,species.k.sp3,-6.98902741237056e-05,0.0133640264378662,0.0182832928888193,1000
sp14,75,species.k.sp4,-0.000763118568251093,0.023732204726391,0.0282596655405306,1000
sp14,76,species.k.sp5,-9.50030444282304e-05,0.00898231290978201,0.0119517444350572,1000
sp14,77,species.k.sp6,0.000393590128656467,0.0106601696962245,0.0135875560772894,1000
sp14,78,species.k.sp7,0.000166581997146614,0.00819390218764718,0.011102520602675,1000
sp14,79,species.k.sp8,1.02250548941511e-05,0.00989863093330778,0.0131689095638055,1000
sp14,80,species.k.sp9,-0.000193968781392899,0.0104530502003411,0.0138850737379708,1000
sp14,81,species.k.sp10,0.000329424959391793,0.00821017188125676,0.0109174763861544,1000
sp14,82,species.k.sp11,-8.07989744454203e-05,0.00803962145346529,0.0107773391964898,1000
sp14,83,species.k.sp12,0.000111524858415628,0.00842304941119984,0.0115377747283087,1000
sp14,84,species.k.sp13,-0.00029084050789502,0.0197587574274376,0.0265043381962968,1000
sp14,85,species.k.sp14,-0.00251829071495762,0.182122495710081,0.193031353138846,1000
sp14,86,species.k.sp15,0.000682786036912391,0.00792641768497926,0.0107687872360743,1000
sp14,87,species.l0.sp0,-0.000125383374427564,0.0111747601434726,0.0161357045933082,1000
sp14,88,species.l0.sp1,-0.000130618491412557,0.00805719887727339,0.0106830552359337,1000
sp14,89,species.l0.sp2,-8.21498862770557e-05,0.0122394926605604,0.0162740360766082,1000
sp14,90,species.l0.sp3,-3.01911024223732e-05,0.00949540182543758,0.013163495080193,1000
sp14,91,species.l0.sp4,-0.000452365562805219,0.0153527674746214,0.0192818972615605,1000
sp14,92,species.l0.sp5,-0.000312278388392231,0.00815480660989037,0.0110895179464043,1000
sp14,93,species.l0.sp6,-0.00089825343816766,0.00908551881301197,0.0119109695581189,1000
sp14,94,species.l0.sp7,0.000124841957090641,0.00805526176289957,0.0108352130210356,1000
sp14,95,species.l0.sp8,0.000184524481257335,0.00796828720365037,0.0108275261127081,1000
sp14,96,species.l0.sp9,-0.000447493231678823,0.00888637818111588,0.0116422229506074,1000
sp14,97,species.l0.sp10,-3.07783243664243e-05,0.00894540227258756,0.0121016929440391,1000
sp14,98,species.l0.sp11,-8.29537083554595e-05,0.00789909264713748,0.0104830175122751,1000
sp14,99,species.l0.sp12,-0.000320169832852483,0.008078500846742,0.0109526958636361,1000
sp14,100,species.l0.sp13,1.57771352104196e-05,0.00806988912815544,0.0110389031039459,1000
sp14,101,species.l0.sp14,0.000675291214289085,0.00810080074316862,0.010649338749964,1000
sp14,102,species.l0.sp15,-0.000184740127817803,0.00779123933855236,0.0103435961045633,1000
sp14,103,mortality.additional.larva.rate.sp0,0.00129612528427592,0.032002694533066,0.0506870615674675,1000
sp14,104,mortality.additional.larva.rate.sp1,-0.000749319074927002,0.00818783075921468,0.0111503856824566,1000
sp14,105,mortality.additional.larva.rate.sp2,0.000652232260038101,0.0392969700802431,0.0516707881446836,1000
sp14,106,mortality.additional.larva.rate.sp3,0.000853922875757172,0.031427487483014,0.045239120482048,1000
sp14,107,mortality.additional.larva.rate.sp4,-4.48786122345125e-05,0.00795841164191013,0.0105029479641854,1000
sp14,108,mortality.additional.larva.rate.sp5,0.000262025318799671,0.00832046600232825,0.0110935539068431,1000
sp14,109,mortality.additional.larva.rate.sp6,-0.000240712337333265,0.00804754686473089,0.010638567853167,1000
sp14,110,mortality.additional.larva.rate.sp9,-0.000672312922709092,0.0105202186676904,0.0138110424076536,1000
sp14,111,mortality.additional.larva.rate.sp10,4.79744939960571e-05,0.0103933161739394,0.0140415704509507,1000
sp14,112,mortality.additional.larva.rate.sp11,4.96051513399033e-06,0.00819094680772361,0.0109113971848074,1000
sp14,113,mortality.additional.larva.rate.sp12,0.000233770169680067,0.00866354897857095,0.0114457566919146,1000
sp14,114,mortality.additional.larva.rate.sp13,0.000376188206538214,0.00815955120927362,0.0108607298552353,1000
sp14,115,mortality.additional.larva.rate.sp14,0.00275464959479624,0.0880107240380099,0.105892727297341,1000
sp14,116,mortality.additional.larva.rate.sp15,-0.00050287639656597,0.0083070697444311,0.0112749946485689,1000
sp14,117,mortality.additional.larva.rate.mean.sp7,0.000416206087510378,0.007696648093928,0.0104058164008135,1000
sp14,118,mortality.additional.larva.rate.mean.sp8,-0.000533707338108217,0.00819767899299204,0.0110198745797362,1000
sp14,119,species.linf.sp0,-0.00393704510751283,0.0330096977737058,0.0523329373152539,1000
sp14,120,species.linf.sp1,0.000180329195325984,0.00958673532730265,0.0127799218984899,1000
sp14,121,species.linf.sp2,4.24751406440004e-05,0.0333880774292617,0.0444142629924895,1000
sp14,122,species.linf.sp3,0.000324929457817272,0.0261605973985002,0.03505393790898,1000
sp14,123,species.linf.sp4,-0.0002454672494243,0.0615400578745616,0.0692272078024658,1000
sp14,124,species.linf.sp5,0.000429680619221386,0.0130244891251759,0.0176720389686818,1000
sp14,125,species.linf.sp6,-0.000293310510757665,0.0218319107277895,0.0256124332933883,1000
sp14,126,species.linf.sp7,-0.000222369616671227,0.00838543461311676,0.0113090144359922,1000
sp14,127,species.linf.sp8,0.000709730440891241,0.0185406130176329,0.0229068132195597,1000
sp14,128,species.linf.sp9,-0.000572400522404343,0.0225109659694236,0.0277007089650515,1000
sp14,129,species.linf.sp10,0.00017004764284623,0.0115009558878934,0.015694995184004,1000
sp14,130,species.linf.sp11,-0.000394667922148906,0.00859397749965072,0.0112317205290581,1000
sp14,131,species.linf.sp12,-0.000531140609083186,0.010407622243675,0.0136462904150666,1000
sp14,132,species.linf.sp13,-2.71353527703523e-05,0.0135649115867544,0.017862768885856,1000
sp14,133,species.linf.sp14,-0.0188231830501746,0.531748947389704,0.552745037175172,1000
sp14,134,species.linf.sp15,-0.000230739100452656,0.00850353691954671,0.0113472115839116,1000
sp14,135,species.accessibility2fish.sp16,-0.000145331729525258,0.0081374873063079,0.0107904379352603,1000
sp14,136,species.accessibility2fish.sp17,0.000423322390486274,0.00803078155583115,0.0105485052621968,1000
sp14,137,species.accessibility2fish.sp18,8.40181170473475e-05,0.00810961693444284,0.0108716862010426,1000
sp14,138,species.accessibility2fish.sp19,0.000108150429893131,0.0080694184695665,0.010619072723097,1000
sp14,139,species.accessibility2fish.sp20,0.000229843573018801,0.00822627537378649,0.0112289342229849,1000
sp14,140,species.accessibility2fish.sp21,-0.00030460073669414,0.00876928509879012,0.0120737247265641,1000
sp14,141,species.accessibility2fish.sp22,-0.000347949154234284,0.0221048208857324,0.0367138735722341,1000
sp14,142,species.accessibility2fish.sp23,-0.00127544019147289,0.0264451652665935,0.0305657873338982,1000
sp14,143,species.accessibility2fish.sp24,-0.0029902051437501,0.121882087753472,0.138890378808155,1000
sp14,144,species.accessibility2fish.sp25,-0.000535656112812893,0.00793523892390794,0.0105589485800437,1000
sp14,145,species.accessibility2fish.sp26,-9.78714957558661e-05,0.00819763776766694,0.0109207292363106,1000
sp14,146,species.maturity.size.ratio.sp0,0.00183801639292502,0.0310319926458027,0.0501250347971711,1000
sp14,147,species.maturity.size.ratio.sp1,0.000735341706791122,0.00764104414497725,0.00991527528699708,1000
sp14,148,species.maturity.size.ratio.sp2,0.000600421715181634,0.00800309944319778,0.0108633983666626,1000
sp14,149,species.maturity.size.ratio.sp3,-0.000282774313427254,0.00771035747298773,0.0104757297629771,1000
sp14,150,species.maturity.size.ratio.sp4,-3.37036327496238e-05,0.00842326143250466,0.011141736989047,1000
sp14,151,species.maturity.size.ratio.sp5,-0.000166575045803956,0.00777961245988254,0.0102310627439098,1000
sp14,152,species.maturity.size.ratio.sp6,-0.000266204873728637,0.00873651900867674,0.0116533361783857,1000
sp14,153,species.maturity.size.ratio.sp7,0.000391311462510155,0.00764743254033362,0.0101673827883109,1000
sp14,154,species.maturity.size.ratio.sp8,-0.00029125023862719,0.00791505358951185,0.0106450987110017,1000
sp14,155,species.maturity.size.ratio.sp9,-0.000244745512701761,0.00830438071201849,0.0109413199980111,1000
sp14,156,species.maturity.size.ratio.sp10,8.45329811096883e-05,0.00831801738059478,0.0114040165112799,1000
sp14,157,species.maturity.size.ratio.sp11,0.000436924657410134,0.00866785824149843,0.0115300208679604,1000
sp14,158,species.maturity.size.ratio.sp12,-5.35709839093153e-05,0.00836886681966688,0.011694846169594,1000
sp14,159,species.maturity.size.ratio.sp13,-0.00108769649519274,0.0244540661803286,0.0320718768591046,1000
sp14,160,species.maturity.size.ratio.sp14,-0.000320814940558239,0.0159742232962029,0.0216816511746371,1000
sp14,161,species.maturity.size.ratio.sp15,6.9803241612925e-05,0.00776401503239531,0.0104371674288706,1000
sp14,162,predation.predPrey.sizeRatio.teta.sp0.stage1,-2.29750899969964e-05,0.00782182842484138,0.0106178869333074,1000
sp14,163,predation.predPrey.sizeRatio.alpha.sp0.stage1,0.000539867870911716,0.0110959414496754,0.0157324768341839,1000
sp14,164,predation.predPrey.sizeRatio.teta.sp1.stage1,-0.000375503936151145,0.00780946626665308,0.010393654309719,1000
sp14,165,predation.predPrey.sizeRatio.alpha.sp1.stage1,-7.88858847623555e-05,0.00824821436988229,0.010930294605477,1000
sp14,166,predation.predPrey.sizeRatio.teta.sp2.stage1,-0.000125974542043757,0.008105298751271,0.010990502292579,1000
sp14,167,predation.predPrey.sizeRatio.alpha.sp2.stage1,0.000166649297907324,0.0109304498742787,0.0155366932358603,1000
sp14,168,predation.predPrey.sizeRatio.teta.sp3.stage1,0.000143253880688798,0.00868937104064915,0.0118143543303225,1000
sp14,169,predation.predPrey.sizeRatio.alpha.sp3.stage1,-0.00178689827162168,0.017748205223363,0.0238095786729266,1000
sp14,170,predation.predPrey.sizeRatio.teta.sp4.stage1,-0.000144625923214754,0.00817771662818487,0.0109665144778151,1000
sp14,171,predation.predPrey.sizeRatio.alpha.sp4.stage1,-0.00115165823099096,0.015239472216505,0.0199178498810756,1000
sp14,172,predation.predPrey.sizeRatio.teta.sp5.stage1,-0.000589908395082711,0.00831198370917383,0.0111645066282004,1000
sp14,173,predation.predPrey.sizeRatio.teta.sp5.stage2,0.000154665612077369,0.00900308020700016,0.012531339011388,1000
sp14,174,predation.predPrey.sizeRatio.alpha.sp5.stage1,0.000364676674332308,0.00799592277891103,0.0108151923755094,1000
sp14,175,predation.predPrey.sizeRatio.alpha.sp5.stage2,-4.52499408100114e-05,0.00859075210346417,0.0118214019247928,1000
sp14,176,predation.predPrey.sizeRatio.teta.sp6.stage1,-0.000452070640128691,0.00852557762425617,0.0113656951261617,1000
sp14,177,predation.predPrey.sizeRatio.alpha.sp6.stage1,0.000645800418713179,0.00956062868109272,0.0125857500810359,1000
sp14,178,predation.predPrey.sizeRatio.teta.sp7.stage1,0.000512532336296504,0.00771931740787905,0.0103294780653907,1000
sp14,179,predation.predPrey.sizeRatio.alpha.sp7.stage1,0.000582135658039345,0.00837645996612257,0.0111100977555551,1000
sp14,180,predation.predPrey.sizeRatio.teta.sp8.stage1,-8.18834399759878e-05,0.00814154619975227,0.0108423281067473,1000
sp14,181,predation.predPrey.sizeRatio.alpha.sp8.stage1,8.49594316006241e-05,0.0129739761670776,0.0166959587686839,1000
sp14,182,predation.predPrey.sizeRatio.teta.sp9.stage1,0.000392128626260652,0.00868522477111529,0.0115594603225916,1000
sp14,183,predation.predPrey.sizeRatio.alpha.sp9.stage1,0.000198697721836069,0.0158303305651705,0.0208218521105154,1000
sp14,184,predation.predPrey.sizeRatio.teta.sp10.stage1,0.000316899076090736,0.00788940647657501,0.0105133854801712,1000
sp14,185,predation.predPrey.sizeRatio.alpha.sp10.stage1,0.000313656341058667,0.00864728897071106,0.0116468232529458,1000
sp14,186,predation.predPrey.sizeRatio.teta.sp11.stage1,-0.000348580269472191,0.00819855917962213,0.0106986047183138,1000
sp14,187,predation.predPrey.sizeRatio.alpha.sp11.stage1,0.000156834993498094,0.00843300241009423,0.0111269694532507,1000
sp14,188,predation.predPrey.sizeRatio.teta.sp12.stage1,-0.000219848990992091,0.00799555551704803,0.0110156822545227,1000
sp14,189,predation.predPrey.sizeRatio.alpha.sp12.stage1,-0.00049529713437751,0.00890589468249389,0.0118980193679268,1000
sp14,190,predation.predPrey.sizeRatio.teta.sp13.stage1,-0.000319148443432192,0.00809664394987802,0.0107262992581024,1000
sp14,191,predation.predPrey.sizeRatio.alpha.sp13.stage1,0.000553013580772766,0.0126741275206068,0.0172325149557659,1000
sp14,192,predation.predPrey.sizeRatio.teta.sp14.stage1,-0.00158081487489092,0.0219737830621702,0.0278264022448059,1000
sp14,193,predation.predPrey.sizeRatio.alpha.sp14.stage1,0.00305236324109964,0.237766635304607,0.261325643279382,1000
sp14,194,predation.predPrey.sizeRatio.teta.sp15.stage1,0.000331858777601882,0.00811026874696305,0.0107097255955557,1000
sp14,195,predation.predPrey.sizeRatio.alpha.sp15.stage1,0.00035931842316283,0.0080317703580022,0.0105627684021992,1000
sp15,1,mortality.additional.rate.sp0,-4.26405823790932e-05,0.00163946487416069,0.00260157483292408,1000
sp15,2,mortality.additional.rate.sp1,-8.90868346146534e-05,0.00164868716111292,0.00276912241950269,1000
sp15,3,mortality.additional.rate.sp2,3.8677583688573e-05,0.00241612431387991,0.00424255836177246,1000
sp15,4,mortality.additional.rate.sp3,-0.000173919900941295,0.00243305135628353,0.0043863027290594,1000
sp15,5,mortality.additional.rate.sp4,-2.17410659572704e-05,0.00153408260663205,0.00243623159722098,1000
sp15,6,mortality.additional.rate.sp5,-5.11631025419029e-06,0.00213632156426687,0.00370655360500096,1000
sp15,7,mortality.additional.rate.sp6,-0.000186886755920205,0.00146218342890855,0.00214978971659465,1000
sp15,8,mortality.additional.rate.sp7,0.000102103027150774,0.0015962025040899,0.0025382678212568,1000
sp15,9,mortality.additional.rate.sp8,3.17265202818924e-05,0.00162716603695378,0.00255610686682951,1000
sp15,10,mortality.additional.rate.sp9,0.000130976763339327,0.00166471521462097,0.00283064015910156,1000
sp15,11,mortality.additional.rate.sp10,-1.18053929202479e-05,0.00163891852091791,0.00274153769102772,1000
sp15,12,mortality.additional.rate.sp11,-3.27158104266167e-05,0.00158214952190739,0.00246502934258787,1000
sp15,13,mortality.additional.rate.sp12,8.61588744820094e-05,0.00168222726229746,0.00287611456602347,1000
sp15,14,mortality.additional.rate.sp13,2.38374392313594e-05,0.00157888617025465,0.00256263787797605,1000
sp15,15,mortality.additional.rate.sp14,-2.04242388807366e-05,0.00157608796510131,0.00255577683730448,1000
sp15,16,mortality.additional.rate.sp15,0.00119019125002103,0.0391391333130048,0.0469339532070839,1000
sp15,17,fisheries.rate.base.fsh0,-0.00483576786595437,0.0947776867569144,0.106142798111094,1000
sp15,18,fisheries.rate.base.fsh1,2.75241694774248e-05,0.001823150014326,0.00301664322884659,1000
sp15,19,fisheries.rate.base.fsh2,3.2136792712501e-05,0.0016318441954669,0.00269919056338034,1000
sp15,20,fisheries.rate.base.fsh3,-0.00154877550441316,0.159770538733192,0.175497764027423,1000
sp15,21,species.catchability.fsh0.sp0,-0.000124062149567775,0.00250791973090861,0.00593457016854993,1000
sp15,22,species.catchability.fsh0.sp1,-1.95294177295759e-05,0.00164709862722472,0.00275969080473525,1000
sp15,23,species.catchability.fsh0.sp2,-2.60794895581349e-05,0.00156909538066495,0.00238886617165309,1000
sp15,24,species.catchability.fsh0.sp3,-9.22039011894114e-05,0.00271476897705826,0.00471969893725208,1000
sp15,25,species.catchability.fsh0.sp5,-6.26844947176735e-05,0.00184955079740674,0.00368521079409058,1000
sp15,26,species.catchability.fsh0.sp7,-0.000144453369716637,0.00155416809359656,0.00253864515164512,1000
sp15,27,species.catchability.fsh0.sp8,0.000231509023044247,0.00364517046549756,0.00565572252965967,1000
sp15,28,species.catchability.fsh0.sp9,-0.00010441163158016,0.0014903940888666,0.00231137375669256,1000
sp15,29,species.catchability.fsh0.sp10,-4.48593984101387e-05,0.00156100657676562,0.00245612339038678,1000
sp15,30,species.catchability.fsh0.sp13,0.00014691910789608,0.00159271448366287,0.00270270545793631,1000
sp15,31,species.catchability.fsh0.sp14,6.67356163998248e-06,0.00149287106593119,0.00234603218799685,1000
sp15,32,species.catchability.fsh0.sp15,0.000734067155509146,0.0872400042484174,0.0965140209347451,1000
sp15,33,species.catchability.fsh1.sp9,0.000122532750389916,0.0016147442423578,0.00268938415358377,1000
sp15,34,species.catchability.fsh1.sp10,1.54464513143867e-05,0.0016309998114639,0.00263438917772684,1000
sp15,35,species.catchability.fsh1.sp11,-2.4555479271111e-06,0.00161038188159965,0.00263589878625975,1000
sp15,36,species.catchability.fsh1.sp12,-0.000183349759716204,0.00163879200228775,0.00255276121089849,1000
sp15,37,species.catchability.fsh2.sp0,0.000106840375571376,0.00155741300667813,0.00245869691831137,1000
sp15,38,species.catchability.fsh2.sp5,-9.94752705003619e-05,0.00153028559212819,0.00281239207876869,1000
sp15,39,species.catchability.fsh2.sp7,6.55771295862278e-05,0.00157730633715297,0.00264263860628756,1000
sp15,40,species.catchability.fsh2.sp8,2.52166588667501e-06,0.00162910782993152,0.00268511323247181,1000
sp15,41,species.catchability.fsh3.sp0,9.69241313506872e-05,0.00165641075774987,0.0026832065479945,1000
sp15,42,species.catchability.fsh3.sp1,6.25141265978325e-05,0.00162548959511276,0.00267035111214015,1000
sp15,43,species.catchability.fsh3.sp2,-8.7458749634701e-05,0.00161847865212755,0.00274068710259299,1000
sp15,44,species.catchability.fsh3.sp3,-6.01439655936427e-05,0.00155843651201124,0.00242880270333038,1000
sp15,45,species.catchability.fsh3.sp5,-1.9827789424546e-05,0.00156455794717827,0.00253882436035799,1000
sp15,46,species.catchability.fsh3.sp7,-0.000110028681331002,0.00163334243906419,0.00278501998181293,1000
sp15,47,species.catchability.fsh3.sp8,-3.4335617527502e-05,0.00161177635210405,0.00246785452780783,1000
sp15,48,species.catchability.fsh3.sp9,0.000245505789087438,0.00167129132048911,0.00295579826180571,1000
sp15,49,species.catchability.fsh3.sp10,-5.4757053169456e-05,0.00165072335974732,0.00274966306930077,1000
sp15,50,species.catchability.fsh3.sp11,9.89345101951639e-05,0.00157298917200237,0.00258556272455802,1000
sp15,51,species.catchability.fsh3.sp12,9.41793814878366e-05,0.0015994143355762,0.00269959788036425,1000
sp15,52,species.catchability.fsh3.sp13,0.000226573939052069,0.0015738562037639,0.00293647486636555,1000
sp15,53,species.catchability.fsh3.sp14,0.000119327169663422,0.00158426333486039,0.00260846709172499,1000
sp15,54,species.catchability.fsh3.sp15,-0.00548755247388248,0.154502894939562,0.167043960908241,1000
sp15,55,species.length2weight.condition.factor.sp0,-4.38706480609196e-05,0.00334653855112106,0.00963411831402697,1000
sp15,56,species.length2weight.condition.factor.sp1,-2.53014856784906e-06,0.00161700163622525,0.00283847958877331,1000
sp15,57,species.length2weight.condition.factor.sp2,-5.61436207204253e-05,0.0024335678623636,0.00514266240322227,1000
sp15,58,species.length2weight.condition.factor.sp3,-0.00014837264776716,0.00332008987113283,0.00564583104234715,1000
sp15,59,species.length2weight.condition.factor.sp4,6.89939010426281e-05,0.00199416797661509,0.00316522806834289,1000
sp15,60,species.length2weight.condition.factor.sp5,-3.9093780994919e-05,0.00148694004660496,0.00228124987537547,1000
sp15,61,species.length2weight.condition.factor.sp6,-7.35122439419874e-05,0.00166257614805453,0.0028313207237078,1000
sp15,62,species.length2weight.condition.factor.sp7,3.05488349894905e-05,0.00156774689068125,0.00259782455406003,1000
sp15,63,species.length2weight.condition.factor.sp8,0.000186599587755355,0.00156742499589771,0.00251264996585977,1000
sp15,64,species.length2weight.condition.factor.sp9,-0.000117736274564481,0.00165246681798949,0.0026297379854869,1000
sp15,65,species.length2weight.condition.factor.sp10,1.3115959485038e-05,0.00165062665053476,0.00261229862791719,1000
sp15,66,species.length2weight.condition.factor.sp11,2.80358350754615e-05,0.00159563753618852,0.00259828116503983,1000
sp15,67,species.length2weight.condition.factor.sp12,9.69680956880316e-07,0.00160067062127227,0.00274201665762956,1000
sp15,68,species.length2weight.condition.factor.sp13,-0.000114495496217263,0.00162294765514726,0.00257263109626757,1000
sp15,69,species.length2weight.condition.factor.sp14,0.000200754033071264,0.0020196494725727,0.00330569854748898,1000
sp15,70,species.length2weight.condition.factor.sp15,-0.00420891793633433,0.270259823955201,0.396523901682668,1000
sp15,71,species.k.sp0,0.000880576017603621,0.00819567087662989,0.0294719909107058,1000
sp15,72,species.k.sp1,-2.66452173896625e-05,0.00183349289909224,0.00311227145787209,1000
sp15,73,species.k.sp2,-0.000522771154663159,0.00547073079054236,0.0100818117968865,1000
sp15,74,species.k.sp3,0.000455858926486241,0.0085781358503535,0.0159012053621622,1000
sp15,75,species.k.sp4,4.82927855343148e-05,0.00316220432510185,0.00565185969519097,1000
sp15,76,species.k.sp5,0.000439801673017674,0.00265563094392867,0.00593194579031102,1000
sp15,77,species.k.sp6,8.21930961828518e-05,0.00174509664247737,0.00286755029341174,1000
sp15,78,species.k.sp7,9.38422495218186e-05,0.0016308607161058,0.00278880738179116,1000
sp15,79,species.k.sp8,-0.000425613484800627,0.00801107739260173,0.0143885468051761,1000
sp15,80,species.k.sp9,-0.000307604833640635,0.00205952712394656,0.00343275969590265,1000
sp15,81,species.k.sp10,-0.000154582178512677,0.00192413795055149,0.00333012002906623,1000
sp15,82,species.k.sp11,-0.00014623504182783,0.00166636372125541,0.00255568890057633,1000
sp15,83,species.k.sp12,-1.17309426623859e-05,0.00171375599719957,0.00292427414847289,1000
sp15,84,species.k.sp13,-0.000282255466928279,0.00364210416337554,0.00684823080566295,1000
sp15,85,species.k.sp14,0.000110405108651079,0.00342871221520688,0.00590427637626413,1000
sp15,86,species.k.sp15,-0.012494358457529,0.449987843667334,0.690349907763533,1000
sp15,87,species.l0.sp0,0.00016845625604489,0.00207384317657341,0.003623743700918,1000
sp15,88,species.l0.sp1,-0.000124132111574827,0.00173296153751324,0.00308891604615548,1000
sp15,89,species.l0.sp2,-7.19089504347599e-05,0.00427263404957469,0.00783931984884317,1000
sp15,90,species.l0.sp3,2.55984651791288e-05,0.00323545488260902,0.00593865580428649,1000
sp15,91,species.l0.sp4,0.00019013955628446,0.00325333460545506,0.00513063147800611,1000
sp15,92,species.l0.sp5,-0.000178490542967638,0.00154348024640219,0.00255281632282117,1000
sp15,93,species.l0.sp6,-1.95395709808934e-05,0.00168887493273848,0.00274528675085809,1000
sp15,94,species.l0.sp7,-0.000110604638986338,0.00154630452715081,0.00246532324990457,1000
sp15,95,species.l0.sp8,6.65731057093187e-06,0.00201583212989772,0.00350513791870347,1000
sp15,96,species.l0.sp9,-0.00017760768717078,0.00200909035713625,0.00364273431160973,1000
sp15,97,species.l0.sp10,5.98288699335828e-05,0.00239930759866518,0.00494947960704944,1000
sp15,98,species.l0.sp11,-9.1526287684213e-05,0.00160766517154284,0.00263095255213801,1000
sp15,99,species.l0.sp12,1.42953763620485e-05,0.00168152743395243,0.00300916087563487,1000
sp15,100,species.l0.sp13,-3.37172159590247e-05,0.00154448675582061,0.00264037590264996,1000
sp15,101,species.l0.sp14,-7.00934825251788e-05,0.00157946054432945,0.00276721870089608,1000
sp15,102,species.l0.sp15,-0.00511227792233111,0.0988996540651411,0.177884950908053,1000
sp15,103,mortality.additional.larva.rate.sp0,0.000115850575043206,0.00687825825838999,0.023090213450419,1000
sp15,104,mortality.additional.larva.rate.sp1,9.51826087737106e-05,0.00172285237373859,0.00308601729779193,1000
sp15,105,mortality.additional.larva.rate.sp2,0.00139186877214238,0.0135513759953767,0.0256853344815183,1000
sp15,106,mortality.additional.larva.rate.sp3,0.00103122995418594,0.0197082846285697,0.0362932149194437,1000
sp15,107,mortality.additional.larva.rate.sp4,-9.73132976192084e-05,0.00153912910240976,0.00236265342673747,1000
sp15,108,mortality.additional.larva.rate.sp5,6.55163358727963e-05,0.00154249167724749,0.00245751204535999,1000
sp15,109,mortality.additional.larva.rate.sp6,7.57079498934194e-05,0.00152836644228667,0.0024438073475988,1000
sp15,110,mortality.additional.larva.rate.sp9,-0.000262588613903421,0.00341032207422255,0.00604880855523647,1000
sp15,111,mortality.additional.larva.rate.sp10,0.000132032769322387,0.00328387042009895,0.00587751626471199,1000
sp15,112,mortality.additional.larva.rate.sp11,-8.9691204701782e-06,0.0015729512275576,0.00253233620996316,1000
sp15,113,mortality.additional.larva.rate.sp12,0.000138727889073548,0.00208904375527414,0.0033721821552608,1000
sp15,114,mortality.additional.larva.rate.sp13,0.000101925380089215,0.00152685920730617,0.00241216392870373,1000
sp15,115,mortality.additional.larva.rate.sp14,-0.000152995811129542,0.00300926668074859,0.00530491323226601,1000
sp15,116,mortality.additional.larva.rate.sp15,0.0106784166436777,0.710351195835422,0.952824332700268,1000
sp15,117,mortality.additional.larva.rate.mean.sp7,3.907061463586e-05,0.00159838895331503,0.00269952568850534,1000
sp15,118,mortality.additional.larva.rate.mean.sp8,-4.39210962350247e-06,0.0023098527737297,0.00401809382064598,1000
sp15,119,species.linf.sp0,-0.00201273054420259,0.0078111783761295,0.0253268169006255,1000
sp15,120,species.linf.sp1,-0.000163130349734869,0.00248130296096755,0.00407829482295709,1000
sp15,121,species.linf.sp2,0.000665833043043737,0.0161770152554417,0.0297340257075212,1000
sp15,122,species.linf.sp3,-0.00186376625557862,0.0202650595453292,0.0379445072504015,1000
sp15,123,species.linf.sp4,0.000224036562438007,0.00592013581568185,0.0104594599282736,1000
sp15,124,species.linf.sp5,2.17184732831428e-06,0.00596007524666883,0.0108064322522592,1000
sp15,125,species.linf.sp6,5.18105072281917e-05,0.00180204614979257,0.00312175696499266,1000
sp15,126,species.linf.sp7,0.000200725260753247,0.00168895494314935,0.00290913304254569,1000
sp15,127,species.linf.sp8,-0.000341441577009934,0.0209139542097902,0.0295178231186631,1000
sp15,128,species.linf.sp9,-5.83122293433494e-05,0.00348542722854513,0.00591769248191555,1000
sp15,129,species.linf.sp10,0.00032378416772516,0.00342355198487697,0.00653251414240106,1000
sp15,130,species.linf.sp11,-0.000130736132672154,0.00225385289606531,0.00406780381673692,1000
sp15,131,species.linf.sp12,-0.000197199577819745,0.00280879794182281,0.00494780739874235,1000
sp15,132,species.linf.sp13,0.000147816443402972,0.00224104457169824,0.0037811553852358,1000
sp15,133,species.linf.sp14,0.00024394135930079,0.0114245790607489,0.0191982989521298,1000
sp15,134,species.linf.sp15,0.0613632295755096,0.889778456733183,1.17748407612119,1000
sp15,135,species.accessibility2fish.sp16,-3.76525281682913e-05,0.0016402713111259,0.00256957439164872,1000
sp15,136,species.accessibility2fish.sp17,7.13467744080873e-06,0.00155710909928329,0.00239651724001791,1000
sp15,137,species.accessibility2fish.sp18,-3.76722939284005e-05,0.00161992832292302,0.00261580816419487,1000
sp15,138,species.accessibility2fish.sp19,-6.24424058811056e-05,0.00163123175379097,0.00277039115872649,1000
sp15,139,species.accessibility2fish.sp20,-6.30680789279574e-05,0.00156429989768894,0.00239081759498917,1000
sp15,140,species.accessibility2fish.sp21,0.000104287955997002,0.00235921438112878,0.00441086011034929,1000
sp15,141,species.accessibility2fish.sp22,3.24122022191894e-05,0.00174633761773301,0.00288862126042199,1000
sp15,142,species.accessibility2fish.sp23,-2.12241047263158e-05,0.00208165153591863,0.00366614020327573,1000
sp15,143,species.accessibility2fish.sp24,-0.000888695377400927,0.0109525700114352,0.0152871172087326,1000
sp15,144,species.accessibility2fish.sp25,4.97871927954801e-05,0.00165130179063112,0.00272939183447482,1000
sp15,145,species.accessibility2fish.sp26,0.00014457259185159,0.00303087311875307,0.00651255212779834,1000
sp15,146,species.maturity.size.ratio.sp0,0.000317195489018574,0.00798991086157563,0.0260177991754561,1000
sp15,147,species.maturity.size.ratio.sp1,7.61865392625657e-05,0.00145621752855596,0.00248188332669369,1000
sp15,148,species.maturity.size.ratio.sp2,-6.85977401607748e-05,0.00168811474880727,0.00277309578340389,1000
sp15,149,species.maturity.size.ratio.sp3,8.91184436775494e-05,0.0018616183965912,0.00315455694781069,1000
sp15,150,species.maturity.size.ratio.sp4,-0.000209335585171337,0.00214052985642955,0.00364051473485622,1000
sp15,151,species.maturity.size.ratio.sp5,-0.000145804405014265,0.00163799995132371,0.0028640156854381,1000
sp15,152,species.maturity.size.ratio.sp6,3.60821394812051e-05,0.00157662461240827,0.00252860775947917,1000
sp15,153,species.maturity.size.ratio.sp7,-0.000176532963722208,0.00157230993911066,0.00247699079458934,1000
sp15,154,species.maturity.size.ratio.sp8,1.66959479884188e-05,0.00156890782558249,0.00258477712556439,1000
sp15,155,species.maturity.size.ratio.sp9,1.62111020872226e-06,0.00162673947742265,0.00244381456085791,1000
sp15,156,species.maturity.size.ratio.sp10,1.24260424754503e-05,0.00171742301142609,0.00290263801895618,1000
sp15,157,species.maturity.size.ratio.sp11,-9.28991127045206e-05,0.00218632760596623,0.00384705267986582,1000
sp15,158,species.maturity.size.ratio.sp12,-6.73367924263339e-05,0.00165420902572796,0.0026218589428542,1000
sp15,159,species.maturity.size.ratio.sp13,-0.000187840894734956,0.00598168281193047,0.0103012752061271,1000
sp15,160,species.maturity.size.ratio.sp14,-3.3260947043831e-05,0.00159276940923095,0.00260541980776438,1000
sp15,161,species.maturity.size.ratio.sp15,-0.0119072121491443,0.70709215012811,1.12895974956771,1000
sp15,162,predation.predPrey.sizeRatio.teta.sp0.stage1,-0.000223460898012438,0.00188919100572539,0.00332786100541288,1000
sp15,163,predation.predPrey.sizeRatio.alpha.sp0.stage1,-5.54909866242724e-05,0.00310276599933585,0.00918777317846789,1000
sp15,164,predation.predPrey.sizeRatio.teta.sp1.stage1,4.66432255094611e-05,0.00166888434455209,0.00266269235789223,1000
sp15,165,predation.predPrey.sizeRatio.alpha.sp1.stage1,0.000314525747867448,0.00347163476497671,0.00562040508503779,1000
sp15,166,predation.predPrey.sizeRatio.teta.sp2.stage1,-4.70761305915427e-05,0.00199320498411686,0.00327041234828745,1000
sp15,167,predation.predPrey.sizeRatio.alpha.sp2.stage1,-0.000620379851562047,0.00768895244311472,0.0148581667443579,1000
sp15,168,predation.predPrey.sizeRatio.teta.sp3.stage1,-9.79586885119898e-05,0.00200798221486678,0.00379544599706648,1000
sp15,169,predation.predPrey.sizeRatio.alpha.sp3.stage1,-5.51083818925524e-05,0.00510388595434933,0.0105886638526668,1000
sp15,170,predation.predPrey.sizeRatio.teta.sp4.stage1,0.000122007560682239,0.001769085453604,0.00290681146344188,1000
sp15,171,predation.predPrey.sizeRatio.alpha.sp4.stage1,-0.000342649435405467,0.00354028009437958,0.00818564112603284,1000
sp15,172,predation.predPrey.sizeRatio.teta.sp5.stage1,-2.07394407637111e-05,0.0015929124597298,0.00276401649625168,1000
sp15,173,predation.predPrey.sizeRatio.teta.sp5.stage2,0.000270625302305452,0.00270358197642805,0.0048906659845111,1000
sp15,174,predation.predPrey.sizeRatio.alpha.sp5.stage1,3.60333380442055e-05,0.00157126028075296,0.00254010479275822,1000
sp15,175,predation.predPrey.sizeRatio.alpha.sp5.stage2,-1.88525765333014e-05,0.00194490280054888,0.00299576367017665,1000
sp15,176,predation.predPrey.sizeRatio.teta.sp6.stage1,9.65224600000108e-05,0.0016708972646068,0.00275343695181857,1000
sp15,177,predation.predPrey.sizeRatio.alpha.sp6.stage1,5.1860808818687e-05,0.00172742640222638,0.00286023274742918,1000
sp15,178,predation.predPrey.sizeRatio.teta.sp7.stage1,9.14042694130484e-05,0.00171053891339478,0.00291710472723006,1000
sp15,179,predation.predPrey.sizeRatio.alpha.sp7.stage1,5.04699831064328e-05,0.0020957993498445,0.00358120343352815,1000
sp15,180,predation.predPrey.sizeRatio.teta.sp8.stage1,-0.000191177682634976,0.00285488348294982,0.00438160496878218,1000
sp15,181,predation.predPrey.sizeRatio.alpha.sp8.stage1,-9.74313668826399e-05,0.0193943509237,0.0270455511214068,1000
sp15,182,predation.predPrey.sizeRatio.teta.sp9.stage1,6.89075948889999e-05,0.00171287095477996,0.00285535872607313,1000
sp15,183,predation.predPrey.sizeRatio.alpha.sp9.stage1,-9.41189482468712e-05,0.00275642617353708,0.00530727257671332,1000
sp15,184,predation.predPrey.sizeRatio.teta.sp10.stage1,3.40543814762413e-05,0.00155967262317725,0.00246779330640888,1000
sp15,185,predation.predPrey.sizeRatio.alpha.sp10.stage1,-6.4419223650293e-05,0.00176863000407763,0.00324219899328285,1000
sp15,186,predation.predPrey.sizeRatio.teta.sp11.stage1,-0.000127439242311589,0.00149326410364284,0.00239202461443571,1000
sp15,187,predation.predPrey.sizeRatio.alpha.sp11.stage1,2.92942114757445e-05,0.0015977856320411,0.00267943923361987,1000
sp15,188,predation.predPrey.sizeRatio.teta.sp12.stage1,4.63937456232724e-05,0.00172237979639261,0.0026883422078425,1000
sp15,189,predation.predPrey.sizeRatio.alpha.sp12.stage1,-0.000128674407257123,0.00250851407757495,0.00422301110717812,1000
sp15,190,predation.predPrey.sizeRatio.teta.sp13.stage1,7.50427908279067e-05,0.00162742115046514,0.00261694521030662,1000
sp15,191,predation.predPrey.sizeRatio.alpha.sp13.stage1,-0.000200443219721231,0.0022170814131918,0.00385564287793791,1000
sp15,192,predation.predPrey.sizeRatio.teta.sp14.stage1,0.000190561030148241,0.00187237305993926,0.00282332418373274,1000
sp15,193,predation.predPrey.sizeRatio.alpha.sp14.stage1,-0.000570708474688162,0.0143653049502135,0.0238946661708406,1000
sp15,194,predation.predPrey.sizeRatio.teta.sp15.stage1,4.58674247914674e-05,0.00253416507093338,0.00414067655160093,1000
sp15,195,predation.predPrey.sizeRatio.alpha.sp15.stage1,-0.000759791625464232,0.0225420528380225,0.0463333541449314,1000
