param_name,sp0_biomass_rel,sp1_biomass_rel,sp2_biomass_rel,sp3_biomass_rel,sp4_biomass_rel,sp5_biomass_rel,sp6_biomass_rel,sp7_biomass_rel,sp8_biomass_rel,sp9_biomass_rel,sp10_biomass_rel,sp11_biomass_rel,sp12_biomass_rel,sp13_biomass_rel,sp14_biomass_rel,sp15_biomass_rel,sp0_mean_length,sp1_mean_length,sp2_mean_length,sp3_mean_length,sp4_mean_length,sp5_mean_length,sp6_mean_length,sp7_mean_length,sp8_mean_length,sp9_mean_length,sp10_mean_length,sp11_mean_length,sp12_mean_length,sp13_mean_length,sp14_mean_length,sp15_mean_length,sp0_LFI,sp1_LFI,sp2_LFI,sp3_LFI,sp5_LFI,sp7_LFI,sp8_LFI,sp9_LFI,sp10_LFI,sp11_LFI,sp12_LFI,sp13_LFI,sp15_LFI,sp0_yield_rel,sp1_yield_rel,sp2_yield_rel,sp3_yield_rel,sp5_yield_rel,sp7_yield_rel,sp8_yield_rel,sp9_yield_rel,sp10_yield_rel,sp11_yield_rel,sp12_yield_rel,sp13_yield_rel,sp14_yield_rel,sp15_yield_rel,sp0_mean_TL,sp1_mean_TL,sp2_mean_TL,sp3_mean_TL,sp4_mean_TL,sp5_mean_TL,sp6_mean_TL,sp7_mean_TL,sp8_mean_TL,sp9_mean_TL,sp10_mean_TL,sp11_mean_TL,sp12_mean_TL,sp13_mean_TL,sp14_mean_TL,sp15_mean_TL
fisheries.rate.base.fsh0,0.6448699122230734,0.021663765059168952,-0.16154971886108882,0.3005052934182763,0.30904365419322244,2.2783875667203763,0.3287504178848466,0.003200917802123708,0.40134950974903155,-0.10099492133230983,0.18247854989913306,-0.1676684793832693,0.10309607397214743,-0.1219240724222754,0.007622344855790804,0.462537328805634,-0.0058934029620795235,-0.14351055139213095,-0.05224435250794178,0.04134483591443787,-0.019602961095563858,-0.08779247715488311,-0.029755901689348552,0.08113653274459778,0.7467536376645775,0.24718288237516522,-0.15628715945981345,-0.12769592526031515,-0.1464732604012788,-0.08409030092775109,0.3195012767863311,-0.11773392848467884,0.3751705898475782,0.11431446146894748,-0.13510657280670915,0.7902092717757458,-0.005949790313992173,-0.1395573719003043,-0.06927136145794864,0.07712694827220008,0.011565481381824705,-0.06118214949044866,-0.09279493110382818,-0.03288110824109672,-0.10210061203728568,0.39106115060933816,2.1964522360443115,1.5307870621554314,0.84394704549153,3.0758926209220863,1.5063914470779407,2.8432485301631747,0.0631159448271126,-0.06548122693692066,-0.18908994582365576,-0.17632184465466277,1.3608260312231997,3.3747635194176424,0.6037378957209512,0.042672281725622645,0.3524069922905871,-0.1323666653231431,-0.14092486820952893,-0.1596262078233338,-0.1831946439249643,-0.18172235334275133,-0.14371994773010427,-0.22036928160137942,-0.16145495726692016,-0.14376393206271976,-0.21906376851353074,0.022610925905715597,-0.10688044805372648,-0.11042885705041285,-0.05928892122185737
fisheries.rate.base.fsh1,-0.2239726044026173,-0.20045278081070136,-0.13461851041847042,-0.10021035120114012,-0.25874927675222037,-0.1791454525333169,-0.27011985503534897,-0.1977027693138918,-0.20011082773863714,-0.22618187371766652,0.48249191775263334,0.269111802808228,0.277441413689124,-0.14571591083779656,-0.24561376675560426,-0.19020641835571808,-0.16968834854009246,-0.25451244397163447,-0.09228658305753608,-0.052568042366552076,-0.3377586584672322,-0.10421093240640646,-0.354277028830059,-0.23923866591235346,-0.26429131941068185,-0.19453005692652856,-0.1387027673988077,0.0032700853581658544,-0.17812275527136814,-0.11512774023491305,-0.31249490344781933,-0.146240795270998,-0.21573249879572748,-0.14622990584225423,-0.10344591784674483,-0.12112304112249303,-0.1163300954052498,-0.15822702244970474,-0.2349562932424789,-0.24677118044305651,-0.006325930778520519,0.17763054171867437,-0.18598577722751408,0.26956129041861787,-0.15695088751258152,-0.21805803556785364,-0.2097665851144508,-0.14816859054810744,-0.09403584207014601,-0.17885652556525763,-0.23233566472703718,-0.2128186454622968,3.5597615999260603,0.23481867137102364,1.3638703800547718,6.236266893900443,-0.16075815231609145,-0.2130540739849971,-0.18826502519906596,-0.28655193116561783,-0.21322606665484312,-0.27163407520272775,-0.1787585250099909,-0.36279082005137325,-0.1820188173195389,-0.21478942557649508,-0.20594992593307135,-0.4823798472368086,-0.2883705216842831,-0.19106025429386747,-0.2339671799789064,-0.12693360456090408,-0.25450931450023134,-0.3019254240373028,-0.22589942717354214
fisheries.rate.base.fsh2,-0.16524068112870874,-0.23344460753974333,-0.20907857589797288,-0.21853931971990664,-0.2967321544358035,-0.03580767304112287,-0.2985544114593527,-0.20050340489923582,-0.16439999131266858,-0.3139927938648097,-0.2682111224034909,-0.18681280075109188,-0.32808515610968836,-0.2046191552254386,-0.3131610547643275,-0.1921810875948236,-0.19152224106632326,-0.27950399261425085,-0.1457394984303269,-0.16569005646599785,-0.33827999578939627,-0.09729656127095457,-0.37683308367064383,-0.289283289495351,-0.3030884443614725,-0.19569483041740865,-0.21347011702154498,-0.14580555661060654,-0.24780379299111413,-0.08103974638481883,-0.36385566459843904,-0.14771729432491484,0.5860673127961508,-0.163784040684634,-0.16228022329429695,-0.20134559062896698,0.0140013680585088,-0.11520275299089666,0.268811150089968,-0.23792251052420887,-0.2573810291326854,-0.22517393077272688,-0.14625516700480343,0.012589099350659803,-0.15765000952051084,-0.19269459607667974,-0.23257087679738458,-0.2175019747338059,-0.2064848099546026,-0.1153079839010817,0.3664007890136559,0.04461651989228564,-0.30033820248147364,-0.2520108700437181,-0.1984071136668543,-0.2787730478776147,-0.22079539109124607,-0.24639921929433992,-0.19014872976545685,-0.2934307668088103,-0.21510701040492186,-0.2928699235703012,-0.20952955179162713,-0.360053503423822,-0.41342617423960826,-0.2329500669331341,-0.22045653569762605,-0.46091684365743674,-0.3166370784707741,-0.30672436360864985,-0.27826927775092475,-0.3819495046981997,-0.1434785556606124,-0.3326875170861167,-0.2877194873887103
fisheries.rate.base.fsh3,-0.19368928439371394,-0.23303574167929675,-0.21121776173833937,-0.2015558338394025,-0.23636041380412046,0.13224472364046136,-0.2752283951690623,-0.18621431060999838,-0.21897983511332456,-0.28102974651618134,-0.25094120546556975,-0.16310272349370192,-0.3189168774939606,-0.18548679420252742,-0.31038183369032524,1.0204325773433414,-0.18072758735100364,-0.30066823159292394,-0.13684734827133627,-0.1624095731313071,-0.3125723038330017,-0.10739349517040103,-0.34192138365702573,-0.2633212956262936,-0.24297766675639168,-0.15187557467557308,-0.20379685494255356,-0.13305801359139102,-0.2135350147772242,-0.17834039527762796,-0.3325278583088058,-0.11363547588616646,-0.22388971990483328,-0.15124815295645608,-0.16752712980310128,-0.1056853791480072,-0.11374581549519812,-0.17959294194431763,-0.268139603583085,-0.2200854765241144,-0.24818772304026934,-0.1646589168109381,-0.1346224091050469,-0.13294378872297025,-0.08130392014281267,-0.17163514279236414,-0.20216122486178958,0.03184535787770068,-0.1402064303349264,-0.1382577815071323,-0.050899810206463406,-0.0771652784231933,-0.2057488570650235,-0.24464394324777416,-0.1876153095343131,-0.21527875672541796,-0.1903245267002978,-0.17497831427719351,0.8792244924856333,-0.2804510038868048,-0.20127715197204826,-0.2877155054801221,-0.21159767274264532,-0.38014786590510213,-0.4132290880807945,-0.23079515308249543,-0.22712725187973623,-0.45122917152114655,-0.310029478680063,-0.28771570111595224,-0.29899225673420965,-0.34638947281605437,-0.3577728827329623,-0.3161595233541003,-0.2782786713344549
mortality.additional.larva.rate.mean.sp7,-0.2268218950065106,-0.19718622407007202,-0.2120899233286135,-0.23287426577213521,-0.2895709276666046,-0.1904911964558515,-0.2799239210583814,1.949214153558048,-0.22474557718965654,-0.278746180331267,-0.2803702766489422,-0.17677092131747413,-0.3069610912954471,-0.15708642279192422,-0.32605612577704246,-0.19251377816114426,-0.18716478058670408,-0.32393658298255457,-0.1401090201149212,-0.1639870234196893,-0.3479167406235569,-0.11150097024916882,-0.34118197704916026,2.5181447597182456,-0.30409171152613707,-0.2074932248965287,-0.21187531131000292,-0.14207172472621582,-0.22769035703198842,-0.1722245090408395,-0.3888569108808307,-0.1479833166111515,-0.2388086453924394,-0.17080960153178423,-0.17992016675175854,-0.21051135929389722,-0.1115658490447084,1.6415808747959555,-0.2888843767173056,-0.25046530027061437,-0.2702981876935291,-0.17253733789641332,-0.11871054531045197,-0.4540240596119598,-0.15788867375430207,-0.2193879930956841,-0.22428749907680245,-0.219390064160416,-0.22266572522702496,-0.18903053243943002,1.2348209132210983,-0.22979028033081567,-0.2770746689589026,-0.26087358746468053,-0.19628256991422546,-0.2772303635739542,-0.165281748679927,-0.25189067500643186,-0.1904782137655596,-0.30296070600452857,-0.23007666723422712,-0.29163639955002074,-0.20438437563786033,-0.36473656358864776,-0.4240168376445759,-0.23127323355755022,0.27722747787529317,-0.29502804823479145,-0.328711633173086,-0.3014408779026841,-0.2801859352686506,-0.393008384566994,-0.3027826216795192,-0.33098860032665617,-0.2789688852693213
mortality.additional.larva.rate.mean.sp8,-0.21730934944293495,0.0034853697242432716,-0.21152462986223175,-0.23272150258639612,-0.2868673003849183,-0.15535058635604906,-0.2235863012905467,0.036390101041823275,1.0520324485865205,-0.2877908220609037,-0.2733785526374353,-0.16569809468254287,-0.30865995968442583,-0.18706278869551174,-0.2828753188677561,-0.18438706385242576,-0.17644683998533403,-0.2680271645180725,-0.14608186584776664,-0.1596206517320096,-0.3434134982043139,-0.10543885077248992,-0.2155639991748499,-0.27504175352138677,7.059442966164116,-0.20143433052112406,-0.21449533333384632,-0.13968692485436798,-0.24248370169358724,-0.20028229244010914,-0.39076737999296873,-0.14410780731714698,-0.22261940273833797,-0.13014973172649666,-0.14369874595933058,-0.1968036077731569,-0.11419035117050097,-0.15337059304674225,2.6597528786132094,-0.2645450699968068,-0.23993593952488243,-0.15586999052335607,-0.14933332201668614,-0.22003164663746627,-0.15490303449799622,-0.21116542210677833,-0.012612730771232506,-0.22054664553414322,-0.2240784040364638,-0.16541946196070242,0.06612116790203452,0.8751862420997026,-0.2872873919930157,-0.2573420092289181,-0.18376785741817658,-0.2777500438716567,-0.20430394182433123,-0.23706228625757758,-0.1834714560763778,-0.29693681910556735,-0.19547092477623654,-0.2804959149936493,-0.20311015932896284,-0.36836587341155524,-0.32543383189440145,-0.22224028540825,-0.19331540127275845,0.2361947754819608,-0.3173840093422206,-0.2987551823959407,-0.2337341646763649,-0.39065410060812883,-0.3160372059277781,-0.3178005001574594,-0.25754262245122267
mortality.additional.larva.rate.sp0,6.015835124033338,-0.13947963103280367,-0.0022330378676165747,0.0586107104468567,1.115607215877545,-0.12001936179578865,0.4320012893857652,-0.17123131433776448,0.035189613447516525,-0.15123819575433417,-0.06115628144841908,-0.005680046317481812,0.16334003971591002,0.3529223100676989,1.7021151473990226,-0.12350699449936334,6.456048371878123,0.02652995442602691,-0.0795585394535215,0.06432139237967224,0.665407067329915,-0.06235887894808541,0.3777757649936418,0.3942720917412542,0.6956654832401162,-0.1507220996329969,-0.039670110174880716,-0.055292845638323,0.07055157471849946,0.0397426804081817,4.182101235720882,-0.0768212730328307,8.52662524501057,-0.12101028804574791,0.027691140740962704,-0.1439251529358841,-0.10879883293653703,-0.12344480315750472,0.022136019667626756,0.15216092752588248,-0.1823805251632599,-0.13356163324849285,0.07386919716028177,-0.03865773678602381,-0.08289655295120436,6.1319150481174765,-0.08759641071306179,-0.06103585554015101,-0.012096756900397545,-0.13499849117255516,-0.17037699005564852,-0.07952064947705582,-0.16970735663921466,-0.09592738146718228,-0.07742548297980435,0.02648700059628728,0.04378643124013317,0.5128644843824346,-0.13857906821010915,4.409667628423316,-0.14778738978570527,0.6851446480762738,0.0814097966940003,1.1599646490794677,1.1067718750321285,-0.061279841614158545,-0.14344848879548958,-0.08414911937253337,1.2561166449897707,0.27457825835178407,0.030894130590331383,0.27254296481774093,0.15359209097693008,1.2992985878737446,0.44713057545088614
mortality.additional.larva.rate.sp1,-0.225145551388815,-0.06323527472499962,-0.19724663848557827,-0.21009097674369542,-0.29552248700872724,-0.18812000562351203,-0.22299638960480445,-0.2043224108763291,-0.2325943758046417,-0.29384771582539826,-0.24549535817562562,-0.1761403869823997,-0.32987313582614525,-0.1917007808903511,-0.312268696757202,-0.19135996037879627,-0.18265556248063272,7.52231924652275,-0.14347465572221138,-0.1579898370378048,-0.3514286360400283,-0.10678478108093772,-0.33780802019305683,-0.25475419158251145,-0.28570747598063717,-0.19793202567805493,-0.1848683467663011,-0.14431640391469633,-0.2426990556344288,-0.17567744981993796,-0.3744668715075703,-0.1474966712764216,-0.22055987087193513,-0.03731605445590788,-0.15605687334728238,-0.19181094454623557,-0.11072016651506106,-0.1637381083178304,-0.26100615279661543,-0.2351628447113996,-0.24688960515322303,-0.22216321114692153,-0.1514885311704907,-0.050820709651944504,-0.1575082205352924,-0.21839014552665426,0.034304125150895294,-0.20040476485281136,-0.20342804827353264,-0.18568686903400014,-0.24462251444079655,-0.2340963528408841,-0.2933613746281025,-0.2334184360677505,-0.19589461711517497,-0.2680695063489012,-0.22104013463403208,-0.24749851800277084,-0.1892523175458286,-0.2922530867961664,0.6144252603910896,0.1648718703157831,-0.17434433926128207,-0.08578935783324676,-0.19192951643708403,0.11851857029059165,-0.11999454937031205,1.496855069185727,-0.32559978840866,-0.28337501240471463,-0.29294562703283833,-0.06963429829878097,-0.2294665636779601,-0.06620386172220766,-0.25250100215021626
mortality.additional.larva.rate.sp10,-0.13815829805561722,-0.16786318563556413,0.3398186530147313,0.5694808932864797,-0.12958857788741396,-0.1317630855424438,-0.0210132974862518,-0.21458077367248285,-0.16443916544006149,0.979847108734924,7.071371751046386,-0.012672426830713367,0.7100165725597105,-0.15062367088823514,-0.07377619504365705,-0.1740509710036298,-0.13272989152561823,-0.19250896811059773,0.2207068305618812,0.651438934175139,-0.1494558866439365,0.11201525582916101,-0.14045670167367344,-0.024560383508850772,-0.1025706135022193,0.24624289827388227,12.588656750250456,-0.10243432972554602,0.16791574823264097,-0.1953308448561059,0.030709240222832612,-0.1394924064900315,-0.19153403791303583,-0.1030490240796173,0.1765664969299115,0.237748636330164,-0.11267888579448541,-0.14964933857358265,-0.16720913362617892,0.02928191925931413,9.738900318056166,-0.06271271951414453,0.01794664697507869,0.07494361149129396,-0.14815848002440735,-0.14119120703971438,-0.18506752861635847,0.25427626928947067,0.47154885225000265,-0.1478965648209467,-0.25456873883815384,-0.2044515795662142,0.746733102173904,5.53886056631398,-0.03300975988136592,0.5953013793617777,-0.1798804164604377,-0.15749945789530137,-0.17390380055226112,-0.10240230414664671,-0.1321100224019991,-0.08196486588410448,0.19605781015785506,-0.24252562363881122,0.11646280881444432,-0.12428533237964962,-0.11097142533246199,-0.23983192099079712,-0.0728872249496212,7.375360409786561,0.044240832038370134,1.225343772754101,-0.27191208778515225,-0.17038424755438017,-0.2003191653716473
mortality.additional.larva.rate.sp11,-0.23050875545060845,-0.2297495370124498,-0.21075195672173225,-0.21299913505676865,-0.28094059297538393,-0.19005617895577803,-0.30424802064463813,-0.2271686366436953,-0.23181968108039264,-0.2841604118094924,-0.25331198567160257,-0.1841976687536384,-0.29656047912746947,-0.1288851679992438,-0.310148530700502,-0.1929635676558259,-0.19012146117647027,-0.30366906063346,-0.1479575865538654,-0.15087832596602507,-0.3372990928600566,-0.11460436871420655,-0.35790268154454963,-0.2707003833963581,-0.2676063611099598,-0.20069689128843676,-0.20124021039009685,-0.14185320694519848,-0.2367318549492558,-0.15400030334539253,-0.391215717610523,-0.14783183687009638,-0.24526628055320898,-0.1682598615965537,-0.14385771397546837,-0.20010028994490295,-0.11556974016719271,-0.16657960935516572,-0.23418173738820014,-0.267127087252341,-0.23187250654353617,-0.09234520721515725,-0.15853851891075885,0.06289935681329725,-0.15793839408721125,-0.22407541545768941,-0.2322357960484667,-0.21632241925655876,-0.20391710148449674,-0.18995751794056565,-0.2677944892800242,-0.24029918639253503,-0.2871153157830484,-0.2400298463314739,-0.19536070296763555,-0.28006109992797285,-0.1410557344484163,-0.23593248312383056,-0.19071589106585538,-0.2979227174113099,-0.237191561238932,-0.3041253000492593,-0.19994686051001484,-0.3635684992722665,-0.41321639938760646,-0.23709632694392874,-0.21436706031591016,-0.4404402974585564,-0.3224391989759584,-0.2939377783182133,-0.27668128592824154,-0.3860341742996252,-0.24856409080908412,-0.3310198805703624,-0.2858032041734446
mortality.additional.larva.rate.sp12,-0.22585344547836012,-0.22937279779488395,-0.18772001525769838,-0.20427549885382412,-0.2653885596102278,-0.17872291725150477,-0.2876497254414462,-0.22461331235189994,-0.21606421301401896,-0.1811582211980606,-0.07714270584607753,-0.15003119693796133,2.0943744120934333,-0.08849899513762947,-0.25038961922525027,-0.18739347421065095,-0.18314006631523552,-0.3051567830134131,-0.1340760038620234,-0.14413487898031296,-0.34294058575828384,-0.09778929945906308,-0.3457878439056279,-0.28881420880814856,-0.261802407906824,-0.1866917770560012,-0.2017377791554274,-0.135013432520433,12.30154333934459,-0.11289580753439585,-0.3548443316601796,-0.14672329299135164,-0.23527353501967657,-0.1418965799242921,-0.1729719953072355,-0.18337094577935767,-0.11318544118897106,-0.17351632065887646,-0.23841006382899743,-0.017466458345293423,-0.1807527998857767,0.05759914593277546,0.7559777635406989,0.2530804267109585,-0.15658753408349252,-0.2207924252240883,-0.21687323704284847,-0.20607460775835418,-0.1940826015189716,-0.18122636095174544,-0.25534983808843303,-0.22183600171013215,-0.11103375630922033,-0.026939907690325185,-0.17014934829837747,0.9265303307230398,-0.06915880539865776,-0.21769248267280875,-0.1856472229230783,-0.18154161969338242,-0.20449808210513257,-0.025084083024411265,-0.1418422385430854,-0.04462733701745514,0.2981172116611737,-0.2188612427401835,-0.21629037788192557,-0.2685978543819734,0.2872998233865655,0.6068941075873896,0.3720750219545712,0.1296164317937271,0.09510594696346876,-0.3040597368033766,-0.23859850380403994
mortality.additional.larva.rate.sp13,-0.23027362790043626,-0.23450438057326226,-0.2173421071980941,-0.23569668137197858,-0.2928589870639951,-0.19375313136691463,-0.31276526477228506,-0.22983688765433927,-0.2279855664888056,-0.2871956216234297,-0.26243117375398045,-0.18486391432991864,-0.3145873331854426,-0.1766405168343661,-0.3169930191977892,-0.19347045422666914,-0.19168291939652943,-0.3104704448091042,-0.1472727281954387,-0.16699708638730165,-0.318538085904355,-0.12562650950232215,-0.33856279229716546,-0.29268426057701097,-0.3254283437090414,-0.19286084324339064,-0.2071294214988249,-0.14061810325099988,-0.23209110825959153,-0.14762456215393802,-0.3825987040305101,-0.14770120894568348,-0.24457676433567874,-0.16852974391663558,-0.16219881072877873,-0.20123267968070116,-0.11718337866327054,-0.17344276499081232,-0.24697107812173477,-0.2604380484864981,-0.2329554558517933,-0.12033893624117657,-0.10404508617713489,-0.37264775432994496,-0.15775674148239774,-0.2223805291200899,-0.23930365755167401,-0.22787371082735622,-0.22832889077448082,-0.19135669157367555,-0.27714205638970724,-0.23823995191922057,-0.288263670309997,-0.2468747580668979,-0.20059021999447202,-0.2817734880010497,-0.21438019049671195,-0.24377088286287665,-0.1911899737490818,-0.3105773621544105,-0.2381920495976282,-0.30439475618435813,-0.2114520247431724,-0.36651843141062035,-0.42823471759250875,-0.22826659481354375,-0.21942912086212368,-0.45228723889072764,-0.31470915540343,-0.29979548421936125,-0.30902317849459887,-0.39088350001773203,-0.240771606404768,-0.3333995075642373,-0.29081570558694636
mortality.additional.larva.rate.sp14,-0.23169415763978726,-0.2173215728169066,-0.21613250552703278,-0.21842626217831337,-0.28602766823527337,-0.1863718231587764,-0.2627194163525491,-0.223387460179538,-0.22227401792242976,-0.28263546757460467,-0.27348771991351717,-0.19293780272344774,-0.3071097700835702,-0.16793657283163532,0.7183376020905059,-0.17985759363479642,-0.19342739739438114,-0.3226391746412903,-0.1454361117532081,-0.16815893659661885,-0.3400594634629815,-0.11227517835095904,-0.3201123160612517,-0.26609161523719105,-0.28482045628869435,-0.19274109446192467,-0.21126822976773008,-0.13976241023662264,-0.22619841834651863,-0.07566054362984687,0.1426112055932444,-0.14332241329577336,-0.2510053142019043,-0.14372337886180633,-0.15994147982847623,-0.19086563651026525,-0.11435912456770789,-0.1723980526516305,-0.2518781613711469,-0.23855540882336934,-0.24387068437122217,-0.11978907881652574,-0.22134959512389576,-0.21726430875961888,-0.14670072620712243,-0.22455603787764744,-0.1894530588003059,-0.2259591348107958,-0.20804318729098523,-0.1862339848963458,-0.2689772931970806,-0.23612586726393076,-0.2794272699797376,-0.25847346017529255,-0.2034681974749546,-0.2768209536452784,-0.17308960420143762,1.8703773988026422,-0.17652649367232026,-0.1307917731779889,-0.1751775460487159,-0.22067530963501691,-0.19856150495719735,-0.18342742588862224,-0.3949682867484777,-0.10765140757581707,-0.21925412287198218,0.21089170295651088,-0.29791622827608355,-0.2929020756952782,-0.2926674880601514,-0.38413350473221464,-0.07695871288391516,0.5409975931038911,-0.19900594734746352
mortality.additional.larva.rate.sp15,-0.23056661220569277,-0.22887254440931218,-0.20544527983691263,-0.20006904775969303,-0.05019333128347219,-0.19214188640239627,-0.22748420935484437,-0.2208370271988158,-0.23573505537719336,-0.28516755294717244,-0.2562798715051257,-0.1579083192575186,-0.22651874759640434,-0.1625308608226565,-0.24931895344682872,6.714083679390211,-0.19060276367938772,-0.33526597059991364,-0.11146501309649377,-0.11519935222347512,-0.07389754802803146,-0.12182331574290628,-0.2914491060296398,0.056164182281534025,-0.16599120678071083,-0.15508449032763327,-0.18043456282356493,-0.1372101599334958,-0.22369927120887487,-0.08571127045962046,-0.1701633008754484,2.7602158758995943,-0.2402848019985636,-0.15970975350659045,-0.1786096029983361,-0.20180779722784212,-0.11741358497986955,-0.15551651814051856,-0.2255672322739683,-0.24355648707764177,-0.2547749247946938,-0.19223145040532089,-0.18468979544140948,0.06058839396679808,5.020439467600092,-0.22611130927912723,-0.22528836163807728,-0.21449316840080293,-0.20001154078088862,-0.1909990566847775,-0.2692499607070641,-0.24493346085549572,-0.27914860056617263,-0.25128210908903215,-0.17701327386705187,-0.23979904943107389,-0.1850858230186081,-0.23271015463965875,6.763960468563503,-0.21205431925755064,-0.2136810116696852,-0.258301018894037,-0.19544511344150886,-0.31335212519735783,-0.34573997264923934,-0.22260977475118207,-0.17830534576323137,-0.42461404335320346,-0.28609726453054674,-0.2920879793816151,-0.31281996530422446,-0.2612505294429509,-0.12395345655229464,-0.314784236471976,2.236459463880022
mortality.additional.larva.rate.sp2,0.29256718342629656,1.2253449261186122,9.341407532068017,0.9457297523099384,1.0898520697061342,0.03880601743414245,0.14464866849282293,0.32342253307925883,1.028341691734066,2.1024812509939568,1.347640474342868,0.1176588471257489,-0.08566976159143483,0.2692861795980517,1.4631999376680114,-0.07546181233529937,0.17677313775632383,5.064568835770464,13.360974615027345,0.3281093208262454,3.8387155776795807,0.08243639286793202,2.0929111170256425,0.4945068641568812,0.2871694245045906,0.2070091369987676,0.6576613671418937,-0.06068478372064707,0.3482028594965255,0.04449954191370182,1.8182676188048268,-0.0745516903372599,0.32021569643182496,-0.04580117283241063,9.064512147538577,0.4153478551488743,-0.09861958882398802,0.1096383194271621,0.6912768501011427,0.05857122013664273,0.4660692449782923,-0.14747057268027702,0.019613663772537617,0.20841273440776922,-0.07100464515148511,0.266820859621945,0.3220333509236389,8.16938307049926,0.8804005412440193,-0.008172515731301611,0.22564349170807918,0.7691709269703306,1.7994186967506796,1.30010898855171,0.03511294359155561,0.1354248137365683,0.32510090172806294,0.7461431731335231,-0.07300261409174867,1.0753883891397045,0.08894351134068924,10.742428088171254,0.1446673727782269,2.822856289950742,3.5744623853121977,1.9640037682003397,1.070898785533489,3.2549259568567184,0.9468637362167032,0.32989338431794435,0.5634541892608121,1.035952455622797,0.669869401688217,2.1631326583787582,-0.0024916775843358903
mortality.additional.larva.rate.sp3,0.18599493021665814,0.5532438019846917,0.5468618795199361,8.277773063314577,1.1564760565455987,0.0819493306641857,2.8379688548688073,0.26544804234137337,0.9043769461803152,2.4802210923528447,0.6474363415696186,0.12375911246356854,0.7751953233516807,0.20615442280529636,1.3359672773668354,-0.007919437720776034,0.19729865423149295,0.5696098849422196,0.3397900304918465,13.349048101788881,0.39649285986776256,0.09415330200259,3.344228739702861,4.613986760155831,3.8890058900792983,3.024321046790153,0.9340507979350897,-0.02806374218898844,1.4582691130467722,0.030041243283543472,3.152870976540158,-0.06228403156963631,0.2843238484235776,0.31865445079202276,0.27238740442577863,5.917503992616656,-0.09836211901882469,0.4683017190180965,1.3718087249261786,1.6630022061783958,0.33017119803516565,-0.06431645458601522,0.542062799075459,0.16739340011059245,-0.04759779060558433,0.17788679882706038,0.7721016160880334,0.5204795088099613,6.847170532668407,0.017942554009755102,0.9123716281075965,0.6001343033583935,1.6065426264314133,0.6069614241759889,0.06252565571526582,1.5350811475122688,0.0113772017350396,0.49979784912063013,-0.012517067410825443,0.975208384551925,1.2176709568664208,0.7091823766091808,10.77858996968485,0.3282976627029832,3.0126943015861665,0.4588219130387898,1.2044421836958874,3.7938408940563986,0.2545906805148694,1.4211665392019108,0.11969264189450524,3.1717831218775734,0.021125716316889667,1.8188637690891494,0.609765025033101
mortality.additional.larva.rate.sp4,-0.23022918632441342,-0.2283577021257427,-0.21085229736207287,-0.22220414588743342,-0.2882293796324812,-0.19579472579649143,-0.30487804281674696,-0.21889237194296002,-0.22888363107215923,-0.28838016287837787,-0.27289917487694393,-0.16884357078018003,-0.30942757505804613,-0.18316112547662136,-0.314128534320132,-0.19344833254100474,-0.18494019955936417,-0.30206447546387616,-0.14455904696557711,-0.17195896146121611,-0.3148411830264868,-0.10419644749537896,-0.34867324027053626,-0.2908550471956332,-0.295216912979101,-0.20118286495714505,-0.21445909195101734,-0.14348814595965706,-0.23411391997127842,-0.11212369858842128,-0.37940415132933303,-0.14769186346331156,-0.23708081149242585,-0.16326436032098834,-0.15884959901345508,-0.19761763559173576,-0.11342155919260885,-0.15961828286067842,-0.2477910870406787,-0.2804186263642508,-0.25775005822584607,-0.1581566482094458,-0.10273368088078834,0.0265332355272337,-0.15804022885379693,-0.22180694046735183,-0.232125644852412,-0.21595734553287008,-0.2133819971722968,-0.19329729296802234,-0.27643171360259616,-0.23624299277129093,-0.285480165047069,-0.2580564963233683,-0.18889986997357233,-0.28208827889023874,-0.17951124907676266,-0.24100201909966384,-0.19105943812008727,-0.2941288220060804,-0.22417228943495482,-0.28651456587687957,-0.21322513624491737,-0.3528593441058082,-0.41981365367978174,-0.2290034273018719,-0.21808536117465574,-0.4612973147564694,-0.3233455211494008,-0.3060321442164872,-0.2895297355466706,-0.4023556074142329,-0.1578523225192757,-0.3344290011551532,-0.2912058156299894
mortality.additional.larva.rate.sp5,-0.23091469179794238,-0.23742551373399845,-0.2150620358715727,-0.22450554854997015,-0.29663022493049895,-0.19092044301470196,-0.31347150728933226,-0.21970280603638148,-0.23344132467610954,-0.291891083716083,-0.257604130958054,-0.17906421394999336,-0.32810762708976376,-0.18696588549297788,-0.3170739551673975,-0.19301534044532112,-0.19344557448816355,-0.29774830730897334,-0.14813774205936878,-0.15856430114141853,-0.3472609876144044,0.5596102687265697,-0.36332943143172813,-0.279748625701455,-0.32024664719247226,-0.1912840065089212,-0.2093401440795262,-0.13537428421229672,-0.23443408866331225,-0.11926294366130205,-0.3902009277646575,-0.14801711363993267,-0.2486340680312805,-0.16111725756085366,-0.1352257007731046,-0.20874741453077764,-0.08534079551344421,-0.1658436836183826,-0.2509155908347524,-0.23974086963739674,-0.2517382855491222,-0.19585489103639336,-0.144331410580721,-0.16218267478424692,-0.15866906928272734,-0.22426315494956953,-0.23507944444669152,-0.22022110621801697,-0.22112175237884693,-0.1883881643654754,-0.25598769268999305,-0.2403976591054119,-0.2949517376989491,-0.24706332160127123,-0.2052558886333572,-0.28875044329880806,-0.21861502068846003,-0.24201549834811803,-0.1910237018208273,-0.29918765496730665,-0.22275149318257523,-0.29810060800946986,-0.20510640447383663,-0.3522506375618973,-0.40647486732534976,-0.236770213875882,-0.22094347306485065,-0.47642569061440276,-0.30936822672270226,-0.30666400506503266,-0.2931088317236595,-0.396058740508314,-0.1917094368885923,-0.3360199197334854,-0.2937044182435396
mortality.additional.larva.rate.sp6,-0.23280837089163753,-0.2336331484429797,-0.2131545521418547,-0.22483893741255545,-0.2909236628540115,-0.1906695646052401,-0.29297177291919624,-0.2379237068285292,-0.22010435780947166,-0.28658500891948924,-0.27394517874826335,-0.16923451676128157,-0.31574768212195253,-0.15710755189003073,-0.313080408591807,-0.19346729515646724,-0.19480843463706632,-0.29163244810913797,-0.14195345638224488,-0.1555893481610137,-0.3363577128803176,-0.1194536028690099,0.3565204943432564,-0.2741514312506569,-0.24511637541019937,-0.2036183187194656,-0.21167444704089428,-0.13975330673919792,-0.2412453532587991,-0.23428576167606152,-0.38113178988264074,-0.148011747642892,-0.2545576948016076,-0.1656838809199962,-0.18482360744385906,-0.20881133976822755,-0.11461340908898181,-0.17157567530883439,-0.2283372631420154,-0.2679568897362366,-0.2411520364091194,-0.16021710171193507,-0.23279559937853625,-0.20795460299115756,-0.15885168085432372,-0.22550160204430547,-0.23833882313961274,-0.22237649919790872,-0.2189604120969618,-0.1904321752288362,-0.2822301035243292,-0.22767277043247747,-0.2816442109706843,-0.2574342931572731,-0.1889869284676034,-0.28884970309415964,-0.15494284440875641,-0.24654937951705888,-0.19117144632313382,-0.30518624846180675,-0.2258426945597141,-0.30013644612821583,-0.20443219192936876,-0.3700463521706624,-0.4322194103930302,-0.19502557478576668,-0.21575790594258742,-0.31402304786982815,-0.32875807913984473,-0.29975567423087285,-0.28883770020784916,-0.38378447187463177,-0.28433301035379677,-0.30319482648053986,-0.2860396569693401
mortality.additional.larva.rate.sp9,-0.15737294930248288,-0.06793229007561896,0.31434130952440786,0.19535370406458463,0.2007973884822588,-0.06680613496939335,-0.15975273967493062,-0.18850023864106366,-0.11122427555918418,3.8369523421794347,1.0703973386435908,0.16490285069478713,0.6506957456024989,0.17619612798088669,0.01815192198436974,-0.17307778366761806,-0.029224330654792543,-0.1506458235658999,-0.03563558879985,0.05214041038073654,0.883690929208776,-0.012361787797862029,-0.23501013700808282,-0.20978195698047003,-0.13889566160662492,12.155948437854358,-0.05421199186280252,-0.04519864191808874,0.1766213996652713,-0.13624560671818797,0.08081170472622957,-0.1417649430826544,-0.02400721044335385,-0.11976256761879031,-0.0033552625399663385,-0.053921068481425784,-0.11549799196547929,-0.15559057290440512,-0.1009370494769999,6.981592083980485,0.09065357781601989,-0.16791739935667255,-0.0400500554754044,-0.25464026549694463,-0.1521818729741744,-0.15626256727833074,-0.16206018662037405,0.26116446447713715,0.13492553157148482,-0.09490042395655347,-0.22694492398532568,-0.15748436741976435,1.3441500771670727,1.1274080036189253,0.1119247700153147,0.7966860370818826,0.18993786607640267,-0.1494413995935366,-0.172664376290032,0.057287224835462745,-0.18870774591122644,0.3024371298693374,-0.05479077289053194,0.4016776612781592,0.567976039134165,-0.14480467478195183,-0.16772309068631158,-0.12381386089155688,6.354113481172224,0.09520621121259168,0.9052892058899082,1.5322300246576213,0.0260174067955664,-0.21635676928784356,-0.09371481568218805
mortality.additional.rate.sp0,-0.17369066127484498,-0.23840146499245413,-0.20792920135204257,-0.23003327882623056,-0.288622782472921,-0.18951346210787456,-0.31455411464327815,-0.233036632893512,-0.22617379224319376,-0.29199093776952634,-0.27724012673090437,-0.16785475208535827,-0.3164993120484547,-0.16494522588099556,-0.3217078733720293,-0.192095200253494,-0.18096985314796468,-0.2998308320551206,-0.14335756385704115,-0.16567982663144293,-0.3371895738341598,-0.10835132885003605,-0.3387719175796793,-0.28016699909951676,-0.2703254893704682,-0.20502921899410786,-0.20823528728893437,-0.13693333516366255,-0.23892076356652894,-0.027321833997306325,-0.3758465839373058,-0.14783683408684783,-0.21740290072476984,-0.16052757830992861,-0.18105313823585156,-0.1965686416363579,-0.1148633893703428,-0.1689487245941481,-0.29683846143435616,-0.24607689751170975,-0.24335058406600565,-0.10354917734393321,-0.1396392900235806,0.4367997208379794,-0.15863751932361866,-0.16467988386496785,-0.23643348685720783,-0.22063220390288196,-0.2169055183481673,-0.18939016886373486,-0.28272966456267773,-0.23103635130777758,-0.2883289726642291,-0.2618089691314512,-0.1760525089895126,-0.2753254156716878,-0.1633162894686701,-0.25125539385860385,-0.19007908709212168,-0.2825075686005549,-0.22389566595073346,-0.2811187230572069,-0.20707502409240908,-0.3553230782286449,-0.4354374995049614,-0.23172458958605013,-0.2255567518818826,-0.4998730271782318,-0.3153230479844268,-0.3066044301427644,-0.3183429343180493,-0.3888394700473609,-0.0024780548698300655,-0.338983336739173,-0.2824832292606521
mortality.additional.rate.sp1,-0.22915759652788745,-0.23950656875095638,-0.20657802505622652,-0.22236073974320808,-0.2917476908415967,-0.18813255120167618,-0.31951322236486035,-0.21847903290928208,-0.22908101570809958,-0.2801673280196368,-0.2666784116489857,-0.17480956852448465,-0.31874084702214867,-0.16020426423105058,-0.3253214279880507,-0.19190909011850218,-0.18740139820124674,-0.285730263838723,-0.1501129285344786,-0.16195177803158325,-0.31062916022618914,-0.10041606301745323,-0.3667498682316811,-0.283567440223735,-0.2826935685802974,-0.19689799354773463,-0.19829706619677237,-0.13783678558442583,-0.23563491412151988,-0.14623880283383023,-0.3970309853323604,-0.14751200471387124,-0.23790973261534584,-0.16188679192365388,-0.14815488526249146,-0.21352732063215554,-0.11042727847833217,-0.16183643816941262,-0.24879901178882988,-0.2199997798871035,-0.2063682205177409,-0.19246336304360867,-0.23035826801812473,-0.31181880011348984,-0.15781044988901083,-0.2228746696317128,-0.23544925580180262,-0.21035743632409012,-0.21394176392750058,-0.18869384050111768,-0.27453880654027396,-0.2370181868219757,-0.27146843959065264,-0.248458801000387,-0.19020221923914912,-0.2798490540517176,-0.17915523231643726,-0.24850166821296876,-0.18997300583988816,-0.2974710599918338,-0.22498960998201936,-0.2844312916804023,-0.1985485501724503,-0.35907899624090556,-0.42399694096971513,-0.22894587477881073,-0.21855885856803586,-0.45269958843312863,-0.3271268887705559,-0.2941683947254933,-0.2845123640934637,-0.37978208462489954,-0.17307312427879953,-0.33006858874893225,-0.28128789129988085
mortality.additional.rate.sp10,-0.2272082959816339,-0.23480438771717024,-0.20907234737032018,-0.237151206748807,-0.29379948383963345,-0.1889411920490859,-0.3132022963367348,-0.22220596194877723,-0.21461488046863383,-0.2912635800924177,-0.2569748062840461,-0.18531476817524722,-0.3329263327772642,-0.18431668754369357,-0.3230918013831018,-0.1919278754260383,-0.19368258349741627,-0.2976151810818239,-0.14545508968607695,-0.17643552716921515,-0.32926151077294435,-0.09897073740049113,-0.35824367251811445,-0.2890646480513204,-0.30923284304899895,-0.19863953680392354,-0.19532074015899645,-0.14051179479345852,-0.2397744879801623,-0.16128781449427912,-0.38934387359658806,-0.14802009302339705,-0.24658592960872514,-0.15808872314712402,-0.16605957697194318,-0.21121323126857247,-0.11119548810685317,-0.17313816672956758,-0.2773881325221066,-0.2488532302336521,-0.2313170131562818,-0.08723194415350842,-0.16310784121513117,-0.3445773668716535,-0.1583830763438235,-0.2197509570881897,-0.23192486328554876,-0.21695167127533133,-0.22832893090025777,-0.18841529746755314,-0.2715466484240636,-0.2244461085326595,-0.2983778812004691,-0.2450013829425341,-0.20125195559877784,-0.28028184215660745,-0.2155638339363168,-0.25349034570966855,-0.19007723866823514,-0.30171420243264846,-0.2229554722012724,-0.29683717945996363,-0.2197832606521525,-0.3797853166254302,-0.4418042927671829,-0.2294680846106078,-0.22026052907777532,-0.46937317582288035,-0.3131550819979581,-0.29900188547950635,-0.32158719863207036,-0.3891251120062942,-0.30003568208216214,-0.34125466724152087,-0.2904579774839075
mortality.additional.rate.sp11,-0.23431341186419052,-0.23318039628190004,-0.20455546728687254,-0.23891110155775067,-0.2959669261098121,-0.19490150449616506,-0.319024452249109,-0.22356170758908997,-0.22913927280156643,-0.27767081427461143,-0.27964660359326043,-0.1748129295707395,-0.306613204150237,-0.17214229461578953,-0.32574068338144174,-0.19283217359251684,-0.18835262725812119,-0.2919258752165664,-0.144088907314707,-0.15552061592999322,-0.3361417427108943,-0.11782761771968858,-0.3687062632071759,-0.3033820438526281,-0.30066796709186827,-0.2018276398748033,-0.2016233848252033,-0.13900722058206913,-0.23287457385557808,-0.20276479163361916,-0.39648273077368174,-0.14800235700431444,-0.23959161984942282,-0.15746218287429498,-0.15632482363720468,-0.19668999743132481,-0.11212148985278955,-0.17220957067643225,-0.2687167596848244,-0.24489014612637103,-0.2358517574951543,-0.1082967836808492,-0.1618975942867661,-0.6279906469014493,-0.15831835034580882,-0.2278727322329428,-0.24105942387514354,-0.216026419358462,-0.2323747679417607,-0.19331954085472863,-0.27440054096923083,-0.23661742120912874,-0.29224579060604655,-0.2624855874119707,-0.19985040157529094,-0.28228996702750314,-0.20012504158905464,-0.2489902675384976,-0.19064819232478125,-0.31063386389167624,-0.22665902356450943,-0.27758405630336314,-0.20465445203927254,-0.3772647349037416,-0.432628425616484,-0.22992940706869439,-0.22728559619185515,-0.47372822724225044,-0.32963450699305397,-0.2925633517200557,-0.29704063062694247,-0.3875695273533881,-0.3291618999239306,-0.335864366367989,-0.2911872959363547
mortality.additional.rate.sp12,-0.22986572705304156,-0.2413970543579414,-0.2050351085386877,-0.2185072098665776,-0.28784008901202857,-0.19399542267134234,-0.3065656071746171,-0.220306804700124,-0.2299431287961198,-0.29652488126517645,-0.26974763987598593,-0.18076432389441047,-0.28971728056620877,-0.1850128803989134,-0.32293375303086974,-0.19186779916893237,-0.19725831509491085,-0.30420374059447663,-0.15060162287006573,-0.1621045861800327,-0.33845580242688067,-0.09709841703829108,-0.3544776872288469,-0.2740136896272192,-0.3031818109515794,-0.1812302664528738,-0.19535037377154954,-0.13637057332511965,-0.24945826150378317,-0.21041727522930628,-0.3866242091483559,-0.14788685012228608,-0.2518336356401838,-0.15718490875778807,-0.15496709107112955,-0.21044284416089729,-0.11330309072105983,-0.16162636104519953,-0.2735416590919487,-0.23706257905560563,-0.1860417074342061,-0.20349172125563994,-0.13881044066702566,-0.3686533722033406,-0.1578705918659488,-0.223124162543465,-0.23914133405391372,-0.21074073301456117,-0.207382500530885,-0.1916186660771876,-0.2710683323089399,-0.23668822055905633,-0.28893692564941975,-0.2533967782036458,-0.19556559219465675,-0.2660687129156997,-0.17365906986653232,-0.25121018244907367,-0.18965103137184136,-0.30061110768434784,-0.22516585253049481,-0.29584077119670404,-0.20800940774555043,-0.35806200643062114,-0.4257275889154275,-0.2366658974627408,-0.21486818755928275,-0.4824894414693433,-0.31882889813207216,-0.30685786088162265,-0.27753334061789464,-0.39019185860260397,-0.36083819235186015,-0.3385404057287525,-0.28884179991573694
mortality.additional.rate.sp13,-0.23150179405567797,-0.23860979554168307,-0.21300335955274863,-0.21420413363995922,-0.2972031286781409,-0.18941253000298514,-0.30640455707739617,-0.23462768458140437,-0.23422199275846264,-0.28630958961353825,-0.24823954207779242,-0.17722800580154355,-0.3108988054637912,-0.1910339291781097,-0.3169556764834025,-0.1927746222925729,-0.17712423424975296,-0.32844547391566314,-0.14135966626053012,-0.16786892068832446,-0.33738633626949227,-0.10713418900985554,-0.33217445278942537,-0.284822286852841,-0.3091579870534586,-0.19795201891895817,-0.19493742329670102,-0.13664901423315667,-0.25395970156211367,-0.13929058413270937,-0.39990673892724954,-0.14817282626523096,-0.22283535936425938,-0.1573113854051753,-0.14389231524118043,-0.2011604891175861,-0.11226520947270938,-0.16747948987079653,-0.2827026204388734,-0.26346317531893265,-0.2536109180213275,-0.15711182279282904,-0.13904062932676658,-0.15146843297897125,-0.15865327569394105,-0.22442576146337115,-0.23627184962968414,-0.2216500106022864,-0.2040653612025355,-0.18918450754173455,-0.27470972899105356,-0.2395901388142895,-0.28671566304593105,-0.23031532060552615,-0.1981347856114145,-0.2907262743240375,-0.19454447750034493,-0.2479487254199532,-0.19066813914684938,-0.2891935024210124,-0.22354102375785664,-0.2918514517354281,-0.20178034707669137,-0.35569217353605603,-0.4287097820960647,-0.23387084860158544,-0.22673781019342526,-0.4664398269708334,-0.3245926041386994,-0.29456976501302296,-0.2974113864587383,-0.3931798713260657,-0.35058591225772123,-0.33863553715993766,-0.2864820014587371
mortality.additional.rate.sp14,-0.2307032698111875,-0.23685537802930592,-0.21185714234666372,-0.22492860097570969,-0.3011980847367739,-0.1944764992480369,-0.30785078507107616,-0.25258969101188544,-0.21998603856775317,-0.3055143322600701,-0.27784612164386474,-0.16738116629796843,-0.3331847641535581,-0.21205585731963442,-0.18502009058547475,-0.19265151926786953,-0.18563888932277464,-0.28958593694806234,-0.14552734771497705,-0.16302812125597027,-0.3399675500513125,-0.0963562897290298,-0.35004723575702285,-0.28328848396011697,-0.30419749279150354,-0.18614087947207908,-0.21485975300083052,-0.14606861857325537,-0.22584055683696894,-0.245495631238354,-0.282496148869391,-0.14781113692139974,-0.23684701473410852,-0.163369753325863,-0.17329957155645082,-0.2040948682957772,-0.10688008017966577,-0.16446578114354926,-0.2839628771549556,-0.23103881063847914,-0.25757864677025166,-0.19821725412269028,-0.1654140801669191,0.04657376608721616,-0.15846658049878262,-0.22337206518992564,-0.2391078866498663,-0.22189917263869546,-0.2158951657849154,-0.19338728008843153,-0.28352021335768335,-0.23604874410182194,-0.2937307819725073,-0.25900411121973915,-0.1733956115899989,-0.281426723309277,-0.22834661029479672,-0.2329539488712898,-0.19070609878237196,-0.3039500129921478,-0.22712821125035804,-0.2988224223555557,-0.21404839274925583,-0.35383083369243984,-0.4296983386084126,-0.23296345606632432,-0.2241868005288391,-0.4793907418135036,-0.3155966282568975,-0.2970522698936834,-0.2974349038586838,-0.37712109871967936,-0.33472939505434157,-0.3310989759769499,-0.2851998145961114
mortality.additional.rate.sp15,-0.23053882280807608,-0.2354996691842717,-0.21464439397666227,-0.2328954457780194,-0.2892039103122834,-0.1927863016246591,-0.303204743038531,-0.2375784741936503,-0.2408768834111528,-0.2857190151202849,-0.2688932789050797,-0.18072789322476643,-0.3044555276724619,-0.16543233519643938,-0.3243746461882325,0.16225174801803935,-0.19118018271302498,-0.3168198964448831,-0.14893590297537665,-0.17160602112110035,-0.36312287415822736,-0.10518642570346881,-0.3646467138669907,-0.28443715372154343,-0.3065060443868855,-0.2008087754184651,-0.21529230878633532,-0.14077154798334526,-0.23031905932982685,-0.10916416090919091,-0.38922251629316335,-0.14433036023914989,-0.24731744362968547,-0.16046324958278238,-0.16397268602876272,-0.20840559045916981,-0.11322239477081822,-0.16849555167890332,-0.27734570148719573,-0.24008718836489165,-0.26856884185920166,-0.1717012259340594,-0.18774982767461743,-0.11631360618254433,-0.15332651000897096,-0.2239015795087115,-0.22758044091158133,-0.21891268395285357,-0.22538532015384857,-0.18938467355170047,-0.28567270648082677,-0.24639454536741626,-0.28728444059483366,-0.2539507803684176,-0.1903895916381784,-0.28282524740034926,-0.1806150019342238,-0.2387388415019084,0.17120995080671766,-0.30518442388539857,-0.22854332980895314,-0.29813467328051635,-0.20586319191120253,-0.36983671134439167,-0.4327715119095976,-0.23300428539701082,-0.2191806494772504,-0.48332463815877286,-0.32622897325530403,-0.30184785421159205,-0.2936360975390545,-0.40088354385609865,-0.15259865953300267,-0.3274261718422181,-0.28382164344694294
mortality.additional.rate.sp2,-0.19933269133250917,-0.20096692479768016,0.49643324333341066,-0.20306610871870592,-0.24364935138027777,-0.1878778041795928,-0.301265101294309,-0.22705671720917125,-0.17417062962310373,-0.22019303500241857,-0.2666635752279436,-0.18786811625885647,-0.32199512897517024,-0.17210806446078006,-0.2515409318794377,-0.18438528660883127,-0.1789880180774584,-0.15073731980815222,0.14417866067928697,-0.16192755996548133,-0.2431526511077449,-0.109439069470419,-0.27127783434182395,-0.2763662743387184,-0.2730106465135206,-0.1874264227889893,-0.19967128900228617,-0.14380009196764312,-0.23160233487952286,-0.11151764778810401,-0.330998355295767,-0.1444753016634789,-0.22681995293728827,-0.16619897684503385,0.3041429144522578,-0.1822110060778292,-0.11364874849868724,-0.17196107512237058,-0.25026588422040347,-0.23211021132797618,-0.2110877875627469,-0.07750382586607739,-0.16284777375581314,0.09497867625952633,-0.15459358684956787,-0.19495014526289423,-0.22153708298105038,0.4689840240130249,-0.1940912514222317,-0.18623038245267265,-0.27485908153952704,-0.19811038898265673,-0.22534792831116374,-0.24872362853086047,-0.21119503458894884,-0.2714593728142986,-0.1762802496180753,-0.21335543325365908,-0.18243907806298093,-0.23376635123442616,-0.22656534405579562,0.10833406832426855,-0.20002261782496739,-0.2749409676112307,-0.2879907601548968,-0.15234453057968672,-0.17486772179056081,-0.37421006000288504,-0.26893599703892473,-0.28279457202164693,-0.26661828955358735,-0.36640207258836394,-0.13939308987203822,-0.24059607251486262,-0.2692234791994652
mortality.additional.rate.sp3,-0.20072571461796412,-0.21493515143028036,-0.17751992105271666,0.38211760865940064,-0.18069413890353286,-0.17299641453938597,-0.0855532906545629,-0.22261827432480744,-0.2029461452805622,-0.21569703730000211,-0.23831965520983517,-0.18498998876435918,-0.21844225444848417,-0.1787143175107983,-0.3018297375447698,-0.18361204795989158,-0.1499394504096457,-0.27745030337010573,-0.10671812249335927,-0.10863632087000713,-0.3070154708277537,-0.09723939847382156,-0.21163545727262514,0.02487693323856246,-0.0441702035833373,0.0030148345390198536,-0.1703347464398256,-0.13467352360484602,-0.22309739943054877,-0.03919750088676515,-0.32026706179622777,-0.1443263756946871,-0.18450985954401775,-0.11126280584523865,-0.14743160865842672,0.030534990106327615,-0.11539116173526896,-0.1587640818761206,-0.17021821716580213,-0.11368416974489304,-0.2521701072155937,-0.2012493965712391,-0.15453690668470882,0.026332356165020845,-0.15329045086418203,-0.19500400647883986,-0.1584136785019204,-0.18720407989916393,0.5181529754438321,-0.17751968978341212,-0.2027656698220339,-0.21539812393793592,-0.23815929169567066,-0.2284768471206708,-0.20322283052156218,-0.1952640027471833,-0.19776570550386022,-0.23884693869937199,-0.1822593281761299,-0.2561931966428689,-0.10169757004599916,-0.27241399366800506,-0.1432702820020253,-0.35571028388170695,-0.17578661081102945,-0.21375343082653184,-0.20294051702884658,-0.4198656889618556,-0.30350451153559477,-0.28535701078288,-0.2865884890393304,-0.15501531804165708,-0.047070457969233176,-0.30944678571427353,-0.2217061297218759
mortality.additional.rate.sp4,-0.2342868196817575,-0.23885824924297466,-0.21004565875599848,-0.2284945437364838,-0.21635456588553736,-0.18889807580739887,-0.31163527064200996,-0.2232406394243427,-0.22411270719652238,-0.28657284853367065,-0.2700903659983101,-0.1898799206797681,-0.3167910759997622,-0.19006076612844783,-0.3151977992977354,-0.1932785654862973,-0.19256894108855566,-0.3046868674139104,-0.14232702139464773,-0.16923541967867792,-0.2842210131058744,-0.1161146561450202,-0.3756347250137086,-0.300142351470712,-0.3209781783641702,-0.2025724648036652,-0.22105942347943483,-0.13619925869787478,-0.24265740660777496,-0.10150338739743787,-0.3745032308113697,-0.14780347602482313,-0.2489475912693753,-0.16071073300458655,-0.16124269288492948,-0.18019481792568076,-0.11567767797322337,-0.1665512502155623,-0.27161481810107624,-0.2757570849844093,-0.25108765094628105,-0.05851435142008655,-0.1391112767035777,-0.14421936741279623,-0.15733084855370083,-0.2278129005429707,-0.2465272316585242,-0.2240019744055998,-0.21636222125294688,-0.18812651853838455,-0.2704656419629436,-0.2338196146951655,-0.2834092843432455,-0.2618438986731621,-0.2055385053527528,-0.2928734419318585,-0.1952181846007033,-0.2510012926366218,-0.19111059433079233,-0.29505380213308036,-0.22400434105425437,-0.27598143036233813,-0.20690288271949872,-0.35407829883778713,-0.4291187116833954,-0.23532563957143515,-0.2241714603197204,-0.46103968173854076,-0.3138882206603006,-0.29131596698793977,-0.2844526250501751,-0.3949421250741104,-0.16418443172839792,-0.3273739557033286,-0.2865792412817307
mortality.additional.rate.sp5,0.18800331303426976,-0.19780159591298757,-0.21106964207166382,-0.19812543523609727,-0.17438546539441938,4.8590900454654,-0.2525660906230048,-0.013115334389531151,-0.12310883213067372,-0.24748421495789527,-0.25642457158132637,-0.1644451434490777,-0.29093402524240025,-0.11941710390256821,-0.21572582569701682,-0.18561573002024426,-0.07936152457390708,-0.3068038652100675,-0.1256303221573674,-0.12121028781610448,-0.28163853973346437,-0.07755056833249763,-0.2817968110913628,-0.19742739232442955,-0.09432236893928485,-0.1742049629102849,-0.18671013204838302,-0.1331560658110539,-0.19597476147378798,-0.1687271432488444,-0.13632227666210453,-0.14416338673316856,0.28636717856345467,-0.12992823726986277,-0.13273024601325184,-0.1739266431332082,-0.08864010897215838,-0.1053061262714944,-0.08205906885207105,-0.19909891600070706,-0.18615765485239183,-0.11946405580554102,-0.05400921766555548,-0.09625611027551696,-0.1536153297312032,0.19229226425167353,-0.15764611157334588,-0.2172403166083333,-0.18229366752807818,4.414733379608628,0.003064880096198691,-0.12912097089968788,-0.2489481934685577,-0.23420740188583516,-0.18572649556851947,-0.1153602236794422,-0.1738603325503745,-0.22409939597366788,-0.18516748204209463,0.024578691884326254,-0.15687853775879626,-0.23741411681991206,-0.18927802923674183,-0.3207404318177712,-0.3314412401901936,-0.21488737779500622,-0.1613237034262474,-0.3647466399953966,-0.22483476340029834,-0.244453562882375,-0.26819859974073235,-0.2704475868176795,-0.2742434174390877,-0.2570686480734497,-0.21784995165399115
mortality.additional.rate.sp6,-0.227823441657258,-0.23112407258846956,-0.21570249215745865,-0.22600893218927837,-0.29430180663681144,-0.19097818885675727,-0.31507243466034324,-0.23428980540760738,-0.2394565085789163,-0.30763396157109557,-0.26667083050672247,-0.1851758734443899,-0.33879405759559544,-0.1960465909105073,-0.32788267385312697,-0.19401386613827884,-0.18845020461479112,-0.32050155747473374,-0.1407530935617744,-0.15935361758635425,-0.3315395510722155,-0.11031233772022216,-0.3696351242890506,-0.26087802348858924,-0.30772060164811055,-0.20235169920029017,-0.20866682201393347,-0.1433343354675954,-0.23419456177919867,-0.11894403951163642,-0.3891631281151592,-0.14805445497472605,-0.23356143802143883,-0.16564551699763383,-0.17329662473104157,-0.21274264599303858,-0.11170928143716494,-0.15830553691599566,-0.2824277226711449,-0.2524462454717316,-0.24806130429596895,-0.15945092222117055,-0.12719882355428475,-0.14444152559775766,-0.1583518411571248,-0.22177846720445069,-0.2314498858485364,-0.22286872722248177,-0.2116033288604346,-0.1898754265812827,-0.2735678504470387,-0.24595626388035235,-0.29990351670268106,-0.2547526249123419,-0.20591283053288836,-0.30508415738956035,-0.22526982465610226,-0.25311923750957904,-0.19181301396495368,-0.30085518298380787,-0.2246342663408959,-0.29321991055832947,-0.2035934134584058,-0.3681437714913839,-0.4361190149410511,-0.23356199890286014,-0.22077755355936066,-0.48457200848944365,-0.3390353664410925,-0.29842274807387564,-0.3047295911114056,-0.3903877900423504,-0.12942286566176328,-0.33057936510744196,-0.286459423514932
mortality.additional.rate.sp7,-0.22686074531061096,-0.1781198756369131,-0.21407126168350624,-0.20422899096090388,-0.3005752938261123,-0.19438123850654296,-0.2896080863498088,1.846809393347018,-0.2111052253225794,-0.29826867581896416,-0.27837326787469474,-0.1606917984199022,-0.32782360849052544,-0.19802937954667743,-0.3189954710033154,-0.19273595770435806,-0.1849674793975817,-0.31301379219558273,-0.14372935633929415,-0.1627189925961449,-0.3490114010729424,-0.11203102162058509,-0.3428644658470329,0.15385462365035363,-0.2781509111777541,-0.18681608245589867,-0.194369513887941,-0.13263087418349284,-0.25545097544599804,-0.19475527415954222,-0.369826197659825,-0.14781972562955092,-0.2357668239041318,-0.15081461114458428,-0.14113043042332943,-0.19192194147102304,-0.1142399925385136,0.16515902663129395,-0.2385705632436368,-0.23716458640552193,-0.2457617044879943,-0.20006698838262402,-0.22588950123399473,-0.39149353422948246,-0.1586031453045418,-0.22060430679908621,-0.18378254927893264,-0.21758260557322148,-0.19253741487284978,-0.1934910296010132,1.8981373986233019,-0.21547017591262527,-0.29618251058790923,-0.26934924436046487,-0.18256003200268323,-0.2829763714800717,-0.21089418072921384,-0.24987164993174776,-0.19049820929579894,-0.3033333115793218,-0.21472125581579066,-0.29619778236457966,-0.2004163211952836,-0.3515008048847454,-0.41290154303547383,-0.21604699576604317,0.09967543159111616,-0.45863022660130237,-0.3142714746372759,-0.3066410526871872,-0.296153709047032,-0.3853258029647285,-0.3169185028688817,-0.31813985717314414,-0.2822522833019022
mortality.additional.rate.sp8,-0.2315265215502966,-0.23142475773693402,-0.2046597842959746,-0.22518883585870075,-0.29841388276946795,-0.19243077519713903,-0.2988312336079229,-0.2359769334114977,-0.23384581626663228,-0.28538906107459566,-0.26837844582667697,-0.17447403544504533,-0.31910086499029483,-0.1791329346848047,-0.32393627289375637,-0.19212637070025568,-0.18315838358498904,-0.2774078537368772,-0.14417233257955814,-0.1437121979025091,-0.34132325696332017,-0.10570477252337612,-0.36610187275357525,-0.26252358514270935,-0.314819124123744,-0.20281875715563719,-0.2153998892496863,-0.13692162922318932,-0.23160257227732756,-0.13958996280184202,-0.38803030387367793,-0.14751213379084271,-0.23314361164827824,-0.16010007243996752,-0.14886850888320646,-0.20358016228068973,-0.11471318706263904,-0.16791770159928213,-0.24536580618983084,-0.24117858046884658,-0.26598163487366877,-0.19187268018253645,-0.2007764735959683,-0.1454710695404947,-0.15778603342535452,-0.2243557448912308,-0.22443509951723914,-0.21101953873449522,-0.21489399534130946,-0.19231268789921555,-0.274993914427885,-0.24085049212533524,-0.2817084236976043,-0.25935038229586055,-0.19879321236202144,-0.28347702160474236,-0.18982825071865114,-0.25521236023191646,-0.19019613487431794,-0.29392405466051735,-0.22240229569281014,-0.28826369905032845,-0.1920815180844974,-0.3497112852629389,-0.41903758131919827,-0.23599059963708233,-0.2138591054346699,-0.4349172857824038,-0.3190828420188644,-0.299677415016715,-0.2909591444279469,-0.39290425426531894,-0.25922653630523323,-0.3228243715292096,-0.283532434224854
mortality.additional.rate.sp9,-0.22997792162796063,-0.23878147061437147,-0.2192162414227422,-0.22381547517714787,-0.29493661834183804,-0.18892931591162176,-0.3100988895968119,-0.23959976045873074,-0.2282700127505239,-0.28705673871808846,-0.26839213618671176,-0.17443402154912094,-0.33183703163507955,-0.18325278516489443,-0.3194350866906304,-0.19196613433349163,-0.19002899107542534,-0.32141852403189214,-0.14546325449875883,-0.1629480446324051,-0.3683036446280251,-0.10446789684502382,-0.3700307739205463,-0.28312182094683863,-0.31388473805466977,-0.20175594076680128,-0.20343104959239294,-0.14271859582218926,-0.22269670579676498,-0.2254116174091244,-0.3840021928017104,-0.14781807793947768,-0.23609524566063148,-0.15306197625282913,-0.1735760272277509,-0.20299212125968605,-0.11078746731261783,-0.16095016796203368,-0.27153934210635894,-0.23390262810882478,-0.216866756998797,-0.17919690386148782,-0.13446296397612229,0.5060991962241824,-0.1581489294587914,-0.22312005343033056,-0.23553763165284322,-0.22634620980224254,-0.2162499551233196,-0.1871937981447012,-0.2809097244816446,-0.235934306500796,-0.2842016776239379,-0.25089660967597927,-0.19014672556963347,-0.2828837412887521,-0.19357149796650674,-0.24718286848356316,-0.1898276215619111,-0.30110489517858646,-0.22116525426850114,-0.29856663478814255,-0.1999984808406863,-0.38185684839337797,-0.4303763834087007,-0.23335388290521192,-0.22004238860597455,-0.49258877437527243,-0.3223075313139503,-0.30275586654405023,-0.30762269266364045,-0.3834587630699923,-0.3154571709623127,-0.32733245070898587,-0.28602663178169085
predation.predPrey.sizeRatio.alpha.sp0.stage1,1.876851850603939,-0.19351982374329502,-0.1695333404537854,-0.18016123974502118,0.5923153526483308,-0.1724860599133427,0.06608463262681795,-0.1940061831630396,-0.1571770522965799,-0.2049015566017962,-0.22345856008593007,-0.12226796566261129,0.2609725669998894,-0.09660483112002137,-0.03119947948552318,-0.16991038235286815,0.33799769324841417,-0.0726021286643387,-0.11993695684649036,-0.09584815456208463,0.5419599389592379,-0.10945259655656991,0.036659289546210984,0.19143608876774823,-0.0409863230560962,-0.14982916194963627,-0.15701181602150488,-0.05773992680927982,-0.037742008269629965,-0.10789680968877544,0.2200795958007645,-0.091716506405263007,0.6246948373946728,-0.11390052192699662,-0.12283988920735306,-0.1765359342826508,-0.11392063267960297,-0.14902030157943658,0.024099565910054868,-0.0857553630396703,-0.20082052318915733,-0.2076402088828243,0.14593857121952886,-0.25600758267177987,-0.10201966059714045,1.8074798343386462,-0.16958359125829425,-0.20003583751718007,-0.19056198147130954,-0.17661061964167568,-0.21621531013127085,-0.18296870851967037,-0.25442989599460303,-0.22002087005800855,-0.156076948560663,-0.06825357539884339,-0.1596113305453543,-0.13400362378285757,-0.17568509408306154,10.446858617231936,-0.1329915699606047,-0.043686019514647935,-0.1288455591590746,0.15708231250423477,-0.13883741690146348,-0.1538844547556743,-0.15865806780172487,-0.31558584281783975,-0.006497791950986974,-0.08747237636332311,-0.153175908166539,0.0016931159258022192,-0.17793754123768882,-0.09109484389242643,0.12625592665392324
predation.predPrey.sizeRatio.alpha.sp1.stage1,-0.1736421642149536,8.386238069375418,-0.18470777574022182,-0.20325816986132117,-0.2960525330048325,-0.1814758711676212,-0.17910012738621667,-0.12289580928600236,-0.06912803815946779,-0.29826820125852627,-0.26738626914224345,-0.17323984626918124,-0.30871938501930885,-0.1930141733208619,-0.23896504922161355,-0.17502456317345227,-0.17666604301619304,3.270191359220996,-0.14328327742016458,-0.16894310948754782,-0.3355213577094986,-0.10669163943338114,0.07237841188071464,-0.25320994563266136,-0.25287157504404695,-0.18605586955244238,-0.1697921333721273,-0.1369989383855531,-0.24373713901743438,-0.1155937847349317,-0.06691870326369101,-0.13558572814010633,-0.21849557557235516,10.677155750889805,-0.1381791072558496,-0.19479265353772804,-0.11229441882430159,-0.1311995090109559,-0.13084080073569548,-0.2169116718999347,-0.19008002965042883,-0.1642773183343038,-0.10282759043071187,0.6946537968467409,-0.14659348544335263,-0.16735820148426925,9.414263919738564,-0.184652078556745,-0.1930940155200039,-0.18215194597069426,-0.20718635202975486,-0.12504272567230149,-0.28844744951631557,-0.24477315885601575,-0.19273577527532376,-0.2999416018462571,-0.23344421364269188,-0.2410758882509403,-0.17205450992098953,-0.2611306254744123,11.337809085735142,0.08689056777685948,-0.06233792805026567,-0.16321792113024597,-0.30225414408824297,0.15463444461844422,-0.013852402831465145,1.24118260297787,-0.31805679214219595,-0.2696386348583808,-0.3003399049681033,-0.2425678090106872,-0.20914526373602618,-0.14432441268850063,-0.020748192372845378
predation.predPrey.sizeRatio.alpha.sp10.stage1,-0.20852122829784542,-0.14508908552107433,-0.12016294010996538,-0.09956983605485448,-0.243810008515508,-0.1783907966237671,-0.20080304414448139,-0.215471918456524,-0.2184402104566498,-0.1366467597366139,1.576291254524553,-0.15021929071613774,-0.23171750583925754,-0.15658572726306272,-0.2514459678135093,-0.19021756381111546,-0.03751536528611397,-0.28145763367623217,0.014911374539981486,0.04967924875655,-0.21534450552307086,-0.08569351320124503,-0.3156445383490292,-0.22777448386985905,-0.27915011128829786,0.15707387826737834,0.08508880877305451,-0.1313261079676001,0.010393743507312465,-0.1098290522669624,-0.326433114857833,-0.14679282576346334,-0.04781815895430914,-0.16057136103557815,0.03815845900247377,-0.07224396098399484,-0.1082153457439267,-0.16237143704246923,-0.26923346785824753,-0.07255284990786799,2.5363406547261964,-0.01955456455584666,-0.149405646353964,0.10087034078549659,-0.15718150716675566,-0.20172935038863907,-0.21350411728265278,-0.1287516014586759,-0.0960927265786355,-0.17986165193672893,-0.27140031019481253,-0.235038676298635,-0.21120348376032033,1.8922667847408963,-0.1761099706127923,-0.03572808140786556,-0.16229640031647338,-0.2157209759956846,-0.1888059898233561,-0.24427131690227039,-0.21897826755341998,-0.15820089981590846,-0.1585173853251026,-0.29029110877138276,-0.09964052573373335,-0.1945633621899434,-0.20512955782285586,-0.2943393956912684,-0.23834262394313085,7.12727733743801,-0.2621310608174676,0.006847079394854868,-0.1990847219059551,-0.27904411488186776,-0.25037263587733455
predation.predPrey.sizeRatio.alpha.sp11.stage1,-0.2250752355488747,-0.2297883139963459,-0.2056033643164192,-0.2136058883319158,-0.28782021111098033,-0.19310360797317258,-0.3077394107815345,-0.23636947671350103,-0.2158948105938104,-0.24775136604180958,-0.2444607510005823,0.42669826815131395,-0.3190103379801918,-0.15019568655983656,-0.3052729174126454,-0.1925664799885231,-0.19323593477979842,-0.2866163968585462,-0.14223888144229876,-0.15407551356507876,-0.3056691577366909,-0.11640011847873763,-0.3801565376361133,-0.25968156750779064,-0.29392113415201654,-0.18775883429112525,-0.19711085142682025,-0.0940645678810402,-0.22316991782835804,-0.12490506527387277,-0.3804179434810594,-0.14768525836051877,-0.2468891370582885,-0.15841118981295016,-0.17818646232168137,-0.18920383458839785,-0.1110038766073087,-0.17583847354517043,-0.2653357369614995,-0.25401758977974126,-0.21482236889059883,0.7003941699763749,-0.24731690323566974,-0.007603630789096417,-0.15825221677299325,-0.21901716063352983,-0.2315090695089041,-0.21545666196259938,-0.20668506888073268,-0.19200121572216322,-0.2816426175188884,-0.2282375881023548,-0.2438443989286583,-0.22514867899384036,0.47394952024939263,-0.254227008232521,-0.16805829102012784,-0.23926560707506977,-0.19048322011694047,-0.29262915974017323,-0.22165641668906297,-0.28832405666805855,-0.19575864915186417,-0.3449469958140224,-0.3656174040403438,-0.2289382467415988,-0.22255627415049242,-0.45469649965197906,-0.29442509451478627,-0.25988822592472127,7.930186867372335,-0.24746308678980136,-0.21443711203108642,-0.32576740235800344,-0.2759674503968938
predation.predPrey.sizeRatio.alpha.sp12.stage1,-0.21373355707957195,-0.21423645566715654,-0.09555196293198083,-0.07280923433717243,-0.2725706680269263,-0.13857194295358904,-0.2676512054593998,-0.22733913315997717,-0.19548494580006553,-0.14358351550939752,-0.06836194208108701,-0.14079680755789012,2.642183647177579,-0.13578917856176972,-0.26178249443666285,-0.18343342972482252,-0.17297583606088318,-0.29346274212587947,-0.09745269407480608,-0.10182399120622088,-0.2989284342274526,-0.08667796869301472,-0.27935328689777267,-0.23252019547711106,-0.2455284926193157,-0.1344635116038023,-0.19118128708269272,-0.13589424339504697,1.5660689776343455,-0.10044884845198165,-0.2845001312776365,-0.14565077951303612,-0.22043878246354393,-0.1545268667281624,-0.09547566069830418,-0.16270939270111542,-0.11150149801023578,-0.16374739677692288,-0.2323777427452083,-0.1938086735286541,-0.21719788606367924,-0.10322490639284643,0.661094437217032,-0.5596208640996242,-0.15533729447464786,-0.2083895800779351,-0.21605070718832142,-0.09367054485039004,-0.10157192848519131,-0.1506126345709493,-0.2539856668330967,-0.20391494503307178,-0.0817312252375077,-0.026024403004567646,-0.16412853068980424,0.26332026878423875,-0.1440027208245455,-0.23089095385569275,-0.18152100488896736,-0.20441104312366742,-0.2052467296083471,-0.21382642949789035,-0.07480180151611499,-0.3249162923764199,-0.15845812576072418,-0.21317825661199033,-0.20377492555775287,-0.4009881816778347,-0.2597377709189373,-0.13744307494605865,-0.26565504081405233,5.213991437549104,-0.20946318632834,-0.280658661607127,-0.22117634874192796
predation.predPrey.sizeRatio.alpha.sp13.stage1,-0.21760029848933976,-0.1706433502511864,-0.0695761372295593,-0.16411377006409894,0.6709545027750518,0.015599602943827957,-0.24058280045771477,-0.19619307885325665,0.06983885950206273,1.006477046312094,-0.03282335534618423,-0.024061861827353894,0.8430453414821287,2.918324371378553,0.04015348670537884,-0.18575745756281428,-0.1815977383312966,-0.17773231024451372,-0.07345298637392396,-0.13898221563116753,0.49782426347052144,-0.07454440428927911,-0.11704770044828924,-0.23890862424102227,0.043468482470836914,0.1369726050624543,0.09649098712405117,-0.12023840237559472,0.0815771465934435,1.065171537397932,-0.23021744086000034,-0.14636662916223445,-0.2267813494974616,-0.13408080006606846,-0.10839820723063978,-0.1781911465956384,-0.03754937724547157,-0.1650352372900904,-0.09382589116832678,0.05620525797139809,0.03964452451617579,-0.06717663121895755,-0.031026895631865812,0.07878453784389848,-0.15579868653132892,-0.2099986556445902,-0.18570583913415925,-0.09713025986671335,-0.1713771742081453,0.013841811698399351,-0.25182877450923175,0.02043648447502471,0.9905511383757356,-0.06114955448358352,-0.05932083555533682,-0.028000433036899215,3.7504161552198423,-0.10455028712580827,-0.18439812911158027,-0.053374635310892544,-0.20138385847322304,-0.0790223950919821,-0.10340170061659866,0.1878781478901078,-0.012408635514966659,-0.18473365858241886,-0.18370882333764052,0.25691323027946944,0.13683601481758978,0.05293935026288082,0.6282747484085327,-0.11510449027934293,7.095192732122024,-0.03398785609526315,0.003783726053136136
predation.predPrey.sizeRatio.alpha.sp14.stage1,-0.1972417502127722,-0.15693277801601546,-0.20769612665842657,-0.23415506275725448,-0.26489709053756744,-0.19303793273395664,0.9296639249439067,-0.1767157674025965,-0.08064170035522984,-0.2964900210426638,-0.28217068586488153,-0.17155747394496382,-0.32071482836229576,-0.15262985279015784,6.708326189744446,-0.07187137638017169,-0.1792530995975201,-0.2818875800124161,-0.1437323936594219,-0.16940379679037434,-0.33788379078062947,-0.12571913103260343,0.1190356187177272,-0.15842361258868948,0.024428672488737965,-0.20049589271645,-0.23269690902641152,-0.13715781081026274,-0.2434198434712315,-0.1985198776265732,0.6819284723416487,-0.10692456864152537,-0.22957733346382478,-0.027678157739715332,-0.15771974186042145,-0.20400793888469085,-0.11018293097789675,-0.15174272862971808,-0.17758920116615257,-0.2644505147977324,-0.23122383799827423,-0.2121806348160653,-0.1319867728179468,-0.30013145421932125,-0.061138765094815785,-0.1897809509545959,-0.0648710162589297,-0.21415450824748827,-0.22798569073682004,-0.19060828853276,-0.15831304701155,-0.12293843976696404,-0.2860546480591539,-0.2623979211158506,-0.18793150959645455,-0.2731886443964811,-0.16886261398562835,4.942925393866373,-0.06534755659906834,-0.10717166948292148,-0.06321747365206166,-0.12308969892657988,-0.20099753349171795,1.139853765576421,0.09763529128515087,-0.06651920514822035,-0.06258656548367343,-0.16071615656811353,-0.31758474637543854,-0.303007315999669,-0.2956411577058907,-0.3660001127670775,-0.25510241412054435,7.981923691197123,0.13536446079777123
predation.predPrey.sizeRatio.alpha.sp15.stage1,-0.19673307708971305,-0.21871782196914313,-0.185545517095029,-0.1998896502296128,-0.28194984333536166,0.06903459916147074,-0.2797717522838209,-0.18432926516398423,-0.20493851407712252,-0.2810899331658828,-0.27106998349722855,-0.1688577441531711,-0.18217051358387998,-0.19046993047203611,-0.2989469742716958,0.040579437460695277,-0.1841305756603664,-0.2737561795478289,-0.13003997061196995,-0.15391579287060034,-0.29739596817287683,-0.0846108306938867,-0.33890801238022056,-0.13198725927603766,-0.26475685434977914,-0.18543819704320655,-0.2083060283763508,-0.1381530927376867,-0.1836416243593366,-0.18904404647316406,-0.2513291651037474,0.19313651212195848,-0.2312501920815955,-0.12119966561174278,-0.1734357814997625,-0.19128665329711272,0.030813380324482862,-0.10314178782158717,-0.18297006174586147,-0.1934691134928221,-0.22604887209184454,-0.15548503848353712,-0.1479144765567678,0.3074629293721295,0.4391948849505778,-0.1932022711836313,-0.20447050338767778,-0.19702707384502383,-0.19334547621720807,0.0928933521560351,-0.23125052306803245,-0.21437695506923277,-0.2736466578072803,-0.25610781664512056,-0.1866284684161117,-0.06022232027206028,-0.2236373357910578,-0.24095815335745113,0.014819072742911827,-0.27132274694872255,-0.21129700151411757,-0.2680910754124047,-0.17973471893973994,-0.31007835295448466,-0.3843154210854083,-0.21388973376159645,-0.11718333071374352,-0.4077193965318785,-0.28662443573851076,-0.27592166503835724,-0.2757986605858293,-0.3288794290162464,-0.35871029606902277,-0.3088446470917664,9.79011523092183
predation.predPrey.sizeRatio.alpha.sp2.stage1,0.050297261385031856,-0.06439112966278261,2.490696923850235,0.1819695454995942,-0.12403789522844368,-0.1859539213333,-0.10080403932102913,-0.09710557305448912,0.06267264149712778,-0.07926904342380406,-0.13976991468255714,-0.14533217800822915,-0.25874868559775044,-0.12749041641924402,-0.1260571834967357,-0.13189306041199167,-0.06796917500108007,1.620030998483774,0.1400873825793659,0.03649089887071523,0.42451349111251363,-0.09728088593221361,0.6860429607878605,-0.0771266729769768,-0.16567758239454164,-0.11497786994071518,-0.10035913470570182,-0.12912360472158338,0.10896748384120315,-0.1048483411083505,0.012937637717422455,-0.11274324446562076,-0.08808365994830678,-0.11659718048863849,0.15450917253787028,0.06820813783203097,-0.11652324861124033,-0.03965699239743332,0.1407571180852107,-0.11166110561347427,-0.18054364817194496,-0.1887313948741617,-0.13074020088589697,-0.15511135715165264,-0.11636422931780976,0.04970510865810333,-0.12855341771471906,2.2103587041556314,0.18110371598779704,-0.18568297869346154,-0.14863505036164795,-0.032701930385687576,-0.10134229526036598,-0.124738399836875,-0.17077017172760733,-0.1671891060967745,-0.1754579250515882,-0.13198914765926456,-0.13062022439204854,0.11306468931379884,-0.008292071268822601,5.0284938168224675,-0.12182126662339715,-0.004225571399941801,-0.13259256709723025,-0.07238039664094148,0.11402614401553596,0.5150631951914837,0.10071661640911628,-0.03694195499791052,-0.20267119798862815,-0.10063416210335183,-0.15481181239507397,0.1787446317156093,-0.1946206120558058
predation.predPrey.sizeRatio.alpha.sp3.stage1,0.28212412213343957,0.15335350546477422,0.005508915974029054,1.8653561673882748,0.7528223928660323,0.6079119395507386,1.2643983397798015,0.01008848396521983,0.2254757857193634,0.18125425365013842,-0.05951258900004492,0.22279860539724167,1.7761062784035628,-0.06847915384984063,0.07507035535154635,-0.15396771685559837,0.5818513628889577,1.049796738370116,0.2963890853058292,-0.057306705898007994,0.33442427751199083,0.08982321863229248,1.3191862275420947,4.097518439509043,2.6892782837374787,1.041092876716343,0.23825918185420183,0.11442848978024475,0.5389220104597435,-0.07046652312194396,0.4429376209743391,-0.073785379100702,1.1246531245519718,1.0760002023211244,0.06992909870854032,0.5203616735038264,0.44984392919818195,0.08181610955930732,4.204077125542222,2.1605497468586483,0.6182830671375324,-0.055311615755033426,1.62744956713964,0.20887620026227843,-0.06127506832092436,0.3183372465101596,0.5702785600409113,-0.03387269878536828,2.1781751570964483,0.6344615701146639,0.6820448910774838,0.49581745027222673,0.015973225670263547,0.0912932174303317,0.13959036507372946,0.585401516528903,-0.10148385875797854,-0.0730293885932307,-0.1560420293278011,0.24884983618108733,1.3293319911757568,-0.03118580554262745,7.37686112537028,0.02953586473865989,5.765162302175371,0.2190964226017366,0.7666335240207472,0.6989099534772446,0.4519645637484311,0.024773299459319033,-0.10403391010996818,1.6163540957487974,-0.27485990754309275,0.19997555380632617,0.1321496050252018
predation.predPrey.sizeRatio.alpha.sp4.stage1,-0.14275374047161296,-0.1233333704912666,0.08619016909433948,-0.16558430969104543,4.632769145572468,-0.16322580275199203,-0.12410821346428078,-0.20994002995321712,0.08491553764531147,-0.028291247640989024,-0.1639852069003378,-0.028055228015688296,0.15247350809973653,-0.061926827497646886,0.8131621134867487,-0.17307403350541592,-0.12430350195008648,2.6137192587236893,-0.05288186700405601,-0.11293979828198081,5.041210320611883,-0.06870744153716671,0.806058840085541,-0.2625806199858485,-0.21873995207640998,-0.15473272681086905,-0.07813879630084518,-0.08908119553643842,0.5611011752417182,-0.151792581078198,2.639211302426495,-0.130560805665059,-0.1436678894915984,-0.1485333073107233,-0.08721648186192506,-0.1772936330141347,-0.10832712943306366,-0.1541443777679041,-0.1357062854843279,0.0815690212508628,0.03636785586378145,0.22181795479882468,-0.0653420428044577,-0.26039491742943216,-0.13654331492056243,-0.1374193495200987,-0.2208305478058815,0.043521072138304,-0.16950972549409932,-0.1686322390464975,-0.24802633376153604,-0.0015591963176801696,0.07948231723113804,-0.11518668609132793,-0.08576556265734019,-0.21849935527568154,0.13454895217199409,0.008366307600589935,-0.17137501845916298,0.5779243858267712,-0.115775691933299,1.7045600463653572,0.35640669712046263,6.311444379368054,1.8781438257615664,0.009135381928501298,-0.09782726421008946,1.0085446291344713,2.277884673748089,2.0389012810784846,1.3558058015295333,0.12065607304034082,1.4546669161765973,0.9520821099236685,0.7920528768962071
predation.predPrey.sizeRatio.alpha.sp5.stage1,-0.23050731085257475,-0.237547218936727,-0.2144413524765526,-0.2278158432288618,-0.2965215087972601,-0.18798937985055333,-0.3148047320219529,-0.2354154622586042,-0.22033874284584326,-0.2842241526359906,-0.26015557333396305,-0.17945258199472988,-0.3179608049377977,-0.1816724209442237,-0.3176006708794516,-0.1928030643140366,-0.1883940952086273,-0.30949622990713466,-0.1456038511350485,-0.16231561537441225,-0.34983701280681456,0.14733660465320597,-0.3529480140133715,-0.26351943819303064,-0.3086174306316129,-0.20736719200126766,-0.20519689409972203,-0.13931224592184155,-0.24784630552872686,-0.10306391074989553,-0.39130666567798883,-0.1481951163570693,-0.24264516534255284,-0.156934917322528,-0.1760105256739315,-0.2022963475678755,-0.0900295862658962,-0.1737806116850085,-0.27555418512545227,-0.2592876129962898,-0.2120145140289924,-0.17549077405605523,-0.18771405734645671,-0.01787194870967879,-0.1585560536594824,-0.22395921192563764,-0.23847488262677005,-0.22165299182579645,-0.22347850284888293,-0.1869307941489973,-0.2775555818465475,-0.23365807481804443,-0.27998627161028977,-0.2403872129291836,-0.1978779524508365,-0.2823897046784535,-0.19592154796820072,-0.2500515879904985,-0.19074035643627638,-0.2984626311824657,-0.22078799502201926,-0.29841310259429094,-0.20346168627549516,-0.3752644123950159,-0.42239945471018775,-0.23318852135239004,-0.2292538057768921,-0.4660950245169157,-0.32104463515418324,-0.30847990283546434,-0.3003494524512375,-0.39226404699863454,-0.14516298394069435,-0.3481713051028262,-0.2881945899332885
predation.predPrey.sizeRatio.alpha.sp5.stage2,0.1189487821646483,-0.1850057716331026,-0.19413808348949713,-0.10017273526348741,-0.2268036372808446,1.5381361154217361,-0.15748544461087038,0.37033127777608427,-0.08158832935444024,-0.25380965187378207,-0.24241093522263926,-0.179721115499188,-0.2455602316150757,-0.17140890361779607,-0.24095386285332757,-0.1891558907172472,0.1486308744171858,-0.295758665314307,-0.11656073743721825,-0.008096655157351975,-0.32296789652371144,0.5167125617058561,-0.21435802942631113,-0.11954874539918925,-0.09516229677090388,-0.1618945355102391,-0.14091439473566927,-0.1304631639188524,-0.21884626856040193,-0.050541447028340056,-0.214870609976585,-0.14556194552326068,0.7079679544739556,0.17356349421882075,-0.12376174895608243,0.3567807510622538,0.6432022217281779,0.2982251507561684,0.24498468614618235,0.2525784563005689,0.5493584048909625,-0.11892737320516006,0.22577290525811222,0.009717263335447765,-0.15603768577157054,0.13001391006613539,-0.1293128024650428,-0.20557858968897472,-0.058883487940302424,1.5502918282008729,0.4757727235796357,-0.112112394038807,-0.23565828989025508,-0.22100998450058562,-0.19178520867898174,-0.19454195986760608,-0.19078050030216473,-0.21969719050040834,-0.18706750660037536,-0.06299810314670617,-8.091442231359684e-4,-0.2630795587213841,0.013414062254008268,-0.3318816682566639,2.4255070312675104,-0.18862131669504276,0.17162998757899278,-0.38365029904698406,-0.24335477949069473,-0.1992709289770722,-0.2752746517453053,-0.3097769650644038,-0.09074381398814822,-0.2926371042344339,-0.249559680805371
predation.predPrey.sizeRatio.alpha.sp6.stage1,-0.22264865775713205,0.07184410148305331,-0.20582297438208713,-0.21866488987446428,-0.2811839088730437,-0.19112193394667842,1.8485886462068855,0.025219671917372937,-0.21797156239415497,-0.28198953453849196,-0.269957250572427,-0.16824722813665097,-0.3238672424496119,-0.17095583223337021,-0.24832261651472615,-0.19088239184554373,-0.18162329301558597,-0.29983131953146347,-0.14298778898950343,-0.16340194068071354,-0.3427527062083541,-0.11073208830848805,0.940817860148835,-0.2721318001870475,-0.3055766809363036,-0.19065375503636423,-0.2022476741167144,-0.13886937945114558,-0.23484867895648628,-0.19964189931909984,-0.3848876522766985,-0.14694934291233863,-0.22729751681304936,-0.14052195253247954,-0.17063573329940937,-0.19018549435807283,-0.1138796207695934,-0.17006984936028682,-0.20630647363300753,-0.2535449712494233,-0.25011822073861023,-0.17694021311954672,-0.14106967625009093,-0.4590534113150023,-0.15681354878353085,-0.2161466729242693,0.04670917906263558,-0.21792915874199228,-0.20373523027326293,-0.1907062085776052,0.012417913093551067,-0.2242129556712339,-0.29303317520830874,-0.24946365971034157,-0.17827637789323245,-0.279520890311501,-0.18936525128280343,-0.19890748001175249,-0.1892057037234905,-0.2803374746432743,-0.04359452314451937,-0.24821917944929284,-0.16771442274501078,-0.34269313747250346,-0.39628255579640675,6.076563770154186,-0.17813917427876566,0.13899609930107026,-0.3188149901302696,-0.29255209721575,-0.3087559350771579,-0.3666631666568283,-0.25178070356945664,-0.1589132629009041,-0.262895320492826
predation.predPrey.sizeRatio.alpha.sp7.stage1,-0.21518779075212935,-0.09791828822164844,-0.20700428758000108,-0.21764820290843706,-0.2978948891480613,-0.17087748696342178,-0.2729370259779843,9.377619661574721,-0.2140269033611525,-0.2941321093618016,-0.2892990418571426,-0.16726132226800777,-0.31903799234239266,-0.19358709787734976,-0.30949471379867116,-0.18769471269052693,-0.18035517860764722,-0.286346528724081,-0.14451228014249698,-0.16884822648914405,-0.3351152090088672,-0.10852385439011532,-0.3462864441613214,1.6372701009482058,-0.283092242176271,-0.20730555131640557,-0.20749311190390504,-0.12885006122142828,-0.23087646680215293,-0.05121993860586779,-0.34797476946581174,-0.14575649714114366,-0.22566499961961942,-0.009524893641003684,-0.14527043221403688,-0.19128710495043535,-0.11220509425900066,8.541181108634536,-0.23834460426017484,-0.24590668451048797,-0.24140454669413108,-0.06380851820319987,-0.10797652289652046,-0.329059633298373,-0.15593497615760488,-0.20795897186268378,-9.702761526833557e-4,-0.21293173229400306,-0.2063438530326835,-0.17179011122509352,9.795885091682218,-0.22249263863987892,-0.285490473451274,-0.26832936879941427,-0.18253643401732025,-0.2800300601636349,-0.21937261128613414,-0.2402287332598776,-0.18558613118477074,-0.29696772583823844,-0.1288348594691581,-0.24235608496184252,-0.1776514729744617,-0.35574504769275656,-0.3738186256984864,-0.15750257578364454,11.858491500446153,0.15384278895770387,-0.31475140783477346,-0.30719399779121825,-0.26050309746914907,-0.3795760512748527,-0.06408459172904696,-0.3171734652676218,-0.24257096944546777
predation.predPrey.sizeRatio.alpha.sp8.stage1,-0.012855126871132015,0.12397498069794868,-0.10499921066650464,-0.08048213822904904,-0.2524244806192043,-0.14297805941087094,0.9084383606395874,-0.07726534151392817,6.5002119085106544,-0.263494706175844,-0.2742190067973042,-0.15970103893553908,-0.29392164216657707,-0.14589969669871913,0.1738436498583134,-0.018881675716680264,-0.12547888068718682,-0.010201477744495669,-0.13538601258284994,-0.15889907981497828,-0.2876631675532286,-0.1056127120932772,0.740983187553799,1.386328215995075,5.01314064225116,-0.18726519038119888,-0.2106782819196845,-0.13765193649165094,-0.2397603223951561,-0.18233075930926274,-0.15863578310452753,-0.07986249841614766,-0.15879124684058485,-0.08249669841888659,-0.09716884887674244,-0.13173376389343894,-0.10209835775382922,0.036031434004071744,4.142801723517849,-0.22035232390427167,-0.25448821934000815,-0.18154594218598427,-0.09575775195460375,0.03666080315931467,-0.0842663391996847,-0.005727446196610554,0.023006335936641368,-0.07806721791018946,-0.04022882658129723,-0.14723272391733988,0.190350261672381,7.754490394153915,-0.267868300535725,-0.2582550200880635,-0.17901216098388698,-0.25227755848822525,-0.16951888353499764,-0.09675377305137349,-0.015678434870902522,-0.24772086692154566,0.3626191891015865,-0.2464421088800584,-0.1947879426968907,-0.1857362025222504,-0.1778247047989679,0.2947241729753551,-0.0389101934621216,4.270961211011131,-0.28510231208190395,-0.2428790274630503,-0.2634806769693942,-0.3511156884752384,-0.20658177395831917,0.2733248399202523,-0.18095293737618023
predation.predPrey.sizeRatio.alpha.sp9.stage1,-0.12395475206214948,0.08396062891096305,-0.1389468443610516,-0.026390732309656974,0.5148207802343302,-0.1331258850197187,-0.06034125429859462,-0.127008085933655,-0.18016029120798047,3.082401048988248,0.6807744078943502,-0.05488153268147311,-0.03493261494934348,0.13435082087411396,0.10298670944485366,-0.18085974437147498,0.3213838869235038,-0.07377698173029451,-0.028193045739453904,0.17549255925734153,0.3219101056987339,-0.053444063852704664,-0.20192704446872328,-0.14648956311645484,-0.23436372753086634,0.05489705438746168,1.7068158314458046,-0.11773087133040659,0.6169151465721028,0.3315253033110571,-0.18179015555858355,-0.14371238261064978,0.37590057054128284,-0.13508813877527187,-0.04427864755168177,0.06013975476682571,-0.10984377171120013,-0.1427354506096304,-0.2148830011761991,3.0252441993245984,0.9097187674366599,-0.002484110709623999,-0.02000460210650332,-0.012870630657177357,-0.1533393351233744,-0.11841802281360468,-0.15781895721125092,-0.14412249674772085,0.0029560620498012198,-0.14323890740416126,-0.23390347665656297,-0.2057991421782933,3.5849277459724886,0.650421049886646,-0.09246903087189752,0.912707586376706,-0.041403885815267306,0.012767943674382668,-0.1790868547886992,0.3880730153267532,-0.14626293339456564,-0.11483959936604228,-0.14396903891759652,0.3345373077378721,0.27032748156198605,-0.09007164401635227,-0.18468570619682537,0.4296502470972869,6.786828831502839,0.11026120242815861,-0.004118186290793435,1.5969401121901818,-8.455738042042392e-4,-0.01779614845523202,0.08889499295604698
predation.predPrey.sizeRatio.teta.sp0.stage1,-0.17523433808013697,-0.24159428428403673,-0.21350396104760852,-0.22417932678127153,-0.2933151875124388,-0.19540535262883935,-0.30786574065952527,-0.23942397299062693,-0.233427646800549,-0.3061611100746145,-0.2817737700304665,-0.16131086671988307,-0.3140003136234595,-0.1849244459864984,-0.3205804747542327,-0.18884482114175055,-0.17353087490452618,-0.31280454306939703,-0.1462244177026504,-0.15986008669027718,-0.3278716960945978,-0.11351702906687354,-0.3547362952639217,-0.2766970075709129,-0.2497871032109566,-0.19730412737590514,-0.21964237039336149,-0.13171900674829287,-0.24034950679831438,-0.148464343962574,-0.38037872245202375,-0.14462199774948886,-0.1637885609652673,-0.15678058622284824,-0.1614537116895206,-0.20441620674075636,-0.11389383819518252,-0.18837957830961255,-0.23148740004460752,-0.2281342224247039,-0.2526689856134537,-0.04498005231990825,-0.16014707072990794,-0.5714769215701743,-0.1553456967986805,-0.16818184111317544,-0.23106217003250085,-0.21985081420681926,-0.21493633607771906,-0.19351045808900794,-0.2830303999649055,-0.2428973325457156,-0.3008636626510314,-0.26490105505667627,-0.18110178463089052,-0.2913058708408561,-0.21534442466743284,-0.2368935691128419,-0.1876177550855564,0.42246709087698503,-0.23092676180248453,-0.26613828328499395,-0.21416977661348338,-0.3379123389217522,-0.41446401423427975,-0.22472750450917842,-0.23350747888114226,-0.38916311652199626,-0.3167946564807421,-0.301634055425753,-0.2564306202638355,-0.3753069492022652,-0.2556797785529851,-0.32111333819438137,-0.2771339169194066
predation.predPrey.sizeRatio.teta.sp1.stage1,-0.22546575797977855,0.2475380387454658,-0.21236737921317386,-0.22780563305459797,-0.29222488144386605,-0.18628248715522916,-0.20036457796932558,-0.1474102445658413,-0.2365256114058479,-0.2869323126096884,-0.25986691619497254,-0.18087840789412463,-0.31971004239508827,-0.20846367412949907,-0.31590771805789136,-0.1917941028520807,-0.18918754182768274,0.2504143367647127,-0.1459219356593433,-0.15501859266205942,-0.34676000695848863,-0.1275455566516197,-0.33745021906749106,-0.27652464520739395,-0.3065552670736521,-0.19146575152908626,-0.20804126999507178,-0.14257263708608095,-0.24196287379105708,-0.173901134247914,-0.3698807135361735,-0.14769806239800312,-0.24125527633621,0.6708382319235751,-0.18444830794977496,-0.1841815616787907,-0.11874356177260532,-0.16302410218391172,-0.2410525021737059,-0.24690980193242162,-0.24691282505611062,-0.14408773293444788,-0.1643836636175359,0.11217421833227377,-0.15739296714033105,-0.21917283999203158,0.5738276483227386,-0.22177190632422594,-0.2185236757783301,-0.18693843233128446,-0.1976333684449742,-0.24764044123271142,-0.28969486383483006,-0.23869621648950726,-0.18227225264223282,-0.28424069264946367,-0.2384152731347736,-0.24959934239816806,-0.1897906769164421,-0.30581284376296686,1.6704996224383275,-0.26279346807367276,-0.19766916628684253,-0.2639632712754204,-0.4228906571852846,0.40296214768929006,0.04264230927578092,-0.23361897238035242,-0.32363734764585345,-0.2767199582969434,-0.2875039428325785,-0.39938579664835566,-0.19757816827945338,-0.2746045761001125,-0.287174134629748
predation.predPrey.sizeRatio.teta.sp10.stage1,-0.23304937001520276,-0.23305856861948704,-0.19738892137365185,-0.2080993119705088,-0.29994173664922247,-0.1970207610322466,-0.3011818647964502,-0.2271413865457547,-0.23606765758154688,-0.28701174905484284,-0.23698279475203882,-0.17119223288166968,-0.3020329920074193,-0.17708950606537657,-0.3145481318387954,-0.19306140029124275,-0.1869994184016264,-0.31107392905391523,-0.1401851779959741,-0.14838578075186226,-0.354019529681914,-0.11823201492493497,-0.35677530860206924,-0.26019022811318737,-0.3144836821642468,-0.1919981431760102,-0.19678054253074378,-0.13509728657984704,-0.22760426281092627,-0.14577052489298284,-0.3812332853359945,-0.14779936666632917,-0.23840526525643843,-0.1591341558011721,-0.17184374878737327,-0.20065301741997302,-0.11495365892212545,-0.1669935060086338,-0.26722040369411604,-0.25318947308684253,-0.23641315555428616,-0.21689336803057724,-0.20342262822771665,-0.5291866760406059,-0.1581961741463941,-0.22591923461363786,-0.2315983662911856,-0.21199402676927395,-0.2006784623792838,-0.19478945890196675,-0.27148183271751447,-0.24092182532255707,-0.2821494922164996,-0.23226744859465687,-0.1844025694633879,-0.26774448128934186,-0.20105116546158555,-0.24147014562195587,-0.19085708209150315,-0.3036368479177145,-0.22561110415789798,-0.28974134106041205,-0.20010289018934724,-0.37476288482088416,-0.3928155595316819,-0.23241386988211732,-0.21661552785018462,-0.4579237494930451,-0.32308073917416624,-0.2265277326642751,-0.3064268302223532,-0.3655698432060198,-0.1808103970592363,-0.3113351040066655,-0.2830002996450744
predation.predPrey.sizeRatio.teta.sp11.stage1,-0.22773093330373195,-0.2363596991678492,-0.20339378431050806,-0.21685100118867023,-0.2962714410399496,-0.19801392139164078,-0.2924090124684024,-0.22670418535475073,-0.23253518443662904,-0.27683364815243205,-0.28281664059234335,0.29052379984255483,-0.19314221451203908,-0.18970622904828746,-0.32175984565887505,-0.19376223727156794,-0.18614091785882,-0.31358676854407647,-0.140241313418957,-0.1469604275020027,-0.3478747955365786,-0.1259376014348548,-0.3628355187558425,-0.2858779889531888,-0.23761848663930357,-0.1982786124193422,-0.20614107565606843,0.20821180011094365,-0.24226602415074555,-0.15320207069051892,-0.3899495639749978,-0.14792867399150175,-0.23373019758509905,-0.15361581709301753,-0.14421136685877828,-0.19645955772264082,-0.11480316017997239,-0.157531966700532,-0.2555056106871301,-0.2521451954137872,-0.24166842451595516,2.381104775489362,-0.034433626197498936,-0.6463675932762241,-0.15788684963556823,-0.22168829028095707,-0.2344567459128599,-0.21030588170762604,-0.21065362117207218,-0.1960840291561487,-0.27361758243544015,-0.2414482666186936,-0.27744436796266886,-0.2644972573624187,0.3657782700256222,-0.17645316558812965,-0.21991964417424886,-0.2391070733077967,-0.19150321848631383,-0.3003194676825936,-0.22245913783801685,-0.2827695842716224,-0.19998487496771114,-0.36036400724675394,-0.42836907839067684,-0.23757761062211669,-0.21200162317584673,-0.485591480385036,-0.3223078384892568,-0.2819582039326186,2.485463103017655,-0.11439852958139103,-0.2045405119337903,-0.3378068495285297,-0.2877699345836483
predation.predPrey.sizeRatio.teta.sp12.stage1,-0.22584394462904445,-0.21134668585069813,-0.1828621282896665,-0.11253366135347533,-0.2862668933504739,-0.1865223523300504,-0.2844166133900655,-0.23878701229621677,-0.2246527352853822,-0.1458439151195686,-0.19748047177958516,-0.13578256197421082,0.06091423696802857,-0.16258205219463495,-0.3077690914856586,-0.19136716194883532,-0.18143177930828464,-0.30455034217443705,-0.14277518865438973,-0.14696350792373708,-0.3336219857749985,-0.09470930234009392,-0.3311274661327263,-0.2719920985313649,-0.28345206822006014,-0.17954521484618027,-0.19171517690512357,-0.10435502476123533,1.2809033971530401,-0.18122586572781188,-0.36728735684518987,-0.14724207425670816,-0.22750802113193866,-0.14638721219248604,-0.16288176242954402,-0.15588700577493364,-0.11397807983953218,-0.14775020095758062,-0.2678410419697194,-0.21428701050933804,-0.16041404182461,-0.10729021510118955,2.3597048551545248,-0.32213866562028426,-0.15719969628694933,-0.21985764788352527,-0.2261557776315345,-0.18613869609545333,-0.11246603606569183,-0.18501151773567884,-0.28218294679494416,-0.2285967776269446,-0.0913489686240159,-0.14949531874408914,-0.15339625242762656,0.1200334292307123,-0.17404040144546837,-0.2387541379027655,-0.189247458348876,-0.2812084966687047,-0.21815808088342373,-0.28284235876201547,-0.19333065127750387,-0.34098603065129485,-0.38892948652196085,-0.22296590596010268,-0.20373298393225514,-0.41652717018425983,-0.2790164221960097,-0.11310527587893107,0.20901676361714672,5.967340516963262,-0.27907360653070773,-0.32322453277481794,-0.2636746468351996
predation.predPrey.sizeRatio.teta.sp13.stage1,-0.22855637224151007,-0.23422584356120663,-0.21717555688194876,-0.22623717134734686,-0.2622189753292941,-0.19203645882220502,-0.30580113413677346,-0.237732718590574,-0.20770669178715453,-0.2935278925963946,-0.2670797267730891,-0.1760625877778649,-0.30206732060815294,-0.05293240045352803,-0.3153234362268661,-0.1923676314768416,-0.18988597742422902,-0.2981220685208183,-0.14964825140887622,-0.17777201023744865,-0.34037240248628814,-0.1093890522725981,-0.35899591819022203,-0.2835151850273237,-0.2801572799232371,-0.2077600368631769,-0.21720355463783547,-0.14040911964042732,-0.22846263773096756,-0.09629903007123802,-0.37818461662772007,-0.14809400743204626,-0.24674944105674593,-0.16007887095855455,-0.17433814987488272,-0.2154656854522123,-0.1114092065609856,-0.17478671588718062,-0.27109646249095565,-0.2542406664453251,-0.2547716143864238,-0.1370382428221889,-0.19320599161505567,-0.06644481951711635,-0.15839741205286076,-0.22201085989800162,-0.22686277904721056,-0.22578387672525033,-0.2150323507203267,-0.19046981329488108,-0.2879586652668872,-0.22443723983986938,-0.2876064338715719,-0.25823347195287016,-0.19800030643619485,-0.2743505025739789,-0.014697775995895961,-0.2428584564080069,-0.19019747606004733,-0.2956249411300851,-0.22636060093274712,-0.28164392634976754,-0.2173546113851097,-0.33086458600070306,-0.4129764649395626,-0.2276607856406957,-0.22749853941290274,-0.44569360685085524,-0.3043719863946872,-0.28537046267915217,-0.26328681106150326,-0.37526154142034246,0.38145332709701046,-0.3239198767741533,-0.2668683120081432
predation.predPrey.sizeRatio.teta.sp14.stage1,-0.23523265352231598,-0.2335889194106007,-0.20913378258777485,-0.21672023873346058,-0.29517540185018787,-0.1955482444581371,-0.2955908006992277,-0.22164540529953447,-0.23043600058702404,-0.2955149260502782,-0.27154055267963506,-0.18196078755082973,-0.32332171163673545,-0.1774564875738805,0.20907999354245632,-0.19011560364142885,-0.18915453748668296,-0.3322951284776677,-0.14810865599592146,-0.16289058213090743,-0.3290327172506472,-0.13150183192858056,-0.35496060715324085,-0.27967237082283103,-0.2813553533850677,-0.20133568541212904,-0.2087135895304711,-0.12718691890178943,-0.2337772124647406,-0.15962595238313113,-0.3747411806620152,-0.14440487261228221,-0.23955254940568405,-0.16568824374195337,-0.14876925534101093,-0.21393459623391645,-0.11864470587254347,-0.18353695398979558,-0.2766287857652557,-0.2586580591850406,-0.2558150210530811,-0.1876272192836619,-0.15086304488048716,-0.04766163955609194,-0.15048494096453344,-0.22828410108391584,-0.22456028065500977,-0.21885765375259195,-0.21124520457989138,-0.19436758674748694,-0.260696809945223,-0.23715943784309904,-0.28898192435785913,-0.25613633907015626,-0.2064604712671007,-0.2876030532157766,-0.20700724518578745,0.09648991084852039,-0.18778880378124424,-0.28631339325585076,-0.2312382285352034,-0.27550608450132685,-0.19974247850679283,-0.23333304900073074,-0.41291550192894283,-0.16094971372501093,-0.21107072694897816,-0.42522098720315,-0.3218406294484804,-0.30097356486245114,-0.27852718636291685,-0.3837258157524228,-0.2796060679472572,0.051530560244069025,-0.2655752995066855
predation.predPrey.sizeRatio.teta.sp15.stage1,-0.2300203956781857,-0.21971123671206633,-0.21245152394287517,-0.23551429358429737,-0.2877604819755905,-0.18843663177230885,-0.307525170905123,-0.23030783190958004,-0.2299913150018291,-0.28356052373807905,-0.2747023309878143,-0.16987539748443686,-0.31077176615299695,-0.15201472357498425,-0.31269476006504204,-0.1828119687039101,-0.19640082132332684,-0.2903822268148293,-0.1434736706630434,-0.1582166168107528,-0.34178641721937036,-0.10246029268601818,-0.3842585405696569,-0.2824754463618424,-0.2897032598991036,-0.19864545709255294,-0.19117324332084965,-0.14122334667436273,-0.24589298808627874,-0.14402264042378443,-0.39838123183810886,-0.14648045262234427,-0.25475671770418,-0.16127290469820593,-0.1465452069729506,-0.2051635191129983,-0.11013812274612925,-0.17497693255575714,-0.24665641757376588,-0.2383571532051226,-0.21423412666452712,-0.2044719705740808,-0.18569164737772542,-0.41631985418237544,-0.15539938763387137,-0.2249341802444604,-0.22715533464413656,-0.22032888733790323,-0.22200544196045943,-0.1881151888213233,-0.27849000239406163,-0.2418264923653158,-0.2881147108420396,-0.2604752804439476,-0.1848903026100086,-0.27601709843288985,-0.177793179361721,-0.24105230650559767,-0.18130410230753444,-0.3008101115658802,-0.2357811989166465,-0.29346954076821724,-0.21042947648124602,-0.3688623698484927,-0.4232680260458795,-0.2364346278585865,-0.22172485741932008,-0.43923802580588217,-0.30735853566674814,-0.3030239255323296,-0.2785498753220755,-0.3878417095839447,-0.28327951243004595,-0.3199186257579741,-0.18722019936423076
predation.predPrey.sizeRatio.teta.sp2.stage1,-0.2242394979848389,-0.20489807081801298,-0.12753257218209407,-0.21582125464871915,-0.29872508263210795,-0.19534955283778035,-0.3017441716907144,-0.20105799120719287,-0.22061254372571326,-0.2782314085583771,-0.25152860669650573,-0.17844538974818097,-0.32304045020849,-0.17979257862356407,-0.31649347897203145,-0.1882267517819939,-0.1865122667779025,-0.29030736299353294,-0.135312273377293,-0.15737410277982783,-0.33070143457481094,-0.11059127223127596,-0.3478005342122239,-0.2762887263138453,-0.2912539453688555,-0.19757992551820674,-0.18808462486544328,-0.14245217979303637,-0.23559129557738945,-0.09911567256240379,-0.3912698792714899,-0.14664856575164448,-0.23919736311239542,-0.15013407581402452,-0.1277890718799475,-0.1953661701492645,-0.11381961826273186,-0.13896439849077533,-0.28107379891630513,-0.26098891388405143,-0.21939818921337137,-0.1603224889644886,-0.13774216501213873,-0.014504427055735356,-0.15699749866478455,-0.21815291772205136,-0.2098796128923694,-0.15781680546151608,-0.2104891226881263,-0.19418183761226188,-0.25662171866941763,-0.22548065249633026,-0.27443354759086896,-0.2349836916798295,-0.20417677890420732,-0.2918199279494338,-0.19510449819356054,-0.24669457408998752,-0.186592146393405,-0.2978051820754511,-0.198546945741814,-0.19018037329567164,-0.19727265673843775,-0.23076538501590313,-0.42410435311353273,-0.13092740234947728,-0.13570364383955824,-0.37177717436199165,-0.33130089363548826,-0.29344406724568933,-0.3013602303827534,-0.3873844060642633,-0.28123909002266584,-0.3242460478901609,-0.27674379277517774
predation.predPrey.sizeRatio.teta.sp3.stage1,-0.2168445803376991,-0.18740169784538355,-0.21330698619836458,-0.2188000826418183,-0.2758883923429482,-0.17574254679282303,-0.3101168385686728,-0.19261512965543381,-0.21455329427996866,-0.26585230649739955,-0.25680159177488426,-0.17871033477687592,-0.31357030019931414,-0.180662694802258,-0.28376269573295254,-0.18808752292492092,-0.17076076253536546,-0.2839394533523869,-0.13723885247942358,-0.16402552423280164,-0.33948092091994747,-0.10763662033202727,-0.3052309605618171,-0.20853096459495452,-0.2615555079114592,-0.17271854430950953,-0.19837320776349263,-0.14108777982706713,-0.23658039533289515,-0.17112912864863586,-0.3618264313119573,-0.1440542517804893,-0.21561460776679126,-0.11730327445887519,-0.1454635899033999,-0.1949177989335756,-0.09666545825225538,-0.1632216910816718,-0.1728811016933828,-0.22431332054645872,-0.24779597257988262,-0.10252114203326804,-0.13808872689251367,-0.38271583260513414,-0.1532736150081745,-0.21012272074119193,-0.18267385860265964,-0.21653012225990195,-0.20498823683096876,-0.17229832729173963,-0.213764083836879,-0.22915292124798217,-0.26123792264380513,-0.23482392961868911,-0.19453068900058434,-0.2602551586133661,-0.2018991228425464,-0.2268624302191675,-0.18644647911525358,-0.28715828155174256,-0.21588969878328204,-0.25843359221182793,0.15106738401826234,-0.3237021538255756,-0.20082155485176953,-0.21098871102127847,-0.21334917139871903,-0.17104893243875777,-0.3137313377311802,-0.29834483594045336,-0.29672885851721414,-0.33237229108700883,-0.24397083811634418,-0.3016142325210056,-0.2857883004011816
predation.predPrey.sizeRatio.teta.sp4.stage1,-0.23027774604771556,-0.23144942476369162,-0.173311815023615,-0.21705253575850095,-0.12628873663013207,-0.19279593893131713,-0.2852470609602024,-0.22108516355540875,-0.2268747441014293,-0.2565520533190117,-0.2544116185260115,-0.15543990971323338,-0.2904916606460309,-0.17642019083807417,-0.2874647131606279,-0.19082960061245952,-0.1784856104239808,-0.23912611351913896,-0.09060992227159054,-0.1567137365072018,0.42132304610481297,-0.11566962499957874,-0.2979872868633598,-0.2674715643124779,-0.29523423985048863,-0.1930941911582758,-0.1904670841011111,-0.1287752634742081,-0.23239702429024264,-0.11928011148409788,-0.31831796717905164,-0.14776371909011748,-0.22667725634600042,-0.16089774575211316,-0.10632309108621513,-0.21822500084937202,-0.10691035484776074,-0.17232094353530159,-0.2548250105473572,-0.24738495886128029,-0.23325667793993107,-0.062484107819948245,-0.1637790821120105,0.018588351329530434,-0.15763906026805927,-0.2232629978388862,-0.23172507213488908,-0.18330293523352392,-0.2124957545710962,-0.19059368364698626,-0.2691282473443938,-0.23910140403854885,-0.25719450839467206,-0.23999743185828307,-0.17338761153195673,-0.28959891075310734,-0.1732992111940547,-0.23791953943499433,-0.1887934150212136,-0.20203532413738548,-0.15704427869357457,-0.08421399085500736,-0.20026599971971065,0.3712988830211647,-0.25612281621818606,0.10711644416914694,-0.14798073209943113,-0.28430354905490096,-0.08196325541273879,-0.19938467541565252,-0.23628004672620512,-0.384342480802849,-0.1245558910106123,-0.3280716978772878,-0.1881517519047569
predation.predPrey.sizeRatio.teta.sp5.stage1,-0.23288235855530454,-0.23759653827823796,-0.20792489331073521,-0.2188960357223218,-0.2931488270670032,-0.20170763842795555,-0.3061973584746408,-0.23018767723901545,-0.23158566529119448,-0.28730506779112475,-0.274437557015879,-0.15875508267694494,-0.3041648803620319,-0.18720395937636572,-0.31196998872240955,-0.1925596139689062,-0.19080912979157438,-0.3017471784537691,-0.1444728124498223,-0.14863127219305483,-0.33838015587523423,0.08389310072665342,-0.33587517178191806,-0.2848066859532115,-0.24684450264352387,-0.2044154328990525,-0.2071859742732911,-0.1414561747976124,-0.23041506211858,-0.1965262043115852,-0.3803857125210097,-0.1475830266013058,-0.24410583402210215,-0.17283386361727052,-0.18655593365895218,-0.1811373481316276,-0.09344246908488045,-0.1788723177141371,-0.24301077981850858,-0.2652944262025599,-0.22904865719603903,-0.0236176866772312,-0.12720104938184268,0.17572971514955676,-0.15791863005476103,-0.22581045933516056,-0.24027359261361492,-0.21815824509063309,-0.2172186235683585,-0.19976134047482133,-0.2740427512978118,-0.24086873483848512,-0.28114091632496974,-0.25261360682845563,-0.17015791145368558,-0.27966281221407074,-0.17880812226887802,-0.2391941104590532,-0.19051976523210012,-0.3061111420629798,-0.24068359774218054,-0.28508300067649,-0.19885419266968668,-0.3713419517819875,-0.4378460625586737,-0.23304077101909337,-0.22262489939732732,-0.4913350294488101,-0.3205335425200465,-0.3079344386108735,-0.26140730829650255,-0.4077439749504387,-0.3478492362928396,-0.33336018895975944,-0.2879101260843713
predation.predPrey.sizeRatio.teta.sp5.stage2,0.23645222311005445,-0.04306032705724496,-0.14600924081172675,-0.1597848457700112,0.012010178821180377,6.904113272440545,-0.12225923466165078,0.7526128682632872,-0.01598655468102075,-0.21255633410828997,-0.19934231689074333,-0.16747225468190655,-0.09046401814929207,-0.14230132313532576,-0.201724970429573,-0.18022095037759103,0.23154993223697903,-0.10800092326746774,-0.053124640073306,0.09253130787495784,-0.15835120768101066,0.41785522055073504,-0.06858832466099483,0.20252316318326946,0.4383858126570234,-0.13240953025502036,-0.10130657586929001,-0.13222720211239958,-0.1779572086373863,-0.18944949298047437,-0.16274277180745675,-0.1422348247329996,0.6341943309047535,0.20133816966890433,-0.08766527390930753,0.4644281228034217,0.7957926532905407,0.44120879182608136,1.0465193982519068,0.2651358335135473,0.45151830898170314,-0.08324308026818457,0.400285775180966,-0.3006766424594007,-0.15138438200334642,0.27020308720972525,0.13810887440984446,-0.1712541424158023,-0.1382632211614645,6.0289503767503545,1.108262897500862,0.002611045997440479,-0.15312783372984376,-0.13923591086704099,-0.18313137233616536,-0.062379189553774854,-0.1915945936313136,-0.20083558471055232,-0.17960484956510267,0.02378459160467114,0.2531602045606247,-0.25035814903316117,0.13217814166221578,-0.29315069791273396,5.522226967101645,-0.16144818004277864,0.5268293418113698,-0.14354593298849408,-0.21823659043392396,-0.171905226012497,-0.22018257556902945,-0.11111799552744359,-0.3475337795696721,-0.2548580595029998,-0.16720170786685645
predation.predPrey.sizeRatio.teta.sp6.stage1,-0.22577850867329557,-0.11379367556456317,-0.2114876671555137,-0.23201776924177991,-0.2884429264283852,-0.19189538589914926,0.9583883298737241,-0.15004393163643687,-0.23243347348610022,-0.28927347099742856,-0.2539399689947442,-0.19084834442132298,-0.31107212892561814,-0.18272249378959496,-0.294243749052444,-0.19176891533066526,-0.19049476730194417,-0.30488534132373435,-0.14151762814476343,-0.156002317973645,-0.3249083765885474,-0.09894981288361879,1.5380991666369008,-0.27926672843710104,-0.2996840646826227,-0.18725299449937494,-0.2106489563508047,-0.13753194056891546,-0.2445911133962961,-0.15791980727993354,-0.39553607133539154,-0.1478732880831196,-0.23524157339667773,-0.1596390070382864,-0.16148433706165166,-0.21476681131570066,-0.11015573237431459,-0.15397139281399339,-0.27408157828203833,-0.2436749763863215,-0.23958573711208725,-0.1753859921457539,-0.22862595114226017,-0.24927017267384827,-0.15810652827289362,-0.21894374012841944,-0.1649551393159976,-0.22272646341883504,-0.22811402533566894,-0.19004804993106866,-0.20815713148769707,-0.24034015566890046,-0.2905097557089825,-0.23619931395593105,-0.2071418193874214,-0.27079764994836547,-0.20098797555922815,-0.23142054389449593,-0.1897741216531441,-0.29043346883998666,-0.057980539691124655,-0.260914413929606,-0.17203711044827089,-0.2654337839266326,-0.4020783472382714,1.6813423708179627,-0.011184007507457395,0.3366765019854279,-0.30652786329868886,-0.28480063712052184,-0.31520794030452987,-0.35683225404602303,-0.26504876995365084,-0.09474244358157764,-0.27183187865252534
predation.predPrey.sizeRatio.teta.sp7.stage1,-0.22836411157584516,-0.22814885816977862,-0.2181106146853182,-0.214060195293822,-0.2927733030392577,-0.1906777226488825,-0.29865589853056457,0.35762594731320846,-0.2236573846642086,-0.29735229474503233,-0.2796703000978583,-0.17842344984997022,-0.31474522470456257,-0.1853420320446397,-0.3209026735662711,-0.19129124170897846,-0.1907696774512946,-0.3078775709751753,-0.15037976390405844,-0.15960448139281866,-0.3525142903775527,-0.0982615808564547,-0.35362447171066935,0.15823988178887877,-0.31741457948523943,-0.19598306907458177,-0.21245282742155655,-0.14468060589472237,-0.23274496337445497,-0.15525679940622342,-0.3922700380081383,-0.1475694389789678,-0.24023893144691955,-0.1695538009807126,-0.17368482027814838,-0.2022116813869641,-0.11457712517898377,0.2942934645761962,-0.24502957390595714,-0.23915064619697293,-0.24938348143772948,-0.14459324980437807,-0.15716232301801994,-0.18809817532821727,-0.1588438790647875,-0.2212744344028845,-0.22975403220923987,-0.22686060750262368,-0.2099006115312509,-0.18973780848617758,0.4901060235088722,-0.23595061947025356,-0.2954363283368003,-0.2670798707737739,-0.1992681021542059,-0.28551369237095814,-0.19888232149137505,-0.2550767419967048,-0.189377023530028,-0.3074676952361157,-0.21835254075118288,-0.2975765162399545,-0.19682912920399012,-0.35485577541988533,-0.42926771171788514,-0.15869302222693177,1.6968367052468898,-0.46821933527757237,-0.3263758687935591,-0.3131671278597829,-0.3299339385030431,-0.3935528524637289,-0.23388871719036594,-0.33772901750722867,-0.28511795692364844
predation.predPrey.sizeRatio.teta.sp8.stage1,-0.23120539783141777,-0.22123724792683283,-0.20975690002880662,-0.22182789572769876,-0.2893539370235546,-0.1913940511576551,-0.30785541638165015,-0.2048250576044361,-0.11039520325771524,-0.2860671137064226,-0.2668530051209609,-0.17895246481686983,-0.3100472080969422,-0.15494372090794473,-0.31418403431728315,-0.180728174077199,-0.18299113397789904,-0.30846093936556074,-0.1478733460482794,-0.15713942499280878,-0.3269455889926767,-0.12256043628930953,-0.354757340522351,-0.250729539070462,-0.051713439867173895,-0.19820700179189774,-0.20252477760513693,-0.1367807043394635,-0.22118554999880274,-0.06619651616066834,-0.37754413602979303,-0.1434352568407814,-0.2292320024733281,-0.16137282554425325,-0.1737199905684776,-0.19792775056888368,-0.11632008091458906,-0.1653348470990279,-0.191643512013867,-0.2420471681713434,-0.26821482257732143,-0.15488571071376858,-0.12058085809620284,-0.08825310398610903,-0.1558830099788135,-0.2248982409358706,-0.21607221906937144,-0.21787113978609662,-0.2184165977260117,-0.19004499267813654,-0.23349892543366452,-0.07059262714135427,-0.28482086785151295,-0.25219511489897833,-0.19203256251180686,-0.2667041683427325,-0.1678953931944157,-0.24662333410415904,-0.1781117669649906,-0.29398101753044853,-0.22296036530553587,-0.2898805275643153,-0.19799173945830245,-0.327604781265879,-0.42401185816229486,-0.15422683644961407,-0.19373869175476865,0.6284807108588263,-0.32229877868448764,-0.2930896955051581,-0.29631166805969433,-0.38466271519867945,-0.0379879527323733,-0.32001831029383465,-0.2791225524286009
predation.predPrey.sizeRatio.teta.sp9.stage1,-0.22941389328114495,-0.17694315886397863,-0.1860045241636319,-0.19807015826556335,-0.26969912133578716,-0.18699293736508915,-0.2992938369513918,-0.22672270474392905,-0.12779102455778973,-0.22239047338960322,-0.26179060209512534,-0.12763470062474574,-0.2377217869183949,-0.17146370033931485,-0.29750355617883534,-0.19163608851502048,-0.17839262543910359,-0.3079211309404384,-0.12723052522645747,-0.14143877361625568,-0.3482023279463743,-0.10192154306229029,-0.33870731518002917,-0.23812729551872422,-0.08010598798087577,-0.16487230578899,-0.18402577343147333,-0.13101262429965704,-0.15130994291027933,-0.17869386156482797,-0.35978549789662034,-0.14750334924729847,-0.22721068522949564,-0.15290062698154294,-0.15544921146533383,-0.17365394107279164,-0.11240050366101804,-0.18999032259695364,-0.2025189702411011,-0.19789799801112662,-0.2211795995734024,-0.10478433335609973,0.027596057804432625,-0.20047427180169783,-0.15745417515836682,-0.2211100505686187,-0.17324971321808838,-0.19575677575068084,-0.1823818465956518,-0.18666454341140998,-0.25324423802932544,-0.15040748843572843,-0.23080911385091396,-0.23985900497946824,-0.1472559473352932,-0.2733521269149005,-0.1921802836056475,-0.23601414830809442,-0.1893628326069529,-0.2753137467771391,-0.2193954983944496,-0.2528975755864461,-0.19333369252158059,-0.3194968756765277,-0.35553821957634674,-0.22615298622971478,-0.21954907029697962,-0.4228820986176021,-0.13732652275698287,-0.2608026753889454,-0.2697097744657003,-0.3714015561003445,-0.29586089597581433,-0.32906746780129176,-0.24327380960475908
species.accessibility2fish.sp16,-0.22443040161748185,-0.2387440079430197,-0.213673556220025,-0.2312840286599072,-0.29381099391752646,-0.1949270451929303,-0.3099975298427374,-0.23060214271109042,-0.22560278583338939,-0.2890296938724666,-0.2791712120804983,-0.18142235405060564,-0.30077642073833133,-0.15816831476212376,-0.321554690773065,-0.19188658076472376,-0.19110278202156988,-0.30026951624259196,-0.1452661768751931,-0.16848059915256952,-0.3541087300270775,-0.12395272761927166,-0.37190269314276286,-0.2820761624198511,-0.3263499434531182,-0.20200930641931938,-0.20456501803908705,-0.14222557713005593,-0.2420421082135239,-0.16857025380856314,-0.37081869113815696,-0.1479722045242312,-0.2429031730490442,-0.1643092492261095,-0.1660593165995578,-0.204211579709749,-0.11123237009420886,-0.16712053860365908,-0.2658931618012198,-0.22917537344778077,-0.23914820777062248,-0.14559421680114795,-0.11580985938006261,0.07504388350990762,-0.1579198302828325,-0.21814875861823663,-0.23926886827371904,-0.22457278934984606,-0.22632767598173098,-0.19331178857955642,-0.2845165700174208,-0.23667423660128464,-0.2872439952170367,-0.26186360368845674,-0.1947825632766461,-0.28038051649342394,-0.17697459911973618,-0.2482844408706489,-0.19006713052976212,-0.2946955475344514,-0.22711553077993182,-0.29376434333186574,-0.2134352633738368,-0.370048190223727,-0.42622815451342727,-0.23338414125663445,-0.21929085212664587,-0.4674379526354651,-0.3116324806153022,-0.2986753363866253,-0.2928125620719667,-0.38847774396896523,-0.28336211640448267,-0.3183923578032856,-0.2829053663393001
species.accessibility2fish.sp17,-0.23455875532286044,-0.2389151297178399,-0.21741868499527875,-0.2182246316783618,-0.30266328527071856,-0.19633569469809276,-0.30719338494369836,-0.2362905723752585,-0.23821433783527665,-0.2871191900152374,-0.27539837878875084,-0.1715005382793591,-0.32132190063019944,-0.19385353963604957,-0.3287312033852326,-0.1928668802495429,-0.18998497105949083,-0.32681717652768194,-0.14419216447952082,-0.1584918298763186,-0.350664188877319,-0.10414097701334442,-0.3559618335718909,-0.2762413806370004,-0.2898630134056387,-0.19946772392156095,-0.22919805281621441,-0.1403661503481692,-0.25467803491026014,-0.15745842547263023,-0.3758002686570095,-0.14797996168806637,-0.24495030090095746,-0.16445831928984878,-0.17017275542856186,-0.21179878296586035,-0.11631912649448144,-0.18218866380162405,-0.2836225653704765,-0.2469402504386031,-0.2909698011353426,-0.2050359409510993,-0.20036489904328886,-0.5648918324980616,-0.15810757177871396,-0.22801495664529162,-0.241791221704913,-0.22344287999844936,-0.21364869391789196,-0.19288211977214248,-0.278624925991188,-0.24951080888673424,-0.28744178305937734,-0.253840101948774,-0.1962529064896611,-0.28116233670536833,-0.21912198435870225,-0.24850577753804998,-0.1908819289154446,-0.2995772852993075,-0.23227368650513253,-0.2982844143144822,-0.20597000414741326,-0.3825551379725872,-0.426318566237147,-0.22853745971777262,-0.2320523849856868,-0.44447555997310206,-0.31733312391583346,-0.3194104014029598,-0.3179779835104097,-0.3865292266232544,-0.27684925301697144,-0.33123318102770916,-0.2913592821276356
species.accessibility2fish.sp18,-0.23017180299432138,-0.22857603483447414,-0.21542422046173573,-0.21439355362930732,-0.305065191854118,-0.1850467550839925,-0.3002364119812502,-0.2254200514620105,-0.2390118504216514,-0.2918658358569632,-0.2731459385393935,-0.15955760098726327,-0.3273933331703938,-0.1867792048576977,-0.3133172019437676,-0.19246921269478715,-0.1891072499104484,-0.28829652955940427,-0.14176601944351544,-0.15936099786253693,-0.3474961104965265,-0.10297210519976303,-0.37148297218805004,-0.2628682239793293,-0.2992966883387702,-0.1896281632136466,-0.1984211666074437,-0.13680648986515598,-0.208972986849314,-0.23881073937493147,-0.37870988247099036,-0.1480715964407837,-0.24107353611869173,-0.15766091581547934,-0.1553985653912809,-0.1796169928764492,-0.11105433305207625,-0.17934344964512372,-0.2821612600659742,-0.24936251077089935,-0.22966062441450388,-0.18471387667301337,-0.23036123282271112,-0.3564138008293148,-0.1584275825947519,-0.22288714342284283,-0.22976495181193068,-0.22364634183573393,-0.20862057744297774,-0.18341391163633203,-0.27796863555291185,-0.2440032752288952,-0.28553554928366026,-0.24935536221940552,-0.19246835873488977,-0.270480476904593,-0.2068775400742509,-0.2408635168619569,-0.19027412675074107,-0.30033280895697956,-0.2277649346120132,-0.2871124588616199,-0.21208598409833043,-0.3536887897246541,-0.4202186804268647,-0.23211063973850027,-0.2256559263274612,-0.46439686529516006,-0.3257801873740831,-0.30787633533057557,-0.2824848625346706,-0.3670740910483806,-0.33745242482770127,-0.3239031306056997,-0.2825551358037376
species.accessibility2fish.sp19,-0.23164104729699586,-0.2362766961519308,-0.21114220013709858,-0.2104805744099918,-0.29886153839172097,-0.1953538622381804,-0.287008892557882,-0.22407548520381113,-0.23523993289972867,-0.2854551444620642,-0.2538031684163625,-0.0026065494147526334,0.8495856920090324,-0.175519938213082,-0.3214858298831644,-0.19201990062259777,-0.1934947161782674,-0.19443712637939964,-0.14397739591794798,-0.1717351065141733,-0.3555500816850836,-0.11722137383853569,-0.23956355659250836,-0.26967128033151005,-0.28724685715240766,-0.19437563412251954,-0.22551066002875966,-0.14380671539393594,-0.013264918117903023,-0.16646793581156402,-0.3930570599550217,-0.1482385318733433,-0.24932070300133496,-0.15846403241109297,-0.15813545410899407,-0.20816586789714822,-0.11029667745313193,-0.16708985575566088,-0.294902180549755,-0.22475489094651993,-0.2658770526376604,-0.25239417296613464,-0.07979762551548379,-0.2962702193297092,-0.15804176250210594,-0.22505307953663375,-0.22504411362568447,-0.22220436255947762,-0.20520870564087196,-0.19190282905592082,-0.2626649734274865,-0.24851549755737806,-0.2821290511850136,-0.240257828884426,-0.005562101009280256,0.42409634464898915,-0.16990887919775685,-0.24493863752816333,-0.1901509087294255,-0.3011502423325496,-0.22119969344138693,-0.25962216826892626,-0.20509939107676048,-0.3763149949495534,-0.37685731839085734,-0.21992187945233285,-0.2079334704972219,-0.19095101951761503,-0.3202352135060039,-0.3196998145151052,1.7121318078973222,2.3741957943658107,-0.2944868813347415,-0.28202766866592505,-0.2864939810346879
species.accessibility2fish.sp20,-0.22924181250238426,-0.2425515200324399,-0.21219743764144644,-0.2226260960712701,-0.2957246357913229,-0.19646057599699854,-0.3046429477891066,-0.22510360479941596,-0.23485243694847857,-0.2946640787529373,-0.2740690782926782,-0.18031506960397864,-0.3171302684781245,-0.1739979046433145,-0.31474623166360305,-0.19302892669324442,-0.18482190692783435,-0.3246215840856752,-0.14190121722907428,-0.15938001017243228,-0.34019177231261233,-0.08867388364003909,-0.3510608773751123,-0.26691707506959056,-0.3070648281540072,-0.19476917092074755,-0.18645232210367557,-0.13951305683993276,-0.23622347413624825,-0.1507579026539997,-0.42147628270358617,-0.14803936438112594,-0.22916982752444554,-0.1693475969675583,-0.158251806565236,-0.17743966191825702,-0.11306969190326814,-0.15270782203789168,-0.2658547573425118,-0.252022583354613,-0.22037987143581883,-0.180277498151466,-0.15530229909396,0.08959973034077251,-0.15815902126995215,-0.22231175283734703,-0.24610076408413226,-0.21625068476969775,-0.2149243055573973,-0.19402167601418407,-0.2717255647215791,-0.23919470520223413,-0.2946642645214942,-0.2556960492055781,-0.1952086149453468,-0.27487212826263596,-0.18512279535572468,-0.24645980065496476,-0.1908126763758028,-0.2978309724572618,-0.23463808875103617,-0.29617762495308436,-0.20188127696158803,-0.3631122531248761,-0.422514438221712,-0.23449838779372872,-0.21967915434230703,-0.4896160319237236,-0.3186904648757895,-0.28052410553417184,-0.3339491452849931,-0.3801153139663916,-0.24945965624766037,-0.33118279820884167,-0.28744331963848924
species.accessibility2fish.sp21,-0.1930749298034915,-0.2103619763646342,-0.08241560584814601,-0.18181882254539514,0.33610330632782187,-0.1503428507291426,-0.28736104729557094,-0.21942313380444795,-0.17433587588079508,0.7193857544368815,0.2166868202392999,0.11383697709184233,1.1386404195429116,0.20619590104235738,-0.2534213888047715,-0.18454499155009446,-0.17568623569138286,-0.1923658584702208,-0.13885121802566702,-0.15007524365267833,-0.3067976129830668,-0.09601614133754698,-0.16402639820551673,-0.25873307847850646,-0.29991833678487007,-0.15532884959073034,-0.21483511107464953,-0.12552418368573517,-0.08319185368100235,-0.14743424552215792,-0.24896624449387597,-0.14342198200547915,-0.2156336315874,-0.16196850237096305,-0.18377046282005918,-0.2042143365537048,-0.10089951029535538,-0.18006522870450475,-0.23609320840285647,-0.17187403673790355,-0.08226919580433978,-0.15095558318382166,-0.15900613070564387,-0.3728544815865977,-0.15103125690691918,-0.1904357530361004,-0.2190651038513755,-0.11288913724331835,-0.18180857736047926,-0.15080705340565165,-0.25426476294199557,-0.170924872035072,0.7454042966246753,0.2834794209694613,0.13373971339375937,0.8669170315268495,0.13363860840833955,-0.2115251183053067,-0.18302305059762372,-0.2695793831986939,-0.21245616109772275,-0.25995577316834806,-0.18228525746427082,0.7031808278512764,-0.32237495476917916,-0.21923310833404724,-0.2205849437944498,-0.1564118701341096,-0.22305524994191697,-0.21064508996796005,1.6305447196081573,2.116504148648668,-0.1396733477726433,-0.21412202936400707,-0.11828802650716505
species.accessibility2fish.sp22,-0.2265131239958734,0.41487547541671027,-0.19615809583763394,-0.23035057363908926,-0.13577364432228817,-0.18559386385347793,0.3281643031640044,0.25052974468149025,-0.00517713330499204,-0.2881641751824834,-0.2894606527169458,-0.17183919616943924,-0.30951625737879174,-0.1775519466094152,0.2590436471155929,-0.19089888098418814,-0.18101187174298825,-0.2794449845371793,-0.14550980923687518,-0.15185379272193,-0.3220425982520869,-0.11424619631884408,-0.331350180185453,-0.262082814226886,-0.18448069410319234,-0.20366483216921344,-0.20650610476995626,-0.13934409266119702,-0.24631507303198732,-0.24372186894789133,-0.10368916154161824,-0.14531765856604623,-0.22643857285200325,-0.09793150389149777,-0.19427671216481163,-0.19123645623522414,-0.11242905855922251,-0.1578756057522391,0.05391592785387094,-0.27247001967532436,-0.23065745523053793,-0.1741474421606284,-0.19899942209883367,-0.2657898856441449,-0.1550243134378269,-0.22034311357562458,0.23435359971386568,-0.2077137156191047,-0.2210353223555853,-0.18401558271936308,0.19379751458543415,0.02639880571790054,-0.2882701388785423,-0.2717083475809701,-0.19494363951642937,-0.28634832887100004,-0.1938245100785992,-0.007656020667227303,-0.18902525503598225,-0.01745172827854549,1.142757198289046,0.05258336706159571,-0.0323165411555145,1.712646044615019,0.0411289342297045,2.6962761294336204,0.9301204185187485,1.2736970414724946,-0.22726150815984353,-0.2082054480272752,-0.2588033841708032,-0.37740323538574266,-0.3540552020333314,0.3989040266564768,0.12445561164101683
species.accessibility2fish.sp23,-0.22357051623288152,1.650177831985463,-0.20932331980727348,-0.22057301876872068,-0.014358657347724395,-0.17407141592144107,1.3976093363843023,1.4086519683719754,0.24177958216313866,-0.28238220353941135,-0.27162207409142636,-0.16457817818456077,-0.32187658109853967,-0.17436080851642205,0.6159361374634479,-0.18806953327521878,-0.18334361203801974,-0.21574262201162783,-0.14562022045706674,-0.16341277767692605,-0.3321467343695106,-0.09389072158531209,-0.00583087519839764,-0.26102018526297616,-0.016411504989743968,-0.1983101321196262,-0.20262701105912231,-0.14254854845311518,-0.21113985506256777,-0.09687828428963517,-0.2329912101742921,-0.14147137016417094,-0.22283691298335226,-0.008911178573553549,-0.16608410484895725,-0.1859165862584116,-0.1073412502416548,-0.11718144488513564,0.4859020542882321,-0.24756481672856578,-0.22922388672623073,-0.11559837536855762,-0.14048071288330904,-0.1813051298629296,-0.15121532109922897,-0.2178675676757147,1.3365388116698347,-0.22125763455585915,-0.21358586071120841,-0.1758075388149178,1.3860698415999033,0.3311124207802579,-0.2826125734263051,-0.251959014639767,-0.18009403485559106,-0.29140877597706993,-0.1941416762048384,0.047392285099304696,-0.1857335498797517,-0.24993849458200296,4.941211992374849,-0.2655532515567623,-0.19715315143701187,2.6138584228045647,-0.030651526001761673,10.763663876293252,4.054680748624146,0.2540618747243999,-0.2932505730205416,-0.28534425686212933,-0.26703470167761845,-0.30867949605880485,-0.11691011820692734,0.5471851094379695,-0.12507858790099602
species.accessibility2fish.sp24,0.2645607627448805,0.27682883397854247,1.0554804363857833,0.8833865017365564,0.14651923890791962,-0.11116578196098066,-0.24226438381447674,0.07548943439333874,2.983534068975297,-0.23212392015112807,-0.22231775794588024,-0.1655917714971345,-0.2772174438691125,-0.16209815545610887,1.4775791334954953,-0.10133005881730747,-0.14523725174746105,-0.22309377385547946,-0.10170712145324456,-0.12439838030752205,-0.06691870208249949,-0.09913110847007411,-0.12140513712980039,0.2438944862753621,0.8604522607570008,-0.09403627789295042,-0.19000620691080997,-0.13105452786076158,-0.046752222415551284,-0.17126655138965646,0.02235993302954139,-0.1282640849301634,-0.1946967148187712,0.048404483984182935,-0.06772949970378019,0.14717563236070896,-0.09286368711648707,-0.04532080399424726,2.1057150677841534,-0.20520750626970263,-0.22283918314855095,-0.16798724107988716,-0.17380679109790678,0.20382903117534815,-0.1382267069213904,0.24059459725727061,0.382050898217414,1.1636487861441802,0.8725582803911943,-0.11570017495860037,0.1332491862976157,2.617331518926404,-0.2235549174403133,-0.19879131931347063,-0.1768029464393371,-0.16391393766414394,-0.1869227647655549,1.9457296971184108,-0.09901005695748999,1.6219097021100572,0.4788790163313778,1.1073159178728271,1.694420315174078,0.37148536210072175,0.8223946476257321,0.32339591033303133,0.29988169443517354,5.8070291017744164,-0.20596748754763047,-0.21642771702475716,0.031114296895054388,0.17156521302297767,-0.31634476738243034,1.612755000492441,4.565027825002225
species.accessibility2fish.sp25,-0.22929831829552189,-0.23840522054894767,-0.21084318913678424,-0.23006642470139427,-0.29960124383590264,-0.19532864341342304,-0.3142757306203351,-0.23180801532851977,-0.22112585149688765,-0.2946690692495727,-0.2863967857004828,-0.18659310047249536,-0.3068854165507138,-0.20169162920259243,-0.32574818798654703,-0.19229746590949043,-0.191146059854873,-0.3245922129607675,-0.14566139869470587,-0.16969421591975056,-0.32977437634861706,-0.11025035477090445,-0.37103542575338216,-0.28507672130454986,-0.27690343637834,-0.2080905867724437,-0.21853561189151724,-0.1362187669374289,-0.24021258619486485,-0.19731017381663019,-0.3842301904867131,-0.14758613741990548,-0.2449980716523462,-0.16323554395900877,-0.16085133639646085,-0.22259510001558597,-0.11643953972038694,-0.1702972434723113,-0.2542179703411921,-0.26377305520292676,-0.22004512294398976,-0.10940954709398569,-0.10739091914675505,-0.0355731972755098,-0.15788844542513336,-0.22293816598199995,-0.24219157926819773,-0.22065178378154704,-0.2225589205214244,-0.1937469745587841,-0.2742003383358199,-0.2246255289214241,-0.28876558175505346,-0.27548577243969197,-0.20318975043638857,-0.2750650965025798,-0.23685075802032524,-0.24745238537366418,-0.18995920274898237,-0.3041163638200309,-0.22910666861265455,-0.29324936956359643,-0.1982997144589139,-0.3581284571216929,-0.43336143374037345,-0.23661465782080346,-0.21917392811577588,-0.45168725146351396,-0.3207117749716021,-0.302177711293386,-0.282310529939187,-0.4011216101762694,-0.23791570177948482,-0.3294866809085348,-0.2878680965887213
species.accessibility2fish.sp26,-0.18935137391951223,-0.23015130675680545,-0.20501498822507602,-0.21011105486631038,-0.29046897181633413,-0.16839261894220417,-0.29677512641104475,-0.24731600907533635,-0.2069912570638349,-0.2801534427988777,-0.2858746792104254,-0.17553357317397822,-0.31771779729542987,-0.18284497212067963,-0.3151449225964896,-0.17766801728336043,-0.17897072564969302,-0.2644269811274764,-0.14238889727670712,-0.164771765566363,-0.3283625635178274,-0.12668704564099123,-0.3464162150705001,-0.2516076311739221,-0.29733705082606976,-0.18580991596804108,-0.21485076509280257,-0.14273048867931926,-0.24156214709165788,-0.11196123335860406,-0.37232152396226365,-0.13994773664010737,-0.2192186374170426,-0.15515124348374196,-0.14363738413409735,-0.2017858010714259,-0.09985124153077068,-0.16970653692648807,-0.2508697425828025,-0.25790079521329384,-0.22639410706769192,-0.16442133220880004,-0.07620522545633468,0.051182546288391945,-0.14453796815130723,-0.18376269242239066,-0.23442150032015013,-0.2130323672724323,-0.19979459144599993,-0.16530722334899056,-0.27241922436228055,-0.2131206800276173,-0.28247622050311294,-0.26671342262019315,-0.18789879814122368,-0.2944158811048461,-0.1982104199654221,-0.24163183334361943,-0.17646440585039566,-0.12022080661181894,-0.21966072972284842,-0.29622224140143055,-0.07137626808386623,-0.3656112207039778,-0.31911013361533513,-0.23159049471495172,-0.21828501843881062,-0.45412088364351966,-0.3204079987226837,-0.29566728668632597,-0.2765058576530077,-0.39464496359496665,-0.2844460124262386,-0.2982379816812482,0.33239628982572605
species.catchability.fsh0.sp0,1.0326937123768403,-0.22711720757716788,-0.2005725336382324,-0.20361717335730095,-0.06271378469826651,-0.1822632778812757,-0.20191180512767556,-0.235602298986148,-0.21180136832241736,-0.27693732201051624,-0.26525110945334546,-0.18355534341003682,-0.26325629606553913,-0.12699450401853482,-0.0054915428458991,-0.1799359526323681,-0.13283107366846833,-0.2795957290247784,-0.14217678288553426,-0.1453894282876993,-0.22226520941530292,-0.1087068650341169,-0.2940592346107491,-0.2069039003662795,-0.1095993776250454,-0.19658887331460187,-0.19651107270437296,-0.13589525504027994,-0.2300051320928169,-0.11661442315621982,0.27824187061667366,-0.13400019612339328,0.7883658763990518,-0.15145167279833127,-0.1371506805869098,-0.21316990999794547,-0.11458262202340956,-0.16941477083349693,-0.19921746550666786,-0.21573871305428757,-0.21833446880287308,-0.21264012445942346,-0.1682883600745254,-0.2822583268703163,-0.1422875574014148,0.13731238477692112,-0.2078338194390516,-0.2153182727736454,-0.20101477420081618,-0.18255606343961445,-0.25897106543315834,-0.2324685703862533,-0.27604191432661024,-0.24490180259777092,-0.20600914877841026,-0.24442748792962748,-0.18503841138893112,-0.1499719447058017,-0.18152059069992801,0.0900429548802985,-0.21129050268766902,-0.17707194333995546,-0.17504425617339975,-0.18026711839148,-0.2501382000266014,-0.21405307535602827,-0.21632158700005993,-0.4241390477555327,-0.1006272095118808,-0.24662025719155817,-0.2831116429437509,-0.29621473787293084,-0.11641596718584327,-0.12492456517016169,-0.15975279926866257
species.catchability.fsh0.sp1,-0.22645812537454027,0.10730893583541168,-0.21709460765639488,-0.20612980612577145,-0.3001675176186737,-0.18926266620016613,-0.29184384281466463,-0.22620121534308535,-0.22144728491959192,-0.28444098786766925,-0.2695872078988012,-0.1829382054950783,-0.3156424631248266,-0.16366628780229028,-0.3141606932075073,-0.19195554112991112,-0.18817324460858945,-0.2737989158133424,-0.1425653393049272,-0.16007406390205012,-0.36256120736044845,-0.08939154703838673,-0.356745940532777,-0.26965152199390147,-0.27653000220254503,-0.19616216605146508,-0.21598803438040928,-0.13570636761633986,-0.24341679173121433,-0.09000686262476819,-0.3936082484071921,-0.14767729533702187,-0.2378852363993834,-0.08635820368240861,-0.16371344803980464,-0.1909252770913378,-0.10979054085549737,-0.1579614018916462,-0.25468130798425836,-0.26904648970870143,-0.2210436165696467,-0.09498697778811883,-0.1838291361003363,0.07870768272487458,-0.15818600063826777,-0.22000735282619854,2.392830055244634,-0.22592232761388803,-0.19892155568416997,-0.18884861811846354,-0.263283780964771,-0.2323080563015264,-0.2852334281585216,-0.2525003516047144,-0.19693338631769183,-0.2687932875199336,-0.18790211381849375,-0.25028922685312577,-0.18999428739349355,-0.30338040088527174,-0.09003282414340863,-0.29794156807791994,-0.1989797301413614,-0.36635918301181303,-0.4261897127698954,-0.224497383457086,-0.2124683686993859,-0.4514800692938494,-0.31949654000674044,-0.30556761342259753,-0.28078170927698737,-0.36481894492910105,-0.048544122514393516,-0.3266766993937782,-0.2803506924591288
species.catchability.fsh0.sp10,-0.23049880537277415,-0.2374614873109269,-0.19067280336453532,-0.18815093822150322,-0.28223945013623,-0.18456547529848666,-0.29169806300058065,-0.2242061608981701,-0.22642706262146028,-0.24071523595125904,0.41320631304140176,-0.16606530698094904,-0.3038570706043547,-0.1830036606807478,-0.31903160897188526,-0.19289923758561184,-0.1724577594748793,-0.29004387278156074,-0.1265355240750526,-0.1271213646744135,-0.35695848477264924,-0.09138420830395404,-0.37732444171259383,-0.25344271507546784,-0.3052740530173974,-0.16417775239948612,-0.14250301183072336,-0.14315762793654727,-0.23467419432857206,-0.16409426314919098,-0.39574121809806123,-0.14782450350115173,-0.21295877493874735,-0.1576325402514852,-0.14701479178867205,-0.18530122187125486,-0.11461729144107904,-0.16625787508696904,-0.25478130182365527,-0.23920323215937705,-0.09584077847072058,-0.22101249107309273,-0.21164495752146523,-0.24869282361699957,-0.15781824774308542,-0.22375838607365514,-0.23592501923516557,-0.20543464904291156,-0.18230831511702394,-0.1829804225094464,-0.27242075112346603,-0.23786999649578577,-0.24940405157346585,-8.640877078041042e-4,-0.1836210832484255,-0.2759928558434969,-0.19312306397336576,-0.24468597985320867,-0.19085239290560047,-0.28077397466418585,-0.2177767756282353,-0.27809957631221455,-0.19323783862834779,-0.3635805842261831,-0.4075944495733893,-0.22705934853739465,-0.21982455043518476,-0.44935312079633727,-0.31967165893329125,-0.29038651120683706,-0.3256173763634476,-0.36908032953065273,-0.3631187324400198,-0.3218430103402055,-0.28503109976168645
species.catchability.fsh0.sp13,-0.2281286842764416,-0.23252708213607662,-0.20181030590336047,-0.2279063281324461,-0.3009508771674279,-0.19295651671591638,-0.31350892960122456,-0.23458279557543874,-0.22485975984939469,-0.2920941949482291,-0.2791170956794024,-0.16883384685342945,-0.3202381839472189,-0.17925168782436732,-0.32326049598104584,-0.19271512597892476,-0.18969026175839682,-0.29825084056406287,-0.14449582085522383,-0.1585585425647827,-0.34048024547051464,-0.11069745834315926,-0.35949038549991125,-0.28561965440915993,-0.2677480991357563,-0.19141626390209132,-0.20926374819986193,-0.14448335739666662,-0.2428451472396968,-0.193054521741945,-0.4107634762132518,-0.1479239813842393,-0.23988500937772403,-0.16444668151422243,-0.15393641925888876,-0.190565175573599,-0.11654719358491811,-0.15754405051890372,-0.2515179548003099,-0.2630814277294711,-0.19757753233855346,-0.15132694719123158,-0.16439340204460287,0.09943854378824964,-0.15870231903361026,-0.22069022278228545,-0.23514053627773837,-0.2081093606199388,-0.22034582854588772,-0.1903622159987324,-0.2790828877721145,-0.22946638477313347,-0.2886453080327132,-0.26454738163963676,-0.18274718290695485,-0.28866827949157287,1.1943594944869769,-0.2507196458514082,-0.19053599820050532,-0.3044177489262576,-0.22390200427249635,-0.2954575484307781,-0.2026497280506096,-0.38121929562100254,-0.44445935133681463,-0.23486661962583735,-0.20709121816723397,-0.45650623199437623,-0.3260244650053714,-0.296645188797342,-0.28965502459603804,-0.4002120994863144,-0.3559040829107972,-0.3312372337652256,-0.28564419372716277
species.catchability.fsh0.sp14,-0.23250861249393287,-0.2312602564524687,-0.21640126871010448,-0.22312242613762062,-0.29260007311636166,-0.1973903707559924,-0.31258724307447155,-0.22209319218818785,-0.24143070222627222,-0.2879782851657821,-0.2554662805304496,-0.175386598235498,-0.33722491969945806,-0.17404970136442297,-0.32196304518311186,-0.19363773096269277,-0.18283150496071685,-0.2935621000726264,-0.14533538975311217,-0.1681124393497864,-0.3700486518038198,-0.10861467195382357,-0.387207689152084,-0.27426910374260505,-0.2983471973669441,-0.18687139865608213,-0.2069592486984437,-0.13683335980972652,-0.23689470949073907,-0.1976503437035336,-0.3883598197683269,-0.14795902446885842,-0.2310027874218371,-0.1582164401251649,-0.1762808388178964,-0.19809484954950324,-0.11436673333488227,-0.16950708178203153,-0.25895719685074425,-0.22851960409955696,-0.24487746444348557,-0.21904006698536355,-0.16406554821712094,-0.15484957451952766,-0.15850063239620196,-0.22558687590477963,-0.2343646441222801,-0.22649147534421046,-0.21929682673489231,-0.19626807931981866,-0.2686291240698966,-0.25169596340220113,-0.2924451117207598,-0.23869535611999326,-0.19226321868321997,-0.277890737494718,-0.1993711330762446,3.2575682200899654,-0.19150971601083802,-0.3041179584582524,-0.23207783252024097,-0.30512211998997785,-0.20338762689922735,-0.3841083031474186,-0.43814708692386584,-0.22854832011052162,-0.22159641200842098,-0.45459114031806813,-0.3270929665958636,-0.3034911262564501,-0.3040944728466575,-0.3936175046896605,-0.28092404576584035,-0.3040870459712016,-0.28460388737754394
species.catchability.fsh0.sp15,-0.23196240137219512,-0.2414521433251669,-0.20922610980567805,-0.22530658530698386,-0.2813341523482114,-0.19584550335377898,-0.30928990066891743,-0.2330963193976929,-0.23584279637129602,-0.2856243694610546,-0.24991037286935106,-0.18341532355898205,-0.3154850933031535,-0.1686814372381219,-0.32819035701787097,0.5386292599600516,-0.1950276865422261,-0.30320641466688963,-0.14289249575360205,-0.16549151680443816,-0.32099259651026973,-0.12324429316384719,-0.35612986588930795,-0.28741673945023566,-0.3221202736057738,-0.20273445438363263,-0.20648271373645663,-0.1389845780920582,-0.2449680284881128,-0.16753179598107956,-0.39453312298450943,-0.13000716522972453,-0.2529862837574343,-0.16189368855209593,-0.17730584559563967,-0.2165106461648145,-0.11297416284301275,-0.16067414545969833,-0.260277694945795,-0.27149412474515217,-0.24447777228727113,-0.14965264124533492,-0.1737202772407081,-0.3490108058023005,-0.11521181746753752,-0.22524798163119586,-0.24362620300598553,-0.21679792107132104,-0.21736820184637884,-0.19440438380299513,-0.2741837020237885,-0.24260937422126488,-0.2913695649475961,-0.23931187607258417,-0.19820858809041292,-0.29812940376971264,-0.19063539219323483,-0.2531383340452622,0.5293666051965984,-0.3030689221194966,-0.22157735368695158,-0.30208859079314726,-0.21278927350022764,-0.3891306391951989,-0.41444030902207624,-0.2292251283210528,-0.22096411073296504,-0.47067817804981005,-0.3145877353953171,-0.29999119997603313,-0.2842618828688378,-0.4103617658731507,-0.2324253979150165,-0.33811076209262886,-0.28518690304394984
species.catchability.fsh0.sp2,-0.22613611850521706,-0.22155410182356952,-0.08442044172876716,-0.22445817531086446,-0.2873109484138566,-0.19033047025606928,-0.2986269920167518,-0.23584220023118055,-0.21883584414364682,-0.282910185829004,-0.2640681567533868,-0.17139275234291637,-0.32383976401393627,-0.16274339352687406,-0.30865762519482803,-0.19294444964902085,-0.19250310271513668,-0.2664282058104495,-0.11306663428278571,-0.15559148204203474,-0.32585345764520884,-0.10085701698707869,-0.33740224237106403,-0.2732440704664222,-0.33308008929033156,-0.18782304359751548,-0.20179362789394256,-0.13599055054696577,-0.257301971888412,-0.13923079158629265,-0.3690357852866301,-0.14709956137039862,-0.2508470857180811,-0.1586766455820371,-0.05760723758555429,-0.19255150530031348,-0.10828396370902908,-0.16585977335982235,-0.28885832544993634,-0.2443482636277337,-0.2684898253146759,-0.16205917067136572,-0.16631479728185852,0.14529656659546494,-0.15714342050684327,-0.21821480330288986,-0.2276615720811817,1.1999839560243737,-0.2124620349614206,-0.19016641976262758,-0.27384211968907035,-0.23000189196411785,-0.28182527274258395,-0.243510338372329,-0.1891438563240332,-0.2726724181624142,-0.19299592349520087,-0.23736683985229942,-0.19075438508385031,-0.2954076748824804,-0.2265893652815236,-0.23896064441136014,-0.20185914104123612,-0.35341469837141765,-0.41254014479487444,-0.22326063679208935,-0.20337903809101696,-0.4340195554479144,-0.3141705311071072,-0.29490669391208085,-0.2868409237065516,-0.3891519919406949,-0.20608377800038588,-0.31196134834048145,-0.2831207331439358
species.catchability.fsh0.sp3,-0.1723960393163321,-0.19706687517639412,-0.16884058461893697,0.6565689592398574,-0.03990035651172374,-0.12401313361086633,0.09454339235235978,-0.18962461773414932,-0.18333994025511824,-0.1834332539040938,-0.24805357067959555,-0.1448907394160978,-0.17085448898477465,-0.16259362510060577,-0.27894862114532815,-0.18069951755816469,-0.09420814357735387,-0.20190737415774707,-0.05426626255777956,-0.07764584421882355,-0.2284453562380977,-0.0934066693747212,-0.13523307433890014,0.2129413781236533,0.278219874379834,0.1868061085008925,-0.07791062590258653,-0.12233550871801446,-0.18574967426159755,-0.10430891274819067,-0.3191904801596041,-0.141757969669546,-0.1068070938778659,-0.02387199758418712,-0.12448452338448575,0.5205612128304397,-0.10659097723371276,-0.13890843117080734,-0.03992693847913537,0.05004685598049178,-0.1162948104743278,-0.08635594381791419,-0.1752082283858956,-0.15057716442103997,-0.150426081659599,-0.16138435214386052,-0.00715074590158618,-0.1781179652285569,0.6468894946200517,-0.1370673866657337,-0.09555429480174385,-0.19384723054475483,-0.21320290042263285,-0.2295502730581055,-0.17033139139359302,-0.07527515658901525,-0.20892869000944306,-0.2027624155594068,-0.17949236921887315,-0.22226044206303916,0.0973204716186976,-0.2690161964456356,-0.1376445983900269,-0.33654880816415883,0.11742945259201469,-0.19794868119968984,-0.17544604102951086,-0.3474246769404794,-0.25105739031180674,-0.23946894016954082,-0.28006584179012495,0.07691965342816987,-0.1703135759095248,-0.2890494605174144,-0.1693038098866368
species.catchability.fsh0.sp5,-0.043786178404723486,-0.23165940735151958,-0.21287173608339138,-0.20703088208690412,-0.2822190785844106,2.125687417692432,-0.29230261103720345,-0.1642331823653324,-0.19853159456283703,-0.27895004437152493,-0.26880715134309147,-0.18078342687943824,-0.3242263226281014,-0.20297590290085116,-0.28853063153951136,-0.18911663512309115,-0.141236910401615,-0.32321082586065053,-0.14217149583862237,-0.14913110129553003,-0.33480045501839395,-0.10975356228681256,-0.3468430369295836,-0.26023062603456953,-0.20837714712160085,-0.1940880021786506,-0.20556461876410456,-0.14489432776385563,-0.23536571680873775,-0.18419298835904457,-0.28699033540098867,-0.1471883190529868,-0.012691594342311334,-0.16160037593120732,-0.17941402418790353,-0.19867644469908216,-0.010057611650720048,-0.1583596110371615,-0.20062524488346423,-0.23951935603694974,-0.23705849581465202,-0.16137004410082678,-0.16381482414285642,-0.42988006076511354,-0.1578134249268181,-0.03405717161709887,-0.21336732874770226,-0.22267940589447785,-0.19906864737606486,3.2255007044224864,-0.17928007384364708,-0.20831435037514093,-0.27254143364074374,-0.25653926412387634,-0.19692566147614102,-0.236482905735119,-0.24508099903231662,-0.24039245989015945,-0.18799626902132377,-0.172394995529284,-0.2131461813194705,-0.2943760536726638,-0.194720859851114,-0.3556161606778426,-0.4023073051995996,-0.23200563791401949,-0.20729497723070323,-0.41360181852518213,-0.30664655151894726,-0.29133366383145093,-0.2919846000883515,-0.36371821612081595,-0.281357336422042,-0.3215938266846552,-0.2626267905696672
species.catchability.fsh0.sp7,-0.23727989865305466,-0.2312603654554876,-0.20976635141907612,-0.21937767734284463,-0.29010554626621554,-0.19326487126955927,-0.3022153867578992,0.1167402850225137,-0.22543111317290787,-0.28806302268534545,-0.28262324720476967,-0.17792310563415473,-0.3093686820808245,-0.15746660769598447,-0.3131961200836628,-0.19329240677142118,-0.19407402809136504,-0.2975736077725022,-0.14558236591988205,-0.1638143297541898,-0.34326447541946187,-0.10159271368919165,-0.3400441816299985,-0.24822233530515994,-0.29925623495192566,-0.18896445199495046,-0.20726538056216667,-0.1381881804621789,-0.2511203009815987,-0.15712563158360682,-0.3731418584907905,-0.14744622948326055,-0.25288493803531364,-0.16338056696255895,-0.15655470544641215,-0.21386108328685977,-0.11131103358750113,-0.16624667691137784,-0.2622376519207892,-0.2607917084465758,-0.2666508832207937,-0.1596727053809389,-0.14526625217906322,0.16236934203533976,-0.15774470349347125,-0.2303536141140354,-0.23418822917065135,-0.21685477715512333,-0.21298083319016423,-0.190531023925733,1.5796349967702852,-0.23396579268452944,-0.2901557496083683,-0.26378236014216394,-0.2057306479915788,-0.27221719644241504,-0.18030568590119092,-0.23612803649093025,-0.19091494698984776,-0.30327897100548906,-0.23181449250581251,-0.2869481138167615,-0.203907853064333,-0.3668449246264829,-0.41221918052405665,-0.23261362098579405,-0.15941092257765463,-0.4589865084277407,-0.32377792171435676,-0.2937690328215301,-0.32645133080964267,-0.3872500694021584,-0.260760383769549,-0.32979389642087986,-0.2844853233181725
species.catchability.fsh0.sp8,-0.2063012235375676,-0.19268507818494254,-0.2051547534532055,-0.22360415881661663,-0.29924242190199074,-0.19484156310256448,-0.2999524409527692,-0.20142565824050418,0.8372137202195586,-0.30661449247766187,-0.2824279531636896,-0.16942582102432463,-0.3236081231882134,-0.19383875145431126,-0.3063343507306548,-0.17339866954720687,-0.18682075696600997,-0.2672102190838148,-0.15159282902437826,-0.15050021970352737,-0.35172393022349924,-0.11737071691805157,-0.3403176601817159,-0.2820736604334271,-0.20904761992646503,-0.20271351356003087,-0.20264147496559565,-0.13998630450535995,-0.22693663080397994,-0.22134449409099607,-0.3748196403489758,-0.13951434620244427,-0.24009808681977238,-0.15507921945916509,-0.16898685144462572,-0.2006861134662473,-0.11560113138841843,-0.15399074155836553,0.3516486598643784,-0.2553278297735097,-0.23253634646642424,-0.07689406330982193,-0.15086820713838692,-0.5930793615281631,-0.1512422404435608,-0.1995646589733596,-0.21607581447083474,-0.20681371431038534,-0.21508412952048728,-0.19349955061388507,-0.2589835508986012,2.4637603830906354,-0.30173877314507286,-0.26397164063292466,-0.1849953516629426,-0.28423083494434487,-0.21414828415562173,-0.23887059186759596,-0.17033757362825966,-0.2972360449466509,-0.2275474978870198,-0.31280822326227853,-0.20668402380106196,-0.37354930518226953,-0.4290891221350018,-0.23319829202553846,-0.20198765270096888,-0.17762808151563103,-0.322379001598086,-0.3020422203080983,-0.2995429954097369,-0.39863689255581664,-0.23175275586956193,-0.3187098961689189,-0.2772295948739353
species.catchability.fsh0.sp9,-0.23212604071760956,-0.2393902167050253,-0.2056434729554974,-0.22244635542544922,-0.29396486807703737,-0.19137413054048638,-0.30908125232258055,-0.23509725697652684,-0.24165843851651103,-0.26686947890325086,-0.2767583378738934,-0.17769369825929812,-0.3208275594129431,-0.18213172885231987,-0.32810047294711814,-0.19369678528050002,-0.19296781676872457,-0.3027255593202869,-0.1409569223268223,-0.17164276558367197,-0.34359897000545403,-0.11591247384890167,-0.3467819954732434,-0.305472361371454,-0.3079931955613253,-0.19793618905145027,-0.1955154835628994,-0.13561349481721208,-0.23812093672003937,-0.11206711185260396,-0.39035980068897314,-0.1478672792114353,-0.24759619566630975,-0.1568410162909124,-0.12616913563768514,-0.18106976130563485,-0.1135808275716891,-0.16456018781339923,-0.312390873656398,-0.23924922811851293,-0.25670486809317655,-0.09069414240404426,-0.11742600166884132,-0.4451728007199335,-0.15841998507085778,-0.22471791756710605,-0.24452245043298634,-0.21372324148692157,-0.21883563423516708,-0.1892947745486876,-0.28596772985200136,-0.25285735909046986,-0.15876093382218215,-0.2632574351712383,-0.19836753507049104,-0.2775767413017679,-0.20289024414182893,-0.24329287538289368,-0.19152122094545748,-0.2948742228193372,-0.2301084798781295,-0.2930650410132449,-0.21369724249507113,-0.37568040229290817,-0.4255967437378095,-0.23016596513048387,-0.22320168939612633,-0.45193124849817096,-0.3070810065385762,-0.29245500254658346,-0.29764507022985287,-0.37878131481753885,-0.17458914713538368,-0.33461954702194296,-0.2876540485693624
species.catchability.fsh1.sp10,-0.22180642691971075,-0.2303404985823224,-0.170936275096731,-0.16472471000340563,-0.2741462477272882,-0.19077150580433344,-0.2831036611363721,-0.22108224033239393,-0.22638599680097585,-0.18391156700765565,0.7939902689852955,-0.17340075980727812,-0.2624874620096246,-0.16190486488212355,-0.31225242540349507,-0.1921934614386736,-0.17928066119501346,-0.31768612968036825,-0.10974292619693123,-0.08806640185413525,-0.3562285409392808,-0.0997428477914019,-0.3277194026577654,-0.2641746139193573,-0.29030932271578275,-0.13921793076885683,-0.08635898821768664,-0.1400605217439671,-0.22176258633855905,-0.23661766054355432,-0.34230922378859857,-0.14706511464405728,-0.2286862585018296,-0.15416476819068567,-0.0984501110535152,-0.13928376137695334,-0.11285010139743261,-0.17883991937889362,-0.2844391643959818,-0.2373697680138977,0.013835172223321795,-0.10025219192342977,-0.16513888034621635,-0.04111991687301113,-0.1568735725688312,-0.2151844040097552,-0.23852418256405533,-0.18506811281124413,-0.16143844081297568,-0.1897296827409418,-0.2745011724763288,-0.23558106307282675,-0.20319276410117176,0.16579979137851458,-0.18773775090810924,-0.2565041732043466,-0.16469793801430174,-0.24432457194677923,-0.1901578988308294,-0.28407310906460187,-0.21829912195555431,-0.26994008611100595,-0.1784141747307877,-0.37162979317079226,-0.39344525387062024,-0.22795662782574247,-0.21620002719291811,-0.4521965644418709,-0.29866420939813426,-0.263395850372349,-0.2933855933021838,-0.33178716983303336,-0.30488383821667747,-0.3156975835678372,-0.2766280808131724
species.catchability.fsh1.sp11,-0.2303289033172877,-0.23575482702489667,-0.20364257679329517,-0.23251243078541306,-0.296317440139728,-0.19597943280969685,-0.32574271441482733,-0.23276997325054502,-0.23151405043383358,-0.28841070997763324,-0.25918933273288774,0.4360462633273721,-0.2837397379219092,-0.16609822702781293,-0.32434128819050073,-0.19224468772279704,-0.18645234406658592,-0.3152247321668597,-0.1437069191855995,-0.15960349503769464,-0.3334740238933537,-0.11472979673461878,-0.3598880215617405,-0.2820115450115699,-0.2606140505432791,-0.2089092035858178,-0.2083130850030094,0.05385462505587882,-0.23304569136399492,-0.13854348558790403,-0.3714063382657814,-0.14749884030033822,-0.23810721386088826,-0.1664943698534948,-0.14233184684495614,-0.20259293712617765,-0.11621157739823104,-0.1610763570446217,-0.264105388828773,-0.25833611885008173,-0.220256474912294,0.23307773268948898,-0.19311006557993432,-0.16452185325221833,-0.15717156676359775,-0.22365067039325953,-0.24602892883692318,-0.21099018560549923,-0.21858141000481637,-0.19347480204129555,-0.27609629474126096,-0.24006091340924052,-0.28557793969827033,-0.24559767091115475,1.2286879643081758,-0.253607680472296,-0.18211423931107806,-0.25860279689888915,-0.1903600398393789,-0.30080171695305463,-0.23471152028231204,-0.2983600317310495,-0.21067808274735192,-0.36990322295954803,-0.4253223179506441,-0.22840981728999565,-0.21936381894842538,-0.4780655123186184,-0.32456298360868036,-0.29168988829042447,-0.1900176442616001,-0.38276710087741084,-0.2231279918813283,-0.3431994405423608,-0.28908152058744946
species.catchability.fsh1.sp12,-0.22871619985708336,-0.22986923217079863,-0.19423409543325734,-0.18472738733206082,-0.2992172859582435,-0.19004815155180976,-0.3025782147774845,-0.21360968262528626,-0.22199905112177268,-0.26640129260521705,-0.25824455899754756,-0.178291656270146,0.6766556316616614,-0.1856508113077485,-0.3116239588954011,-0.1923140583652587,-0.19255076412265368,-0.2955040196409606,-0.13571448846860074,-0.13713157266516643,-0.330487523793831,-0.11333623917230212,-0.3519291652740327,-0.28104748949857095,-0.29971373386394196,-0.19433672670355073,-0.20820330037087337,-0.13441998596113755,-0.19471173942918468,-0.03546399573944704,-0.38562568780397377,-0.1475088614891833,-0.24829339319677887,-0.1673613426948194,-0.1287169141802627,-0.1737179862999611,-0.11781429967127731,-0.16386786518617188,-0.26050834011452517,-0.2361218149567147,-0.23139365573892468,-0.27666892440859253,-0.1684407806954004,0.12387285865773522,-0.15753462095022688,-0.2209373564761506,-0.23226198067870585,-0.20134381355126527,-0.1823230203695092,-0.18934638343169394,-0.2588224372277716,-0.2345726340018976,-0.25319382976178684,-0.23756900619502214,-0.19389204027693296,5.890168631509659,-0.2039276874254508,-0.2386553608693807,-0.1900770964727506,-0.30861654659234844,-0.2359175785995552,-0.2790482017064895,-0.18960661376488283,-0.3809167826536569,-0.32905488856591186,-0.22768367674363163,-0.21932620005644102,-0.45063363392505545,-0.31916575300045613,-0.29658865688638947,-0.2869074201839644,-0.04826673853482207,-0.19959649496403012,-0.3311477915171671,-0.28681206989614205
species.catchability.fsh1.sp9,-0.23092170173280577,-0.2246586946499681,-0.20379817009476223,-0.23587728803602204,-0.26508839160296205,-0.1919880312543354,-0.3060929994381414,-0.22354728679291988,-0.20539528108423724,0.0791508506082713,-0.26139610298052035,-0.17043901929995217,-0.31473686678445434,-0.1724327408475066,-0.31461318547106787,-0.19234210768902724,-0.19002219628592987,-0.30330631671573716,-0.14335883715623088,-0.15533222948514608,-0.3230276593686181,-0.10813779864247933,-0.37480229364652173,-0.2980598161347117,-0.26024063302069095,-0.16590991895149412,-0.19852032950668191,-0.13949791821794752,-0.24243485826095768,-0.1559474389196687,-0.38923877996192086,-0.14822040678491805,-0.2449547093305844,-0.1628437807011332,-0.1653853464059846,-0.1746614119249612,-0.1132076782080366,-0.17327592433780994,-0.2541758140680166,-0.1964312413797201,-0.2240320916590163,-0.16210039523719932,-0.1880848880498541,0.33419854208364114,-0.15831517770560125,-0.2234419232732042,-0.23184928016633222,-0.21478903164030233,-0.22236139839990676,-0.19140146425525023,-0.26907545353397677,-0.22425468779209928,3.1055188780498653,-0.233309466401362,-0.1819776714815187,-0.27994131638182745,-0.18600282409019106,-0.24454657142588254,-0.19032051822822119,-0.27393961886338625,-0.23584195898196914,-0.28236932816772187,-0.21080933157803194,-0.3499645416396227,-0.40568055736070774,-0.22470908994956879,-0.22337454093843667,-0.4700912845908824,-0.24802510941654812,-0.2781885090640859,-0.2443117330156609,-0.38718371568300136,-0.24116198125594707,-0.3340451599680484,-0.26180888869589275
species.catchability.fsh2.sp0,-0.13520148969008247,-0.2416930719335619,-0.22141581244760197,-0.21637955357386,-0.2900954136638181,-0.19505959056598166,-0.31726399407185835,-0.24275646835873163,-0.22430748979508658,-0.29728934821812214,-0.2678967314964988,-0.17923804509220412,-0.3188084773174923,-0.18169290428926835,-0.30940564932519515,-0.19287028000458464,-0.1857297062040328,-0.31378407349253606,-0.15137140986770203,-0.15593015594074985,-0.36441262738643093,-0.10551589306990036,-0.3574316257822662,-0.2976880316258612,-0.28884875290239903,-0.19387300419556908,-0.1969792081412882,-0.14005900518013853,-0.2259309734979007,-0.07376179126389565,-0.3732393143897876,-0.1472931323073986,0.574051030187181,-0.15956087219084567,-0.1757484220160685,-0.20392483020149707,-0.10906030383280332,-0.17426126163671185,-0.25183061234067966,-0.22937295090845625,-0.24271962913492673,-0.14121973778522195,-0.1856696278227859,0.39742673931821815,-0.15709085294311126,-0.18850117106354292,-0.23904804007356936,-0.23090501262218546,-0.20920970770253441,-0.19386646792874007,-0.2813176793409839,-0.23667950897143292,-0.3002882540964957,-0.25016436300625294,-0.18335444199440804,-0.273203135573268,-0.2293769713369265,-0.24608032526107249,-0.1908763205228984,-0.27010794994138626,-0.22304997666955065,-0.30976307700764893,-0.19207532142617903,-0.3523670852036752,-0.4135174008477233,-0.2330215462600184,-0.22440916366001307,-0.47737558449163314,-0.30372509559980926,-0.29353252056249823,-0.30282098602327595,-0.39081566296865516,-0.06372328065333553,-0.32980085684059585,-0.27956402199553226
species.catchability.fsh2.sp5,-0.222910715767847,-0.23595533013365158,-0.20999892692292382,-0.23017112870990486,-0.28675291860773,-0.04643443482396285,-0.30568154337986003,-0.22094735564035245,-0.22092817834722142,-0.3010039355492207,-0.26915508034549757,-0.18363879637941208,-0.3134809874636185,-0.1770917547648466,-0.304933328074433,-0.19338561415209224,-0.18924010993268117,-0.3011663946023387,-0.14662382070831625,-0.16648729764165607,-0.326237330984436,-0.09711341241796068,-0.36823296103840386,-0.3073533580520836,-0.2632973161706646,-0.19927920884702943,-0.2162072755968814,-0.13828410903583516,-0.24428169639189584,-0.10894447734570743,-0.3904645041367464,-0.14804005759827704,-0.2409862937180471,-0.16799053469038727,-0.14901453302680398,-0.21087602661569466,0.007678780697932129,-0.16157484667552574,-0.26813714158073376,-0.24988521148914697,-0.25389395246883834,-0.1727538685738034,-0.1338105817242072,-0.1563825207713618,-0.15853998683099954,-0.21592255291196727,-0.22950474640043617,-0.2178154911751707,-0.22213180972237118,-0.11786305500797874,-0.2662077889046384,-0.2308122865958801,-0.2970874172953388,-0.25210764819309167,-0.21193585125383607,-0.29159259839518753,-0.18129840530202282,-0.24494655056574685,-0.1911452720953587,-0.29855980519333514,-0.22390198341214126,-0.2818472651234041,-0.20298597468378193,-0.3720988773467356,-0.42757530329065285,-0.23337096093909995,-0.2224356818272871,-0.47786570550789026,-0.3232756301911114,-0.30730087227685837,-0.301258330681323,-0.37602208676189736,-0.13803160634447287,-0.3269616033605344,-0.2807735578433193
species.catchability.fsh2.sp7,-0.22795816897533544,-0.23537046243837037,-0.22049230748212625,-0.22204703454209035,-0.2958881370281362,-0.19695582956083135,-0.31096293808038317,-0.19786638248180843,-0.23850382302502685,-0.28329810615865364,-0.2732089459825029,-0.18780262820735913,-0.3142156310743324,-0.17528800629343583,-0.3295786847511273,-0.19307284926398072,-0.19163469216398485,-0.28436699226632345,-0.14575610882612347,-0.15927229081345304,-0.34041636300440165,-0.12157478323639088,-0.36343107134070984,-0.2557297720604118,-0.2753045849136064,-0.19178336396391163,-0.21267771661871604,-0.1407723187534905,-0.23971825941694747,-0.17182463097561002,-0.3806920049321346,-0.14823882116168036,-0.24560536681377135,-0.16152332920007084,-0.16133851744409258,-0.20823738634944639,-0.11039564121914087,-0.11054242727458778,-0.26444460240584694,-0.24224696150032704,-0.23989918234488355,-0.13209262629919047,-0.15299084128629664,-0.15535002146481514,-0.1588378076753932,-0.22169967142311003,-0.23683834858522346,-0.22682201610333694,-0.21587306250014598,-0.19367993100432987,0.3471809412234095,-0.24809770665786685,-0.2752229883644789,-0.25663770718303397,-0.2047169555096486,-0.28043866030528447,-0.16176716801804772,-0.2483932479822467,-0.19068651265801623,-0.30975501199879457,-0.2375105095610077,-0.3067800368060125,-0.20201780925533813,-0.3696461172404135,-0.44820912796576234,-0.23980501978080135,-0.22043028388698663,-0.4465567533508124,-0.33170464827701346,-0.3151409700617201,-0.30253624587702704,-0.3977753570190263,-0.30700437593816543,-0.3401246040454176,-0.2906261342152708
species.catchability.fsh2.sp8,-0.23019675177443547,-0.23544305605518323,-0.20971917315213057,-0.22940599164844658,-0.3067694368060138,-0.19714696862926603,-0.315338113523042,-0.23282178002247114,-0.1626915679476186,-0.2967400525459641,-0.2564202729335747,-0.17910274637304105,-0.3259626245257396,-0.2158830432114911,-0.32892451040051324,-0.19226400704503901,-0.19350577218957757,-0.3313584205897817,-0.1436058595586072,-0.1560803240857224,-0.36825737826854865,-0.12283809744514221,-0.3744747100618077,-0.28465415698239277,-0.3119700291687548,-0.19814548891039685,-0.19990975101568007,-0.13692273219071283,-0.21894769606361636,-0.06846823598105309,-0.39253899272760084,-0.1479853641440295,-0.2511198041702947,-0.1658606871275637,-0.13621045063749024,-0.2106812886167502,-0.11859329576806531,-0.16188985802245912,0.21636934652530734,-0.23921920978164601,-0.20522316536270324,-0.2069481547200385,-0.18866611694870195,-0.2045926343041366,-0.15811939290420246,-0.22377587604431878,-0.23404872570925322,-0.2162563893399199,-0.22494090728482552,-0.19452916160699002,-0.2800125884214592,0.007638338488243212,-0.293323935324932,-0.23871425057275383,-0.19415080691709602,-0.27679734661033234,-0.23428380439313418,-0.24547670353455792,-0.1901684640794726,-0.30953759095279565,-0.22641827163930445,-0.30035579816969393,-0.20423777461504938,-0.3580892696924931,-0.4426861796937116,-0.2350647855509074,-0.21860464867284618,-0.44193409413346807,-0.3253871011901052,-0.30677562372430045,-0.31252770831980325,-0.39873038389502785,-0.13948958134480302,-0.33660562170312885,-0.29285319993126663
species.catchability.fsh3.sp0,-0.14506713845488314,-0.23621876655541094,-0.2169287471583061,-0.2189553239909792,-0.29084562307716455,-0.2007275895715466,-0.30179912700237227,-0.23926368216915847,-0.23327512715914153,-0.30168985886298944,-0.2838505139671681,-0.1909792078713965,-0.32890096450294903,-0.18398382279053757,-0.30942448184335286,-0.19171968587318208,-0.18877250407470889,-0.3156412054685372,-0.14747566092937975,-0.1589747107322579,-0.3562265889463326,-0.12180805399547076,-0.36337526164062695,-0.2717958226747921,-0.29735797139657294,-0.18894204544088217,-0.21356927293258635,-0.14204552400016185,-0.24604107717771878,-0.14901862215303058,-0.38649260385276557,-0.1477973543814997,-0.19203318654136284,-0.16559706134956112,-0.16433347457843,-0.1769745002448622,-0.11745948931440896,-0.17438712589210228,-0.25208245087876585,-0.25048149785449236,-0.27255094155858084,-0.09555038852018274,-0.24418494985610753,-0.4286053590286696,-0.15719682831089724,-0.1930931266889365,-0.23491601386115457,-0.2230391035776994,-0.2061910074127198,-0.19762106354891631,-0.28227750560423615,-0.2395448690741019,-0.3030158552936601,-0.26369798547668494,-0.2150403278310273,-0.29211626629073467,-0.2115320671241177,-0.24340852457149698,-0.1898983553550368,-0.2885790135790518,-0.2243053373887732,-0.2942103234682314,-0.19636900705692636,-0.38562151113052673,-0.41983404250437906,-0.240396608515173,-0.22516360051255657,-0.5014229821217737,-0.31260822684273343,-0.2865434924009676,-0.2884971022930916,-0.3873904116533354,-0.3153239343996087,-0.33197986449187983,-0.2813248646652893
species.catchability.fsh3.sp1,-0.23230476146759374,-0.22258401349776552,-0.21049330211217332,-0.224015300718394,-0.29740065456878634,-0.19632144630438036,-0.31886203382696876,-0.23811310142050268,-0.2312497419639535,-0.2959663804172615,-0.2752235358823854,-0.176067927014136,-0.32272156789288514,-0.17902171626549893,-0.3202935826639442,-0.19203299819113612,-0.19365643625063284,-0.2967952029730833,-0.14535443230801606,-0.15519543612869752,-0.3495708888001957,-0.120627552970028,-0.3570257488405305,-0.2675914016001275,-0.2967600882107164,-0.1952453046087112,-0.217162727689932,-0.14230241661207677,-0.2362364658313647,-0.15913807906312813,-0.4055294759160232,-0.14718191355090815,-0.24653382572793028,-0.16563974595247305,-0.16728681187027616,-0.20126135457432218,-0.109416680403326,-0.16065301314855207,-0.2508155495092127,-0.2699353874888884,-0.21410446722371565,-0.13288278512777973,-0.2189903633767956,0.025442294229041956,-0.15751607669660841,-0.22494020705290546,-0.16752505032027482,-0.216130104742119,-0.21223272521480363,-0.194129786011298,-0.27945769034157353,-0.23924739717600585,-0.2948088429030031,-0.251339981384539,-0.19008804903020657,-0.2748189313459672,-0.19345022016359276,-0.24429446964534446,-0.19020842275645114,-0.3048994365921981,-0.22246074295990526,-0.2978912425161734,-0.19465553237507296,-0.375515164262154,-0.4229395028916546,-0.23636765726139441,-0.21430591766453191,-0.450631882979867,-0.3222119232300024,-0.30114266726413025,-0.310565275365798,-0.3855089549120589,-0.32212070145528515,-0.33484895936441966,-0.28573677821216303
species.catchability.fsh3.sp10,-0.23116071871740326,-0.23768461299510904,-0.21246586640726078,-0.21784747065581705,-0.2934012502080566,-0.19369952017506623,-0.3022683824618394,-0.23509238259159,-0.2284947092859625,-0.2882261761398333,-0.24839202629690674,-0.17199441517218692,-0.3287589003478661,-0.17600848881517375,-0.32554035616613397,-0.19218756037111254,-0.19095304761572904,-0.3069237724742097,-0.1436322231512504,-0.16115822414285047,-0.33019325601965693,-0.08528191123672713,-0.362876620202765,-0.28761539793011853,-0.30464736754474225,-0.19621195294760227,-0.20571444436524258,-0.13301968161569827,-0.24205176612060994,-0.10936993365013103,-0.3720737896294102,-0.14798623031713454,-0.24238699913388254,-0.15795882751595644,-0.16911982105688741,-0.184625508952764,-0.10449941515447604,-0.16987261826154332,-0.27322035670419637,-0.24302182805652223,-0.21801378466996918,-0.144981455269588,-0.19317951739389033,0.32210221066448286,-0.15775971134263192,-0.22443270454115782,-0.2383353594213723,-0.21723335281795764,-0.2124413634235175,-0.19316672679915223,-0.2819792684292869,-0.23499707493074326,-0.282621122773737,-0.23132318830490886,-0.19690472020128458,-0.2809264375397691,-0.21028466475258242,-0.2522600446382361,-0.18996081808346685,-0.3093455097736094,-0.22997594037674152,-0.2976182224249314,-0.19803584694932433,-0.37598276295004784,-0.41826529696392056,-0.2349410367502322,-0.22154837300131497,-0.4469313130257606,-0.32512410285531274,-0.2970507974656822,-0.28601881314276234,-0.3910892009284304,-0.17463360962769928,-0.34384890557130954,-0.28316155813880783
species.catchability.fsh3.sp11,-0.23473234850612404,-0.2295114689028336,-0.21342372048803385,-0.21400531978591594,-0.2980552782854968,-0.1955763266034742,-0.3056812189298125,-0.23221443976039524,-0.22654686476569078,-0.2993222019237932,-0.2671655458586812,-0.1794461338908423,-0.3119706178594536,-0.17908590422353943,-0.32408570512834045,-0.19294423157688995,-0.19080108693700798,-0.2812212539201189,-0.1473953495606592,-0.15429970459762915,-0.340199590811995,-0.10558532580935595,-0.38826822622785606,-0.28309642193689905,-0.27227598522982843,-0.19747178075399294,-0.18877183637990969,-0.14104590276071552,-0.2342292380790506,-0.19293467982062804,-0.4044498990906942,-0.1480172218002975,-0.2479931797568927,-0.15627359600897295,-0.17542931347388668,-0.19485101749219116,-0.11770465328580364,-0.1662360978120145,-0.24913410262395497,-0.24960880943810904,-0.20794467806240813,-0.18344678609343418,-0.21767530177048283,-0.416008629549014,-0.1578465604875727,-0.22840570540376862,-0.23511874900972046,-0.22170977702324549,-0.21162714106254787,-0.19385891212595843,-0.28047926935693457,-0.2397243909263321,-0.29770575899646823,-0.25518427723171844,-0.19774234429554954,-0.28683753126023936,-0.20191097759259494,-0.25075194486117963,-0.1907249889818126,-0.2970738970521907,-0.22871785618040572,-0.29913281376193995,-0.19712133125735956,-0.35553901886990363,-0.43031121814094747,-0.23440440993206377,-0.21945837952352193,-0.4502352734693002,-0.33189904977220713,-0.2910939596567192,-0.27848286218266033,-0.38918682128580145,-0.34846618869298124,-0.33965599013854425,-0.2848619606527028
species.catchability.fsh3.sp12,-0.23419732847256236,-0.23557697965026675,-0.2149249067474398,-0.21869833981466125,-0.2920034960659337,-0.20189266858417132,-0.2945134973193227,-0.22801315395096913,-0.23484502061754356,-0.2861568370183058,-0.2589911864142572,-0.16759862174456064,-0.3002299588118897,-0.18929187032520864,-0.320766810896005,-0.19278923085009325,-0.19005705128955594,-0.32520149767372186,-0.1498074966816534,-0.1627288633644711,-0.33485820799938776,-0.10687560055746323,-0.3708663860572161,-0.2341886770841453,-0.293822650284408,-0.18951878664461208,-0.20886987889315115,-0.13994941296106683,-0.23144484170277613,-0.057762596840871476,-0.3903347847678378,-0.1477814795671988,-0.24263631731525812,-0.16177549785933582,-0.16405517586926902,-0.18797713702357802,-0.1142066420375739,-0.16784491730392465,-0.26531576479827423,-0.24073412892988896,-0.21636488317194413,-0.1529695364094225,-0.13460941342291136,-0.1373127065593719,-0.1578029240741223,-0.22757355226083353,-0.22899573117867764,-0.2179919079155566,-0.2059403460529742,-0.19967494953788426,-0.27184194205175194,-0.24021084644309432,-0.28528846311139144,-0.24050837972333308,-0.18425399582285715,-0.1919842285655779,-0.20972126592821877,-0.25298157275598826,-0.19046440040984322,-0.30159115843784545,-0.22987702574396518,-0.3014579875740781,-0.2073967246163276,-0.3700837023414468,-0.4204412632435531,-0.2383930790234109,-0.21648292140010253,-0.4680636424495849,-0.31645482114074275,-0.2976328350587838,-0.29733815259012736,-0.3939196821184397,-0.098001002285831,-0.3327999892538523,-0.287485144755462
species.catchability.fsh3.sp13,-0.22934779744456252,-0.234728835312575,-0.21157575435702736,-0.22779135667055803,-0.2936643182186386,-0.1925415082819999,-0.31638134899476034,-0.2223141850704244,-0.2187705590074781,-0.2882512587605622,-0.27678773941971613,-0.16929432527986354,-0.3089271566089531,-0.1810574176766509,-0.32153799088675417,-0.19289706609614457,-0.1944443336855458,-0.26957914231400376,-0.14625160775350515,-0.1724659690996294,-0.35140925017242003,-0.11647802664839987,-0.3793257761025516,-0.2980649187130332,-0.2553648813286331,-0.2001967647188315,-0.2117125672218611,-0.14037457926785987,-0.23407612687356885,-0.10522834832949546,-0.3689673691588114,-0.1481133047351034,-0.2543671448990485,-0.16428848356803752,-0.16567237852682687,-0.18519952286939648,-0.11680608565555095,-0.17698601381917214,-0.28067421117647695,-0.26144795933828174,-0.2649121756217861,-0.09691519520209632,-0.16368793199264325,-0.0028305742496381385,-0.1580191278410976,-0.2236564294224188,-0.234257945037709,-0.2241077743854678,-0.2156996486421612,-0.19205273294436548,-0.2698076767057919,-0.22414284656941336,-0.28083141207698764,-0.25871627591420177,-0.18321655041971588,-0.2799871000829456,-0.1708472035675592,-0.24471644158922964,-0.19071776204452254,-0.30613997083618727,-0.22909588350821425,-0.29095718253350245,-0.21246374258805764,-0.3628847557150123,-0.44545423439787657,-0.23777545138572817,-0.21662595983339508,-0.494366129193778,-0.32146896253310075,-0.29810873290644263,-0.3275388527193233,-0.38460846886632055,-0.13198387660571886,-0.32429176350117755,-0.2856849230817819
species.catchability.fsh3.sp14,-0.2316024259650946,-0.24218270326689592,-0.2156562592199036,-0.2225198525787648,-0.29637716410836185,-0.19753115037771282,-0.3103932369240722,-0.2403475977385957,-0.22230069520847912,-0.2993992228911711,-0.2846770889466649,-0.1793161642627844,-0.31823837322551063,-0.17030393829896207,-0.3248464403776243,-0.19259079093664516,-0.19153111253067906,-0.2760928823827794,-0.15028042895820817,-0.15762533555632618,-0.3350963284304266,-0.11421670290262463,-0.35611215691553,-0.2984707596523844,-0.30821070676774154,-0.19358216342364984,-0.22077693333354367,-0.137611804138389,-0.24653693722968129,-0.18396443818869387,-0.4045199546380721,-0.14805751661193087,-0.2523027751899531,-0.16356215464823276,-0.1610533973063607,-0.2056643344449104,-0.11460798325231696,-0.18196815385203,-0.25580056866742845,-0.24484838048185006,-0.25495453780167937,-0.028865820388212827,-0.16409191619777977,-0.339149238002581,-0.15808502818644063,-0.22528014390962978,-0.24423276327421975,-0.22846181489579445,-0.21422193245374624,-0.19581380491154593,-0.2904690119360605,-0.23006132255459852,-0.30056860541697333,-0.2689197437467542,-0.1935609638927934,-0.27759246484246736,-0.1850756157214712,-0.17658995662157004,-0.19061259452037932,-0.2990417585172954,-0.22491390031972502,-0.2941144182689246,-0.19724505830852077,-0.3372611412740796,-0.4160169976735231,-0.2304431844679136,-0.22952272259365666,-0.4758680550357687,-0.30434661188555895,-0.29283675465859954,-0.31000513433274457,-0.3884077230282745,-0.19123819604953177,-0.3254490892112502,-0.28666941015707986
species.catchability.fsh3.sp15,-0.22804053967976717,-0.23244713792144997,-0.2011721764448029,-0.2083737010140478,-0.28984570528233494,-0.19637650736262457,-0.3142637060591496,-0.23957632050522076,-0.23801681767345623,-0.287571141211887,-0.27001794196374046,-0.19109233524644106,-0.3234864300171102,-0.20292422432021912,-0.31629797718668734,0.9715618447953676,-0.1892133847142025,-0.289511020214808,-0.1413029344045523,-0.1567474752573835,-0.33273444057766993,-0.11634946508415192,-0.3555213477824645,-0.26743065391517584,-0.2948964271274015,-0.19544312188597654,-0.19656583418771456,-0.1387653010150007,-0.2520308593864892,-0.12596391117705333,-0.3976373856777075,-0.11624690812878076,-0.2404996748935162,-0.16353518580509668,-0.17727363299703972,-0.20561416563820023,-0.10887584805058909,-0.16864304692533075,-0.24899295612725544,-0.25311450966951193,-0.2451094920351821,-0.09469119036324719,-0.14722689454293003,0.06160861065472222,-0.08415889892065938,-0.22199186355129064,-0.2355294715878991,-0.21015309475505414,-0.20105639317648913,-0.1946219474363268,-0.2866559857280892,-0.240685533516051,-0.28861025097399895,-0.2554285330794847,-0.21112249663697488,-0.2711874382401992,-0.2200997101204341,-0.2482513966174642,0.8275048024920071,-0.3059208305720822,-0.22190237267290525,-0.29872594926196455,-0.20099251061339787,-0.372960139110617,-0.42519225072040956,-0.2301069443022685,-0.2183020233988596,-0.48056739753365285,-0.33034875802643415,-0.2969254856485007,-0.33218675962456257,-0.3889668430988644,-0.17875704922226685,-0.3498341737393417,-0.28238890065380057
species.catchability.fsh3.sp2,-0.2266370496274436,-0.23646005779897522,-0.2137787995553284,-0.2209150489049171,-0.2904909180959349,-0.19600664554210664,-0.3046597884394624,-0.23408736748005737,-0.23618725046084504,-0.292639492402155,-0.25822638292803984,-0.18179131120420347,-0.32298876689804945,-0.1613572102742248,-0.3204553277711699,-0.19214478886866818,-0.18327289099991068,-0.31016767165619,-0.15041795848628517,-0.16839560477991586,-0.34688451980629414,-0.11870196712354036,-0.35238846601792634,-0.27154071349926373,-0.26054627561827587,-0.19545401778116733,-0.1999373385108151,-0.1424658676592451,-0.24017073133062142,-0.18684554621413846,-0.399719978821125,-0.14749075848953566,-0.23433521117821662,-0.16424186675512015,-0.1555105724522072,-0.19621766066108676,-0.11533444622682168,-0.180556585335914,-0.2733832772172918,-0.25396356958051136,-0.20577325025491525,-0.16992804106758613,-0.152294501851308,-0.5763290284043636,-0.15755754770003336,-0.2206483412010424,-0.2367979184819406,-0.016734189003881007,-0.21657502421457359,-0.19436271124405413,-0.27752752403819025,-0.24426763096541126,-0.2899853764348567,-0.24720167951975205,-0.19309700702741445,-0.28799932297123715,-0.1811480481708877,-0.25221491769038573,-0.19027688435516407,-0.2969732468611227,-0.23204921098561396,-0.3048931098197737,-0.2040923637850642,-0.3673004484261714,-0.4291228711224714,-0.23939862599726103,-0.22387710127032415,-0.4547616512580154,-0.31589118275359496,-0.30030461363510935,-0.302390582083678,-0.38977302883954573,-0.2989918230229621,-0.33134225276927765,-0.28382930339929846
species.catchability.fsh3.sp3,-0.23020499255291005,-0.2307779192423647,-0.21116001044378954,-0.17451939346499848,-0.2773730540535054,-0.19510559414931516,-0.29646735609430913,-0.23441581915106105,-0.2103103382812954,-0.2949623165762138,-0.24725034012003858,-0.1677379251491654,-0.30331440077190414,-0.17954098807286012,-0.31989075718260007,-0.19303845530512165,-0.18744613501245563,-0.33097521205807473,-0.13631267598454003,-0.16595919925603583,-0.33245052060708163,-0.10176805755980185,-0.35782088705601245,-0.27456901980269627,-0.2770700086188751,-0.1947989241767721,-0.18217234296587131,-0.14051041282436544,-0.23070204636140418,-0.13410681063340876,-0.3789871793090981,-0.14780275382410044,-0.2454684954038964,-0.15615974481860403,-0.17053017600735124,-0.1599229579072762,-0.10851383409871043,-0.17317130797488006,-0.24335649993878397,-0.2536838326140285,-0.23025462790343393,-0.21133032612220704,-0.1754543050015261,0.003352712661573608,-0.1579475433080985,-0.22349602444592,-0.22071858306663486,-0.2193433591380364,-0.15691468569381206,-0.1928403582846861,-0.27230135386182014,-0.22577309431018366,-0.29532399955894745,-0.23130485049536992,-0.18021127778289128,-0.26786658917060874,-0.20639528282955605,-0.24969215989384916,-0.19087227760269124,-0.3055457952858083,-0.21209700541404836,-0.2996497216852295,-0.21086686213137834,-0.36292149876407437,-0.4042026691613083,-0.23024623305057254,-0.21629988710445078,-0.452576978294959,-0.3288717158765365,-0.29586416011568634,-0.2906203860080495,-0.36756512790218565,-0.2599162622625805,-0.3278158092264106,-0.28391602645250474
species.catchability.fsh3.sp5,-0.22377003035091753,-0.24244022017041014,-0.2080362106290116,-0.22758635811266395,-0.29736491695272393,0.09702588402325815,-0.31183638735644525,-0.22706696684778332,-0.22641797048716208,-0.2873948736921768,-0.2740295976160107,-0.1727158039008327,-0.2997963020053019,-0.15887537158735965,-0.3257062658923073,-0.19250518225043176,-0.19346476260168527,-0.3066319544826018,-0.14650517024240692,-0.17401100339345676,-0.3440126240074508,-0.10481544385613394,-0.34751537201441063,-0.27356923762152247,-0.2876545238923422,-0.20025392753851112,-0.19025701657602215,-0.14117940995969752,-0.23246254408034886,-0.04378173834546503,-0.3828961799281584,-0.1479087634221611,-0.23841769613743746,-0.14970715110746485,-0.15876019569688077,-0.2113040154475984,-0.11168861322834302,-0.16157035821365429,-0.2310918323470047,-0.24309599385619085,-0.22537245234174097,-0.21349649037332044,-0.20856104142370102,0.12057525338567808,-0.15809637828301967,-0.21705262656960142,-0.24396342425565912,-0.21739781547825054,-0.22381130755558779,-0.13440533646658295,-0.26663831172389196,-0.23284979780710136,-0.2870288418987069,-0.25519586550850926,-0.1823798956349449,-0.27495712000616457,-0.15599051536892572,-0.248099138921127,-0.1907994347883126,-0.30022847083802195,-0.22090024287428883,-0.29152668164759793,-0.2134725850608156,-0.35130209383881905,-0.4242642869198513,-0.23615573047696684,-0.22698448875928848,-0.4821695756077649,-0.3226990340598183,-0.2772680212793345,-0.30367363346378945,-0.37699742902441746,-0.09704401174797034,-0.33579089517221017,-0.28511954516545623
species.catchability.fsh3.sp7,-0.22720818299344026,-0.23315925620309466,-0.21360245242312992,-0.2253119386935629,-0.28731337576683197,-0.1991322939310203,-0.32250563232653634,-0.17739072329374642,-0.23263295681695226,-0.2981382232276299,-0.2781046143192907,-0.18065610688680162,-0.3284489771377059,-0.19483405668985482,-0.3188645183405217,-0.1921639107299477,-0.1936907752045469,-0.2988619674822013,-0.1424058784338448,-0.16013003773833046,-0.3505273308420898,-0.09859134496323455,-0.37013159908449234,-0.29018382606292675,-0.3095495619289403,-0.19808392611765904,-0.19753444524783806,-0.13755226031284884,-0.23712735218413758,-0.15593258050417633,-0.36097451535551667,-0.1475908889729632,-0.24639361889340472,-0.14719015593408494,-0.1494711812691361,-0.19817503551395596,-0.11106981195955445,-0.16037788965037544,-0.2616935240448961,-0.23232473497718872,-0.2571843291275625,-0.12055349349234731,-0.1478960667356294,-0.44887954245438855,-0.15784746112951695,-0.22058424500657806,-0.23120496567062404,-0.21891959242228,-0.21740573511578506,-0.1955789783381002,-0.004331799130315484,-0.23514866799847783,-0.298702020414677,-0.26449533911221496,-0.19669460215100618,-0.29498817483868406,-0.21586806689773394,-0.24963225802395708,-0.1901344378015102,-0.3093597793517324,-0.2211577147503843,-0.2931619658908491,-0.20783241675619374,-0.3956821016292085,-0.43430355215935423,-0.23328032782144098,-0.2225466019261336,-0.4721891526705181,-0.32051352997042193,-0.29404699762530173,-0.3101611395316434,-0.39942413241553,-0.24849991531225002,-0.32612248927871773,-0.28775474424463104
species.catchability.fsh3.sp8,-0.2336916674197192,-0.22886316961378841,-0.2093905352848424,-0.22021184852607184,-0.2997048345389677,-0.19243787159606787,-0.31145405395921605,-0.22729234027463477,-0.17542656868337358,-0.29453158362839993,-0.2721002960020469,-0.15965180600986778,-0.31837749954520445,-0.18909855702532788,-0.3190508536389307,-0.1926422629573696,-0.19437094961357668,-0.2906710039627047,-0.14062377259885628,-0.15853965197719952,-0.3473336287808073,-0.10623441103268332,-0.3622517253542969,-0.275337418566311,-0.3025239637773309,-0.19770585088052695,-0.19259305117493059,-0.13321556585650754,-0.2533384136395719,-0.22064986238430556,-0.3728917024131669,-0.14807107821982687,-0.24436222013643613,-0.16499476067658592,-0.16609135350233634,-0.19775828302763573,-0.1134442291377863,-0.1662800238365203,-0.23236161279896364,-0.2462547709166946,-0.23789581347374755,-0.18635446666882546,-0.09612185484202714,-0.1586714420778247,-0.15858307748366524,-0.22763560561928725,-0.22469175123575508,-0.217189617757576,-0.21890936422837587,-0.19078293435684648,-0.27848109959182044,-0.12149170936004192,-0.28902093685147556,-0.2588731964852314,-0.17941772049662627,-0.2809134168501794,-0.2099519824227136,-0.24873590490898667,-0.1903435267095451,-0.3000486033459025,-0.22486909782680212,-0.3002588215100426,-0.1980179471710685,-0.36931368207233956,-0.43547498707642235,-0.2334224312939788,-0.21211619609816473,-0.47339470484090473,-0.31223938645961125,-0.3070765064669431,-0.3152875467089378,-0.3970409894692695,-0.4163700025356141,-0.32911108359270597,-0.2863826607952227
species.catchability.fsh3.sp9,-0.23083628391787184,-0.2384070181885776,-0.20950493447765584,-0.21352470718579666,-0.2953404937523641,-0.19154047652843298,-0.3126661712294306,-0.2336705081557736,-0.23124737232330922,-0.292242404829011,-0.2750004915953096,-0.1708454663194399,-0.3203716460150201,-0.18415730581718512,-0.31236930993061235,-0.19193272508436252,-0.18424101791825784,-0.30616729059997133,-0.1480228006860525,-0.1542849026095555,-0.3518473090730222,-0.11024797475035306,-0.38241274464660285,-0.28582564435192687,-0.30352683702855143,-0.19948552135125616,-0.21812459816540863,-0.1452466586643723,-0.2391098030721989,-0.0908405101432551,-0.39925864750443807,-0.14804482852532108,-0.23350045652265097,-0.17133680713537883,-0.1572321432454767,-0.20897383408676312,-0.1111063072906858,-0.1815247327552942,-0.25609966330665407,-0.25968849549415673,-0.24113527279313396,-0.14888501743512067,-0.13073234397528563,-0.4143629784098311,-0.1580779203160673,-0.22453131869492188,-0.23959123270853933,-0.21463754165835547,-0.21154912048841176,-0.18994838426534316,-0.2713176036157168,-0.2393668131448131,-0.24223950634436897,-0.2636082671593555,-0.18825097172755711,-0.2782202048140912,-0.19735469153361374,-0.24235579283410225,-0.18976462322680798,-0.29670470791768755,-0.23837384572827214,-0.2874909320245977,-0.20067247907737693,-0.3661075088070451,-0.43054603691433246,-0.2332085423283301,-0.22402706107926978,-0.47508253012937907,-0.3180911192125748,-0.29858832867459106,-0.3195718790871992,-0.383621656091292,-0.17535702108404994,-0.31842269755485453,-0.2858197813256329
species.k.sp0,6.325678230655534,-0.1162156135254802,-0.020925845957481835,0.07868888108090696,1.4741261495297322,-0.11987579871925537,0.5350258583730817,-0.12854201511224495,-0.02484809477657858,-0.10838331119577115,-0.11385983602174736,-0.0704390133303058,0.3927693524411902,0.32053771019817007,1.601116210626006,-0.10337992633268904,1.7135810071107382,0.12477142509506853,-0.05784656760954968,0.08916667178727791,1.0626898491917325,-0.06373440104018441,0.44809888195663183,0.6363607873311732,0.8791181795333383,-0.13835466140177136,-5.175152410875977e-4,-0.060258152112620325,0.08863489215349857,0.04056144037042186,3.8339240637750294,-0.0633066760369622,2.529265240851513,-0.12676883812941772,-0.08621545987929963,-0.12448504614376116,-0.11044061314365775,-0.1334874104930038,0.16876585664986887,0.07970597487798052,-0.17508797352840305,-0.22034963878553598,0.27844479649690806,-0.07448098694131178,-0.06944134013911248,6.337964099556543,-0.029881171564789578,-0.0792299440047811,0.0053195311934705275,-0.13745469342808844,-0.11043186642595967,-0.10881832714450379,-0.16730044775911102,-0.1480585134443709,-0.12547955357310175,0.10277421139782848,0.04157201516920221,0.4265576762191464,-0.12564431386309807,1.4241466885615641,-0.09532137548062865,0.6390801626381863,0.07136348423348783,1.1433085400887564,1.0578638802502554,-0.04129180248396989,-0.14261090129500603,-0.1252212255622877,1.226574379419006,0.302422965843648,0.02856182443545364,0.5127831180666331,0.23141904840802283,0.9672835760877371,0.598939234863547
species.k.sp1,-0.22098981339632412,3.3827066165655366,-0.2078444155755817,-0.21632312056996944,-0.2960412726154656,-0.18666478584727755,0.4423354602356199,0.436938802090727,-0.09169156837910435,-0.29043639657548365,-0.261916335225959,-0.19368105658644558,-0.2995360619313299,-0.17496488616546224,-0.29208603091401936,-0.19044549821359216,-0.18295364541881237,0.7899558271338443,-0.1487936739274354,-0.15923881149851138,-0.32805217750119386,-0.11117036044454931,0.07809701098844547,-0.28777710629678543,-0.2942248128575633,-0.1876393779917797,-0.19865393350018368,-0.13765702751753106,-0.24091528538040213,-0.10753468692935636,-0.3705565551559598,-0.1463831049460873,-0.22997267819866052,1.9727859362695928,-0.15827559054638327,-0.2125838774143654,-0.11338503172360402,-0.1376142815441469,-0.20664545254040476,-0.22904974147869508,-0.19648590172458213,-0.18622038847250977,-0.16492078257129095,-0.19629689026019367,-0.15672767732118578,-0.21427362303845204,2.920168188984017,-0.21700954254837002,-0.20451421764150512,-0.18626434738955322,0.3587224658919614,-0.11426384027490985,-0.28659898437256326,-0.24834574842540447,-0.20873606166627365,-0.2777991909585609,-0.2089093541213596,-0.24081566049150488,-0.1881685916767051,-0.2942651845575654,0.7361965262391116,-0.17811477853198568,-0.18825061098764512,-0.2984243214298026,-0.3281466118896675,-0.1050482399876345,-0.14858105464135227,0.015341314810250119,-0.31562246810117317,-0.27320413665222126,-0.30214546159842404,-0.31979165339801213,-0.21697051513720797,-0.28992626193446847,-0.23995701318160687
species.k.sp10,-0.21554920771334235,-0.21127516792538706,-0.07439591116561142,-0.03330199128024714,-0.26757229698617474,-0.18748308105464062,-0.2432679967430556,-0.22844423781188705,-0.22367186491963387,0.04851099167152782,2.258486221850791,-0.1632930130998876,-0.12090972324744664,-0.19239048622816202,-0.27084113423333345,-0.1887074206665852,-0.1615573025026628,-0.2814792201781377,-0.030879563859080313,0.06339299235023715,-0.31700840447419437,-0.07380703438615181,-0.33679143700075437,-0.24159616142118845,-0.27899679633694124,-0.02032800981774219,0.45109131955168735,-0.14223313941299803,-0.15576092937764513,-0.1567493956623342,-0.3111761451876544,-0.14641983947136436,-0.20427438105674298,-0.15961686064245975,-0.03713271387794525,-0.08951138175039669,-0.11704103275405457,-0.17382253094051847,-0.2697272658878997,-0.17741434750299287,0.7370289583943199,-0.0952718513994667,-0.12054313019660873,-0.5607741665697572,-0.15765107488657398,-0.21087540615976738,-0.21928587537982225,-0.11060141387994962,-0.06086623710824625,-0.18833282231373272,-0.26426625406099274,-0.24136049525148634,-0.02511805227312127,2.486797194777661,-0.1729924636457588,-0.1742320960447083,-0.2164970444393703,-0.23463988017467105,-0.18727108269322215,-0.2590238471720863,-0.2157504027441672,-0.23040955583303463,-0.12521937656056073,-0.3428225151764463,-0.3249070794825048,-0.21458446610002319,-0.20512346750398996,-0.4293055824775435,-0.25654980738268063,0.056933039253533865,-0.27973597071538303,-0.15682169136915639,-0.24805689289037167,-0.29436953939112487,-0.2633236686287352
species.k.sp11,-0.22395479501305954,-0.2288785607807155,-0.17590709217341222,-0.16268982939610566,-0.2727427152854154,-0.19236515279534516,-0.2894796940445097,-0.23444210233514323,-0.20516067867490745,-0.1935910739164083,-0.08107543594337087,4.708128276437583,-0.02404107515972637,-0.19144613559205093,-0.3043905510805656,-0.19169635779738278,-0.18481364438793652,-0.2881565279321671,-0.1268328424461487,-0.10989353582051802,-0.35032447323085353,-0.11514897486204571,-0.3421724388251174,-0.24383163683367168,-0.23659937239419362,-0.18662802055388023,-0.16021382719876615,1.4184252350685076,-0.2386797895650559,-0.02946148835941591,-0.3614762927382798,-0.14708924745411275,-0.23550018483293494,-0.16143854550118167,-0.12921058295548632,-0.14295732587268206,-0.1152481044813594,-0.16442386003420517,-0.23452079101307324,-0.21573641948389902,-0.19658368133295342,0.24905610015569724,-0.20052422120890434,-0.15406749251731264,-0.15771707754520475,-0.2179888435686872,-0.23553646473523387,-0.1913112283784395,-0.1653790937358167,-0.19246693258535036,-0.27053601395328514,-0.228338429706303,-0.18869447411777726,-0.06156032693038073,5.415011538399261,0.02632093947738416,-0.21301411944625182,-0.23594129708724312,-0.18981108820374346,-0.2951558541230884,-0.2296848456580411,-0.2885208912560799,-0.17793155929000093,-0.23414960069981103,-0.34061100509690345,-0.23394219364272187,-0.2197391945353791,-0.45254209469986817,-0.2979116539233707,-0.1916847190558034,0.7473453163567952,-0.30217859314900825,0.029156153778564863,-0.3253181997340429,-0.2763808154766158
species.k.sp12,-0.22305694104004822,-0.2291857972121754,-0.18222146226657854,-0.20620587686578026,-0.28673101283144,-0.1657661722629631,-0.2968268786172039,-0.24259183293334338,-0.2193224499470777,-0.28540950405153076,-0.27542282219495434,-0.12512602241795698,1.5449491780957088,-0.15133482722382904,-0.2954485449438115,-0.1912386175601922,-0.18153385230812838,-0.3267354904562578,-0.14251912357199997,-0.15631609046682587,-0.3268839711546508,-0.11290270624771094,-0.3272168478896148,-0.26848655215234746,-0.2723890189064132,-0.20012693306727533,-0.20456228925877978,-0.13185134956431166,0.9145969846298246,-0.08694559716363223,-0.3792403321199222,-0.14727614113349083,-0.22470885689512082,-0.15503138597639143,-0.14163528398108163,-0.17921392857735027,-0.11191315939139589,-0.16849287409108982,-0.27481102547557124,-0.19589868124058357,-0.20611095481219124,-0.2019818443139697,1.2368754576263428,-0.32769874397020704,-0.15753881826109933,-0.21621649383486313,-0.22307407945520155,-0.19381137535129972,-0.20663690574621277,-0.1687404998837,-0.28238295257476437,-0.22617086182723992,-0.285637086391552,-0.2562130800141027,-0.1431008743924384,1.0179511191119237,-0.1764500182034668,-0.23726186812175146,-0.18934130107247799,-0.271775480541192,-0.2304480681722545,-0.2800905092151762,-0.19646909152905526,-0.36316802302968415,-0.29669261251513174,-0.2213145135337032,-0.2158929516537486,-0.42693907113505214,-0.2725523881459266,-0.20590462565720036,-0.1416626812837071,0.18021208734466265,-0.17137692885272546,-0.3330216375829524,-0.2739160755307191
species.k.sp13,-0.18548179421321528,-0.1122159335441365,-0.0144736978454873,0.00670468102903537,1.8876319229303107,-0.0942187200900694,-0.1265931277032482,-0.14526616723507443,-0.13942729304838994,1.809144780875004,0.6741497746851253,-0.06922367201170836,3.045689052599717,7.152331126479619,0.6039058679070366,-0.17061402230745817,-0.1523873714696119,-0.06963719375292443,0.01826721361103479,-0.035874515682942525,2.281293257659556,-0.051250566502394394,0.5249148023625564,-0.17084362461601085,-0.14676162664445563,0.32379957887494515,0.7416853303259076,-0.0903309730006754,0.604283998358157,4.970571269779475,0.3710204661354207,-0.14103680835229948,-0.16775445920102236,-0.0754307509481994,-0.08342263106385106,-0.08029788949973034,-0.11311506239060717,-0.13428962110552747,-0.1502021131997736,0.2228333420453447,0.6649620130480389,-0.010761839481688674,0.19396326490521157,5.47569255950638,-0.1495125194984308,-0.1843993156709224,-0.1474255548566114,-0.08579537639466937,7.172217706056355e-4,-0.11633258480997406,-0.21537431793913275,-0.175725585326942,1.3852358877332567,0.5338588547261902,-0.08572779749448094,1.5162701512382217,7.695950497912472,0.12522802466012625,-0.17039001074022667,0.4187796740969134,-0.11549356236549159,0.41253312585168417,0.21813296015294095,1.7739652448790046,0.743006486244176,-0.12352792541538012,-0.10807592473756758,1.25072512282526,1.5526463960487469,1.2804639017352692,1.8413056469878546,2.677452909812535,5.166277805350872,0.4746625191255489,0.29859344724533765
species.k.sp14,-0.2093023978037947,-0.06616832715724873,-0.2135648163408646,-0.2321660521468276,-0.2642976876888149,-0.19050865671332404,0.3953928338453179,-0.1547917763977635,-0.16080036727198344,-0.293951430465904,-0.272649841316139,-0.18280946577684526,-0.3186563413203108,-0.16447947221976184,3.7391915602197887,-0.1748151387370059,-0.1892468112364304,-0.29132229487234557,-0.14522848586978362,-0.1633584079004873,-0.3368928340814601,-0.10804642532602285,-0.019563104255940107,-0.257013202351571,-0.28046223530581327,-0.19052318262619422,-0.19444906622994892,-0.13470350437647213,-0.23207426273910306,-0.18862409873076896,2.6500337947228125,-0.1394951214246659,-0.23651832330180633,-0.10536780630954044,-0.1593695932670454,-0.19058366053415246,-0.1117853936212569,-0.15328401327682536,-0.21434762819560152,-0.2135482708103471,-0.23156009343913156,-0.18327731065742542,-0.20529111579185091,-0.3101636397989888,-0.14071381350900744,-0.20313701076575486,-0.09061945387898432,-0.21930982642335478,-0.2222193086423249,-0.18906678865182455,-0.16098702903908835,-0.1651158693988315,-0.292791653869979,-0.25825100059639106,-0.1912531026828025,-0.2874866392794936,-0.19335905516203444,3.425088263271014,-0.17258222067081014,0.18794501182180556,-0.15904867508372342,-0.02681697535475729,-0.17567681648044428,0.42231764394605464,-0.21910518955870872,-0.009793410439354673,-0.098568116123767,1.0542248915424919,-0.28881412384018396,-0.2769733549418124,-0.25429640684644017,-0.375358836389637,-0.2669368303628654,3.6849322422994075,0.1498803202059269
species.k.sp15,-0.23454433458814494,-0.2280293655979827,-0.2144158366402691,-0.2092936441543062,-0.15448586695368074,-0.19198887740470916,-0.2811029425382091,-0.22791290171215678,-0.22614828914318677,-0.2903384402953213,-0.2790949232371678,-0.19005651668191795,-0.24881494208506566,-0.18376960570551648,-0.2976507038611672,4.14700974082908,-0.1902651313951376,-0.2947002007840998,-0.12332031164271176,-0.13737780218539677,-0.12744467901233225,-0.0978025723201412,-0.32366501551948085,-0.14853623027387197,-0.24935458936444424,-0.18324564826874207,-0.17495734919794953,-0.1421069050247194,-0.23429408589616052,-0.09217402043987885,-0.24273368714622343,3.1245718437164656,-0.24447714712033974,-0.15574050681659324,-0.15203020547524757,-0.2044493861985665,-0.10912095052560554,-0.15321471415354243,-0.23043004250697177,-0.25244276534107923,-0.2216661484431129,-0.12125680482488138,-0.05716720125996808,-0.6042562432445251,3.3147188708538824,-0.22857039384301073,-0.22116034653272257,-0.22355658842413412,-0.20893412986343865,-0.19170120003431276,-0.2711755214204391,-0.24044182670981468,-0.2888645370079459,-0.2598940867801008,-0.2057117301101161,-0.27049466185017507,-0.21554485229496234,-0.24226535265010757,4.179407721217945,-0.2641166533225465,-0.20905006731213277,-0.2795608178778888,-0.19734893674515944,-0.3466765589870305,-0.3953776049999717,-0.22296019485851892,-0.19840217855599107,-0.4341200936327096,-0.3021109401762951,-0.28767167044885633,-0.2738589084253511,-0.33450583983674115,-0.15384202559547452,-0.30841479657950094,0.9253394491879435
species.k.sp2,-0.057552806937470793,0.04912541308877549,2.5697925265921895,0.12631948683700708,-0.021118103590013246,-0.16222197551517542,-0.1792028333699433,-0.17978289751174514,0.02370291014084244,0.19481139709834203,0.023248441812247375,-0.13617462744244357,-0.2906120822679613,-0.1308037628397695,0.028695285087055454,-0.1542306786708895,-0.10969658516180367,1.0369475344459969,0.9112295125310808,-0.022662052934621695,0.4416559846950452,-0.07167618358840822,0.25820339241155343,-0.20405624617766255,-0.15381187033335175,-0.09087550603187952,-0.059734344715621834,-0.11860648916622824,-0.1273896034348256,-0.0957374141889412,0.03992154487358228,-0.12834082542229377,-0.1339170290111054,-0.14974085235535514,2.9431729065587793,-0.026949290400996626,-0.10864017463313143,-0.1214605010975061,-0.08460729147572685,-0.16073252232386953,-0.11292987877609045,-0.15176138933704098,-0.0920059390274422,-0.36643855749839893,-0.1346904299326268,-0.05752392374951098,-0.1647148911873205,2.8025768034204286,0.1059713480850787,-0.16974989574903557,-0.2306244282755424,-0.045603507926377886,0.12833757352211211,0.04352085270141084,-0.16859318469656892,-0.252204249923674,-0.16606352130123733,-0.06794112096865292,-0.15242584154119782,0.07626901066833423,-0.16250788684059278,0.9876410149429483,-0.13335596359199067,0.1642550509149622,0.5054366281388556,0.23420610577337705,0.11717139774891808,0.3476627002063466,-0.030533201041146846,-0.18623374535256823,-0.2518599179528048,-0.21549449382659316,-0.08596188576503089,0.20291409105550737,-0.2124799673889142
species.k.sp3,-0.07815630778788794,-0.028012586376273955,0.06118977245906636,2.758034071999548,0.20262447037322406,-0.0979739742069212,0.8030360705691933,-0.11421706628674792,0.08737712840057509,0.5696010444521796,-0.024892742288598994,-0.08710005277330923,0.11669767305844019,-0.08968989854418552,0.11409437721181755,-0.12042333575873063,-0.02621647108722245,-0.0011863910674318361,0.0292494811561517,1.4727028756608136,-0.12154272664600872,-0.05891326990519624,0.8094065956668031,1.6181453327767774,1.0895065242524706,0.9663418069602578,0.11740402213398883,-0.10745995807868869,0.1944124767144629,-0.08040864088542975,0.5705196094951118,-0.1208901286344244,-0.018212394722323243,0.029153836276226745,-0.06174176695060638,8.024856082809702,-0.10669228554037785,-0.010254581939779286,0.1706137449143776,0.5630165790240234,-0.09219051808957787,-0.16163895805500647,0.054311497591662934,-0.23749519843971847,-0.12373272280500919,-0.07879397010901434,0.10017591144585278,0.03354555486709293,2.5403926409347335,-0.1216058774090481,0.10477332311334811,-0.013948721879934697,0.31532766543315627,-0.02471084559516072,-0.12264926049772418,0.34302428768379645,-0.1519308967002706,-0.06616106751844021,-0.12187017126091843,0.07637037757608306,0.2829657076618102,-0.026434040206673767,2.377048984043238,-0.17218070284500925,0.8416050297908355,-0.02762363657141597,0.170409580718829,0.5989775374312638,-0.15232000227988637,0.22535964864768024,-0.20370871540543645,0.8458882374411245,-0.09214177202722039,0.2056284102669083,0.016378577700127066
species.k.sp4,-0.2088021783585356,0.18537948505888427,0.03362201711515049,-0.19688905831297865,3.401694611978335,-0.1372657705905974,0.1820233453806652,-0.05826357840385844,-0.013894770011976641,-0.1894858322378592,-0.13328527825773256,0.018665392875352838,0.3835628953592558,-0.08332316017711182,0.7806201244198532,-0.1761171842853173,-0.1678918949502339,1.2237781201326046,-0.0797433441285468,-0.137660953913254,3.2593371242634754,-0.08290071791744513,0.33323616881863655,-0.28490878136780207,-0.16520401345104932,-0.15559948356283218,-0.0265913945846273,-0.10606646556899217,0.3294252335725576,-0.13197754261623265,0.8605739585129112,-0.14133207899926228,-0.2100741759500647,-0.13263196045666595,-0.12572152831018313,-0.2016373356174511,-0.10985701165910464,-0.12342308955446131,-0.16531092063279382,0.13500652817249983,0.12196008387223901,0.1954513731290972,0.027991449611016347,-0.17656154920791792,-0.1480378926779966,-0.2013623503518026,-0.0625980266049538,-0.027443915281293543,-0.1937200109136193,-0.1472893478867131,-0.14609374201691563,-0.061371277628976845,-0.12153649605558828,-0.15076872607195946,-0.023433672171389038,-0.24670459055940114,0.039942047479276446,0.24180227781686794,-0.17509761237687324,0.6895057897951606,-0.037480925274546335,1.3299384916715744,0.3191867896186515,2.9221734951109655,1.1279619274402044,-0.11904157593405153,-0.1787666533551973,1.5178912150194472,2.3208457252455332,2.0621615095149073,0.5656050787606997,-0.21079094727870182,1.571708485949012,0.6680079798633434,0.7216887075320244
species.k.sp5,0.23075889116417567,-0.20430119351567788,-0.20936775868429974,-0.20819664338113325,-0.17092639186276554,2.526049222847597,-0.2646536068210545,0.01634544641098965,-0.12615895707866,-0.24587859166545015,-0.25924630553866057,-0.16658295390024852,-0.30844826595590896,-0.12432475753400694,-0.19906191447426572,-0.1803579577576907,-0.09681604961595051,-0.28292958693592274,-0.14012121382981702,-0.11506256042347093,-0.2744729501272051,1.0571415174677932,-0.30569325000431,-0.12298054601556593,-0.15383379911950068,-0.19295589443165828,-0.1958084047621792,-0.13718477510906912,-0.21745639646165998,-0.1548945195075666,-0.149751568706481,-0.14409070982406685,0.12778712771246156,-0.12364387628277046,-0.17057835978231065,-0.10904988965943345,5.898520988800935,-0.12900865456101435,-0.16377887693514517,-0.20892970743981742,-0.2008954739359743,-0.10450705334198286,-0.14688006588328772,-0.35503370687034774,-0.15407232930135947,0.25536546101092167,-0.14174713140411477,-0.22261109572214619,-0.2007955090743388,3.0142380697032416,0.0801396849559715,-0.09261303183194536,-0.22818938208778028,-0.24705325982468726,-0.18728703610255892,-0.07725939294311744,-0.17495492866575296,-0.21640208522717802,-0.18007467192813992,-4.035494270331879e-4,-0.16088187210416383,-0.2460470432783359,-0.18379909392014648,-0.3185677738876154,-0.2542178355268509,-0.22525945177246967,-0.14430412410567467,-0.40819187695104064,-0.21980147481935952,-0.25142021241778373,-0.2999395219855674,-0.2818943339702489,-0.19590056889306703,-0.26714351203542397,-0.20823856401098703
species.k.sp6,-0.22099845961443626,0.31371000680007244,-0.20770195596566607,-0.20303607473156754,-0.282039392336288,-0.1864882813872009,3.9934329615799764,0.14116396811110632,-0.19787959292425245,-0.2846256743914491,-0.26401299391727495,-0.1741331626595454,-0.2960947921476541,-0.17290199361867464,-0.14295724218612693,-0.19095045020873108,-0.1885728810366103,-0.26766416251617264,-0.1412621347844007,-0.15318123107937295,-0.3318016775407407,-0.1000106013134067,2.484406803658052,-0.279060666524016,-0.31366018117505284,-0.20148849242337058,-0.20805640630709807,-0.15141725446590695,-0.2190685506908195,-0.14838209070880914,-0.3778530459511884,-0.1475795683060613,-0.2403042751785278,-0.1386747087082807,-0.14497075753424363,-0.2001619370630036,-0.10902363087985623,-0.15571272755963128,-0.18553265373521963,-0.25767574891019907,-0.23260135476803218,-0.1724256175942234,-0.18276017195350067,-0.1523539334349408,-0.15833202765229992,-0.21451551094365978,0.14533730724206945,-0.21472257136320205,-0.19689070463878408,-0.18604267018535664,0.061250839949196785,-0.20826789563917977,-0.2868222771936817,-0.25807707016950077,-0.19362797823485495,-0.2792917433691591,-0.18237484003982193,-0.1548915080042137,-0.18904033489564176,-0.2785749628758657,-0.13976814905337584,-0.10991326750039575,-0.15593823420746222,-0.275786859023841,-0.24729100424033382,0.18526817509239962,0.028624229884436622,1.3283720253439084,-0.30323501923239005,-0.264732009906956,-0.2383516553335893,-0.19950470193288747,-0.21591513790482567,0.2154520589439428,-0.2394455684028951
species.k.sp7,-0.22910873193414127,-0.2197028520693445,-0.21558245036555157,-0.22728198202885436,-0.29803540597737366,-0.19523786409504013,-0.29011421350562083,0.18087576036764844,-0.2096904178297551,-0.29109960649241645,-0.2635787035458492,-0.1767011374318022,-0.31674074315672335,-0.20083795827912335,-0.3259085261010542,-0.1920559633816408,-0.19315136913235825,-0.2815662166517241,-0.14934018374334887,-0.16882788007454624,-0.33343239069394087,-0.11165976337640335,-0.36701356306088184,-0.01042569105695323,-0.2961093100052262,-0.19901019523392113,-0.20342522819845157,-0.14040846745226535,-0.24225670349628933,-0.17419506788584158,-0.37737393870660624,-0.1474911631094876,-0.24915519929995428,-0.16329269499680127,-0.14504891322799815,-0.20730856961636268,-0.11764592737056939,1.676339946710443,-0.2609019526732462,-0.2688470588144692,-0.23789788645356483,-0.1071201828791239,-0.13978465518812166,-0.3082452828467481,-0.1580073161390209,-0.22197405964048372,-0.22827882370798108,-0.22564675875443005,-0.21494163667048954,-0.19392621290286371,0.0844513674069744,-0.213884314478735,-0.290473598964549,-0.24863350044598415,-0.1928129908766341,-0.28661715877481864,-0.22314392344468115,-0.24410696962560618,-0.19015922404346328,-0.30518725761929344,-0.2341355107630282,-0.28803856553349705,-0.20503069221804315,-0.3485062342011625,-0.4226492015096357,-0.23068565690666393,0.03605221992877892,-0.4392080535873157,-0.32549104532034057,-0.3064333275931591,-0.3005147197072219,-0.40202688181286783,-0.2982470011136612,-0.32582688451415887,-0.28899077303251663
species.k.sp8,-0.14592495906145206,0.07717095191054277,-0.1638639943698386,-0.18333585460575094,-0.29894900102640404,-0.19659602842364357,-0.02187162182851991,-0.04750570272992874,3.2962247471105273,-0.2870948551014547,-0.2757736577776788,-0.17598289645078663,-0.3209640289461905,-0.18327081103848572,-0.16914347793161782,-0.12954654276274818,-0.16492544742508514,-0.19136205629576883,-0.14331019671429546,-0.1544337315589536,-0.3331784463708198,-0.1107852061200933,-0.02536639474783634,-0.22205251059594477,0.05391350227527471,-0.19632759252154727,-0.21850188823967714,-0.14199155362057841,-0.25242304653756603,-0.15890909668607234,-0.298587843278269,-0.12469067877591407,-0.22089043043428336,-0.13938063523402686,-0.13407548693573035,-0.17401715478918042,-0.11388751373508953,-0.08291508295422166,1.1813588761461358,-0.23682243407098053,-0.21281518239999733,-0.18696592907135046,-0.17449403686918627,0.15233465863498039,-0.13571251396687511,-0.13887874491810895,-0.07823327238955988,-0.1608093666659486,-0.16494117705988337,-0.19631897283673405,-0.09012118697233487,3.1169922368476577,-0.2788516531896834,-0.25831050880445106,-0.19122120232448958,-0.2814867796590158,-0.2179566589577265,-0.19118146220900106,-0.12746913953578187,-0.28059989205426616,-0.20086207912738954,-0.2940225469644364,-0.1970544414352734,-0.34170699537921767,-0.37173381349421813,-0.2168296923771883,-0.1325926157975191,-0.008380420286311318,-0.3203277907430991,-0.29494186711581993,-0.31416400544095463,-0.3837898044546969,-0.22636374697105036,-0.19670180716382338,-0.22237652140304145
species.k.sp9,-0.2075170130770899,-0.06267070217858495,-0.03145615034382118,0.06030083162896961,0.19438657895987022,-0.1652588252040855,-0.25077239198462725,-0.1961968873837003,-0.14050805893181803,3.4138878315817176,0.7104899290462852,-0.10773248261405984,0.09632492576634864,0.3069057275461383,-0.04060132046146677,-0.18744171360188686,-0.11104431105536988,-0.1449738099990597,-0.06984723763797333,0.038584348322827554,0.05385844633415268,-0.07573410798546576,-0.3228373532409379,-0.2172580250563606,-0.24783168859673896,0.4856460581959351,0.2687594494096564,-0.10808145728931692,0.013963250641676063,0.05315323135208897,-0.11844573719739522,-0.14444801023017637,-0.15004560189157715,-0.1373608775790586,-0.13048302216892302,-0.03439195653393929,-0.1074819259135815,-0.14612865951412057,-0.1840203460374349,1.2597058570322166,-0.043612146317849,-0.20097392463184235,-0.08098727355895367,-0.2937647191079206,-0.1549138874557516,-0.20154894225562187,-0.16868092619908776,-0.06277522024729697,0.0630930214763569,-0.17141494274698937,-0.24860703134709058,-0.16206952438327196,3.5837094538885554,0.798783562720226,-0.12543349646084154,-0.0778346537444104,0.22105586162677573,-0.14919935504685067,-0.18593935617646157,0.13248398683402138,-0.21282676724116284,-0.005369733336588,-0.17860815855829154,-0.10507613981899071,0.0630058588709371,-0.19996983299154397,-0.19279589196869928,-0.3104220868947907,0.32733082114050854,-0.08863976495466921,0.0897568242007316,-0.08618753694308955,-0.041213695811216124,-0.20192872831897224,0.09033902230205759
species.l0.sp0,0.9713048815055856,-0.22461797566433928,-0.18746961667653325,-0.17451943929641403,-0.11129207776842431,-0.1782100834725042,-0.2315747415110044,-0.23395344805091303,-0.1877001718734215,-0.27071371934966915,-0.24263975768525234,-0.15596392628890246,-0.28664486576211395,-0.11852785638034899,-0.01504646207340391,-0.18568505978771135,1.328775075019051,-0.31088030599751587,-0.13859698855584351,-0.14016346077173045,-0.20558977098951045,-0.09262260126931757,-0.2715591618871572,-0.2134171346555975,-0.2234414050738091,-0.19960683191824447,-0.18347128474088936,-0.13445675717799144,-0.20333889196146215,-0.22276190888643108,0.3160173323776257,-0.13833078863208617,1.637538983512675,-0.15342340344732774,-0.1484092579882955,-0.2005312184882457,-0.10826249792541595,-0.16407991513762793,-0.24752532466832808,-0.23061628345311774,-0.23057167932675643,-0.13745487189433753,-0.16188657110395102,-0.4289980079776536,-0.14777543765092518,1.0072324863721647,-0.22044535744728924,-0.20531836841852596,-0.18228406756636958,-0.17965427810489973,-0.27077485297686804,-0.20723300984012502,-0.2758945472797707,-0.24037752465654394,-0.17571818646876064,-0.27189212195187484,-0.16829647472574896,-0.14641362732219043,-0.18579983906660658,0.5487700015874457,-0.21918460431765865,-0.18288887972441345,-0.19284431723835257,-0.18758960607705938,-0.20835334804431635,-0.21211835279926114,-0.2126338573999523,-0.3994875493170766,-0.1287233498540253,-0.24482610028332638,-0.26600221354965514,-0.33862415672652385,-0.3636310415324657,-0.10255288315469707,-0.1828915379878383
species.l0.sp1,-0.22104302823263747,0.6165217228519005,-0.2103915641288534,-0.21186933464868474,-0.2783797325997112,-0.19223847312865808,0.23548817753920798,0.23615387607154825,-0.1827414300645143,-0.2920417021160185,-0.24932807076734959,-0.17813801782606004,-0.3285713359174031,-0.17796073010004035,-0.3264459520128933,-0.19121476428088044,-0.1915065207166738,0.1253034054778924,-0.14348821625458863,-0.1617669567807681,-0.3149949415472485,-0.11754865632350833,-0.1558251003178312,-0.2749198824454242,-0.25957525839933526,-0.18550554815722242,-0.19185992766255866,-0.14032557685147673,-0.24050165524947356,-0.2084074866906477,-0.3559625890479014,-0.14747823911805574,-0.24081844937444588,0.7274000828208234,-0.18824802468842275,-0.19553521065837245,-0.11795894588838833,-0.17017179437871835,-0.16882143343651262,-0.2305213997428532,-0.1998868670310077,-0.16207111245226732,-0.17245913824614892,-0.08280592444828769,-0.15765707260170767,-0.21464326398497224,0.03754581193793071,-0.21837817632203702,-0.2044713194720235,-0.1910449935199099,0.13992289551894196,-0.19556617900275314,-0.2953687616787878,-0.23224734493961424,-0.1934781595866851,-0.27416076056048044,-0.17757773065616206,-0.24947440558214876,-0.1891489374403416,-0.29717609093855185,1.1404500292074824,-0.23394703807111503,-0.18205727121551385,-0.2807124359741123,-0.3588511783393655,0.10554219666180319,-0.028751080415522094,0.07266465388309319,-0.3031289148648986,-0.2905482099563818,-0.29341815377172364,-0.3690415800210476,-0.26174561484543313,-0.264434110817878,-0.26349646644776575
species.l0.sp10,-0.18495615458210596,-0.21026644931156094,0.10204742236970296,0.21099966522259572,-0.2212351191002252,-0.1590000938713071,-0.15304519756580337,-0.2146997953609526,-0.20936705542809772,0.37061276966665174,4.092819372126539,-0.11969102177418671,0.17261469913574365,-0.18362965521905794,-0.18259256097179044,-0.1834726590216955,-0.16884936342316523,-0.24108018356650115,0.0861771942864292,0.3407487046928186,-0.27003745375583355,0.045547172964381384,-0.24408305533653263,-0.15412337335376758,-0.2103651635683179,0.07300164332508109,2.63589845114798,-0.11452534731780134,-0.021428012014211226,-0.25003281457832915,-0.1916736127885738,-0.14394946650335264,-0.22442764547657795,-0.14398946774897012,0.10780204054406926,0.05612397623514388,-0.10506484756876214,-0.15261076329910508,-0.21660608399318837,-0.11812992488205405,5.951724301208457,-0.2048385968824849,-0.06297976557115986,-0.6489292100553067,-0.15422273483613635,-0.18255123431287312,-0.22056479979676877,0.04068235990762866,0.1525077688987632,-0.16773356100793183,-0.25490700048655984,-0.2287227280231534,0.24349108324570687,3.9039667151664896,-0.12847918154445295,0.10722119954228473,-0.1936224988913417,-0.20354810050992386,-0.18261153164426577,-0.21596657300851935,-0.18335182920437354,-0.16946289218117286,-9.259723556739652e-5,-0.30222583952823395,-0.1277942954834404,-0.18307715050224294,-0.17896790369238852,-0.39986269107916356,-0.22663736332570977,2.4653237415463853,-0.1742702450116126,0.3406797215013823,-0.3862859527804293,-0.24450518408397448,-0.23748853789677635
species.l0.sp11,-0.2334574267300721,-0.2332139688282383,-0.18727177092165584,-0.19295397596639766,-0.28230539457712067,-0.1928152146945462,-0.2982943336897931,-0.23275176343606863,-0.21308340627738162,-0.22467939840963413,-0.21344705968463207,3.4220305289831736,-0.12563555880971647,-0.19298146365478883,-0.3111482012428481,-0.1922223745581687,-0.19091184034545444,-0.3262372468003804,-0.13568781724504567,-0.13374620858843267,-0.356180935992708,-0.08914131784159912,-0.3746695764141081,-0.2776612446292968,-0.25912661694905387,-0.20278810927041305,-0.17951270730178984,2.0999607483193583,-0.26099080738783426,-0.0707996048650082,-0.39331423875539634,-0.1477045619778145,-0.24686686520125178,-0.1603965274151565,-0.13374727263183567,-0.1898387279879812,-0.11327671606555789,-0.16150040685156367,-0.24904432852960887,-0.2508362569746706,-0.22646019442797666,1.46124984230064,-0.14004722603400788,-0.46747506995535787,-0.15835336474853756,-0.22756929893876907,-0.23012446164672634,-0.19735295004591286,-0.18940418317908925,-0.19076639402046133,-0.2718264483608031,-0.22231648780012664,-0.2217367290325018,-0.1935077263907708,3.9001499697182456,-0.09928957554552953,-0.21294655361898865,-0.24256791206661682,-0.19038207409635838,-0.30626055651693795,-0.2267826538177577,-0.28470363919840164,-0.18511828771055674,-0.29242880766853807,-0.3731459450207735,-0.23163145595697918,-0.22067828933202624,-0.4496566783300163,-0.30046441154893005,-0.24171696932438513,0.1415302760790584,-0.34302799791158023,-0.164529178949719,-0.32858109181953443,-0.28117253340151405
species.l0.sp12,-0.22976087768472866,-0.23393129211730354,-0.209541607132326,-0.22075254523740093,-0.3002271276383589,-0.20208683335222735,-0.30224013337147493,-0.23952503342503564,-0.22689956819631266,-0.29407174093040966,-0.24074773423059273,-0.1674336210034137,0.32371319585241987,-0.1655827421965585,-0.31808418547974626,-0.1917481176012609,-0.19126487655971477,-0.28617207663404015,-0.14029158667676858,-0.16243198048711033,-0.3484100391110678,-0.12194165182857793,-0.33568424392397334,-0.27239272480318155,-0.2976315228005996,-0.18447103935475037,-0.19495345045188223,-0.13288843176039195,0.3101467436030335,-0.06853454864679662,-0.41066463085945065,-0.14748650847059347,-0.24843356212865048,-0.16563954006526632,-0.16567473979283884,-0.2087671446855356,-0.12189455925222888,-0.17750073184165513,-0.24201110515120497,-0.20501817808210124,-0.21871728967478643,-0.20939944502833716,-0.012590609854372823,0.7731500396579848,-0.15767615234990487,-0.22401509035907236,-0.23341544572671305,-0.2201088753903851,-0.2162306365919054,-0.20014929896890743,-0.272703264636238,-0.2409668526701915,-0.29035293200167406,-0.2286352406411905,-0.17814864484476892,-0.16103554469837222,-0.17575883138174478,-0.2403877067237088,-0.1896714430031862,-0.2882063328008827,-0.22525765385675378,-0.285937650545742,-0.20708233566043785,-0.32949783633246604,-0.400016289169428,-0.23102895657162978,-0.21582303265110736,-0.4376550071027208,-0.28355664522640484,-0.2645609153158898,-0.29096451815810265,-0.2863597866452591,-0.19155026054535845,-0.3240393008088663,-0.28150289784579596
species.l0.sp13,-0.23124379331771885,-0.23511396608393886,-0.2087780260806062,-0.2099595813903151,-0.2867635149210531,-0.1932492207994612,-0.3067628326086256,-0.23398807419243767,-0.23260713698154598,-0.28078981743822906,-0.28803485463779327,-0.1923878506546588,-0.3343888307825149,-0.1852154048542951,-0.330936263276512,-0.19291282177964914,-0.19451823546636873,-0.3213947941355859,-0.14685807607688672,-0.1604072089155268,-0.3189413253840507,-0.09807156283270005,-0.3803844564912358,-0.2961521816121416,-0.2609090594626668,-0.20014829641981627,-0.20857588264320004,-0.139439727163958,-0.24906909712458888,-0.15607176922639857,-0.39683180279342734,-0.14803609911801807,-0.24678127099280397,-0.15778075272936046,-0.177669792490174,-0.2236409675756964,-0.110800531218238,-0.1662496441511981,-0.25675572466609886,-0.2497609032435623,-0.255694280718367,-0.10844761394650777,-0.22130873621592076,0.4067277872058205,-0.1587752665310977,-0.22368213697932865,-0.242074164797921,-0.22072139823979717,-0.21361855972143942,-0.19150969499972773,-0.27761830057856934,-0.24267130806391612,-0.2874945527957618,-0.2750073585033598,-0.20987724747523842,-0.2807457656226316,-0.20789056690617647,-0.25037301716262694,-0.1910073141884105,-0.3044255392753632,-0.22770077640963296,-0.28468993850010305,-0.20714114215186238,-0.3600841355225551,-0.4129661543510387,-0.23753456597234046,-0.2196531413015278,-0.4608916018401501,-0.3069454605245549,-0.2877318239372721,-0.2867768260700003,-0.3995861582037367,-0.2508489057852728,-0.34912664930478204,-0.28092328563898317
species.l0.sp14,-0.23278939382613645,-0.23528537034542912,-0.20702102949677592,-0.2268353304233494,-0.2993759320297328,-0.1933815855455718,-0.30574727085131753,-0.2317207014218377,-0.2252544148634076,-0.2927077220820326,-0.2707212608763555,-0.17354158302418873,-0.3340302361491439,-0.19545513888648267,-0.3337777658686391,-0.19266729897474344,-0.18338969172502373,-0.301037357047315,-0.1438763582324439,-0.15348961646738085,-0.3407665039030441,-0.10936212639645468,-0.3621749021336893,-0.28948762039492737,-0.2781732719391188,-0.20342135119660695,-0.196043676763262,-0.1397204667363586,-0.2431140593906529,-0.11055211077592322,-0.4069581489425761,-0.14798554428229183,-0.23020936883960488,-0.16580765926500096,-0.17590293026493323,-0.2107823402087027,-0.11502174352491709,-0.18362218153689117,-0.25130424618236885,-0.24964139016376052,-0.21220521821337152,-0.18035368700235285,-0.19952911361482065,-0.3415573364666081,-0.15848148981355317,-0.22653152901379103,-0.2366640103876553,-0.21639685240023185,-0.22227069508818986,-0.19191245124048242,-0.27582952852828513,-0.23652642078986938,-0.2998769799204001,-0.25646075500746196,-0.18943668055234425,-0.28582777324678554,-0.24035210530777446,-0.25124915575150636,-0.19065935009258497,-0.2971542762157235,-0.23244823418716656,-0.2945219511264489,-0.20676291308731465,-0.38436881028455017,-0.4360693809696922,-0.23294682125454938,-0.22762462511914966,-0.4450237616807924,-0.3329249606976345,-0.2878835847312225,-0.286518883310809,-0.3815379407222652,-0.22210485592761267,-0.32378345391834223,-0.28967707498013007
species.l0.sp15,-0.22892928695080628,-0.23062741165335673,-0.2042823795451957,-0.22275391286238652,-0.2836644721846553,-0.19181987789111724,-0.3140121505809174,-0.23449871200695735,-0.22599591626254606,-0.27366258698695856,-0.264162612678741,-0.1757236341186955,-0.31417295966674563,-0.19755590756384717,-0.31840219815183746,0.8413535615306278,-0.18248681770220201,-0.3069425077249649,-0.14185607816276424,-0.16008871063939936,-0.3092354153265219,-0.1167419662870488,-0.37108917508996764,-0.26617038875131127,-0.29736949130784013,-0.17623165236356333,-0.204694565936552,-0.1418852856121566,-0.23820528728667945,-0.12602667228134748,-0.3696966338241351,1.0454164574743445,-0.22343874490705024,-0.15712299570362664,-0.15635868545281056,-0.2059079863638004,-0.11317693814062982,-0.1657452199516267,-0.2892572366926336,-0.25002909589765426,-0.22925326581803163,-0.13699997532199762,-0.1837208152418001,0.7643056549790546,0.3341209836055571,-0.22230602780811548,-0.2352912932148231,-0.21449020564916266,-0.21564477676123797,-0.19227714885916863,-0.27476518315872905,-0.23526110213663673,-0.27460953720706444,-0.24988006272867097,-0.19836293580360997,-0.28348271696026955,-0.22274712148243625,-0.2499297922066199,0.7712551333791591,-0.2948508997069747,-0.22183998692548898,-0.27647213468991655,-0.20975004061716768,-0.3547751561712843,-0.4226252264920726,-0.2321008284366589,-0.21873535059636914,-0.47033934790884724,-0.31223272150758813,-0.2916927225129062,-0.29535976064484343,-0.38365440407700335,-0.18201901890350564,-0.32830826413595,-0.07551040494832377
species.l0.sp2,-0.10003739252795509,0.10067267510116233,2.322169806239338,0.12472911370878903,-0.05713067224588438,-0.15355702836530352,-0.2285742504232513,-0.11682298891647622,-0.041762530685617943,0.18664784353551114,0.046773728390300195,-0.12975808490468768,-0.2738757106711356,-0.11477156909111227,-0.020408902850811147,-0.1661197604602097,-0.09847907771750039,1.099050057949484,0.6860994612715161,-0.0397579904916402,0.5035984883888219,-0.0602397170787455,0.15581245534001492,-0.18160859289240325,-0.1962015060249802,-0.11159734856936562,-0.02833961897289077,-0.12302843326933391,-0.15351406399892237,-0.13063311598305816,0.03625101464675393,-0.13051421346747877,-0.1301215603408921,-0.1497844731769595,0.6590454163829739,-0.05682475104528301,-0.1096836440888556,-0.11499278726787363,-0.09212347012975511,-0.19850616973667926,-0.08887595916308469,-0.0801809952411489,-0.14199616816239322,0.012999950750864292,-0.13838883762056156,-0.09783943326369356,-0.11285073719819669,2.182546906789384,0.09602372135301883,-0.16092020225071826,-0.168160762529376,-0.10077511041131794,0.11355496217808503,0.0526522785825441,-0.15398135999155854,-0.1957374158819027,-0.14653360261398735,-0.08854782160070944,-0.16417148106280707,-0.004279984392312316,-0.18341796846528563,1.3072665485687704,-0.12141549913400139,0.19891628435896297,0.627078729843392,0.26863356583313747,0.06591840491739871,0.28423576215929774,-0.11348369424065131,-0.19786863899287793,-0.21799136230772098,-0.07649536491235744,-0.2362872024613308,0.1431264013306164,-0.2352633454553187
species.l0.sp3,-0.20212064367871566,-0.1802919686678241,-0.15986611211560373,0.6672483450242245,-0.1863745255119807,-0.17517631150078955,-0.051003252480258415,-0.2104767709438646,-0.1685481424508094,-0.05950615985468843,-0.24132690605745327,-0.17571229058840018,-0.25924243576191397,-0.12936245804438393,-0.20372669181684513,-0.17471334043128653,-0.14979367681671532,-0.2783896185003879,-0.10946405445386939,0.5097790052147299,-0.29995098191280833,-0.10571801945045359,-0.08541197972430264,0.15053291731773288,-0.05948612472382576,0.10478747902646694,-0.14815272116412406,-0.13334420348448303,-0.16077030868772504,-0.1501329756025944,-0.15444491835237031,-0.13940390117794135,-0.1991200344248186,-0.13911474923623396,-0.16253801557415387,2.50871155311795,-0.11087150435220675,-0.1325908599062627,-0.19212293513802228,-0.07828082482452688,-0.20921458588035524,-0.07027500712621398,-0.14794165187745847,0.18623602570952594,-0.14774266903608796,-0.19698795334137212,-0.16925207649320467,-0.17532549563685493,0.5155737456700333,-0.1787275549426046,-0.19739041022347037,-0.19941432398257602,-0.12212475661825643,-0.22439433091864797,-0.1970570754468316,-0.14379291789253681,-0.14815651886531064,-0.18847619190075005,-0.17437684010033586,-0.21388830474014442,-0.11844832943260031,-0.2322907666509189,0.7834764760994994,-0.3269193628261348,-0.07180057087715819,-0.17822768972330294,-0.11565931781948988,-0.14520358446160847,-0.27401185945710865,-0.13904602947361172,-0.271713078649841,-0.10364412440567161,-0.19011432142653045,-0.18679443451660474,-0.20878137725867957
species.l0.sp4,-0.21604344422062846,0.1283951676134677,-0.0916691197230328,-0.1770262734721005,1.4677182569980638,-0.17148150825796543,0.041216422481341386,-0.11707437709354347,-0.17748356545651278,-0.1507678553674804,-0.18596964340162056,-0.07657774880264685,0.28795901887783376,-0.08332938076917373,0.15386073669266281,-0.1762026504460322,-0.1822195782586948,0.5269217682465128,-0.11764694457379155,-0.13097810035647783,2.429603953972873,-0.09475637725469577,0.002409168782998012,-0.26510812859457533,-0.21747652932591982,-0.1578634043029131,-0.05672772225749287,-0.1242553862804714,0.10736462396023007,-0.18904321197128032,-0.079589321589857,-0.14548402068564042,-0.2404585851341647,-0.1366993507290849,-0.14006123251038138,-0.18718382300380354,-0.1132098978924859,-0.13870805598410074,-0.1966219436153447,0.2779765474247693,0.13111736205088353,-0.01635650600642287,-0.12476279233444428,-0.2778699320372889,-0.154288060363092,-0.20996640191885405,-0.09964169566332527,-0.1311552874688199,-0.15874430493141778,-0.1754069420733456,-0.192399015498751,-0.18566745059778064,-0.05700012081956341,-0.16351571889997402,-0.10568973172813255,-0.25216142262521524,0.044127330571562005,-0.03716252099106135,-0.17420001175359004,0.7245725451676651,-0.02636615981868443,1.19514924406531,0.20228814742905327,1.728087766060819,1.221800956525779,-0.07049339024223254,-0.16714258483577085,0.7739117344095285,2.2695515020951227,1.9194654914361537,0.19421572360419934,-0.223845194050138,1.2430397774058952,0.13736538988071276,0.5549729091548461
species.l0.sp5,-0.22781419607461265,-0.22890758896127988,-0.21829448435063004,-0.2244209223973168,-0.2896435862249575,-0.10298195672775684,-0.31798873842888387,-0.2315574324128285,-0.2233231261088085,-0.2888399217736038,-0.28473179157663503,-0.18222105194499574,-0.31996299862886285,-0.16973550627424028,-0.3085051962526765,-0.19310309969443124,-0.18843942439888994,-0.330166986315668,-0.14808015223000814,-0.16675607034528142,-0.33781419030251725,0.1402131731737114,-0.3550592717308023,-0.28998285053895645,-0.30347759505845895,-0.20147150610511327,-0.19208275356988333,-0.14027637186961106,-0.24157687064059483,-0.18902432771823863,-0.38644248246881685,-0.14799647807214217,-0.23995353943471398,-0.1667762976094141,-0.17697876320568182,-0.19285342146991452,0.07306550138090694,-0.17101502836176383,-0.2510623772699294,-0.27729087661551205,-0.22414875433727466,-0.17091696696721873,-0.12125642373717772,0.0432700520457033,-0.15782970989639916,-0.22100429495956983,-0.22469444482277054,-0.2299401259574189,-0.2210985753669675,-0.09605571151515202,-0.2749640494040444,-0.23305385580454885,-0.28635687894600653,-0.2663460540121446,-0.2000318574907564,-0.2904782672746851,-0.16948987576856828,-0.23846416334423232,-0.19101941985027296,-0.29705997648629795,-0.22548153673204455,-0.2917067756469629,-0.21196996529078363,-0.37571159992606035,-0.4118981809670273,-0.2370988577949507,-0.21711828316739987,-0.4618489691750446,-0.3270305883111972,-0.3048348233136797,-0.3277437622773794,-0.4000420070754344,-0.3786086025968737,-0.3282048907700156,-0.28612333629066755
species.l0.sp6,-0.22859720688860666,-0.023523036654253014,-0.21251800813556976,-0.21261530784781787,-0.2914799584898925,-0.19324893089047768,1.908139243220647,-0.1282155903628413,-0.231877331246573,-0.2897856727773643,-0.2593189632349469,-0.1795715813053711,-0.3304959306031275,-0.19031344951710208,-0.26663424863450325,-0.19153045916790423,-0.1903252804388457,-0.31615633063009047,-0.14341181790495175,-0.14981318356142465,-0.3454896980493269,-0.10108615044869065,1.2478126569939827,-0.26962913626811535,-0.31060350025444916,-0.19551458828637214,-0.2170673102487034,-0.1381167881715477,-0.24937125247852315,-0.0857896800904204,-0.3905204215038584,-0.14756504588335867,-0.24042775934261673,-0.15363359682237226,-0.13651028138469964,-0.1810435252523194,-0.11038418325069657,-0.17374486662688304,-0.2549873542203993,-0.256569422841416,-0.2298331522505938,-0.24799573381847848,-0.1543988506210492,0.12150982468553591,-0.15754423670556517,-0.22232152997204815,-0.12149543407031572,-0.21716147563953123,-0.20245556564959485,-0.19232801811614353,-0.202222635360451,-0.24174220982221808,-0.2869922194373638,-0.24134165372568647,-0.20183342181449682,-0.2857061852371589,-0.21227191916373686,-0.2089913200421752,-0.18958958598151118,-0.28003272055854705,-0.12664384355371608,-0.21323087309988822,-0.1730922887368832,-0.33569736338901834,-0.3206856492583286,-0.0026919126540565536,-0.05731605160894525,0.45309507082448663,-0.3034816891192037,-0.2703014610564209,-0.29111886127911524,-0.3273717176617826,-0.09968433228489249,-0.031218841514622033,-0.25508857480240865
species.l0.sp7,-0.2316456553456557,-0.22492916439551525,-0.21719743032530886,-0.2161672870583011,-0.2964181943287535,-0.18581309775310295,-0.2932243264350657,1.0511441749185402,-0.22361429599028845,-0.29446283604479245,-0.28362263259149195,-0.15811967488108106,-0.3224716607441968,-0.189943485575804,-0.31535478604054934,-0.19325814325074148,-0.1805703178092831,-0.28665337172552813,-0.1449122192274876,-0.16144471776588362,-0.34422765530400923,-0.1158141655861254,-0.3558806793965534,2.9325791371453676,-0.29449218494489654,-0.1847640624828037,-0.22034633237731294,-0.14249256610650166,-0.22586796360710493,-0.2509559379180848,-0.3992560235065874,-0.14758981859339904,-0.2246888125546777,-0.15199798268029088,-0.1526647781395682,-0.19497731946014124,-0.11481667376070681,2.376703391746794,-0.2321418297533537,-0.24247640789177566,-0.25652569686692883,-0.1056568654535641,-0.13487798728481212,-0.19462049651911598,-0.15816367885136354,-0.22435454355939385,-0.22151381371386736,-0.2300952943691081,-0.20658811232822313,-0.18641914010978508,1.6172124745335625,-0.2317589496004009,-0.2853005562439452,-0.2698824882961189,-0.1849750097376932,-0.28149086369292253,-0.20775099600343785,-0.2468466022696032,-0.19098844048732405,-0.29060255589927236,-0.1982804467340507,-0.29269007566300814,-0.20322406013465408,-0.36195972021125516,-0.40678220812801696,-0.19708621463377468,0.6369082879026037,-0.41511854219967487,-0.31485936071908194,-0.3069129418821051,-0.3141106827309436,-0.38195172969306557,-0.34549623152425063,-0.33515258490795635,-0.28822159924814994
species.l0.sp8,-0.22232991432459914,-0.1143884124377153,-0.19178059957392316,-0.2189927699526363,-0.2957560211035545,-0.16309248877711535,-0.26079137614681747,-0.07886510729824148,1.086694902450998,-0.2977182493817483,-0.2814744164326241,-0.17991020273788527,-0.3081604388746443,-0.17701393176555913,-0.29288250468966387,-0.18755815621072924,-0.18508204996322497,-0.2544979647575271,-0.1420432079625185,-0.15995123238707315,-0.33901829604948464,-0.11571774276960815,-0.23380526688027325,-0.2625161124547343,2.185493160412626,-0.197719012451327,-0.20547146679017614,-0.14041383656410528,-0.24021127843493845,-0.11164730718408607,-0.31589447001075877,-0.14623036639907627,-0.2412968908559815,-0.14375477700106723,-0.17095878608469392,-0.19914788592526522,-0.1094750267298743,-0.16011513616586065,2.85743527778759,-0.2638296360547842,-0.22600502517656776,-0.22220816069838736,-0.1272907533082031,-0.32303629182947835,-0.15725916839312856,-0.21592283345651442,-0.12663433180451697,-0.20114314892908144,-0.2131428169838882,-0.16910559837954123,-0.08928002585445931,1.0115376487373735,-0.3058202839524766,-0.2626251683042434,-0.20227412203360975,-0.2756922177464894,-0.20442456890334873,-0.23881018062015538,-0.1863541905734742,-0.3058012641486588,-0.20159713108087268,-0.30185711670916215,-0.19904517023762078,-0.3736193027144872,-0.2957446852848135,-0.22055586950486783,-0.2068540950893283,-0.15072714543859322,-0.3101061336093658,-0.29362924687903136,-0.3205919862566831,-0.37942545625095103,-0.25689241243032224,-0.31926028130656653,-0.26454129320060715
species.l0.sp9,-0.20007074730700766,-0.16961245994227678,0.028020045382498346,0.15997243914586698,-0.10666668701400084,-0.12099382963638697,-0.24439747287878352,-0.21626653024471357,-0.19244803479757616,2.137281594968305,0.4503388582796163,-0.11794565097668618,0.13128761770399433,0.03448498218716239,-0.1727325784872895,-0.18824731608214387,-0.15825211811379586,-0.25246307892979913,-0.05061547833291427,0.12478640286789183,0.06387965743867925,-0.024856361717488357,-0.30745159740213024,-0.17420695822949833,-0.2970943565663641,1.3190669947677554,-0.01703385905326208,-0.10999631777708392,-0.034400945851751887,-0.05138861511454709,-0.2017069682510846,-0.14471158035252488,-0.19725702400821174,-0.15626031708040908,-0.07664674548217004,-0.02534403689326073,-0.11410041210171816,-0.16440521287700094,-0.20967754703529956,3.715841354578845,-0.14388783493366905,-0.10106935761290625,-0.11268359915622865,-0.06792655320520959,-0.15519753972048694,-0.1948489378242075,-0.22600851953099704,-0.024395326529826192,0.13131761977619297,-0.1381027550517259,-0.2574485267844606,-0.20962084866962055,1.3920531528506654,0.44841191708382194,-0.1468761429867977,0.17396425586225933,0.006887009411004011,-0.21389086257769277,-0.18643279245213382,-0.12262241576251189,-0.20241726124781584,-0.0929853202933848,-0.11301535080582174,-0.08524104374266145,-0.021153207710249058,-0.1974992334006731,-0.19907527280025952,-0.4087024443961424,1.6895444005964995,-0.16370696198335763,-0.02475018005730788,0.37701233113234917,-0.17001417300602142,-0.2664278461590126,-0.15257959579562708
species.length2weight.condition.factor.sp0,1.5696219923059525,-0.2236501595990527,-0.17503303954343866,-0.17913197604604458,-0.004952347779625829,-0.1808659356600978,-0.1673693717332099,-0.23828589245497833,-0.15744536058414518,-0.26842858619846216,-0.2420572567729099,-0.16186852723234968,-0.2484528599640198,-0.08126775653707122,0.17147431048251469,-0.16818467128889292,1.6804555975676805,-0.2619479274019196,-0.13852962890149226,-0.12002243253837566,-0.16239764293288453,-0.09378427289959504,-0.23876230758382166,-0.18078342686914653,-0.12617364997922872,-0.18741320529040914,-0.16766953946650057,-0.12201026011646979,-0.18266921465944713,-0.13333522820962568,0.7819894345227524,-0.12865262975943317,2.2918336116653535,-0.15241895675013853,-0.10024218284024047,-0.19099411334753183,-0.113064256641658,-0.16315514074405393,-0.1867276765932861,-0.1658095192236304,-0.22751268601366426,-0.17138149579734008,-0.08638594970487061,-0.18712027822741994,-0.1376379923187126,1.6164483938107648,-0.21961000146955612,-0.19096681701510643,-0.18235921811791583,-0.18212981137943954,-0.27426165855835033,-0.19341774883553778,-0.27438667392677885,-0.23876966677847616,-0.1910972778629679,-0.24285486625734037,-0.16404809828218006,-0.05690975183572511,-0.1732946317840439,0.9906064378500312,-0.2186504161362577,-0.08647240569550187,-0.1700676247971075,-0.026343778383413063,-0.06946307909436837,-0.1929215834621993,-0.21519262611271303,-0.41865752351424346,0.04709754585816564,-0.18757231774922137,-0.20550793513182455,-0.27229110888707847,-0.2764038043412774,0.05586920959556273,-0.123906650118802
species.length2weight.condition.factor.sp1,-0.22801173280740822,-0.19785727112606424,-0.2141637357720323,-0.22137758193840248,-0.2819616376767522,-0.19619981265995087,-0.29795200788131243,-0.2184416948555607,-0.22525460403031156,-0.29500708669791764,-0.25304174783795513,-0.17727112133377929,-0.3047431686428624,-0.16210854793419407,-0.3150545463109537,-0.19235435062270337,-0.18817396597791033,2.549870515984245,-0.14701795623188224,-0.16483405811870377,-0.33908016691907183,-0.11895320713341989,-0.36255330233532024,-0.29328701545872254,-0.27989824900875665,-0.20190402403344643,-0.19597700612362884,-0.1373410630366953,-0.22578869284901865,-0.11883336026217632,-0.38592590463376264,-0.14796347866661386,-0.24296482875548225,-0.1470912588772275,-0.1420420744801437,-0.213808190970718,-0.11340789278832177,-0.16514092420823714,-0.2600388715444564,-0.260369796025336,-0.24999974972470548,-0.13428768954703404,-0.2733203196948708,-0.25786568898240586,-0.15884558075913563,-0.22234268318614184,-0.19770392498140524,-0.21580979886375645,-0.21264211019971174,-0.19437443546858546,-0.26459714089095043,-0.23261884387102175,-0.3007471961973939,-0.24088808449461097,-0.18812585690227052,-0.2956077887226092,-0.16829677429420173,-0.24660057319796072,-0.19030095764548768,-0.30456334785954475,-0.019406345380748136,-0.21064750986670283,-0.19553551423556517,-0.29692667027862507,-0.39631363592912533,-0.16662045557855587,-0.20388903119920845,0.004432476673033246,-0.33239658107922365,-0.29431761522251637,-0.32639344350966537,-0.38280569952461946,-0.24512438884962573,-0.2904436313178636,-0.2845357774751992
species.length2weight.condition.factor.sp10,-0.2259140340706428,-0.2376366193335605,-0.18118996664650477,-0.17696934267733788,-0.2885978224951097,-0.19603363639014737,-0.30840507314633075,-0.24163503041425297,-0.2227106864988904,-0.23719398707967906,0.5201409584625831,-0.1586792872142024,-0.28206602994700825,-0.18441307572171448,-0.3069463756350833,-0.1921992938576433,-0.18852454622082299,-0.28824586740874836,-0.13034967103788905,-0.11245388936291993,-0.3280253907022429,-0.0938383416351376,-0.3551082657061332,-0.27345731439682475,-0.3106149390722466,-0.19007322430064458,1.3542318462160574,-0.14124475541986256,-0.20381027289919706,-0.145520769071546,-0.3539974801422669,-0.1470358185284457,-0.23824088542082558,-0.1523685822106125,-0.1480987106621384,-0.1727337531373387,-0.10640209920569953,-0.16457289766671057,-0.25442904184395443,-0.2641365653021476,0.9665518729922827,-0.19970979272413633,-0.07911649329588619,-0.1555447928893724,-0.15769854526632054,-0.21965038131298434,-0.23485851920353407,-0.1983482676302079,-0.17960344884403562,-0.1944843188112646,-0.2768981999061339,-0.2317153391115584,-0.252239103145104,0.2847936542482062,-0.18601985643699404,-0.2384563701046992,-0.19812730559017616,-0.24706155614169795,-0.18997050321615144,-0.2928877944891962,-0.22636631299359236,-0.28768277003925913,-0.17716205116516176,-0.35572585581221544,-0.402015048115647,-0.22896669157588007,-0.21300042773650874,-0.46700125951664395,-0.32201585540211536,0.5068835309675417,-0.3136905158994759,-0.27068389924929204,-0.24425108314027366,-0.32188998139346786,-0.28049414280854934
species.length2weight.condition.factor.sp11,-0.2288766330028435,-0.23503636124434138,-0.2069711695785533,-0.22419281921494258,-0.2957750108445794,-0.1921917317421529,-0.3100300071648691,-0.2226932813425527,-0.2417396919992604,-0.28293750224849146,-0.259214935793596,0.9447088903894789,-0.2750122911729357,-0.1946334354500874,-0.32289994973281977,-0.19272862269693364,-0.1852413757878027,-0.3077802923854616,-0.14365782004347552,-0.16884435968763337,-0.3511630184835133,-0.12100924040256672,-0.37282824767985057,-0.2830404086083702,-0.2407992120976165,-0.203184911374004,-0.222660738889147,0.5266786870165736,-0.24014789427796646,-0.17678171586226138,-0.3934742510774208,-0.14716625134177813,-0.23217201198133147,-0.16180779666552747,-0.14881274456011584,-0.20301318658332393,-0.11545391838373593,-0.1506831938012281,-0.26033155491128346,-0.27135075529357294,-0.2504890202653189,0.6343556918223521,-0.18965247036476982,0.36679003900968854,-0.1574504194175305,-0.2226847092891923,-0.23389755794558875,-0.2186663468660231,-0.22050872734228041,-0.18958208441559307,-0.26979984585159567,-0.2529756132852228,-0.2839631434481305,-0.24436425810371792,0.579848386035531,-0.23820731318616722,-0.2083617625463157,-0.24535611946482608,-0.19050433653303794,-0.2965605932676136,-0.23072863591466927,-0.2977388165998842,-0.20399595885818356,-0.373800174924268,-0.41537760344507374,-0.2351555711580814,-0.2182870577385831,-0.4608342057581365,-0.3271594418318472,-0.3043077954872239,-0.038380525229512616,-0.38091155272432875,-0.21757787467369863,-0.32561106361285413,-0.28419651836938226
species.length2weight.condition.factor.sp12,-0.2321415022013025,-0.2320839932825186,-0.21451078139734503,-0.21361674266149822,-0.28742701605742005,-0.19117525319539777,-0.2996207562547391,-0.225911712239343,-0.22626284914823547,-0.28650978512654246,-0.2574009193501974,-0.1801583324473395,-0.1313319142512848,-0.16074069508157104,-0.3151095935209047,-0.1927733547605116,-0.18973542540752067,-0.322559805023399,-0.14635406919352004,-0.15455295892709148,-0.34160814593837396,-0.0916031194362702,-0.372398305420278,-0.26179216434593766,-0.29378720522790236,-0.20577800094370427,-0.22651136275813127,-0.14047549113134009,2.447043422179169,-0.16030651832645879,-0.4049320858995747,-0.14771290438089618,-0.2399627156696919,-0.15694226857781296,-0.16168201428976506,-0.19194028268524987,-0.11192207175010233,-0.15692002753351308,-0.26340628455229487,-0.24508231222153423,-0.28051701829619446,-0.24360414860220683,-0.1338653745346947,-0.12827341914575663,-0.15790309146276002,-0.22585958416551294,-0.2273307920650462,-0.22161681376210532,-0.20369280132324666,-0.19065281829546973,-0.26416179766027714,-0.23830617593597306,-0.27796436973734423,-0.24698691388313654,-0.19258454495854874,-0.09847216419376559,-0.19457543681202932,-0.23988835229942895,-0.19045841543000774,-0.29390169779270836,-0.22658149815075912,-0.2747307395587888,-0.19870285332212373,-0.3351316507050048,-0.35995864741020145,-0.238865980922972,-0.2109420639229212,-0.45021230691797987,-0.27072922365354196,-0.22497625562055834,-0.26194863162371224,-0.2599013844297552,-0.26826178245398974,-0.3283170382620272,-0.2849004954735662
species.length2weight.condition.factor.sp13,-0.22686890078576658,-0.23107832959917007,-0.20920560152898798,-0.21836010685433616,-0.2830046783484612,-0.1926805023166755,-0.31037509643557853,-0.2283364855106811,-0.22857850034251198,-0.2710309237745461,-0.27022928383845807,-0.16685330228998052,-0.28832884459755603,-0.11628749670493485,-0.31319867492869025,-0.19228550113098866,-0.1840520655065848,-0.30949056585333096,-0.14450313076617005,-0.15995315676415559,-0.3345682241278428,-0.097142943033724935,-0.3706149183413973,-0.28127548189607,-0.2641927554499006,-0.19783349464541466,-0.21130399324292967,-0.13649240228837836,-0.23682350081020442,0.11580919841932816,-0.38948607014407155,-0.14707126601185275,-0.23361848040037256,-0.1606080822308006,-0.16006499610382888,-0.2097093461474808,-0.11061215929907098,-0.1854706486313219,-0.25891248619767365,-0.22825861800162633,-0.2033796168051248,-0.12761734173164113,-0.16435579827860183,0.1373999699859632,-0.15708819416064393,-0.2204175328520225,-0.23094183917063055,-0.21770984232278445,-0.21015257843277496,-0.1914484801872839,-0.27193978337896735,-0.23856168734009736,-0.23615308954688746,-0.2580173513837549,-0.18377178582928735,-0.2567093304076919,-0.14702003740596242,-0.24651504513957004,-0.19024436768136788,-0.2264464006353461,-0.22461631495363724,-0.18938789800520464,-0.2064800258524332,-0.1071398021821831,-0.36926937762006384,-0.22439313603357264,-0.22213677327670778,-0.4529092186474205,-0.17692400784907908,-0.22497395727304806,-0.1819382391147116,-0.3474208938925093,-0.2486987012673979,-0.33354878851296454,-0.24905118299726386
species.length2weight.condition.factor.sp14,-0.22713788118807393,-0.2294254900685179,-0.20708297516461407,-0.23408547141589625,-0.2851904006541762,-0.19017883007634148,-0.2577568439218578,-0.22984413825692857,-0.2223972087846289,-0.28907320168536915,-0.2690855554319052,-0.18627169649901418,-0.30613380957371783,-0.17198221941786845,0.2345721188732412,-0.18862225898085302,-0.190965159686025,-0.3303416012649589,-0.14510548844238835,-0.16556016842459517,-0.3343206388563976,-0.11954892203209368,-0.34856080002427225,-0.29751272353784514,-0.23759847621748514,-0.2071594347904803,-0.22010373393674268,-0.14193568552824018,-0.24637068615526295,-0.10745536147842523,5.3506036853645345,-0.14606499763860473,-0.2446077074843548,-0.15072629548236544,-0.16542792644631252,-0.21566393153337196,-0.11345643887733693,-0.16268277614863588,-0.26352282916575137,-0.26688152968650836,-0.28652496541773453,-0.18213842866498203,-0.1979013774390761,-0.2958373603333829,-0.1529443987513875,-0.2213371405103645,-0.2098179604435849,-0.21678842611837576,-0.22942075286367136,-0.18830230989620125,-0.27494261526387864,-0.2274938262855979,-0.28437957696310595,-0.25396552685834806,-0.19837003439866704,-0.2789940266031369,-0.20732917790350794,0.6786528963935058,-0.18630916255748126,-0.05471230853752084,-0.19766017709111258,-0.18531720235359436,-0.18276836783618022,0.275455396054389,-0.37600337153731156,-0.18014198462146344,-0.20706677526792847,0.39151242813765796,-0.32260049236242194,-0.30727356898529934,-0.29933379889330725,-0.38309316199549104,-0.15021400928820308,0.9832530802780531,-0.08832428557792676
species.length2weight.condition.factor.sp15,-0.22943395091860377,-0.22706251537533573,-0.21017549176130465,-0.2308659632594346,-0.2499386863325272,-0.1967835518324502,-0.30845925030875293,-0.2181576306532162,-0.2208092296776315,-0.2869120762065907,-0.26981221829527785,-0.16491542051743624,-0.31104625027574156,-0.16184003242641493,-0.30662726346879965,2.4156316107173383,-0.1917208785924068,-0.3133908903090726,-0.13979710658551703,-0.16411983673401156,-0.26786527988346326,-0.10306422670263751,-0.3408952319240835,-0.225702142546367,-0.28059064112377213,-0.18501657926470047,-0.19509114222565968,-0.149459282942431,-0.2441226463133112,-0.026385203513156368,-0.32645342567730984,0.8936707707775399,-0.24423694007418048,-0.16939270309456167,-0.15812136126756418,-0.19612132509194122,-0.11133385662893916,-0.16684129716993448,-0.23756394076443224,-0.2569491379409934,-0.23776588761031517,-0.23278475992180642,-0.18697274452437118,0.4461639968770188,1.719239432528046,-0.22184625320334472,-0.23738153279891613,-0.2188752618102149,-0.22504665967326862,-0.19417485035279208,-0.266396065012056,-0.23767461570262935,-0.2867122024824564,-0.25161479259234476,-0.18552385049205034,-0.28554402489296726,-0.15816789386416902,-0.24191000411510097,2.4456486274094495,-0.285192764480824,-0.2408185081206287,-0.2900293438172566,-0.21852252334204061,-0.3736341811700103,-0.4192606297693754,-0.23222825030866767,-0.21165997756959837,-0.46459326675299745,-0.32448751144228105,-0.2965837291750926,-0.2995430458881993,-0.3712263244301149,-0.11791697911942402,-0.3246270900020217,0.5636785133316923
species.length2weight.condition.factor.sp2,-0.20083533624488664,-0.15093321782355484,0.5745461615947238,-0.16105308776935634,-0.2333412211247892,-0.1799145454083016,-0.3035638424740017,-0.19925310059746168,-0.18211744644216968,-0.18972449088414037,-0.20891551667683,-0.17679876322811056,-0.32044497684310763,-0.17584619514911448,-0.22976191925720796,-0.1839852050933754,-0.16463875177470016,0.03532504031078911,1.275815677206132,-0.1400364720902969,-0.12660968531314717,-0.11187357978796057,-0.24191650608153226,-0.2369440067190448,-0.2735063262325088,-0.17939936038541393,-0.18729396439656684,-0.13384098815192066,-0.21818363833048735,-0.16270793468526187,-0.24886591079239959,-0.14332036979361357,-0.20499933051970065,-0.1564488359232035,1.0282476390997635,-0.17436864325237963,-0.12209187346651867,-0.16810411564341404,-0.22434768394981866,-0.25702995575959336,-0.22732072228056616,-0.13709668123400923,-0.21781079309484933,-0.3222645770383285,-0.15328883000094734,-0.19482075252490408,-0.204784833830182,0.5031470520571758,-0.16329699986091592,-0.1823708303886648,-0.246774753227333,-0.20043300395687394,-0.2003706563982536,-0.1932880125193316,-0.1929274732985084,-0.2622993047652087,-0.2066442647282042,-0.2109189591758456,-0.18226067773121882,-0.21732998512967336,-0.21730620478069454,0.5749854603085117,-0.2062317144359679,-0.20147973842753594,-0.1910605916202605,-0.09011881340189944,-0.15464384506070494,-0.2951366240099896,-0.2542859977829411,-0.28767294735225085,-0.30832069856629757,-0.30918570316788785,-0.2643106250866244,-0.22318744205658442,-0.26367269550263633
species.length2weight.condition.factor.sp3,-0.1936889288178933,-0.1668082442442447,-0.16176802816679323,0.801096256890488,-0.15832515047820933,-0.17900516933408717,-0.014875825520802645,-0.2052161982588624,-0.14932204676082345,-0.04211344876695424,-0.19997975379857885,-0.1671228585549957,-0.26123870730658644,-0.1801702954860972,-0.18203861043296726,-0.17369453318554104,-0.14273899432750992,-0.27460660405103726,-0.10743063461015762,1.478051250676392,-0.29855853547754124,-0.10636493299181801,-0.01754031231309772,0.1761052999617419,0.06155954634098926,0.0725362375336871,-0.1281824875417379,-0.13606099469400473,-0.1576994612092512,-0.08345625433800251,-0.10624198708777868,-0.1356263758137337,-0.18360063013093517,-0.12742326684463512,-0.10469856802891617,0.5652516021679004,-0.11587299589219731,-0.12585233473290092,-0.07054844762685707,-0.14587823400665134,-0.18656736680730837,-0.1464423782024686,-0.1252548193095823,0.5002856834497399,-0.1441409442164642,-0.18954853601833635,-0.1394266199515501,-0.17333072968573934,0.5268067086545315,-0.1813024950860233,-0.18439253417362192,-0.18561496077098186,-0.11557615130083435,-0.18731306851525695,-0.18825685555892385,-0.1399142766409251,-0.2091364420234216,-0.18558555262429202,-0.17354731151917036,-0.21206495447259122,-0.09843241453150282,-0.2197822864606668,1.0522946792642165,-0.2994415056673804,-0.047186315810295365,-0.15657992545911464,-0.09805712783943042,-0.060630902965581907,-0.28460295779739303,-0.1637744739763929,-0.2614372613303306,-0.0798233429392298,-0.11305703488562005,-0.15187532400725776,-0.17570546497119388
species.length2weight.condition.factor.sp4,-0.22625478569218013,-0.22504496340314958,-0.1941918630610482,-0.20056155295061706,-0.19869297456041699,-0.1954717461337995,-0.2841814281479691,-0.22984570607726834,-0.23295675778634597,-0.10543750016674618,-0.23055172908181282,-0.18270208485692374,-0.2591412751140235,-0.09025162931051513,-0.2915992326292416,-0.18876053509739865,-0.18170236372254522,-0.269634893051082,-0.14188560353737162,-0.15136096528583778,4.124409596773996,-0.12294716493655718,-0.337647848683028,-0.2791163422993091,-0.2900609356244668,-0.1852037515286444,-0.20927694256606824,-0.13409338933762593,-0.1743871015067194,-0.2038758375549027,-0.32035204962461766,-0.14647127673699478,-0.23262774805569478,-0.1587954797897897,-0.1581004523663082,-0.18928920783586697,-0.11270568651528602,-0.1646417406051149,-0.24305468440010622,-0.1934281570778878,-0.23476039674379728,-0.11606544565130879,-0.12136557163239947,-0.3417018667800105,-0.1567919670111416,-0.22006138773780945,-0.22833930505725433,-0.19889847769815572,-0.19927047411922708,-0.19313817731485108,-0.27108488464511116,-0.24065718161968766,-0.048503527579318174,-0.19691243320627216,-0.20206595995715518,-0.25283141085312727,-0.0655790973848465,-0.2308635377108792,-0.18658398076350027,0.005414514581961702,-0.17983141143578626,0.6932206874599401,-0.15632351829622246,1.906001921467175,0.4144456567722241,-0.02507772681635709,-0.1869244895716017,-0.3896151916253078,0.651700864460131,0.3253319511788446,0.0046982371934226426,-0.23509674420096724,0.30777707846116437,-0.31647780374623,-0.051686551731088735
species.length2weight.condition.factor.sp5,-0.23236266284429216,-0.2244844988639673,-0.21141471662074665,-0.22442594358296195,-0.2907515123852383,-0.18961095617404053,-0.3175691078520435,-0.22374865249161718,-0.23434707143110456,-0.28381923555462085,-0.260821349939309,-0.1693173419770645,-0.310216555184458,-0.15587336310358865,-0.330216864254224,-0.19358872427022614,-0.19375846296281635,-0.2741422431779344,-0.1507386778860796,-0.16440120969574593,-0.35252236187331853,-0.08933214460671264,-0.37803826332603546,-0.29489791966088247,-0.28278071946120414,-0.18918342909341293,-0.21903412431728106,-0.13998364293010304,-0.23311104192463075,-0.16523581190200753,-0.38341885554492,-0.1479460724172157,-0.2515693683987871,-0.15234161055436773,-0.13509315440365716,-0.20386091711771417,-0.11278278413301907,-0.16459782210628457,-0.26030851198067817,-0.2485538220303296,-0.25354105127300963,-0.1459220566969254,-0.1687847377702509,-0.37303751387026185,-0.15806614310069605,-0.22522825807021504,-0.21966455643855323,-0.22067518816476878,-0.21594462362019745,-0.188116377558579,-0.2726569673351567,-0.24308532664237048,-0.2868125647571989,-0.25131029841463937,-0.18805000690475165,-0.29460232735577013,-0.1934503464442984,-0.25331884256007176,-0.19157597274042154,-0.29637365099992485,-0.2237184927152035,-0.29773190012650336,-0.2008773369695209,-0.36770038297419827,-0.41993530257016015,-0.23509280549875777,-0.21524977444809093,-0.45572502239113555,-0.3047258743691464,-0.30475577694104544,-0.27664815534891796,-0.395885119994533,-0.3352401714842549,-0.32679447635484515,-0.28544514040025604
species.length2weight.condition.factor.sp6,-0.23162478757234137,-0.2343302246351323,-0.21601560470289474,-0.21909484859685624,-0.28558847173254026,-0.1899966456515768,-0.2012554566053687,-0.2310726435688387,-0.22919228058621147,-0.27863002318138563,-0.26578726171602335,-0.1676434544942249,-0.31908774193037215,-0.1748334406217641,-0.3213493580003669,-0.19161507761220323,-0.19194421634219766,-0.29152876263372096,-0.14906781716290313,-0.16376951018795674,-0.32881824600079884,-0.10952503489244704,3.8530251807427067,-0.29511341549923553,-0.25971657442921925,-0.20414733472943164,-0.19550390518123736,-0.1435611015519737,-0.25489961906382,-0.1441396986205865,-0.4034247270201219,-0.14790809813252312,-0.2462829395824314,-0.16284024518844853,-0.1591374212530448,-0.19834625199053763,-0.11104476283349042,-0.14475046049033696,-0.2690069331027862,-0.2567654626597223,-0.2319802354090937,-0.1531205053743793,-0.20875475245079753,-0.08075255815755761,-0.15786879076287624,-0.22415843921858566,-0.23176854019797788,-0.2245752747442062,-0.20738675135408718,-0.18760815879334913,-0.27890171865811425,-0.23719258846507,-0.2797213904126395,-0.2488502888490896,-0.18484455204248285,-0.2788490037542456,-0.20551796581904597,-0.24588867397583697,-0.18984758190756554,-0.2869697150940711,-0.2020858778271338,-0.1071841117710398,-0.21115506584872346,-0.23534533673430577,-0.3319007292380092,0.13869475852613478,-0.1898281957766635,0.9608241224115416,-0.31940947920959345,-0.30023196022926124,-0.24733213162115592,-0.28720987651214486,-0.2681576406336568,-0.01649123096548703,-0.2689196259855215
species.length2weight.condition.factor.sp7,-0.2302228682071609,-0.23398927853860416,-0.2082428723051911,-0.22316956288274073,-0.3013590934085219,-0.18919917614770024,-0.308158178413164,-0.15338833243067312,-0.22383934562158225,-0.29793183183426014,-0.28370381535532907,-0.1726653360527653,-0.3185291401776476,-0.17660425592676393,-0.32808841719089415,-0.1931861253926616,-0.19188444061637272,-0.28799796914498743,-0.14566448735559248,-0.16737058098296761,-0.35088053064342456,-0.10355353081263198,-0.3714202907955389,0.3999029757018236,-0.29281284517136896,-0.18561054607169902,-0.22055088391361946,-0.14438248055586536,-0.23047954498769851,-0.1531132381629512,-0.3772092379917099,-0.14772747652684592,-0.24954092992445484,-0.1583483707701859,-0.17650112413648142,-0.2082889447846638,-0.11426298466125916,-0.11831233927203649,-0.2848302160690492,-0.24026534521720153,-0.25255667851926245,-0.12295413361454768,-0.19884404852229323,-0.2175411339270247,-0.15741779841704434,-0.22328194182326705,-0.2293642119671334,-0.2171834479274444,-0.2139552405394339,-0.18686416115530444,-0.25442583348352477,-0.23204689171318307,-0.2937812885471678,-0.26563499277431435,-0.18566011313810776,-0.2702950297137126,-0.19071296753061268,-0.24888850205693863,-0.19078260121805313,-0.30421705791857706,-0.21645230297227017,-0.28848165024282424,-0.2065961929289668,-0.3648979906856167,-0.41744073887818106,-0.22919280621667956,-0.18711560442665318,-0.4114582809344426,-0.31825871734919325,-0.30777002614685256,-0.2971424679726159,-0.38708652098753915,-0.31167963259593695,-0.343282016698031,-0.2852294264350698
species.length2weight.condition.factor.sp8,-0.23116446302105104,-0.21972500114035837,-0.21640372404781402,-0.2243537877062727,-0.2954404355619763,-0.18470943001797158,-0.31067109715650504,-0.21004276560172616,-0.17752192690934038,-0.2941435862629969,-0.26329614458996387,-0.19092181899332722,-0.3312055436640217,-0.20078041803638447,-0.31816270079121056,-0.1928828089159465,-0.19017491639385636,-0.29472239088700625,-0.1439328958838982,-0.1606470000124241,-0.3458062383881023,-0.10657209312603383,-0.3611304641055443,-0.30838664166221,0.8208621716817449,-0.19830850262817806,-0.21545089164085984,-0.1370602231898839,-0.24718797254567498,-0.0749342274180431,-0.3933923166435678,-0.14764573623587207,-0.24416131316540235,-0.1562312869473189,-0.1625713903586051,-0.20082426588431662,-0.11685909282576444,-0.1646721523771548,-0.09669470896894528,-0.2568222496746762,-0.25651508151846203,-0.12484710504625499,-0.16987984128766279,-0.17039950422684913,-0.15778082916829966,-0.2242954965006358,-0.21657677611381382,-0.22553453266627177,-0.21642994713565084,-0.18253796828465377,-0.24959493273323663,-0.1951922305811647,-0.28497168995301864,-0.24505165287527728,-0.20676158895778762,-0.2947309388053131,-0.230135614780404,-0.24086089000703229,-0.19077584192081004,-0.30051321966215394,-0.22117420793869597,-0.29328669402794605,-0.20804627272419482,-0.37107954222417133,-0.4206895326652113,-0.22809413920061877,-0.21637222692905123,-0.3280993671820445,-0.3284198017527383,-0.2968899686041217,-0.3048883618624157,-0.3918868308727791,-0.03460105593642571,-0.32728315269576613,-0.28739731455275097
species.length2weight.condition.factor.sp9,-0.22783425448355876,-0.23149877870869628,-0.17890942091692508,-0.19034511033549004,-0.2692833619322654,-0.18210137679194902,-0.29559193987258653,-0.24095600450893415,-0.22120146294708729,0.09659517485964356,-0.20223389654600704,-0.16246557920633398,-0.2731964077863049,-0.1657347411410717,-0.2986364927768436,-0.19214096320996102,-0.18513627424553358,-0.3339938551941961,-0.1370258684544841,-0.15254922689753808,-0.2622045755924322,-0.11243599959316226,-0.3796638548251172,-0.2965299413389882,-0.2820126930853509,1.476085496217003,-0.21510364886133868,-0.1316179765601267,-0.21098848549101673,-0.19495408935695402,-0.3738877432974235,-0.14761826149060023,-0.23703976905820054,-0.1582799749442769,-0.14940926614063071,-0.1902990363147368,-0.11256698453727146,-0.15842175821796603,-0.2452171711474252,0.6506962487481602,-0.255691744521866,-0.16558451286731238,-0.17497462130534222,0.013848314556759335,-0.15791696441702502,-0.22122914451949713,-0.23012066456931843,-0.19371843732220084,-0.18645836119246692,-0.1836108121433781,-0.27304812251148736,-0.23344495429909254,-0.13224145874949345,-0.1776886877334363,-0.18468329396745206,-0.2223287627998275,-0.1780946773476457,-0.2356752265341902,-0.1899404412525659,-0.28820770588195255,-0.2226611336221052,-0.26836227714918487,-0.19548726802765365,-0.3355962876878372,-0.3779554403310843,-0.2254492082175332,-0.21780614419763447,-0.467444078731832,0.4328645612896527,-0.26804368097165376,-0.2598158557292425,-0.23600942842195402,-0.3019858288681906,-0.31517554813681037,-0.2797535846350952
species.linf.sp0,7.60420278478,-0.07726985134453522,0.02591438626213593,0.17840846592605494,1.908262794960513,-0.112151186781717,0.8373297618529072,-0.12129877209859972,0.011855987262035487,-0.07749605951867485,-0.052012921134133625,-0.036600812225742456,0.7244013723735406,0.45454856831144225,1.883064829388843,-0.10523834783770376,9.227216368853293,0.34106100023442654,-0.03393512728695152,0.192680170433102,1.545285877710375,-0.06276880502025815,0.7895008212048308,1.026563267935734,1.3144758804502572,-0.0863617474919045,0.0789353884967755,-0.02646923908394638,0.1553909213455286,-0.0014747851680264354,4.4958224270339295,-0.039219349134481274,7.081297830078898,-0.09961669225841636,-0.06252262258988672,-0.07868331408701196,-0.11297917670582576,-0.1266888806896065,0.3380115358496239,0.14239406403888485,-0.1177065945318951,-0.015251790301576251,0.5319509061713872,-0.35739756347125035,-0.046152096053469344,7.530418369115747,0.05097490322345047,-0.057342740001346974,0.0896428678663647,-0.13091568217226932,-0.05566910311800883,-0.08293292349785887,-0.15187811142077146,-0.09093394741813378,-0.10530027761064321,0.22558772050494466,0.09080020337777384,0.5326252373328577,-0.129410946429009,4.304895680801869,-0.021866339159621474,0.8263311008406281,0.1286730120297323,1.428872424329469,1.387402911899382,0.01107311166814944,-0.10105744779899696,-0.018343006429013126,1.4849433492551534,0.5045137097331591,0.19259967948482343,0.7937038456720005,0.31109408641572284,1.1684130231226433,0.8089048350358604
species.linf.sp1,-0.18255847675623632,9.691821594850222,-0.18602449937638213,-0.2125781552685293,-0.24176794911407842,-0.18925850883186196,1.907933265337022,1.792089098260446,0.35308049210221154,-0.2859211148030422,-0.19829677595783202,-0.17656569002803055,-0.2840394670917595,-0.1692306124453235,-0.20329146946759336,-0.1845283546190422,-0.15861026413113055,3.100736222739818,-0.1349876380398257,-0.15588815554979268,-0.3331854789860078,-0.11175744450980427,1.2995873658562647,-0.16476897393699358,-0.2083257433190162,-0.17512237685514725,-0.11476054432688536,-0.13454723733635376,-0.2495926663026361,-0.14519375130486215,-0.30933743244147743,-0.14259948640239217,-0.17813266138975709,8.282116230994614,-0.14450356962696234,-0.20814882344385227,-0.11346917220228961,-0.04673538601105879,0.04773109998742532,-0.21726557350609296,-0.14169451740559358,-0.13608375060075997,-0.16650008778173261,-0.19607285828674179,-0.153730506715275,-0.17549393434582955,8.456782293973585,-0.1958068244792728,-0.21136435982198565,-0.18921426880160502,1.5274876460853017,0.26737808222476356,-0.28982975857511567,-0.18803970112987553,-0.1880246994581757,-0.26185325332692044,-0.20173590830510024,-0.20822092988483634,-0.18179437309030208,-0.28492448245777036,4.053413485459418,0.11154771228161593,-0.08633839874676358,-0.10087388376930435,0.013742256191283296,0.10384519377810773,0.08651744394386301,1.4144172140094007,-0.29703084802395,-0.23819515671735736,-0.23981240577779525,-0.16015879566910304,-0.1755161790571781,-0.1270693312501983,-0.11355076782976582
species.linf.sp10,-0.1328334212202541,-0.11556191731321463,0.5044372378193471,0.8473676648827104,-0.04576982896399522,-0.09621103712597924,0.213810992702323,-0.14656808793768367,-0.13272203326396653,1.3346075766089167,9.486398889289049,-0.05230886826566438,0.8459805515664259,-0.1436285453777545,0.07125361148632654,-0.17242007004215923,-0.02421131936328044,-0.14267854138028813,0.49944411432378366,1.1661651671942745,-0.030955236502784672,0.283549210478727,-0.023371482603540286,0.1528907955146826,0.046811864815164174,0.8762998172724151,2.0128490168548887,-0.09540376865970306,0.4562013661161092,-0.11757435388364099,0.15456830078113493,-0.13535846329214596,-0.018984264371437836,-0.08797397001812182,0.5394747022990012,0.5057366868445355,-0.09441450504019143,-0.1279823331318346,-0.13166193350180697,0.32726686845122666,6.187572880685165,-0.14687411492094513,0.049089173636840414,-0.17606278124376573,-0.14463129499229058,-0.13456783592703897,-0.15267233272923714,0.38710616648182616,0.7337795350821431,-0.1194236187127718,-0.18552698362185913,-0.1864713380355943,0.9651923722796804,10.576567369422664,-0.0757520674799249,0.3796019808771178,-0.1893471828972002,-0.10456812282687904,-0.17251756734894708,-6.607004253896801e-4,-0.09449166710842899,0.14612094133833095,0.385754277141556,-0.1735210925171011,0.22532152721137408,-0.06440388818060093,-0.05729352094710311,-0.18850102098313282,0.13638027336631633,0.7467278123421525,-0.10414803488048392,0.7884001760929583,-0.1018378680295646,-0.06420368742811952,-0.11380155309344099
species.linf.sp11,-0.20602866418958563,-0.21613467307390663,-0.17792557761431532,-0.15242368889379324,-0.2396234664615808,-0.16491453504345402,-0.2735671708517827,-0.22315626560966537,-0.19657782008818167,-0.16816186715290257,-0.02389056410077826,3.410921284364951,-0.11834221491533341,-0.14005633051128874,-0.2882428034388361,-0.18497270317963624,-0.1607521824453411,-0.2997245095162181,-0.13049252550548304,-0.11039759915662209,-0.2912329831080744,-0.08879227259767797,-0.34008544250937583,-0.26336478331686264,-0.2459918770478922,-0.18211930489016434,-0.05225501557310127,9.959131840951873,-0.23316584578116648,-0.07131897226603756,-0.36059107519134903,-0.14488403128361305,-0.2223990820913222,-0.15375111423275237,-0.12246724583125233,-0.15280514373621507,-0.10365154586442471,-0.1534459827440182,-0.21472334855774974,-0.12610236491087395,-0.10324165795867647,10.762903044600323,-0.14319904205295325,-0.2567019086387986,-0.15387934294629343,-0.20136396032828419,-0.20799842491563797,-0.1859126202602126,-0.14684373812645718,-0.16601848531237132,-0.2603684006317219,-0.22500797723042623,-0.159152916649491,-0.011454783281552248,7.877107910479539,-0.10900390714130878,-0.1685128813706858,-0.23635090435498896,-0.1840311593816682,-0.23839415795958105,-0.19255436547799534,-0.2720452853308925,-0.11742271119917475,-0.3239986141178043,0.3486619214729885,-0.22787218820944505,-0.20975975691408014,-0.4125437672885462,-0.2783459579013498,-0.21548068726623312,6.640494882955424,0.22728550556274907,-0.028350561533936402,-0.3178843525550678,-0.23315829286588205
species.linf.sp12,-0.1906468341851945,-0.19483031312865917,0.09638030506785689,0.3377923524935989,-0.2243678884496351,-0.18135631332330235,-0.18237082111521158,-0.20487856418971506,-0.1549095442576048,0.3098471460784449,0.19943216875367664,0.002950490992690655,10.343161148658565,-0.14588973041009334,-0.03382038232029589,-0.179719414088603,-0.14268415919720467,-0.2578270727354004,-0.08145860336220499,-0.009938099461190782,-0.2565308937637402,-0.05947193734367547,-0.2971948879740152,-0.20199737120838737,-0.13974474785839103,-0.13480108525362536,-0.13307826941919876,-0.11357270783056768,1.392162769365971,-0.09323992651542497,-0.055770738534721,-0.14267929565874432,-0.1885093473643525,-0.07477045281590101,-0.06645229017838764,-0.030417706783602783,-0.10481030539878686,-0.14641227148810676,-0.1670999661391485,-0.13798937232530642,-0.1539159172816056,-0.19070467825662962,13.220132915242145,-0.17443687465138558,-0.15133102245918223,-0.18631055085124565,-0.18611954254813234,0.07025821777963771,0.2842049007652046,-0.18355796440135552,-0.23560212969966168,-0.1835545916204599,0.29379674022239854,0.23791749265342504,-0.036785972737547794,9.144028820426044,-0.1371300905667998,-0.15312781250182345,-0.17856384982792137,-0.25613114731479647,-0.16199086808323201,-0.22845329761409316,-0.1383391242838595,-0.268757331409522,0.6898231531876401,-0.1712070298470047,-0.1696407020482985,-0.18277061871004668,-0.23589586419906505,-0.1241971028291383,-0.034192278249404386,4.711537668960785,-0.21712747852613826,-0.26552912711622145,-0.17100596466449114
species.linf.sp13,-0.20841142019879505,-0.16771935900389076,-0.08082848146872557,-0.11985031981363342,0.7131136695321865,-0.15924863290171448,-0.2065328058299227,-0.1432132089160707,-0.1378796520460201,1.3197147176694208,0.16250558631896395,-0.07083542535647787,1.0516998309343213,3.3388676819427197,0.03894756640411494,-0.18587741855259302,-0.15986937413673577,-0.20910763463903181,-0.060472538892179566,-0.13109854506354207,0.449844376407822,-0.08390740685865825,-0.17176196771175367,-0.22749296683785025,0.0987940589094422,0.02023682877845872,0.14074727120795366,-0.12116782409825103,-0.017408425570626336,6.019422737838636,-0.10349962937167104,-0.14529440201971358,-0.2073606335606587,-0.11835772147442031,-0.1407015123469573,-0.16138061347091462,-0.11119586512028255,-0.1274270918235972,-0.1356805772451102,0.14959896005848347,0.13911090024575412,0.13018424133750803,-0.061305695293603954,9.234029005312035,-0.15510870737943136,-0.20341475353541832,-0.1614950645810716,-0.11494649298704358,-0.10862101927323638,-0.16454329917687013,-0.12140862362336896,-0.16298275968420214,1.3916811105790945,0.16356450875610729,-0.08745310323445285,0.33358938523766013,6.321511228171626,-0.12084602961448053,-0.18422257617513735,0.07417038003679403,-0.1515992018967489,-0.06609846043206334,-0.11164708172452387,-0.08419005352655633,-0.23583442504471533,-0.17202062194135823,-0.16134990856914672,0.14433381523204697,0.14814039959478037,0.10677070421643613,1.0215891768537706,0.5489926375127743,6.534523513989018,-0.055353195631366696,-0.110976662399011
species.linf.sp14,-0.17211490694990597,0.07383255319226767,-0.21780968904706602,-0.21665412380230997,-0.2555622379939869,-0.17784437210500653,1.2689538567938243,-0.17064680721587644,0.021223566412977096,-0.2774867664387885,-0.27634269530258276,-0.17500353529698304,-0.3064250867294425,-0.1623932567504461,9.283174613196374,-0.10052337122999706,-0.1754011640118393,-0.26471801565678144,-0.14707537604277907,-0.14621516204535875,-0.3399056731923427,-0.1063079508978161,0.3714201420138248,-0.15165572171344607,-0.126513741788851,-0.1960843552642131,-0.21786552352826366,-0.13119615350868105,-0.22393800380048695,-0.11542600437486479,1.8684575852620202,-0.11198243555726185,-0.21031512494703344,-0.11073000554474453,-0.16655166343585126,-0.19679329095663037,-0.11315957666535098,-0.1528774062350033,-0.18442101338234052,-0.23827606708698765,-0.2515620571484371,-0.18733715710616033,-0.15808652019917302,-0.0529826611989173,-0.07911924589873959,-0.16264361396950938,-0.08300193387132829,-0.2278705936494096,-0.2147412601607269,-0.1786946120389345,-0.201160970380314,-2.3073875600806304e-4,-0.2781830410144915,-0.2595451984884382,-0.1906258003057989,-0.2710977914209593,-0.16748701922593615,10.737267726187868,-0.09425757097276606,0.2533506098365358,-0.14316522906393095,0.10057811724229689,-0.13290037492764847,0.8088604514621069,0.027375777196033832,0.13837921406294781,-0.09092543751172225,1.3843093990595756,-0.30842869920712773,-0.3012125005468856,-0.301785906419692,-0.32756796618363226,-0.17066222595862293,8.16025412231709,0.36017838306700817
species.linf.sp15,-0.22193586858781825,-0.2188774482854359,-0.18845463320879724,-0.16687336729443814,0.08636483324288224,-0.18829414906766925,-0.20621487247586862,-0.19252803915727568,-0.226080025144143,-0.26105780783692034,-0.2529643419853336,-0.16366911616971644,-0.04108963898745096,-0.16358913352172255,-0.2507071308848475,8.21764877953203,-0.18703851215188982,-0.2774132422997994,-0.0931106851216348,-0.11055143572589335,0.12839140212388303,-0.11549858434486186,-0.22912395799018087,0.22896452296277334,-0.10222061247074357,-0.14505909607602077,-0.16115363419382767,-0.1317621232150781,-0.20364838670161758,-0.23589957929550678,-0.17325407593711276,10.875918418781815,-0.23664141971123834,-0.12614344904953317,-0.1314565989598746,-0.19294849144331813,-0.11557216605464041,-0.1412542778134374,-0.11760805231104704,-0.1817124024404704,-0.18823493925419033,-0.09898565614662574,-0.05151038026198348,-0.49102695797242485,10.577540657912957,-0.21547049567112572,-0.2073001995405668,-0.20088909780865485,-0.18697393803249582,-0.18874134947922597,-0.2589225852570861,-0.23645069227156096,-0.26947401329651166,-0.23838233620965374,-0.18406697585540843,-0.2087271846457069,-0.18656060569658253,-0.22764057024140352,8.414330791885249,-0.202058092502714,-0.16830112366211905,-0.23383569627685663,-0.19308077015274724,-0.24952300426384671,-0.34022508108500693,-0.19903231401620539,-0.09742147064388432,-0.37930747568598505,-0.2649092515935109,-0.27184812960170857,-0.24362078444863314,-0.265179956644891,-0.3318097346436194,-0.29189138428830486,6.373263148815826
species.linf.sp2,0.33203436576280393,0.8611748612649038,8.84624227812218,1.1287482924641206,0.8701700889137114,-0.030708399807970393,0.2084978384668919,0.07221795471262997,0.9495762425125897,1.5373923099624618,1.0626143751706834,0.03061142569299464,-0.17720690672550626,0.2657702252640036,1.1252048061580033,-0.04784881116734534,0.13392817209839666,5.085153273455143,2.7791931433360806,0.5089320086578747,2.8990826285425975,0.1100873632409997,2.201893448268941,0.24381883540227703,0.19739816547259031,0.2822834094992516,0.6227998513803789,-0.06342017136543489,0.37598156058672655,0.05582681005799089,1.4761354061005976,-0.08048316593796219,0.24571388526355165,-0.040314645278115194,9.855998465698532,0.6607323508162735,-0.10077911253051364,0.12634617807684864,0.7600834608966881,0.11183138390315894,0.36753171080714925,-0.023811931550958176,-0.023987988970456436,-0.31834970836808657,-0.07925131846975116,0.3123183985065766,0.13338441935013173,9.784393183400127,1.073795794517065,-0.06798496303238533,0.016258322244521988,0.7037807235788914,1.2782092354793293,1.0655253431060392,-0.02265187008853167,-0.008695499884997038,0.2436700951378032,0.5274601419373048,-0.04724792439722982,1.1868330198664137,0.08251359790571484,3.3561924381569157,0.09209518806590286,1.8906928577072104,2.905718743178825,1.4302950916968253,1.0455289462320476,2.9120285404106907,1.0018817592950604,0.2306858916544698,0.19223755101757475,0.47408675853742493,0.5141708256711568,1.8848068317900302,0.048156663495078036
species.linf.sp3,0.4509911294341484,0.47297497866383825,0.7338618210181591,10.029523273150357,2.5794312995645776,0.16436138538122028,4.530262930118895,0.2881435947775729,1.0367143828450198,2.5685231699833735,0.5859458265515394,0.5264796462920366,2.6227490166925143,0.17068604212946703,0.8481516245366656,0.006434326326456279,0.6347975680393324,1.5844753338318276,0.928057691461171,2.040672757598696,1.0278125943287488,0.11861328216041413,3.4688130565964643,9.569808382780295,7.802716555549879,4.453364771719386,1.7018749275733542,0.16784353783592024,1.1700288668661412,-0.01814395203900218,2.498694493989931,-0.06644142678985596,1.0225461717367663,1.1240959586086228,0.23266835837606462,8.891611402594563,-0.07819232688381622,0.3837326527090472,2.7375623857750915,3.4230461627708575,0.9668439101738566,-8.637265501386863e-4,1.7643797650997526,0.5211006227131323,-0.05231054295745825,0.4539446408232738,1.521303638536466,0.5962168974415448,11.093873008923905,0.07007092433031038,1.684165287321222,0.828969830018549,1.5317052443928072,0.4972076267608875,0.3565309296724644,2.4483296422408256,-0.030077844418852053,0.3368299191787437,-0.007050290978796635,0.8710113797377819,2.637203586774866,0.6386121137085369,1.9604143806336163,0.42096829949342457,4.891319642917221,0.4497060594021024,0.771585743659598,2.454093516406847,0.6595148942089799,1.2173989479102179,0.19874032867869384,5.1358414189496076,-0.05631046603809368,1.0694062653939491,1.1160970758931703
species.linf.sp4,-0.11162535121244764,1.105890175856745,0.7605089677082782,-0.04731576665293613,10.535012943803926,0.18144997436760638,1.2983189326183033,0.41946418530061286,0.8107859289753573,0.12540068989555161,0.4036335602364181,0.555427602493262,1.981737357421583,0.09600218165345348,3.173363909768975,-0.1473878884799104,-0.08331405008920269,5.191636794223985,0.17374461336696745,0.008978980888805861,6.130285418204696,-0.00657185719848902,2.3262214813631394,-0.17732491704359274,0.46093186025536803,-0.06566228190858617,0.5841344517163843,0.01651393003700115,1.809115831740127,0.015092543589568604,4.013262790005426,-0.1204348471638235,-0.039613670853733816,-0.009544899028613841,0.00693534991929857,-0.1530468501594829,-0.09783386153381801,0.07490491854472099,0.16024107812212998,0.7552093795630123,0.981024667665873,0.8019599601282328,0.2096126721954972,0.32034071230695266,-0.11776364214141666,-0.10738204534232634,0.39070258495606025,0.6188482581742772,-0.07823557015486748,0.10866725099245031,0.15921694678956733,0.6453308996381035,0.21613805995505964,0.2652378229439381,0.432640354385612,-0.07473577218763763,0.5186954854579564,1.319148187249673,-0.14799488537554176,2.1859266191583027,0.48584256998404024,3.7252318599519674,1.4823523742130453,8.155833361052704,3.5335163224989925,0.08267734119688648,0.004291418995273144,5.726654051307252,6.459303802906744,6.130339032782924,2.297647583455511,0.3269153043381169,5.100395400094421,3.017466408426894,2.357552871358604
species.linf.sp5,1.3245273816932102,0.05321599637532584,-0.11689250858664364,-0.07269351915657916,0.48400570566072776,9.90025117905382,0.12322476765240847,1.3956723398794915,0.5226364418981452,0.02006387443849448,-0.1263906984063276,-0.14134907129784247,-0.1297573092216836,0.010341636610848644,0.2041372041736509,-0.1434859728360464,0.15436742252716776,-0.14194792643120738,0.02029809009285746,0.31949372383859476,0.1310302943580384,13.784137834657763,0.2172475012125409,0.4139470821089545,1.3137966785261612,-0.06550973464980421,0.10359671777469553,-0.11762226330216279,0.01647799274837766,-0.0632992268773271,0.856859616058148,-0.12936952334801238,1.0601655808583237,0.1099701615139221,0.01634343610375637,0.34709210488733677,12.477300653497661,0.3793137800244163,0.4478886249424122,0.1795031862389737,0.37482100318711437,-0.09205986385988463,0.2578523021171574,-0.2734251052360552,-0.13671216021845817,1.353770668501165,0.37451148011918717,-0.13967451957216626,0.01696385787244266,10.024870338719374,1.7685725750742873,0.5658986269004476,0.12411600201212306,-0.0460056523945425,-0.16328091756836458,0.824835561813708,-0.11349380525748878,-0.07049113819158442,-0.14758104808078737,0.9490661684504189,0.38456897730549866,0.0142867165098784,0.06570890784787929,-0.012308391895801204,3.652843512383526,-0.1441358238593429,0.5559086921429728,0.14531440152082348,0.1677436845783438,-0.03410147106258182,-0.17942258067816136,0.5349719936266791,0.005449838656369265,0.034806634273560386,0.11042338853124485
species.linf.sp6,-0.19508160902290364,1.4344365924955333,-0.20020612788010764,-0.13342397655148208,-0.22688349750786385,-0.13970749821034856,10.62024996131245,1.1307441372463347,-0.06204726642738966,-0.25580023988698636,-0.2567868474937593,-0.15577322795283285,-0.29086540490533314,-0.19381121919126482,0.3508942469230824,-0.19080890896959818,-0.16934771443157118,-0.0931392808780345,-0.14235734451985754,-0.15990686342083962,-0.34141607584452244,-0.11704956492867008,4.122778380902561,-0.25185675549782005,-0.2656373522400954,-0.1897015820725578,-0.19429385382782588,-0.1443541554327719,-0.21811354038867317,-0.12984006257242675,-0.3169686287046678,-0.14684057958190905,-0.20172298410947515,0.004474759791966123,-0.15671701723502884,-0.18352440133250997,-0.11375467488417586,-0.09033784332353921,0.11994703975851483,-0.23619022325934327,-0.22414179113064675,-0.12800920805770186,-0.14224869809625879,-0.3288754244370758,-0.15794945641396535,-0.18833316956098875,1.1001345460169343,-0.19937509608539042,-0.12388816991570947,-0.15483848110761572,1.057215287442417,-0.06735642225860623,-0.23846631453421668,-0.2427129173284439,-0.16622126709210214,-0.2487618763049323,-0.18494465714666725,0.14024095997213326,-0.18848268562779807,-0.2305840231487597,-0.1354498847058934,0.15602193680615858,-0.10632414636150425,-0.05193752677972226,0.08199767919617831,4.065493790866541,0.27572663061917035,2.932969313204782,-0.2403117399927281,-0.14142096210434474,-0.10836352204777672,0.12354839246559329,-0.22239640996062449,0.8045466175899153,-0.20378852617062523
species.linf.sp7,-0.21016076176558907,0.11107096162696704,-0.2136191870058405,-0.22012717772302515,-0.2873427780854508,-0.18820724039356912,-0.09891143907584689,8.949532050879442,-0.11839817166197115,-0.2756338040739125,-0.2659963278505905,-0.1672193355142854,-0.31153440690179907,-0.15008990336786787,-0.30670029431990325,-0.19150884842078145,-0.1894315650848359,-0.2521866372978338,-0.14760258513345442,-0.1651512912230249,-0.34520657107807184,-0.10065157553525202,-0.27379035564701587,5.286295248008131,-0.24851709084375884,-0.19917617611531638,-0.19163080507294974,-0.1357062171572044,-0.21231996783900436,-0.08722492035131138,-0.39140650773691593,-0.14755568096618038,-0.2321257259427743,-0.15629064055945674,-0.16230298832956688,-0.19649752393410938,-0.11111182999958248,10.222467172919503,-0.18277037136297403,-0.2540457737968884,-0.23446699900473722,-0.17138056456307985,-0.25832012171082663,0.010326023044837413,-0.15771900775022632,-0.20201995055642205,-0.022800206372925905,-0.21912172793066673,-0.21843324792554134,-0.18830537603213932,7.770415816304322,-0.15228784351430916,-0.2780830814134951,-0.24718292651492674,-0.18882749373552096,-0.29009144474753845,-0.15729782534931402,-0.23576359254566487,-0.18959592904273412,-0.2996227853437692,-0.2038438160091009,-0.28435830696900594,-0.19465076205499568,-0.33786122096795185,-0.42618948330636963,-0.16971097397521612,4.530644436578523,-0.23490013030654006,-0.32713816421992686,-0.3027656370098739,-0.29893335986481273,-0.3894137161082107,-0.25902368113338675,-0.3058036319979235,-0.27592397561830817
species.linf.sp8,0.13233798583447431,1.0143105208552283,0.04845858416089585,0.004636896666508958,-0.25612181069046797,-0.17573113113588243,1.1537133792595935,0.5190132268569865,10.800237065169895,-0.2726348528159427,-0.2786093647464769,-0.16036637930709516,-0.297583061781217,-0.16971821090759656,0.5133746941926207,-0.0033918744086137735,-0.10549750243339552,0.3144262486056557,-0.1362373433511148,-0.16360080920143188,-0.3013305994367748,-0.09066402706708251,1.3580593727042445,0.7684823557341595,3.17356364843168,-0.16974828144576934,-0.20979679308531354,-0.14350729072272606,-0.19108845247199482,-0.14843928056088238,0.1837547724860669,-0.06781985734077543,-0.14584997261482663,-0.019239867213917357,-0.011900689221748063,-0.1383582042051595,-0.10791836591947687,0.1993209326033434,10.78377738021942,-0.23839216198543906,-0.21307286325891592,-0.21108160079155347,-0.1743723762839229,-0.04680867102730502,-0.07181687732365102,0.13197442934363737,0.3497964920256021,0.08097412496293938,0.04268683890721878,-0.17787863670440768,0.29034510094302357,9.497541915848666,-0.2756395028567084,-0.2572024990567086,-0.1797070663003412,-0.25610958860836824,-0.19855947980359637,0.05178791690483401,-7.317852257347616e-4,-0.17033989089046406,-0.035047537454633244,-0.2368993290450777,-0.17973988662734366,-0.25474012784666905,-0.3059680069931194,-0.118863072845624,0.217092584962624,1.278338416469793,-0.2802758979801206,-0.2611537156948043,-0.2417926591166873,-0.30565538250006696,-0.3198428158517941,0.4261005053521155,0.026505883029448077
species.linf.sp9,-0.10595328575143537,0.4835914238135312,0.5405310659802822,0.8358848525449463,1.4123915384923154,-0.0342397471124341,-0.020178724500841603,-0.07767055875860326,0.04524013732819883,10.365363155343314,2.8457846903363397,0.1823637108930086,1.3533606455459053,1.5843928310563142,0.7821476089020816,-0.17204882094400167,0.19697138231619352,0.6259256885726411,0.24272964340385517,0.8409642869590257,1.4771725109807665,0.09575590790364319,-0.1259014250536086,0.12742035350930872,0.08197532373909319,1.8069905013438927,1.7427952060913996,0.08811040524325187,0.8873926170031715,0.9409466174554219,0.7519664433061635,-0.13025748252261143,0.21572818824712817,-0.033369906688295085,0.14314002629493655,0.5141065072454424,-0.10790989288407714,-0.08562602052259119,0.06790009666585652,9.45697953883865,0.7710328837957146,-0.009799854869606156,0.22029926232421637,0.7739282937251617,-0.13727174418915214,-0.10275244768505189,0.05598751606229473,0.454406836599317,0.827168598174008,-0.06398317864341843,-0.13753353240396587,0.0029786244468735534,10.574832895154172,3.029502321669912,0.14994772219411348,0.5161608449154091,1.4006000688847953,0.24971577946542678,-0.17190287291544565,1.082600965497827,-0.06169069643370899,0.8561416429826633,-0.05482266968182581,0.8354611329569519,1.5141238847498706,-0.037091201067924684,-0.0900905679377321,0.3323772526738632,1.4488270022548517,0.6283350616220695,1.4323820156127829,0.7385161580031705,1.1198448440111077,0.2796504376956576,0.9392460220685083
species.maturity.size.ratio.sp0,6.409851161229705,-0.0986324761740301,-0.011651162610765091,0.1795753552573767,1.2700720633060103,-0.08316965351198372,0.4487619872484433,-0.15831295653027405,0.05135443462524913,-0.1593092491007797,-0.07069583442628954,-0.018445770414966558,0.27032004319209196,0.4212050747838598,1.7799697880743077,-0.10720972546663275,7.2747736459874,0.11727903034591358,-0.06816668872687,0.12492557408733,0.9230982599209342,-0.06523250343241163,0.4819392743927408,0.41297730747494377,0.8648606361653389,-0.10684613648744995,-0.02078958952399169,-0.048571933638378084,0.10171823796281544,0.044418728167711446,4.647069071982181,-0.07517792094661523,6.435781392206142,-0.13032291960142625,-0.06065980031487497,-0.08925937665121668,-0.10246679280754632,-0.14061151124873378,0.1509942458043861,0.17668726041187335,-0.17336220203151728,-0.2039480266462992,0.03585388046471254,-0.474559440661713,-0.0780207687587231,6.503446746005762,-0.035548195359280485,-0.0739403270565565,0.07178808574072258,-0.11021961895032932,-0.12956360330109581,-0.05851761534518029,-0.1794224990676811,-0.10799948431776539,-0.09174923773810492,0.04609070921594593,0.08683384625334072,0.4766732684446716,-0.12764696148074692,3.7725843337176586,-0.11412011927235635,0.7039169535061203,0.06320217515603853,1.2370794361356565,1.2040641622856927,-0.04674273189302986,-0.14180679984241715,-0.12169807196991977,1.3923127166830032,0.3020001548911377,0.11053377766016924,0.4028013725958596,0.07097451938373127,1.2681261000983612,0.5417766055749118
species.maturity.size.ratio.sp1,-0.23127126748902244,-0.23325321844012337,-0.21371965729116263,-0.23224121716620189,-0.29143916904606404,-0.18897524952633477,-0.30891028678316157,-0.22882883764471612,-0.243743471848154,-0.29249272360316136,-0.2677628508174651,-0.17870502885154757,-0.30930431992076457,-0.16791737643235025,-0.3241592361553428,-0.19428041297445922,-0.1933564096387654,0.10657666485902911,-0.14656682250490152,-0.16034239475604606,-0.31983061707083504,-0.11257871097662604,-0.3401412811951314,-0.263802146036553,-0.28659894682808446,-0.19845961921207306,-0.20689575997342483,-0.13519882465133248,-0.2512739935104572,-0.06582551519263653,-0.3844191442924532,-0.1475132629835039,-0.24464999037538743,-0.15923576083258995,-0.14680236723342113,-0.21005284978471866,-0.11111729862717788,-0.1674518157564938,-0.2681931886654907,-0.23899098641644437,-0.2194104075490223,-0.19396900431687414,-0.08532250378456813,0.43984048557494415,-0.1576681696084635,-0.2241757640343834,-0.22702212261415267,-0.22140696692693076,-0.21540295329029477,-0.18584832082978792,-0.2694005474554836,-0.24841715872094083,-0.28574178299457437,-0.2539740316064002,-0.19450524971354793,-0.2824796255307358,-0.17990514410669717,-0.25577960642315384,-0.19187004487330225,-0.3054059226109379,-0.20469656584560897,-0.27877124333015,-0.20333190507805815,-0.3476200211118875,-0.4374781496794189,-0.22224592105653915,-0.22818528846354325,-0.3924347101102085,-0.31360895648133685,-0.2923122915450799,-0.301917498225789,-0.3769360609920977,-0.19185398650040245,-0.33474194014117964,-0.28899585990216226
species.maturity.size.ratio.sp10,-0.22436891425141917,-0.2249057992972313,-0.12747175884935424,-0.12455544876585181,-0.26876551536546844,-0.19198592188493876,-0.27913207638100607,-0.22477855117275888,-0.22344630490654765,-0.09109483733448503,1.1650590278338802,-0.1522250767919569,-0.15890501036415955,-0.13988057066219253,-0.28330089819115656,-0.19125011093413213,-0.17942899562824505,-0.29576945167207297,-0.10795569160413691,-0.07885882622061549,-0.33090091216985407,-0.08100932339869808,-0.3297565171135653,-0.24945610114334157,-0.25691079445804066,-0.1731863301984519,1.609812374547453,-0.14019991058570044,-0.20648737271578696,-0.07056900741601946,-0.3406515980155288,-0.14741048993590558,-0.22984966442159854,-0.16737213988185204,-0.10300103381535769,-0.15141303569600104,-0.10859073168839413,-0.16884240744733803,-0.23690366465183751,-0.23896724875568984,0.7483584521270216,-0.11303586516341117,-0.13941919805302158,-0.01726715363205431,-0.15805130654359945,-0.22107868469665692,-0.23343823946590753,-0.15018285112520144,-0.13475754913360546,-0.1906900487754219,-0.2703534956489271,-0.23660881356965277,-0.12425178134497285,0.5683764938979193,-0.18144860470515925,-0.1329840898851903,-0.1634378255357939,-0.2304521570954652,-0.18931247747017416,-0.27456809177208724,-0.2222778395795501,-0.2698430572642363,-0.1646703471095546,-0.35152350572753244,-0.33416155451296475,-0.21605069733022944,-0.2149512627074023,-0.4240254577562866,-0.2976969746916269,0.8177191174205704,-0.24595653687265792,-0.05625731525442688,-0.17836897305796307,-0.31745462145621056,-0.2760999093743118
species.maturity.size.ratio.sp11,-0.2048567130261999,-0.20886730651639268,-0.02154636302912721,0.11064162822778183,-0.20642406551379525,-0.18234055607160282,-0.23721649518339732,-0.22187426965090024,-0.060442168781172846,0.18521032585352365,0.36600502419178277,11.899627974362286,1.268688853252082,-0.15398877647206674,-0.27504174485334376,-0.1854411680691165,-0.15815863456279688,-0.2833015483441027,-0.03298722794960963,0.10424451318327678,-0.2581388359496421,-0.061693899764713726,-0.2968356121024697,-0.249795230556706,-0.04734684316333248,-0.14198572041297122,0.0030447254618115975,9.209784390050167,-0.15088005099818694,-0.11382741006003075,-0.3008220759437511,-0.1385775228599302,-0.21279315017077544,-0.13520986894196263,-0.02812587995123499,-0.03149127228579668,-0.11029589852033025,-0.16165813713521174,-0.14940101338830447,-0.14931287208458235,0.09339584194229912,8.015078978831031,-2.3103745395991628e-4,-0.16534949382985958,-0.14587966936892036,-0.19996090084664736,-0.2127066488981883,-0.049370266140290074,0.0660942222287652,-0.18341068833970742,-0.26597920333760827,-0.13228779965595772,0.14837153051935462,0.38457570081110415,8.782194629384692,1.1912685095047362,-0.19950593518489343,-0.23382597591446072,-0.18468816018160084,-0.18737283469872346,-0.19882485506441303,-0.2068515391064855,-0.1456692051224539,0.47529442010767925,0.2081830395065421,-0.21935220040050826,-0.18790779735824162,-0.3690548784810384,-0.034090936382333334,0.28757289778745,4.479013861521799,0.7818285837503065,-0.03214748374436251,-0.2995362123772117,-0.11017597706879989
species.maturity.size.ratio.sp12,-0.22985518080325382,-0.240468825036117,-0.20192051679775794,-0.22638205785455484,-0.29352488133221893,-0.19751409561974,-0.3041825936080212,-0.23463441973666135,-0.22762208636176426,-0.2773841500483375,-0.24218695085461894,-0.18967161803568766,0.3134266512806473,-0.1637262436626305,-0.30688629881300394,-0.19208687354647275,-0.19074413622783776,-0.29395892379269056,-0.14143814755048936,-0.1507063522534659,-0.31560621124711247,-0.11476440661008014,-0.3611686131957101,-0.2898935037793445,-0.269385349895022,-0.1936546052969875,-0.20502260869054392,-0.14339159439538104,3.130479840129259,-0.21127902709751484,-0.39126144424626985,-0.1476871749641745,-0.2420827091324163,-0.16351985704121844,-0.16077155815744362,-0.20585320403693777,-0.11355696369758733,-0.17269254862314143,-0.24578281139982722,-0.23810179048678895,-0.20897073247549516,-0.18109121408894477,0.07011078618378937,-0.10077663629149118,-0.15782112418681576,-0.22406916414357733,-0.23651376319707929,-0.21124131736664434,-0.21707288171077702,-0.19665879325868327,-0.2860360610971845,-0.238759161179976,-0.2690745919345923,-0.22044162901723294,-0.20762318520456882,-0.012489380506038818,-0.17381454290838957,-0.24831532533080153,-0.18992607516687268,-0.27495084795829805,-0.22458155619708775,-0.24057932112189215,-0.18475253541065637,-0.3063022884078038,-0.25445137770303555,-0.22867819645688447,-0.22797761165671673,-0.4434596271777386,-0.19454401246814945,-0.10561349549874312,-0.1786347680083464,-0.24501213841234806,-0.2348726344991422,-0.3275770544359421,-0.2718864436294082
species.maturity.size.ratio.sp13,-0.16016975989751506,0.03374414767089399,0.03285259867713609,0.10758854449531242,3.002107457767382,0.025916851265896036,-0.016170902692203774,0.07408155137173485,-0.028681823114765984,2.182367991095672,1.2054633681898965,0.01998431275876927,4.990564308658436,10.707387406852499,1.1218507275406193,-0.147994701110124,-0.13826672393309855,0.11605174525189743,0.08484071422815219,0.10123324136306783,4.12251339283512,-0.001185895932095258,1.357882276477052,-0.12343342226753314,0.11985738683580496,0.6347534267709524,1.4006472398337257,-0.06406243450696285,1.4794269387256387,11.266276129206533,0.8344807354720989,-0.13518216256089988,-0.1039147372516611,0.13647142663102121,-0.06506595336959985,0.004241632411879925,-0.11006461877541068,-0.10140697472178875,0.014216363553479107,1.1358586138980042,1.7849982524915686,-0.04758198440423312,0.24462336937036075,7.812623587288748,-0.14236286021238662,-0.16288033183421827,-0.02782582849871787,-0.059394654120744406,0.07847898595159088,-0.028425120227635648,-0.04077131565170717,-0.08303097167730925,1.3429540518159457,0.9299765227720099,-0.004642389531897959,2.7406610802363782,8.291004638746754,0.38365374023941795,-0.14756181429010118,1.2962378524042775,-0.08563772690098664,1.2180444038348064,0.7826569812598931,4.124827347618239,2.026261593631336,-0.05708218815279709,-0.0487879101616585,2.2643706638860017,4.084855826372232,3.486020693167061,5.12180603303079,4.659444495205806,5.405196733260922,0.9470525224574752,0.940367402855326
species.maturity.size.ratio.sp14,-0.22762188445985376,-0.2393841420841839,-0.20327862753967343,-0.22118211366478646,-0.28781426050615816,-0.1938351919246466,-0.2936453495626822,-0.22929290020071202,-0.2225478468141959,-0.2852681713284044,-0.2677076584939796,-0.1787597970694606,-0.3206598139591339,-0.16874197244854175,0.09456405775692171,-0.19266291073401523,-0.19093590110577321,-0.3235558689398439,-0.14880721322204596,-0.15599965136700716,-0.33490886392437735,-0.11773480394596247,-0.3473786191884537,-0.25927187020679227,-0.2631251054080148,-0.19314350456615698,-0.20822104472638348,-0.14047664939941637,-0.23337867171802748,-0.240422200777755,3.428941386625056,-0.14817476373573196,-0.2467235487677345,-0.165145308874976,-0.16034024094279445,-0.19193849542219316,-0.10988469987991971,-0.18034263417884697,-0.2367678299843131,-0.23470677835710224,-0.2559666869630632,-0.02979362387787083,-0.19986267783567754,-0.40549323224769535,-0.1578208383024533,-0.22110371202967546,-0.2341927277356546,-0.20938107468460374,-0.2069607606925415,-0.19212963485886855,-0.26467410918824086,-0.22843923782761735,-0.2839272502550849,-0.2528266625317631,-0.199208757963593,-0.2808179834769298,-0.20149871413461118,0.019007096511461263,-0.19052381727554962,-0.19850438421786532,-0.22414293478636466,-0.24086034629197664,-0.19340208033925385,-0.04150090781307506,-0.3832463489796959,-0.18224993394486452,-0.21132192698855914,-0.04739792930258013,-0.32212915038801865,-0.2905724956842981,-0.29009309049942406,-0.37657682866048864,-0.4190712735901686,0.4090102668034213,-0.184755141831923
species.maturity.size.ratio.sp15,-0.2260562054794776,-0.22590412633731516,-0.20202869195811826,-0.19312723952250233,-0.018509828783362724,-0.19307396776582667,-0.21454017819453344,-0.21060094345376676,-0.22384518852646146,-0.28796245722221286,-0.26154583435580736,-0.16140968721978666,-0.18207554636380824,-0.1730682962957682,-0.23825394525057617,7.0087138882412185,-0.18714523023457766,-0.2714052704381479,-0.09875253933591714,-0.10062318684148433,-0.030035627773811666,-0.10260806960656446,-0.30329395571220963,0.08554075366022632,-0.17509772704684945,-0.1442957541685049,-0.16612331722002552,-0.13706409895035795,-0.2109410283084319,-0.09729456215138428,-0.1344755357529747,7.259031534221026,-0.2399676805635904,-0.15599593737274423,-0.17054723616406317,-0.19688902074378645,-0.11454406438812822,-0.14796576053501584,-0.20857135812740837,-0.23592418397698067,-0.23357515627409609,-0.2133306611339549,-0.12802150486845867,-0.20271606845989165,6.204344872481839,-0.22248785534314647,-0.2277928000719332,-0.21894999076030908,-0.20683184048991926,-0.1918141095027577,-0.26781551765985223,-0.23184141631100674,-0.27906730153896625,-0.24508765034725052,-0.18492754464875777,-0.24210835958133964,-0.21036286333885376,-0.23522740581801452,6.734361180265131,-0.18561766240323152,-0.20791537332487134,-0.23934943774879988,-0.1992567454593874,-0.2756295978096557,-0.3430091755371251,-0.2234299701954409,-0.1657714100637848,-0.40723771590928287,-0.26267498335669376,-0.25140280222906275,-0.2526254762979563,-0.24879715459458848,-0.17772769507131336,-0.29203157616323144,2.7740621529407012
species.maturity.size.ratio.sp2,-0.21997388674316073,-0.20217644556725967,-0.04912223167945994,-0.20135286092485977,-0.2728755857463985,-0.18547828910553446,-0.30758248963386664,-0.21002208652180993,-0.2302989907721588,-0.2732163583404511,-0.24422260402071583,-0.179472263665975,-0.28546461689523817,-0.1657960052755333,-0.32119988070371724,-0.19117838172600804,-0.18156559835857428,-0.2647434213512542,0.46224348656582187,-0.15564292561446583,-0.3184394205604763,-0.1110112157499107,-0.35102986592513835,-0.28018449326726624,-0.2922095027737134,-0.19690668751320015,-0.20794745140461032,-0.13935834901718225,-0.2371921950397433,-0.11902220515688122,-0.35836957496380617,-0.14657538208895077,-0.23299361019771317,-0.1567127036875649,-0.10269620683263296,-0.18662556941658784,-0.11253184200298383,-0.18271969760461784,-0.25488838264763664,-0.2539056221119396,-0.21624289490004592,-0.1716195823656885,-0.17406710368961661,0.23355149579698212,-0.15662175270721906,-0.21459140034634486,-0.22323455516628216,-0.07937137534802845,-0.20610660563143543,-0.18631481056900476,-0.2586617903241555,-0.23810746881028866,-0.2646218081556974,-0.2315730147474853,-0.20691371512244783,-0.2550102735253303,-0.18326727929744976,-0.24811869724318986,-0.18958826332029238,-0.2951007893598569,-0.22236749288939323,-0.1483389846131272,-0.18826670012396723,-0.3301588149442055,-0.4046885656019465,-0.18747942523404965,-0.21249008978322234,-0.4429054614837835,-0.31514084979524676,-0.273662673143184,-0.2813793673200317,-0.31988172006993015,-0.17858475607486507,-0.3221235068941464,-0.27904701633496054
species.maturity.size.ratio.sp3,-0.22153256757343107,-0.20762422796730262,-0.19676216745364228,0.004062265751974771,-0.3028123846428256,-0.19049506349700168,-0.3025282763203448,-0.2285716137331619,-0.19245337285393654,-0.2472278519582754,-0.2612090657005705,-0.16742459342137916,-0.3185284596885173,-0.1684799095179144,-0.30600238172818045,-0.18986585168102735,-0.1747981789749669,-0.3084944741027593,-0.14120154095473406,0.14089559360950643,-0.34746971147702105,-0.10351855609629161,-0.26949434433847985,-0.26534035172289683,-0.26296180592906876,-0.17195361086801322,-0.20708810148564016,-0.1385750104261647,-0.2288928756821716,-0.1812918514124855,-0.354048581618983,-0.14393747550426775,-0.23173414703907746,-0.15115010454199687,-0.15228917356420532,-0.181473935323571,-0.11628531557152047,-0.15664034441663996,-0.23655870243310692,-0.24172411655928067,-0.21279944621926997,-0.07595916625497522,-0.1623627042553811,-0.5510264323460188,-0.15395230286769473,-0.2143458622938069,-0.2172519770397194,-0.20971712682070504,-0.16952755481024537,-0.18928680662324707,-0.2676693503735746,-0.21198573735883908,-0.2499862867902071,-0.24200135132306133,-0.18741917267044625,-0.28638000583031864,-0.17450572235627654,-0.23703520619954002,-0.18788939648810568,-0.301022324162057,-0.20447719871223213,-0.2902494345336416,-0.022875923613776755,-0.3637452911578721,-0.3815365444522346,-0.20323049169323962,-0.1797297805627812,-0.4005965447579054,-0.313402539491562,-0.2916592870195326,-0.3176432767301276,-0.38092790368131196,-0.28629393623982424,-0.2952489589783568,-0.2577137928388163
species.maturity.size.ratio.sp4,-0.22948574644213346,-0.1898544861451346,-0.1929234718696688,-0.19283195401212735,-0.19694133232390246,-0.19847936806945646,-0.2539410045328065,-0.20945040868748088,-0.2248625532341247,-0.08566605262839903,-0.20909876935989133,-0.14234261055584133,-0.22070211667752254,-0.11519899381600024,-0.30961233283882006,-0.1878230730469849,-0.18693150184816099,-0.2769254174960121,-0.14188135683245026,-0.14950729427524573,4.9527922677039795,-0.1029551596867838,-0.3293521339301597,-0.2489130970250661,-0.3052817267539814,-0.19033950111231354,-0.19593865996337767,-0.13099260148703226,-0.17264997713807576,-0.13314443112958782,-0.35448040248167895,-0.14570391351067868,-0.2389883035637201,-0.15801543929914802,-0.17003389926291448,-0.18681518534919322,-0.1167884870531481,-0.18118832663441548,-0.2789993849356072,-0.09304298728403516,-0.21526194216868355,-0.16153747445763983,-0.15221548920259798,-0.25791833288940175,-0.15548293711957858,-0.22351409686183155,-0.22235693222526529,-0.1985872762754778,-0.1867830409109085,-0.19717249753002025,-0.2636246862913645,-0.23611810577908876,-0.0028969409717213637,-0.16272836645835892,-0.16988830227773405,-0.22690183286153234,-0.08365839898863665,-0.23509110897168561,-0.18513579251973955,0.1410077080954846,-0.16112098296463478,0.8538959210427444,-0.1342691862134317,1.7830408174661652,0.6075688505249057,-0.01006209128748789,-0.18174585488846393,-0.2903338573512275,1.0054026923616448,0.5977628004410537,0.4296756253698924,-0.04760293801157668,0.7834029066076724,-0.29560189806420845,0.04174032748417613
species.maturity.size.ratio.sp5,-0.23075103306245306,-0.23182904504394833,-0.20364786357404935,-0.20938189171640817,-0.307728073552385,-0.1920550312466267,-0.29927693472290756,-0.2404699408046776,-0.23170889543151413,-0.2944252123975476,-0.27535860571944965,-0.18175057037104694,-0.33757529776388595,-0.1861922588405644,-0.3280149867090846,-0.19202638598747826,-0.18372991709205522,-0.3048967893798778,-0.14373219537875956,-0.15197148235052052,-0.34539121407551654,0.17671880719975888,-0.36243863387318803,-0.26415488042444923,-0.3269699137181637,-0.1941717466076295,-0.21814718243205491,-0.14325174072951696,-0.22875370607207815,-0.16525465575742881,-0.3684905856764196,-0.14796972197790723,-0.23758682472907106,-0.15217460658514362,-0.13388001787851972,-0.20618058712440152,-0.11232520489049619,-0.1881669095425703,-0.27812014463622164,-0.2567037274877775,-0.26572542808507743,-0.18728087881336875,-0.15799863868833428,-0.24914288750896496,-0.1581785926251761,-0.22420171987159238,-0.2309028726139367,-0.2111577849851459,-0.2024297969269445,-0.19349594582021187,-0.27983023951913244,-0.24236576882490096,-0.2904635565746182,-0.26575442150543716,-0.19647441443546398,-0.2878355414728207,-0.18463991360389956,-0.25778011904255577,-0.19008601114671905,-0.2932616962790394,-0.22073271282627502,-0.30012867877868865,-0.1978366733474794,-0.3688722121339687,-0.4333428715444798,-0.2324966834272944,-0.2236681264164029,-0.46659063515875776,-0.3330346039389175,-0.3140183016810243,-0.27061004129134497,-0.38923024707877707,-0.2896773982146382,-0.31887692544839,-0.2825497903927033
species.maturity.size.ratio.sp6,-0.23012142990876852,-0.20373899912665477,-0.19887440175032764,-0.2123593792722613,-0.28964329947658674,-0.1954694887540606,0.2984129288020981,-0.2142059448593823,-0.2288098460276469,-0.25592261294860585,-0.27716718195077694,-0.18879758491344628,-0.3101380951054819,-0.1919998919222944,-0.29345978054556116,-0.19256824945574116,-0.18567286965464763,-0.2856871652425075,-0.14641242464259674,-0.16111922112618568,-0.3499985065912733,-0.11792827811392494,9.22175257109292,-0.2548269441675326,-0.30448997294772606,-0.19143271386432664,-0.20039877906235445,-0.1410347317337733,-0.24392504613388416,-0.2024321803364145,-0.36182275796423746,-0.14711020248809895,-0.23749489079407912,-0.15241277563339845,-0.17125420599223756,-0.1970197647681472,-0.1164568131458533,-0.16427905185218586,-0.23579213558916912,-0.232171569444058,-0.244398624955058,-0.1513618326271025,-0.14783873946826312,-0.28638511368450176,-0.15760763324780092,-0.22419367949532248,-0.22698268071667313,-0.20385920034569904,-0.20394509707923617,-0.19346416851097661,-0.26413924624028884,-0.23728344430015633,-0.26021616467892245,-0.25621453531867233,-0.20895855984701506,-0.2836616517891836,-0.21747762308037855,-0.22885402339228414,-0.19068536582800721,-0.24677827686213677,-0.1286084085189058,0.16810663639519563,-0.14178299128563418,-0.13854957298753043,-0.09189528503469137,0.699202698397416,-0.11519655474386158,2.8096480422682064,-0.29063830303373195,-0.2571880424378085,-0.1444230077550991,-0.039778790546473305,-0.270097813835671,0.5817035280827082,-0.22059547598359802
species.maturity.size.ratio.sp7,-0.2315701242350256,-0.23644392046550164,-0.20894098070907782,-0.22843160505821136,-0.2897239192521412,-0.18941614969475887,-0.3122599968372784,-0.19510928354546123,-0.21625329869329415,-0.2875053182501149,-0.2854710238002535,-0.1895884763574372,-0.31036363808753886,-0.15836689486778247,-0.33309695366058356,-0.19267660145331975,-0.1889380934963986,-0.2980724473188927,-0.14644695874345165,-0.16710345931509218,-0.3446486795956392,-0.12094802828700345,-0.36825616278019735,0.18604810259599686,-0.31045881757548816,-0.19281895565329457,-0.21633119990058675,-0.13703971732204992,-0.2266203809851845,-0.15687874744626584,-0.36383077320402246,-0.14796232350374372,-0.23998930049853875,-0.1575092197778931,-0.1498632132088576,-0.21797292993286657,-0.11295317784121907,-0.16503980921561578,-0.2717860215311052,-0.22836295375706617,-0.25130819947171457,-0.1215969625433348,-0.1335121769018436,-0.2180920754105194,-0.1581764429239265,-0.22516010997368976,-0.2355447195123561,-0.22070308017140722,-0.22075760149150547,-0.18839149094023433,-0.27390538026080796,-0.22313695349027984,-0.2829834406817668,-0.2780535666404062,-0.20819982002675197,-0.2756766858045871,-0.16111236448684804,-0.25015568298486807,-0.19073231718837652,-0.30130714189951147,-0.2299881629698471,-0.28352852762647357,-0.2127373295905525,-0.3602316955037635,-0.4231331005652145,-0.22962919848629165,-0.1779745387395845,-0.48857847317289604,-0.32194727019589187,-0.30093047733137523,-0.2961703042155064,-0.3759999411522358,-0.22496868704266204,-0.33017123189028097,-0.2865845768396335
species.maturity.size.ratio.sp8,-0.225787702836538,-0.23401086912592511,-0.21926856065700226,-0.2179620615898199,-0.29362459632344334,-0.19271982231618676,-0.30108223826272884,-0.23523525614584906,-0.20402527383379915,-0.28336513362740046,-0.26646282959774,-0.17346364558435193,-0.32296772836030285,-0.16794601069336443,-0.3124749130139866,-0.19287450994082336,-0.19256826567206814,-0.31084265757677104,-0.1464692797815236,-0.1628729110964785,-0.34543588003894365,-0.11798531607065307,-0.36262136459989397,-0.31238013806260895,-0.2513004003964201,-0.20285974511408056,-0.19217879098998816,-0.14431265381306332,-0.23852056393631677,-0.14285990991128464,-0.3854328721344007,-0.14799196481247975,-0.24711224168367785,-0.16196215700456731,-0.18788466813214455,-0.20995863500319792,-0.1140929242888134,-0.16752243678241405,-0.251141458571186,-0.27422832821350906,-0.21619934946818958,-0.2222374301457743,-0.15584491660376026,-0.031843077423062326,-0.1586272093869836,-0.21935559545754924,-0.2377650446597447,-0.22743060699942258,-0.21091009526437324,-0.19181238368176626,-0.27332885432946386,-0.20722216747561512,-0.2798560343580123,-0.25547704193109616,-0.18762476517368287,-0.2803495893307764,-0.17740906889140387,-0.2422212391655432,-0.19077312303710903,-0.3070392316404054,-0.2221873836712461,-0.2980128985061209,-0.19735470611644723,-0.37124130387381843,-0.4209150791106123,-0.2300295143228043,-0.22531271574269163,-0.47150425624138037,-0.32886129772600964,-0.29694358140150645,-0.3029625640298106,-0.38537339192817266,-0.22330958982973081,-0.33838567049681284,-0.2854582100744901
species.maturity.size.ratio.sp9,-0.23064006266796602,-0.228871712572043,-0.20244572944761757,-0.21751550327010594,-0.28318495988344355,-0.19280899015092037,-0.3109308788294793,-0.22067408049178938,-0.2261926406309955,-0.09662228593117012,-0.24145703960040205,-0.16728026045650077,-0.3102867598432414,-0.17846659375742271,-0.30283250944874407,-0.19229977574615106,-0.18664756948448638,-0.3072562825419355,-0.14312837573574033,-0.16171102564480613,-0.2975997246574114,-0.10352593211085376,-0.364564185663849,-0.3083837934187077,-0.2797643115300529,0.6103014283740785,-0.19322706395114309,-0.1351741964108841,-0.23755778816014328,-0.15630908255122908,-0.3848457653373543,-0.14752201477262655,-0.24345795717013294,-0.1595588891160914,-0.16257353718722395,-0.2123014942987643,-0.11636582398500062,-0.16130153105640332,-0.2763081920042916,-0.029947549552315888,-0.23037183404869466,-0.09096852403083625,-0.1442780328903372,-0.1781030410152288,-0.1573973088076992,-0.22385680573213443,-0.2350062933036565,-0.21512014975969038,-0.21098680808244116,-0.19271612958717546,-0.27282550618550383,-0.2362462555505061,-0.2178581856509656,-0.2247506316550132,-0.18289228092130244,-0.2582979765130118,-0.19783224807632863,-0.24415629516423942,-0.1902061392201261,-0.2996582396259736,-0.23238129660491502,-0.2749591224856248,-0.20249075480150752,-0.35427452047274277,-0.4174985273682515,-0.23647690267376553,-0.21701877943263925,-0.4705044686229864,0.02361553540113602,-0.281123806613698,-0.2790860453912743,-0.30883875528315835,-0.276861016480457,-0.32981697122466275,-0.28310766889777317
