species,param_id,param_name,mu,mu_star,sigma,n_ee
sp0,1,mortality.additional.rate.sp0,-2.48407166812408,1774.07044669796,2824.0897682581,1000
sp0,2,mortality.additional.rate.sp1,11.6017776119898,991.305605078067,1735.35001513358,1000
sp0,3,mortality.additional.rate.sp2,84.2348363876308,1412.20297546789,2497.75608340259,1000
sp0,4,mortality.additional.rate.sp3,-86.68408584071,1392.54424281145,2457.58537132383,1000
sp0,5,mortality.additional.rate.sp4,-1.86504083542945,918.920579091762,1545.64751482213,1000
sp0,6,mortality.additional.rate.sp5,-580.84972322365,6878.39656861782,10413.8783722867,1000
sp0,7,mortality.additional.rate.sp6,-167.563042599834,1010.13357026562,1770.78479981735,1000
sp0,8,mortality.additional.rate.sp7,-26.1378262671279,1023.71940928617,1737.17509749438,1000
sp0,9,mortality.additional.rate.sp8,28.9536147219026,957.874675254451,1635.65503697747,1000
sp0,10,mortality.additional.rate.sp9,-8.29939847553364,979.728948749278,1685.90631884113,1000
sp0,11,mortality.additional.rate.sp10,24.9205985376401,1018.8146774001,1695.03933485397,1000
sp0,12,mortality.additional.rate.sp11,7.09226642750646,918.545302805528,1555.23288846826,1000
sp0,13,mortality.additional.rate.sp12,-81.5074887744958,981.312269844388,1676.42129864732,1000
sp0,14,mortality.additional.rate.sp13,-22.4494863671733,958.223636546803,1596.62652550448,1000
sp0,15,mortality.additional.rate.sp14,-47.3842114215692,969.492633128583,1639.64634466351,1000
sp0,16,mortality.additional.rate.sp15,-80.491308223995,971.813355046211,1684.00230480447,1000
sp0,17,fisheries.rate.base.fsh0,132.554365322757,13325.8252849146,18801.9168248703,1000
sp0,18,fisheries.rate.base.fsh1,-65.3459551276932,1064.47765832424,1823.79173390697,1000
sp0,19,fisheries.rate.base.fsh2,5.18286625322748,1893.31892041669,2962.81633290543,1000
sp0,20,fisheries.rate.base.fsh3,-4.40707186826781,1491.84430626236,2451.03886342882,1000
sp0,21,species.catchability.fsh0.sp0,-1112.02802425501,18798.9027880949,26105.3725280194,1000
sp0,22,species.catchability.fsh0.sp1,72.8813006357855,1029.40129398115,1850.87070616726,1000
sp0,23,species.catchability.fsh0.sp2,12.0808703419192,1033.94554462194,1873.56008194919,1000
sp0,24,species.catchability.fsh0.sp3,-65.7190338425993,1792.3405124171,3053.09511545165,1000
sp0,25,species.catchability.fsh0.sp5,33.6033738592798,3607.31869622994,5460.5557735731,1000
sp0,26,species.catchability.fsh0.sp7,-57.4973295662505,876.681414871945,1531.13405562561,1000
sp0,27,species.catchability.fsh0.sp8,7.86448430306055,1313.86110777805,2254.53284271905,1000
sp0,28,species.catchability.fsh0.sp9,23.6720066595948,949.414093758305,1639.42465042433,1000
sp0,29,species.catchability.fsh0.sp10,-6.48066024273223,972.378092240779,1634.93373126544,1000
sp0,30,species.catchability.fsh0.sp13,-36.5700928222526,1005.82590139279,1737.55991262322,1000
sp0,31,species.catchability.fsh0.sp14,-11.5313436905434,944.015134278467,1570.94317977441,1000
sp0,32,species.catchability.fsh0.sp15,55.134153126463,951.723417785526,1582.33413039117,1000
sp0,33,species.catchability.fsh1.sp9,-17.717135929361,966.4100610025,1709.77190612106,1000
sp0,34,species.catchability.fsh1.sp10,45.9896885093673,1095.04735839136,1872.67867886835,1000
sp0,35,species.catchability.fsh1.sp11,44.471761725715,974.775797377127,1706.01686972634,1000
sp0,36,species.catchability.fsh1.sp12,-58.3407446909731,997.534717855566,1743.48254815912,1000
sp0,37,species.catchability.fsh2.sp0,9.20239176988498,2317.24035796459,3549.32253216155,1000
sp0,38,species.catchability.fsh2.sp5,-44.9124603368797,1079.46332654661,1815.14611883901,1000
sp0,39,species.catchability.fsh2.sp7,-54.4072666755464,1008.23226082215,1740.17737770797,1000
sp0,40,species.catchability.fsh2.sp8,34.4212923772225,976.640756763086,1681.7796852175,1000
sp0,41,species.catchability.fsh3.sp0,-61.8084014277821,2178.01357433889,3339.16596338668,1000
sp0,42,species.catchability.fsh3.sp1,39.0892698514581,946.891936748596,1679.57503317837,1000
sp0,43,species.catchability.fsh3.sp2,11.6543243896248,1026.87626508155,1791.44701586252,1000
sp0,44,species.catchability.fsh3.sp3,-86.0354340043067,976.524460601634,1633.06292888789,1000
sp0,45,species.catchability.fsh3.sp5,-36.114767573738,1067.33643977253,1731.01486589768,1000
sp0,46,species.catchability.fsh3.sp7,25.380906484183,1018.81627192097,1715.56774985226,1000
sp0,47,species.catchability.fsh3.sp8,-124.954832970849,927.319533604189,1583.86108351228,1000
sp0,48,species.catchability.fsh3.sp9,-18.7489776336779,967.615501001542,1685.70533125534,1000
sp0,49,species.catchability.fsh3.sp10,-4.55380146016743,963.036986733309,1633.9938187052,1000
sp0,50,species.catchability.fsh3.sp11,2.01913474402607,912.633152212101,1562.30596068648,1000
sp0,51,species.catchability.fsh3.sp12,87.3575971596958,920.183503965336,1557.25198522374,1000
sp0,52,species.catchability.fsh3.sp13,15.4220036401101,988.621436758004,1711.37048178403,1000
sp0,53,species.catchability.fsh3.sp14,70.2617396323337,956.80349100826,1625.93433094089,1000
sp0,54,species.catchability.fsh3.sp15,24.2605706031348,1007.06982249535,1730.36133235376,1000
sp0,55,species.length2weight.condition.factor.sp0,333.726815134254,26376.1842456439,38833.5057438563,1000
sp0,56,species.length2weight.condition.factor.sp1,-55.2999827894267,1007.47635310276,1707.76082289274,1000
sp0,57,species.length2weight.condition.factor.sp2,15.2564204390292,1390.99723187521,2556.55563733608,1000
sp0,58,species.length2weight.condition.factor.sp3,47.5036213349354,1491.84932424739,2620.96288175669,1000
sp0,59,species.length2weight.condition.factor.sp4,-42.8037481266716,1032.2708802226,1764.82671745598,1000
sp0,60,species.length2weight.condition.factor.sp5,-33.0125389999818,946.074816391141,1664.66952109142,1000
sp0,61,species.length2weight.condition.factor.sp6,46.9095597728033,956.487917777557,1684.11682275683,1000
sp0,62,species.length2weight.condition.factor.sp7,-63.0444964271334,976.272194389256,1682.24718487228,1000
sp0,63,species.length2weight.condition.factor.sp8,-51.7276183785672,962.984146077186,1674.07826299396,1000
sp0,64,species.length2weight.condition.factor.sp9,32.9597034445445,1009.98097664875,1694.66070536115,1000
sp0,65,species.length2weight.condition.factor.sp10,17.0429216837495,1037.07966202833,1781.63549287558,1000
sp0,66,species.length2weight.condition.factor.sp11,-56.0520568418016,995.270640611013,1655.69702337356,1000
sp0,67,species.length2weight.condition.factor.sp12,46.9646480484183,949.195896993352,1638.77255827023,1000
sp0,68,species.length2weight.condition.factor.sp13,-18.4187075424469,1023.60431694892,1782.1669735969,1000
sp0,69,species.length2weight.condition.factor.sp14,54.241779032642,1019.80839058215,1805.25196533689,1000
sp0,70,species.length2weight.condition.factor.sp15,159.185185648826,987.405614932709,1688.18543317937,1000
sp0,71,species.k.sp0,-1437.78997479096,93494.9747676565,127919.62644482,1000
sp0,72,species.k.sp1,12.5294990413516,1106.57163591602,1939.67381984087,1000
sp0,73,species.k.sp2,59.3547292170949,3413.04019942973,6524.39113302791,1000
sp0,74,species.k.sp3,-227.273340699186,3122.27785594678,5639.59742767764,1000
sp0,75,species.k.sp4,-146.360025656874,1278.56693665786,2178.93382481757,1000
sp0,76,species.k.sp5,-529.392856632896,7481.77519753505,11672.2731444301,1000
sp0,77,species.k.sp6,-71.3396417294186,1106.44961807745,1943.24685215307,1000
sp0,78,species.k.sp7,58.3156486639377,991.995195837138,1724.22088470461,1000
sp0,79,species.k.sp8,37.0244603586502,2165.90777097736,3542.27525135295,1000
sp0,80,species.k.sp9,-16.147732453283,1296.70354711591,2094.90276568434,1000
sp0,81,species.k.sp10,7.20303618582166,1183.35097889444,2072.83000114686,1000
sp0,82,species.k.sp11,-26.7438354780271,1064.72898939081,1787.11618878178,1000
sp0,83,species.k.sp12,151.631785426646,1077.39975477158,1877.73057877547,1000
sp0,84,species.k.sp13,156.664041183854,1607.67069403601,2857.79422125393,1000
sp0,85,species.k.sp14,-18.212388709278,1271.50770050109,2181.80614269128,1000
sp0,86,species.k.sp15,1.9997533963895,915.286456997337,1607.56913990825,1000
sp0,87,species.l0.sp0,-962.595647455723,17932.5665058585,28812.2294843063,1000
sp0,88,species.l0.sp1,89.4551310460254,1105.820653322,1854.8752295493,1000
sp0,89,species.l0.sp2,133.687384012267,2813.48589271873,5584.1512673446,1000
sp0,90,species.l0.sp3,103.224762886849,1372.85861532313,2405.02880661509,1000
sp0,91,species.l0.sp4,-11.7281115623341,1176.376175625,2023.366060285,1000
sp0,92,species.l0.sp5,19.7274814424643,1010.26404650344,1654.36387371,1000
sp0,93,species.l0.sp6,-58.7919422486431,999.213979774376,1708.20821721561,1000
sp0,94,species.l0.sp7,14.8750058537964,956.193425947445,1653.39401472678,1000
sp0,95,species.l0.sp8,-13.2191629924562,1087.65975830658,1850.29506808035,1000
sp0,96,species.l0.sp9,61.3628624335361,1401.78732395678,2313.65144704812,1000
sp0,97,species.l0.sp10,-53.92345221317,1615.08866693675,2940.61749055021,1000
sp0,98,species.l0.sp11,96.8861152224258,930.625203468518,1627.81491667438,1000
sp0,99,species.l0.sp12,-0.209366120383914,982.791933337727,1666.7402400362,1000
sp0,100,species.l0.sp13,27.1384930472547,961.864614831707,1660.82070693195,1000
sp0,101,species.l0.sp14,-46.4141173621426,940.052669901638,1626.33546022283,1000
sp0,102,species.l0.sp15,2.36665877851442,994.527573429642,1643.48977832087,1000
sp0,103,mortality.additional.larva.rate.sp0,-2121.14053427835,89122.3825345417,127126.212916962,1000
sp0,104,mortality.additional.larva.rate.sp1,95.9244988342718,1047.92470370918,1845.76096947217,1000
sp0,105,mortality.additional.larva.rate.sp2,543.817011493625,8354.031035768,18170.0145965363,1000
sp0,106,mortality.additional.larva.rate.sp3,42.2634155669114,6850.05371082392,13863.9990248055,1000
sp0,107,mortality.additional.larva.rate.sp4,32.6115247835398,976.183031358561,1690.72000561065,1000
sp0,108,mortality.additional.larva.rate.sp5,-15.4557669548544,966.508987156037,1689.95546949293,1000
sp0,109,mortality.additional.larva.rate.sp6,-16.1729778396701,939.784860266877,1595.21025622632,1000
sp0,110,mortality.additional.larva.rate.sp9,3.85309277638642,2004.35054364895,3371.95503231482,1000
sp0,111,mortality.additional.larva.rate.sp10,146.605478905486,2275.51305463713,4257.96726430779,1000
sp0,112,mortality.additional.larva.rate.sp11,52.8539683500503,972.237673970606,1690.47099700007,1000
sp0,113,mortality.additional.larva.rate.sp12,119.32729105034,1037.93470512068,1727.95237897172,1000
sp0,114,mortality.additional.larva.rate.sp13,20.8831637097674,975.555859457712,1704.78534370095,1000
sp0,115,mortality.additional.larva.rate.sp14,-50.5668943804684,955.50894806146,1639.4489560551,1000
sp0,116,mortality.additional.larva.rate.sp15,-74.8423998393248,971.421183325799,1726.69864887257,1000
sp0,117,mortality.additional.larva.rate.mean.sp7,23.9579233131102,1024.2676756001,1745.21373540953,1000
sp0,118,mortality.additional.larva.rate.mean.sp8,35.9094464033035,1158.51136848677,2025.59706419569,1000
sp0,119,species.linf.sp0,12149.2768308001,111537.869431852,161271.800414686,1000
sp0,120,species.linf.sp1,-105.360687097911,1648.92536433242,2973.93802533764,1000
sp0,121,species.linf.sp2,364.108360937961,8911.00290720603,17387.0798430108,1000
sp0,122,species.linf.sp3,-8.16318952765307,10589.7538937175,20360.5958773121,1000
sp0,123,species.linf.sp4,5.24939583214873,2649.95339172541,4661.22053038149,1000
sp0,124,species.linf.sp5,192.139195235143,22917.3408250919,33471.9388829502,1000
sp0,125,species.linf.sp6,-44.9810890721538,1472.19543323775,2487.46752357065,1000
sp0,126,species.linf.sp7,123.539095908432,1259.39422915928,2051.83112531679,1000
sp0,127,species.linf.sp8,-393.395770118798,6092.83196457963,9602.14636916249,1000
sp0,128,species.linf.sp9,49.0982433385801,2729.99915956876,4583.34346604581,1000
sp0,129,species.linf.sp10,5.76709645786794,2350.65919987957,4302.09176431871,1000
sp0,130,species.linf.sp11,-41.9031577538817,1317.70754122317,2366.57186628628,1000
sp0,131,species.linf.sp12,-30.7008895000619,1534.78021113512,2704.8709687371,1000
sp0,132,species.linf.sp13,68.3798357229218,1284.08142466095,2249.49293652503,1000
sp0,133,species.linf.sp14,117.839341298393,1796.30793068667,3014.7804520818,1000
sp0,134,species.linf.sp15,-41.1757423417203,1093.22064151268,1863.96632675598,1000
sp0,135,species.accessibility2fish.sp16,9.21844834936167,1058.01709650028,1821.56469208765,1000
sp0,136,species.accessibility2fish.sp17,4.18094152121088,915.082947571872,1554.6866236308,1000
sp0,137,species.accessibility2fish.sp18,-39.95147386455,976.992840897996,1661.66238027491,1000
sp0,138,species.accessibility2fish.sp19,-46.6577073662548,956.25845601379,1605.79340314163,1000
sp0,139,species.accessibility2fish.sp20,-10.1273222397955,990.117125786069,1748.14231548297,1000
sp0,140,species.accessibility2fish.sp21,2.57148767155234,1500.51424937928,3193.60026381747,1000
sp0,141,species.accessibility2fish.sp22,46.3462930890887,1028.62513811602,1846.2336254418,1000
sp0,142,species.accessibility2fish.sp23,-54.0589694699614,1070.15203858456,1794.27175093036,1000
sp0,143,species.accessibility2fish.sp24,-72.2289348518224,7958.79662541133,15281.9190203366,1000
sp0,144,species.accessibility2fish.sp25,-7.50596600832201,989.319700292587,1611.24727388945,1000
sp0,145,species.accessibility2fish.sp26,110.023115920118,1553.06210727857,3429.06054466262,1000
sp0,146,species.maturity.size.ratio.sp0,-3315.90628048585,94682.8466118281,144553.234712584,1000
sp0,147,species.maturity.size.ratio.sp1,-57.4536522616335,961.476891672837,1660.92634377101,1000
sp0,148,species.maturity.size.ratio.sp2,-17.9232491245881,1120.9086758504,1947.25130288928,1000
sp0,149,species.maturity.size.ratio.sp3,127.594102709392,1098.91213777458,1947.47934090574,1000
sp0,150,species.maturity.size.ratio.sp4,-12.6217211953195,986.674662076068,1692.69600287261,1000
sp0,151,species.maturity.size.ratio.sp5,-91.9004767798832,968.818584821397,1586.14813658529,1000
sp0,152,species.maturity.size.ratio.sp6,81.3207302695717,977.703719913663,1625.45487653682,1000
sp0,153,species.maturity.size.ratio.sp7,-38.997413039903,957.259342021231,1604.46669713065,1000
sp0,154,species.maturity.size.ratio.sp8,3.3248466246778,1038.86248359589,1790.37975450183,1000
sp0,155,species.maturity.size.ratio.sp9,92.9078301507666,970.38462994123,1625.95522981449,1000
sp0,156,species.maturity.size.ratio.sp10,-98.8313250688674,1058.88482333859,1800.42220633084,1000
sp0,157,species.maturity.size.ratio.sp11,56.8524487639287,1334.24644250929,2304.71964867854,1000
sp0,158,species.maturity.size.ratio.sp12,-40.3242789052715,981.461101459242,1712.15138211219,1000
sp0,159,species.maturity.size.ratio.sp13,72.2951899319749,1964.88117342913,3572.45211084068,1000
sp0,160,species.maturity.size.ratio.sp14,-34.8712134062007,1012.97800158283,1742.31652512131,1000
sp0,161,species.maturity.size.ratio.sp15,56.9385235308124,1035.07329950241,1800.40428822526,1000
sp0,162,predation.predPrey.sizeRatio.teta.sp0.stage1,114.140290967609,1752.28564960228,3113.7395017375,1000
sp0,163,predation.predPrey.sizeRatio.alpha.sp0.stage1,-2072.11140241528,30711.8975904394,51878.625215727,1000
sp0,164,predation.predPrey.sizeRatio.teta.sp1.stage1,-49.4476986305831,1043.40585909811,1745.97049454056,1000
sp0,165,predation.predPrey.sizeRatio.alpha.sp1.stage1,152.987058475566,1774.75485071689,3146.13920234331,1000
sp0,166,predation.predPrey.sizeRatio.teta.sp2.stage1,36.473003102703,1060.71118174384,1871.23935810296,1000
sp0,167,predation.predPrey.sizeRatio.alpha.sp2.stage1,296.135918618112,4935.05040720532,10807.3515967287,1000
sp0,168,predation.predPrey.sizeRatio.teta.sp3.stage1,33.0346539693517,1165.07031956979,1959.08955870288,1000
sp0,169,predation.predPrey.sizeRatio.alpha.sp3.stage1,-97.6848904238094,8206.65564569754,14873.9126833452,1000
sp0,170,predation.predPrey.sizeRatio.teta.sp4.stage1,65.9230587015823,975.497743016123,1671.58778074011,1000
sp0,171,predation.predPrey.sizeRatio.alpha.sp4.stage1,-159.398700477955,2210.6608911181,4254.58172577556,1000
sp0,172,predation.predPrey.sizeRatio.teta.sp5.stage1,-52.0999925028974,938.740725746591,1578.67688523331,1000
sp0,173,predation.predPrey.sizeRatio.teta.sp5.stage2,27.5486503937667,7562.12108393702,12568.0276030153,1000
sp0,174,predation.predPrey.sizeRatio.alpha.sp5.stage1,105.573952180572,972.258060540475,1672.58056768251,1000
sp0,175,predation.predPrey.sizeRatio.alpha.sp5.stage2,-28.6598903083101,5903.87979258357,9452.13804772604,1000
sp0,176,predation.predPrey.sizeRatio.teta.sp6.stage1,-10.9450056979386,1038.99223418877,1749.662103489,1000
sp0,177,predation.predPrey.sizeRatio.alpha.sp6.stage1,-88.2256534331812,1083.16156219487,1845.95140152926,1000
sp0,178,predation.predPrey.sizeRatio.teta.sp7.stage1,-54.8743075796198,1002.50348576103,1786.36220174793,1000
sp0,179,predation.predPrey.sizeRatio.alpha.sp7.stage1,146.672426629182,1188.45139573038,2117.14691950106,1000
sp0,180,predation.predPrey.sizeRatio.teta.sp8.stage1,35.3098915459497,962.406462630153,1662.17888698493,1000
sp0,181,predation.predPrey.sizeRatio.alpha.sp8.stage1,-72.722291123407,4043.82631188193,6498.24998553331,1000
sp0,182,predation.predPrey.sizeRatio.teta.sp9.stage1,142.515103496101,987.68867389995,1686.82144937994,1000
sp0,183,predation.predPrey.sizeRatio.alpha.sp9.stage1,-132.657439209646,2475.95745235438,4895.05425083804,1000
sp0,184,predation.predPrey.sizeRatio.teta.sp10.stage1,86.1523282321893,936.383813500412,1587.71194724165,1000
sp0,185,predation.predPrey.sizeRatio.alpha.sp10.stage1,58.8444673101889,1282.5317821781,2163.19416582733,1000
sp0,186,predation.predPrey.sizeRatio.teta.sp11.stage1,56.690156953813,1011.43907392047,1699.15785183778,1000
sp0,187,predation.predPrey.sizeRatio.alpha.sp11.stage1,65.519892193842,1048.91702043019,1763.53384291886,1000
sp0,188,predation.predPrey.sizeRatio.teta.sp12.stage1,34.3254179893524,1038.06878375286,1822.25919211466,1000
sp0,189,predation.predPrey.sizeRatio.alpha.sp12.stage1,23.3789876787858,1208.97394642089,2049.97751923054,1000
sp0,190,predation.predPrey.sizeRatio.teta.sp13.stage1,-9.65399936476407,999.790249689441,1705.39015656709,1000
sp0,191,predation.predPrey.sizeRatio.alpha.sp13.stage1,-54.7741300042896,1154.40541449473,1951.70659848487,1000
sp0,192,predation.predPrey.sizeRatio.teta.sp14.stage1,-2.91412038402803,905.572708454491,1554.11859357785,1000
sp0,193,predation.predPrey.sizeRatio.alpha.sp14.stage1,-70.0099212281646,1441.7109190195,2341.26377543356,1000
sp0,194,predation.predPrey.sizeRatio.teta.sp15.stage1,28.59860303088,979.129543120579,1638.90843324828,1000
sp0,195,predation.predPrey.sizeRatio.alpha.sp15.stage1,-60.7743689027274,1448.88945583231,2540.72828219578,1000
sp1,1,mortality.additional.rate.sp0,-1.30962181291663,413.170523009028,551.134427988301,1000
sp1,2,mortality.additional.rate.sp1,23.1006951495831,410.289665727083,539.75249549579,1000
sp1,3,mortality.additional.rate.sp2,18.5479777213891,510.757348577778,667.544272040392,1000
sp1,4,mortality.additional.rate.sp3,-30.7684121256945,474.344055164583,622.594578607533,1000
sp1,5,mortality.additional.rate.sp4,-1.46444000791649,411.979747731805,547.500696458501,1000
sp1,6,mortality.additional.rate.sp5,31.4680727608334,519.008936446389,672.605217946048,1000
sp1,7,mortality.additional.rate.sp6,-0.824025337916667,432.141708962639,569.039969792512,1000
sp1,8,mortality.additional.rate.sp7,-1.32401495430566,570.316541494583,735.839477468413,1000
sp1,9,mortality.additional.rate.sp8,7.33059711902787,431.357863108472,595.135376948287,1000
sp1,10,mortality.additional.rate.sp9,-8.15189392402765,412.179899319028,553.947353033122,1000
sp1,11,mortality.additional.rate.sp10,-16.5767570927779,422.547621025833,578.577854918504,1000
sp1,12,mortality.additional.rate.sp11,9.01330698041684,426.781148887917,561.527981889421,1000
sp1,13,mortality.additional.rate.sp12,18.7451828540279,405.361423301528,544.750507011488,1000
sp1,14,mortality.additional.rate.sp13,-19.3034526873611,412.627433208472,556.598092122349,1000
sp1,15,mortality.additional.rate.sp14,24.7843229433333,417.200964360833,552.120204335686,1000
sp1,16,mortality.additional.rate.sp15,9.96704970138891,420.735115492222,569.298336839626,1000
sp1,17,fisheries.rate.base.fsh0,32.5576548043059,1091.12569781542,1603.42459619592,1000
sp1,18,fisheries.rate.base.fsh1,-30.6994025518055,512.097652994861,662.249461234622,1000
sp1,19,fisheries.rate.base.fsh2,-19.057702729722,426.092385574723,576.291740507547,1000
sp1,20,fisheries.rate.base.fsh3,-7.46318290472243,427.158244035833,571.473507409532,1000
sp1,21,species.catchability.fsh0.sp0,12.1434999476391,442.587068646528,589.148369978975,1000
sp1,22,species.catchability.fsh0.sp1,-105.399945264445,1314.39117130222,1759.51053694749,1000
sp1,23,species.catchability.fsh0.sp2,4.31681534180559,457.089339222639,609.712429526174,1000
sp1,24,species.catchability.fsh0.sp3,3.3941579223611,520.924254865972,739.008256792957,1000
sp1,25,species.catchability.fsh0.sp5,21.3051072188889,430.746163034444,580.803322887277,1000
sp1,26,species.catchability.fsh0.sp7,-13.8039846359724,431.786411737917,580.262602542667,1000
sp1,27,species.catchability.fsh0.sp8,25.47429066875,532.34701193625,710.557771562129,1000
sp1,28,species.catchability.fsh0.sp9,-13.4485100351388,410.592979905695,546.236573546775,1000
sp1,29,species.catchability.fsh0.sp10,11.9540090172221,415.620918755,561.555418973028,1000
sp1,30,species.catchability.fsh0.sp13,-14.5060603197223,428.484251243611,557.327673810817,1000
sp1,31,species.catchability.fsh0.sp14,5.12155546972235,431.786695894166,572.443932948715,1000
sp1,32,species.catchability.fsh0.sp15,15.1445370572223,405.2178137525,534.835300534556,1000
sp1,33,species.catchability.fsh1.sp9,19.2694648095832,448.996082112083,580.462487145581,1000
sp1,34,species.catchability.fsh1.sp10,15.603916365139,434.18438130375,578.805516376219,1000
sp1,35,species.catchability.fsh1.sp11,9.13980443930546,420.069953223472,550.602201009228,1000
sp1,36,species.catchability.fsh1.sp12,-16.7862780876388,435.412909632361,588.400763909142,1000
sp1,37,species.catchability.fsh2.sp0,26.1803967084722,404.58974518375,539.515286169635,1000
sp1,38,species.catchability.fsh2.sp5,34.0882829476388,419.547268510417,552.757204812116,1000
sp1,39,species.catchability.fsh2.sp7,-13.5912413359722,421.071940149583,562.939435202402,1000
sp1,40,species.catchability.fsh2.sp8,-8.67189607763882,420.882698326805,562.353749355304,1000
sp1,41,species.catchability.fsh3.sp0,4.97511275236133,418.860525090972,553.494634220784,1000
sp1,42,species.catchability.fsh3.sp1,40.2349703097223,454.404497619723,612.714135245222,1000
sp1,43,species.catchability.fsh3.sp2,-29.0604819662502,418.231511180972,548.5502644286,1000
sp1,44,species.catchability.fsh3.sp3,-16.4831333829167,433.044084309861,595.189859449318,1000
sp1,45,species.catchability.fsh3.sp5,-4.1904343561108,402.642029937778,539.48733075114,1000
sp1,46,species.catchability.fsh3.sp7,-22.7982660499999,426.836258238055,573.882355499143,1000
sp1,47,species.catchability.fsh3.sp8,5.92098474624992,438.035579785417,595.643141745901,1000
sp1,48,species.catchability.fsh3.sp9,43.2606505518056,413.156046571527,559.147493203828,1000
sp1,49,species.catchability.fsh3.sp10,9.37260042250003,415.039260021944,561.203291810266,1000
sp1,50,species.catchability.fsh3.sp11,5.22964238319447,436.34555048875,576.650283845413,1000
sp1,51,species.catchability.fsh3.sp12,-17.7911813459722,420.53357747625,555.832158661893,1000
sp1,52,species.catchability.fsh3.sp13,9.33286286625001,422.744576011528,563.507181825693,1000
sp1,53,species.catchability.fsh3.sp14,4.47948999263902,403.313341967083,537.105742658234,1000
sp1,54,species.catchability.fsh3.sp15,4.54453539458355,428.692655089028,563.824510660169,1000
sp1,55,species.length2weight.condition.factor.sp0,6.30980516152778,451.625197725139,591.586352952928,1000
sp1,56,species.length2weight.condition.factor.sp1,-51.4425094302777,518.863798633056,658.743007944142,1000
sp1,57,species.length2weight.condition.factor.sp2,-8.95316572500009,641.188512140555,829.731795714334,1000
sp1,58,species.length2weight.condition.factor.sp3,17.8524857991666,599.804447419722,806.72406031543,1000
sp1,59,species.length2weight.condition.factor.sp4,-10.4843358802777,447.989131278889,593.345589768505,1000
sp1,60,species.length2weight.condition.factor.sp5,-6.78002379444432,449.450187163056,627.778436666903,1000
sp1,61,species.length2weight.condition.factor.sp6,20.4255688631944,423.783700585972,557.856230075926,1000
sp1,62,species.length2weight.condition.factor.sp7,-24.2433395886109,424.672501331944,560.620018041996,1000
sp1,63,species.length2weight.condition.factor.sp8,9.57070619847215,461.857559384861,617.500897370855,1000
sp1,64,species.length2weight.condition.factor.sp9,-49.2387697997222,431.164900362778,583.854014142556,1000
sp1,65,species.length2weight.condition.factor.sp10,7.5992379837497,415.164373060694,550.485547121641,1000
sp1,66,species.length2weight.condition.factor.sp11,-13.2571288713889,421.942897152778,556.224211666776,1000
sp1,67,species.length2weight.condition.factor.sp12,-11.9526622930558,429.639324457778,586.364005625669,1000
sp1,68,species.length2weight.condition.factor.sp13,-18.9595237698611,432.260954800694,575.764435474831,1000
sp1,69,species.length2weight.condition.factor.sp14,7.12126128583334,436.569685778334,585.21453380735,1000
sp1,70,species.length2weight.condition.factor.sp15,34.6758502163889,442.729643881389,588.169311611026,1000
sp1,71,species.k.sp0,15.1289808502778,731.692650221945,974.096845827156,1000
sp1,72,species.k.sp1,247.856114937083,9852.91362876042,11029.2266864726,1000
sp1,73,species.k.sp2,0.95868370402753,1162.71453107347,1453.44782453272,1000
sp1,74,species.k.sp3,-35.1280591326389,961.626112213472,1307.44851031611,1000
sp1,75,species.k.sp4,-98.3709518380557,1517.91062230889,1659.53013612809,1000
sp1,76,species.k.sp5,-19.4914180202779,502.065357221945,670.022576047189,1000
sp1,77,species.k.sp6,83.0322433898611,1852.45108080375,2019.50784111108,1000
sp1,78,species.k.sp7,-11.7535885998611,461.915299042361,607.593560504234,1000
sp1,79,species.k.sp8,-5.8438651716666,1235.82548931528,1487.03042150537,1000
sp1,80,species.k.sp9,68.5687110636112,871.277052661944,1032.89044915572,1000
sp1,81,species.k.sp10,17.2560045058333,483.885141285,644.944409206849,1000
sp1,82,species.k.sp11,11.4657139955557,437.9954570775,577.096427427695,1000
sp1,83,species.k.sp12,-3.34542341777763,437.194532907223,578.994347224011,1000
sp1,84,species.k.sp13,33.0868930544445,742.119279496389,1036.90589066942,1000
sp1,85,species.k.sp14,31.1781276197223,862.159213443889,1121.68589990179,1000
sp1,86,species.k.sp15,16.2640549643053,440.209195024861,593.975815709916,1000
sp1,87,species.l0.sp0,3.08836666833332,449.102231046389,593.080899619172,1000
sp1,88,species.l0.sp1,50.3145449109721,2641.84061145569,2860.58862639054,1000
sp1,89,species.l0.sp2,45.2811057941668,1297.09132962306,1660.33340059745,1000
sp1,90,species.l0.sp3,-3.97728394291653,564.654186284028,750.247607725002,1000
sp1,91,species.l0.sp4,19.6980871752777,1369.36014946306,1504.44129648558,1000
sp1,92,species.l0.sp5,3.04857803347227,437.919784504028,584.630326260438,1000
sp1,93,species.l0.sp6,4.20637877527768,973.329766200556,1166.56657851533,1000
sp1,94,species.l0.sp7,-15.6742215097224,448.291003760833,597.874448084608,1000
sp1,95,species.l0.sp8,-10.7624165872222,736.455918393611,933.674121753013,1000
sp1,96,species.l0.sp9,29.1069565451392,592.49423319625,766.671542284241,1000
sp1,97,species.l0.sp10,44.6744435724999,486.514735421945,660.863537346747,1000
sp1,98,species.l0.sp11,-24.88726170875,426.693629762361,574.186706674033,1000
sp1,99,species.l0.sp12,23.3549564704166,424.823664155139,571.704942568109,1000
sp1,100,species.l0.sp13,-0.466135276250212,421.740591744306,567.791834799725,1000
sp1,101,species.l0.sp14,7.85883432638894,421.293763823333,572.763127477991,1000
sp1,102,species.l0.sp15,8.03383578472209,433.436437408334,580.814722769927,1000
sp1,103,mortality.additional.larva.rate.sp0,-32.0384505583333,671.046476749444,895.768337879499,1000
sp1,104,mortality.additional.larva.rate.sp1,-2.71934718805521,869.805287753889,1099.46107548711,1000
sp1,105,mortality.additional.larva.rate.sp2,109.106796175417,4228.96104702847,5153.75395409922,1000
sp1,106,mortality.additional.larva.rate.sp3,155.813262856806,2476.88355858708,3399.08763870124,1000
sp1,107,mortality.additional.larva.rate.sp4,-10.7049986098612,439.353265733472,596.646455725245,1000
sp1,108,mortality.additional.larva.rate.sp5,8.80207325472228,415.714697045278,556.499329038176,1000
sp1,109,mortality.additional.larva.rate.sp6,6.88884052013878,425.600884727083,569.491418674325,1000
sp1,110,mortality.additional.larva.rate.sp9,-29.304740787778,857.560798698333,1074.56873258418,1000
sp1,111,mortality.additional.larva.rate.sp10,-1.7499837706943,597.05435670125,793.118600435471,1000
sp1,112,mortality.additional.larva.rate.sp11,7.0498889727778,435.724938856667,589.902116468137,1000
sp1,113,mortality.additional.larva.rate.sp12,-10.5766578886112,436.707047468611,579.700444620151,1000
sp1,114,mortality.additional.larva.rate.sp13,-13.3741590344445,423.329699413056,582.083393260091,1000
sp1,115,mortality.additional.larva.rate.sp14,1.75406174805555,468.122974676389,631.209454163907,1000
sp1,116,mortality.additional.larva.rate.sp15,-18.849886041389,438.011140950833,586.998718561111,1000
sp1,117,mortality.additional.larva.rate.mean.sp7,5.00511034333344,520.613128307222,677.134197139716,1000
sp1,118,mortality.additional.larva.rate.mean.sp8,-4.24183401152779,1043.73705926292,1270.6421811306,1000
sp1,119,species.linf.sp0,40.6280109180555,833.219028823611,1148.2709116495,1000
sp1,120,species.linf.sp1,1009.86816188319,26299.9301989015,28484.7179542102,1000
sp1,121,species.linf.sp2,-24.2367763001388,3279.61853042931,4180.6127276173,1000
sp1,122,species.linf.sp3,-148.514336425972,2267.63350184097,3088.8692443639,1000
sp1,123,species.linf.sp4,15.5992045270834,3917.55853436208,4091.58655776885,1000
sp1,124,species.linf.sp5,30.4394606765278,1173.37813307264,1531.04867365024,1000
sp1,125,species.linf.sp6,-80.1708530641666,4774.03497790722,4990.6003306201,1000
sp1,126,species.linf.sp7,-15.0688344722222,1324.19826797806,1510.3506639149,1000
sp1,127,species.linf.sp8,-119.7608444375,3678.82265643278,4066.83698621334,1000
sp1,128,species.linf.sp9,-13.5617961665279,2295.30915046903,2496.44314846649,1000
sp1,129,species.linf.sp10,-22.0741087486112,733.396748573611,1085.17390107598,1000
sp1,130,species.linf.sp11,9.37211794750026,471.217063119445,639.002709076831,1000
sp1,131,species.linf.sp12,-44.4926825301391,526.754672156806,679.560974822134,1000
sp1,132,species.linf.sp13,-15.3216788958336,597.42929344,798.52499903013,1000
sp1,133,species.linf.sp14,23.6994355879164,1227.12273160264,1509.83903997329,1000
sp1,134,species.linf.sp15,23.7955581266667,464.067016003889,627.727579663506,1000
sp1,135,species.accessibility2fish.sp16,18.3141909173613,412.27755947875,559.805915805163,1000
sp1,136,species.accessibility2fish.sp17,-8.00636158486127,411.831467962639,561.44157518677,1000
sp1,137,species.accessibility2fish.sp18,-5.66946049541653,438.784101644583,569.874454639471,1000
sp1,138,species.accessibility2fish.sp19,-14.6681380581943,418.709510402361,565.392378377931,1000
sp1,139,species.accessibility2fish.sp20,-0.112401346944392,402.351886125,532.960031253847,1000
sp1,140,species.accessibility2fish.sp21,2.73580712611113,486.265709206667,648.609874179816,1000
sp1,141,species.accessibility2fish.sp22,-31.2960876326391,2116.17588917875,3913.4163375974,1000
sp1,142,species.accessibility2fish.sp23,-77.9801081947222,5336.44345405111,5778.73486584261,1000
sp1,143,species.accessibility2fish.sp24,-37.864665786111,1756.30680975944,2657.86999957986,1000
sp1,144,species.accessibility2fish.sp25,14.9654755833334,413.160732776945,551.29850787732,1000
sp1,145,species.accessibility2fish.sp26,11.3378401568056,434.677579018472,590.092819293147,1000
sp1,146,species.maturity.size.ratio.sp0,-87.4542743355554,777.5295310475,1108.27886523879,1000
sp1,147,species.maturity.size.ratio.sp1,26.3053540652779,426.591311288333,572.848012420064,1000
sp1,148,species.maturity.size.ratio.sp2,-44.6581986695834,507.604290152361,685.320006699035,1000
sp1,149,species.maturity.size.ratio.sp3,12.6957635670833,493.402652091806,676.480619564801,1000
sp1,150,species.maturity.size.ratio.sp4,-26.1753249906944,539.725985745139,683.626777870172,1000
sp1,151,species.maturity.size.ratio.sp5,-16.3477877762499,430.303940322084,573.894900057934,1000
sp1,152,species.maturity.size.ratio.sp6,-5.10383756458325,503.530922592639,672.462151976699,1000
sp1,153,species.maturity.size.ratio.sp7,-13.06359124,418.273579045,563.269145809338,1000
sp1,154,species.maturity.size.ratio.sp8,17.2864332559722,424.616217566528,557.803273153564,1000
sp1,155,species.maturity.size.ratio.sp9,0.751303984860844,438.013309439028,569.615119725264,1000
sp1,156,species.maturity.size.ratio.sp10,-46.1813075655556,448.351913438334,595.948960043994,1000
sp1,157,species.maturity.size.ratio.sp11,18.1301316048611,490.162113035972,650.739920511635,1000
sp1,158,species.maturity.size.ratio.sp12,-46.9048241238889,407.781192649445,542.345229470557,1000
sp1,159,species.maturity.size.ratio.sp13,-20.2526891068056,1122.61763506375,1482.10636857627,1000
sp1,160,species.maturity.size.ratio.sp14,7.48018191861114,410.6088156275,560.29673931125,1000
sp1,161,species.maturity.size.ratio.sp15,-21.616574599861,445.749408740417,584.606636949674,1000
sp1,162,predation.predPrey.sizeRatio.teta.sp0.stage1,-39.8887161691667,404.847271336667,547.614964759092,1000
sp1,163,predation.predPrey.sizeRatio.alpha.sp0.stage1,-9.39342326027788,530.170942221667,724.12548093008,1000
sp1,164,predation.predPrey.sizeRatio.teta.sp1.stage1,14.7970911909723,1679.94963506708,2228.93150419583,1000
sp1,165,predation.predPrey.sizeRatio.alpha.sp1.stage1,-2170.84372494889,22896.4490527986,25952.0127326874,1000
sp1,166,predation.predPrey.sizeRatio.teta.sp2.stage1,2.46093536791661,500.509378147916,652.183572742204,1000
sp1,167,predation.predPrey.sizeRatio.alpha.sp2.stage1,-44.4285070668054,866.792128954305,1243.23115120811,1000
sp1,168,predation.predPrey.sizeRatio.teta.sp3.stage1,18.7840419413888,546.120075874722,743.442210162301,1000
sp1,169,predation.predPrey.sizeRatio.alpha.sp3.stage1,-17.7124059204167,1434.42318883014,2623.10224245069,1000
sp1,170,predation.predPrey.sizeRatio.teta.sp4.stage1,6.73395202861094,431.293559478056,579.451106925239,1000
sp1,171,predation.predPrey.sizeRatio.alpha.sp4.stage1,-40.7989062376392,713.137612445417,882.1272223776,1000
sp1,172,predation.predPrey.sizeRatio.teta.sp5.stage1,-9.41804265597228,415.26885899625,555.753255422356,1000
sp1,173,predation.predPrey.sizeRatio.teta.sp5.stage2,-60.4825799277779,922.398670460556,1219.41909216044,1000
sp1,174,predation.predPrey.sizeRatio.alpha.sp5.stage1,6.94054812208338,415.397427904861,550.850762948139,1000
sp1,175,predation.predPrey.sizeRatio.alpha.sp5.stage2,0.530967445555569,552.365934168611,765.718242202589,1000
sp1,176,predation.predPrey.sizeRatio.teta.sp6.stage1,5.51455234166673,738.006317655833,969.817019815598,1000
sp1,177,predation.predPrey.sizeRatio.alpha.sp6.stage1,-4.27495417611105,1221.93910468778,1439.87364402341,1000
sp1,178,predation.predPrey.sizeRatio.teta.sp7.stage1,12.8010386184721,439.897693916528,581.924771434573,1000
sp1,179,predation.predPrey.sizeRatio.alpha.sp7.stage1,-45.1428042527779,779.3913232525,1056.76805758762,1000
sp1,180,predation.predPrey.sizeRatio.teta.sp8.stage1,-18.9746642069444,457.915334835,598.431975345862,1000
sp1,181,predation.predPrey.sizeRatio.alpha.sp8.stage1,38.0104894701388,1357.83731500958,1667.46754838355,1000
sp1,182,predation.predPrey.sizeRatio.teta.sp9.stage1,2.49572281874986,573.384084300417,776.787620593266,1000
sp1,183,predation.predPrey.sizeRatio.alpha.sp9.stage1,17.9096457322222,1253.52526662417,1479.54751733203,1000
sp1,184,predation.predPrey.sizeRatio.teta.sp10.stage1,9.72452095513876,427.098737264306,570.031817178611,1000
sp1,185,predation.predPrey.sizeRatio.alpha.sp10.stage1,-0.152491978333414,656.423381238334,880.575030339482,1000
sp1,186,predation.predPrey.sizeRatio.teta.sp11.stage1,13.8758193563889,418.493132672222,557.764137257658,1000
sp1,187,predation.predPrey.sizeRatio.alpha.sp11.stage1,12.6497354054168,435.623852460417,579.169090271862,1000
sp1,188,predation.predPrey.sizeRatio.teta.sp12.stage1,-9.79673017069466,483.698703645694,645.438131738822,1000
sp1,189,predation.predPrey.sizeRatio.alpha.sp12.stage1,-6.7132264130555,476.16546131,641.127799192759,1000
sp1,190,predation.predPrey.sizeRatio.teta.sp13.stage1,1.31224199555542,424.055808046111,569.247162546901,1000
sp1,191,predation.predPrey.sizeRatio.alpha.sp13.stage1,38.1455933424999,589.806840423889,807.42020444097,1000
sp1,192,predation.predPrey.sizeRatio.teta.sp14.stage1,9.17780167694436,425.7161838825,556.29656456907,1000
sp1,193,predation.predPrey.sizeRatio.alpha.sp14.stage1,-15.494511502361,625.548463379583,807.279130018301,1000
sp1,194,predation.predPrey.sizeRatio.teta.sp15.stage1,26.6061324180557,461.893441403333,625.422898043011,1000
sp1,195,predation.predPrey.sizeRatio.alpha.sp15.stage1,-24.8105619358333,464.483140401389,633.113732962721,1000
sp2,1,mortality.additional.rate.sp0,179.136950409924,2440.93663971522,3628.2278479899,1000
sp2,2,mortality.additional.rate.sp1,-163.986210867015,2462.46784773937,3776.13923785845,1000
sp2,3,mortality.additional.rate.sp2,-404.165975598949,13665.0636229067,17153.7543497966,1000
sp2,4,mortality.additional.rate.sp3,1.84528764978818,2925.51333190317,4411.70964589893,1000
sp2,5,mortality.additional.rate.sp4,233.797236201788,2407.21055616867,3615.87715160241,1000
sp2,6,mortality.additional.rate.sp5,-256.312192105955,2390.89322004376,3607.36291784149,1000
sp2,7,mortality.additional.rate.sp6,159.263944072928,2317.06802102953,3498.40424203815,1000
sp2,8,mortality.additional.rate.sp7,-59.5320012020396,2343.06193668565,3571.22914314032,1000
sp2,9,mortality.additional.rate.sp8,-234.403103470948,2493.03531771147,3827.17096734588,1000
sp2,10,mortality.additional.rate.sp9,257.487670424969,2261.07587062712,3451.96043421569,1000
sp2,11,mortality.additional.rate.sp10,287.546335653424,2422.72042707315,3610.29093103855,1000
sp2,12,mortality.additional.rate.sp11,-60.302292347253,2494.69762575402,3771.15918785115,1000
sp2,13,mortality.additional.rate.sp12,-51.3689941939661,2487.05446652915,3662.87417253053,1000
sp2,14,mortality.additional.rate.sp13,150.347674927535,2360.07912607683,3549.46049575358,1000
sp2,15,mortality.additional.rate.sp14,-215.864975574336,2378.34427858245,3556.88231917297,1000
sp2,16,mortality.additional.rate.sp15,-10.3280279107535,2333.92898292713,3591.84455966311,1000
sp2,17,fisheries.rate.base.fsh0,-50.1063878246232,3180.0010302445,4777.88606352012,1000
sp2,18,fisheries.rate.base.fsh1,164.415789580837,3609.15409717972,5268.56521767223,1000
sp2,19,fisheries.rate.base.fsh2,30.8954216117461,2422.62117449968,3627.70352201227,1000
sp2,20,fisheries.rate.base.fsh3,257.343266713107,2388.53290972339,3623.58463138254,1000
sp2,21,species.catchability.fsh0.sp0,-181.172136665091,2558.16630352818,3935.38774128256,1000
sp2,22,species.catchability.fsh0.sp1,320.867302465876,2294.88444032726,3441.31187914207,1000
sp2,23,species.catchability.fsh0.sp2,252.356479907327,4409.06826287009,6405.68875231143,1000
sp2,24,species.catchability.fsh0.sp3,-101.093255838656,3063.81993100939,4651.80420063061,1000
sp2,25,species.catchability.fsh0.sp5,-160.18998404547,2362.17656688331,3507.06208724858,1000
sp2,26,species.catchability.fsh0.sp7,177.091562147866,2411.66136276775,3584.48399342203,1000
sp2,27,species.catchability.fsh0.sp8,-191.401423416275,2485.147905889,3754.97778120486,1000
sp2,28,species.catchability.fsh0.sp9,-133.854874581034,2477.36008330663,3745.18451995283,1000
sp2,29,species.catchability.fsh0.sp10,170.002155034991,2715.92007153457,4186.88371069827,1000
sp2,30,species.catchability.fsh0.sp13,-217.481833274809,2538.44220667308,3787.81932178136,1000
sp2,31,species.catchability.fsh0.sp14,-20.7102908922158,2305.93290611965,3374.40543260312,1000
sp2,32,species.catchability.fsh0.sp15,74.4043888905355,2420.27019834117,3623.33630856396,1000
sp2,33,species.catchability.fsh1.sp9,-55.9084391058855,2506.76527631147,3701.38800898394,1000
sp2,34,species.catchability.fsh1.sp10,-30.6571972844742,3030.42477171646,4752.64464784346,1000
sp2,35,species.catchability.fsh1.sp11,-85.9127168662652,2509.24468018455,3737.79792502618,1000
sp2,36,species.catchability.fsh1.sp12,-13.5652205523607,2659.1703190383,3970.02344548429,1000
sp2,37,species.catchability.fsh2.sp0,-97.1633954104863,2226.02535838324,3318.03190158684,1000
sp2,38,species.catchability.fsh2.sp5,-60.9022506441385,2407.95523532149,3635.24136213601,1000
sp2,39,species.catchability.fsh2.sp7,32.8915457512313,2240.74155610264,3447.27755229652,1000
sp2,40,species.catchability.fsh2.sp8,-244.295896619403,2412.41315591493,3553.44014848581,1000
sp2,41,species.catchability.fsh3.sp0,36.4354682767022,2297.52745360272,3438.19907079821,1000
sp2,42,species.catchability.fsh3.sp1,109.026982016445,2400.07728847276,3652.13026365618,1000
sp2,43,species.catchability.fsh3.sp2,-24.8374892945103,2347.72236696442,3537.40019516379,1000
sp2,44,species.catchability.fsh3.sp3,225.531536628568,2389.45318573805,3540.97806158175,1000
sp2,45,species.catchability.fsh3.sp5,149.918813918458,2439.23142995831,3579.35477297504,1000
sp2,46,species.catchability.fsh3.sp7,64.0127776640258,2350.53248641337,3517.36472253662,1000
sp2,47,species.catchability.fsh3.sp8,24.3550636776998,2417.65005231927,3622.59531247649,1000
sp2,48,species.catchability.fsh3.sp9,129.027160432996,2415.82708308433,3532.231056877,1000
sp2,49,species.catchability.fsh3.sp10,60.731292310389,2368.6441643793,3485.71510575453,1000
sp2,50,species.catchability.fsh3.sp11,-40.0396888086458,2353.38060807375,3499.98309988733,1000
sp2,51,species.catchability.fsh3.sp12,-76.6989272410459,2329.45896754887,3517.2056619126,1000
sp2,52,species.catchability.fsh3.sp13,99.048314047103,2382.82824071169,3599.47531841222,1000
sp2,53,species.catchability.fsh3.sp14,151.416996033008,2317.80475020333,3474.78824062123,1000
sp2,54,species.catchability.fsh3.sp15,-213.351206329088,2548.61090054455,3883.23263219119,1000
sp2,55,species.length2weight.condition.factor.sp0,-101.704984996539,2965.14218216754,4576.0863865357,1000
sp2,56,species.length2weight.condition.factor.sp1,72.0581297024506,2341.58834745598,3516.87686053254,1000
sp2,57,species.length2weight.condition.factor.sp2,523.816101549981,14909.8053325305,21766.4129316724,1000
sp2,58,species.length2weight.condition.factor.sp3,83.8304350300407,3176.5222369225,4940.77158483967,1000
sp2,59,species.length2weight.condition.factor.sp4,-25.9947022044262,2659.84329857043,4108.50436387103,1000
sp2,60,species.length2weight.condition.factor.sp5,-252.508199548668,2385.3944025148,3579.6564573695,1000
sp2,61,species.length2weight.condition.factor.sp6,-137.291084695413,2312.07852308494,3523.08086351901,1000
sp2,62,species.length2weight.condition.factor.sp7,76.2379543165706,2435.93824345539,3647.41269670996,1000
sp2,63,species.length2weight.condition.factor.sp8,4.14441461239181,2305.89377992483,3428.93123537492,1000
sp2,64,species.length2weight.condition.factor.sp9,-69.6077616380716,2903.37143175407,4324.89296821007,1000
sp2,65,species.length2weight.condition.factor.sp10,-87.9137969375207,2867.03057478063,4408.3340513007,1000
sp2,66,species.length2weight.condition.factor.sp11,-118.987697055706,2456.20302758231,3733.10209409715,1000
sp2,67,species.length2weight.condition.factor.sp12,196.560610889924,2336.05812051549,3535.25412185419,1000
sp2,68,species.length2weight.condition.factor.sp13,-114.596373562416,2420.59700097454,3644.56304837354,1000
sp2,69,species.length2weight.condition.factor.sp14,5.68839676307155,2454.42138788126,3622.05060250141,1000
sp2,70,species.length2weight.condition.factor.sp15,-70.2444502505228,2405.14164669009,3674.61448860481,1000
sp2,71,species.k.sp0,277.863889896889,5420.86469105923,9825.54269307429,1000
sp2,72,species.k.sp1,77.672352239364,2442.28771447588,3614.51043002345,1000
sp2,73,species.k.sp2,501.605380055466,46704.3717982136,57168.9808149782,1000
sp2,74,species.k.sp3,-60.7421299361225,6729.39006086685,11109.3341829,1000
sp2,75,species.k.sp4,-170.370682070027,6290.09351836046,8425.28760780696,1000
sp2,76,species.k.sp5,95.7568847612504,2418.01300105209,3462.10896769783,1000
sp2,77,species.k.sp6,142.694692446281,2444.55783089638,3687.76193466195,1000
sp2,78,species.k.sp7,60.8239055238242,2318.98090597367,3627.80320163926,1000
sp2,79,species.k.sp8,-74.2522374349637,3143.12268390408,4727.93815479231,1000
sp2,80,species.k.sp9,-327.123135208422,5253.06262481376,7617.58858239527,1000
sp2,81,species.k.sp10,-213.649079572121,4568.81074323187,7004.5789922105,1000
sp2,82,species.k.sp11,-177.453333073832,2951.21401523753,4430.00303981593,1000
sp2,83,species.k.sp12,36.9500575114932,2850.59352889655,4339.53648366817,1000
sp2,84,species.k.sp13,-72.8081423402938,5523.68069192613,8412.76667510086,1000
sp2,85,species.k.sp14,143.246077747467,2351.13222333814,3551.62754488383,1000
sp2,86,species.k.sp15,128.435847032411,2337.57108023935,3612.19439873231,1000
sp2,87,species.l0.sp0,19.6953752884504,2766.96335813833,4331.58145287608,1000
sp2,88,species.l0.sp1,-137.514461524414,2401.69849933147,3598.51837620224,1000
sp2,89,species.l0.sp2,152.236603591405,42758.4645765348,53777.9571868366,1000
sp2,90,species.l0.sp3,-56.2301394037954,3206.8295700732,4995.96505215887,1000
sp2,91,species.l0.sp4,318.867032024868,4293.55943232159,5964.3442274499,1000
sp2,92,species.l0.sp5,-62.9623714069555,2275.76421538925,3390.74886464359,1000
sp2,93,species.l0.sp6,95.1585714450633,2367.8132776901,3542.65807034876,1000
sp2,94,species.l0.sp7,42.9553286591277,2293.24594483201,3446.14663751448,1000
sp2,95,species.l0.sp8,-206.89794521614,2698.26716368935,4024.13273481545,1000
sp2,96,species.l0.sp9,-189.516587971433,6200.82521259268,8899.7846992188,1000
sp2,97,species.l0.sp10,204.023375690415,7380.46317569848,11318.3812755749,1000
sp2,98,species.l0.sp11,145.294079772159,2770.11606154065,4320.04632736625,1000
sp2,99,species.l0.sp12,-100.635557226797,2415.2426985307,3580.31368104118,1000
sp2,100,species.l0.sp13,24.2175088856276,2427.41048338512,3626.69526154579,1000
sp2,101,species.l0.sp14,21.5245170952634,2455.40850189781,3735.74247658553,1000
sp2,102,species.l0.sp15,27.0265875576527,2499.04932211895,3724.40364966105,1000
sp2,103,mortality.additional.larva.rate.sp0,49.619072741553,5718.7375450936,10349.2192845684,1000
sp2,104,mortality.additional.larva.rate.sp1,21.2388892437338,2611.16496892812,3921.64699058005,1000
sp2,105,mortality.additional.larva.rate.sp2,-3584.82495846541,154611.128151027,181470.469642048,1000
sp2,106,mortality.additional.larva.rate.sp3,-12.8639734302084,14468.6519181337,23273.6390022808,1000
sp2,107,mortality.additional.larva.rate.sp4,173.681158375295,2394.35664237409,3629.70274291663,1000
sp2,108,mortality.additional.larva.rate.sp5,-32.4982369133465,2327.27379326257,3477.25488351227,1000
sp2,109,mortality.additional.larva.rate.sp6,-169.61542608919,2357.6698482514,3573.46710577475,1000
sp2,110,mortality.additional.larva.rate.sp9,887.370456853915,10763.3998514944,15078.2894258612,1000
sp2,111,mortality.additional.larva.rate.sp10,-625.158106145723,11169.3853504196,17116.2221126571,1000
sp2,112,mortality.additional.larva.rate.sp11,-136.791421769338,2395.95558635138,3712.80483152384,1000
sp2,113,mortality.additional.larva.rate.sp12,-259.502130360574,2762.97321713547,4203.71354957283,1000
sp2,114,mortality.additional.larva.rate.sp13,-82.2679898948516,2290.94049597691,3528.56780517967,1000
sp2,115,mortality.additional.larva.rate.sp14,-33.495030913095,2310.21568995909,3540.61734329597,1000
sp2,116,mortality.additional.larva.rate.sp15,391.335023564575,2480.51832200459,3779.08846869421,1000
sp2,117,mortality.additional.larva.rate.mean.sp7,-94.1835803353259,2374.63487681013,3501.53064728328,1000
sp2,118,mortality.additional.larva.rate.mean.sp8,43.6182884231605,2383.64291762393,3554.98096499005,1000
sp2,119,species.linf.sp0,-796.571473615827,6167.27120140343,11577.7890112166,1000
sp2,120,species.linf.sp1,-74.6686998412092,2789.99153092762,4120.10640552032,1000
sp2,121,species.linf.sp2,-2077.31889552452,146720.591496373,170684.19036846,1000
sp2,122,species.linf.sp3,-1152.20030561321,17448.5255684995,27195.1308546207,1000
sp2,123,species.linf.sp4,891.494968108158,17873.1520664713,23043.391300963,1000
sp2,124,species.linf.sp5,-20.4200098859807,3891.62074054762,5718.06785401653,1000
sp2,125,species.linf.sp6,12.070082372612,2564.00503724773,3745.92276861093,1000
sp2,126,species.linf.sp7,90.3029038250201,2350.26581819054,3583.13508894004,1000
sp2,127,species.linf.sp8,-591.802572783423,6526.51656131594,9312.24041156348,1000
sp2,128,species.linf.sp9,82.3972903767984,14367.7694028716,19734.1470252536,1000
sp2,129,species.linf.sp10,-230.412602438145,13792.6085412378,20463.6646653404,1000
sp2,130,species.linf.sp11,234.784642974676,2919.04913042096,4450.28112232473,1000
sp2,131,species.linf.sp12,559.89629184721,7290.15676497983,10337.7485409242,1000
sp2,132,species.linf.sp13,-15.2095642490745,4466.30671784661,6759.94515932016,1000
sp2,133,species.linf.sp14,79.6178519354096,2283.48950524409,3486.31800646935,1000
sp2,134,species.linf.sp15,-45.5325228136284,2751.26696387129,4179.20824235093,1000
sp2,135,species.accessibility2fish.sp16,-73.867901156103,2349.39943616153,3559.08182479492,1000
sp2,136,species.accessibility2fish.sp17,-94.7174166060393,2289.72021666449,3364.58946275412,1000
sp2,137,species.accessibility2fish.sp18,21.0076764048301,2321.50232452227,3617.22282141964,1000
sp2,138,species.accessibility2fish.sp19,-11.9526556448703,2389.73699579268,3664.0698493016,1000
sp2,139,species.accessibility2fish.sp20,259.457837191769,2372.92161922683,3599.78796189639,1000
sp2,140,species.accessibility2fish.sp21,-108.712010507777,4441.01563978425,7999.14769249916,1000
sp2,141,species.accessibility2fish.sp22,-87.5154554615021,2628.51106822592,3914.88476599301,1000
sp2,142,species.accessibility2fish.sp23,-168.848162012811,2418.72114158753,3623.59581928412,1000
sp2,143,species.accessibility2fish.sp24,-714.022583029254,22573.5690830731,31300.8361263958,1000
sp2,144,species.accessibility2fish.sp25,-35.514605965246,2394.50178338495,3541.42760128243,1000
sp2,145,species.accessibility2fish.sp26,-41.4996028862779,2487.3750869095,3756.0833793919,1000
sp2,146,species.maturity.size.ratio.sp0,233.650055146051,5568.65823740444,10758.6496617438,1000
sp2,147,species.maturity.size.ratio.sp1,7.93835134490611,2348.66480829996,3509.35931599257,1000
sp2,148,species.maturity.size.ratio.sp2,248.681809230152,4971.55082403179,8274.4512043708,1000
sp2,149,species.maturity.size.ratio.sp3,28.7184301109045,2618.88509146327,3931.4373361757,1000
sp2,150,species.maturity.size.ratio.sp4,211.585541327773,2680.05531285913,4114.41999872813,1000
sp2,151,species.maturity.size.ratio.sp5,-74.8863564439047,2509.16043449688,3846.04979692592,1000
sp2,152,species.maturity.size.ratio.sp6,-195.14751856818,2585.22630379915,3876.10484794446,1000
sp2,153,species.maturity.size.ratio.sp7,118.195211941635,2424.8137756017,3597.78701925254,1000
sp2,154,species.maturity.size.ratio.sp8,-112.816933413162,2260.2421553525,3352.889754182,1000
sp2,155,species.maturity.size.ratio.sp9,70.0137137056164,2528.31663197405,3851.8446697145,1000
sp2,156,species.maturity.size.ratio.sp10,155.134977046175,3723.03871401914,5735.66692016486,1000
sp2,157,species.maturity.size.ratio.sp11,388.912940191445,5410.97665335942,8011.76786571421,1000
sp2,158,species.maturity.size.ratio.sp12,111.61729767674,2536.68597863597,3795.91288812145,1000
sp2,159,species.maturity.size.ratio.sp13,110.369676597256,6277.83271383197,10258.0790467329,1000
sp2,160,species.maturity.size.ratio.sp14,-114.05677601901,2515.04426911623,3789.3785876641,1000
sp2,161,species.maturity.size.ratio.sp15,-161.203541342085,2534.96219034278,3792.44117447272,1000
sp2,162,predation.predPrey.sizeRatio.teta.sp0.stage1,-12.7421469749479,2352.10196206322,3640.86867315261,1000
sp2,163,predation.predPrey.sizeRatio.alpha.sp0.stage1,-126.404387123347,3052.78075719006,4805.39149013246,1000
sp2,164,predation.predPrey.sizeRatio.teta.sp1.stage1,110.599730376195,2370.21357339733,3466.07923908837,1000
sp2,165,predation.predPrey.sizeRatio.alpha.sp1.stage1,191.371131234861,2810.97373036989,4166.61834197739,1000
sp2,166,predation.predPrey.sizeRatio.teta.sp2.stage1,128.084411166512,3722.06964394152,5425.63236802835,1000
sp2,167,predation.predPrey.sizeRatio.alpha.sp2.stage1,1419.78445772957,45443.9708559342,62678.2737213268,1000
sp2,168,predation.predPrey.sizeRatio.teta.sp3.stage1,-73.0795800067688,2355.2407874465,3569.027739479,1000
sp2,169,predation.predPrey.sizeRatio.alpha.sp3.stage1,204.554357013252,5842.10680430422,9388.15634325152,1000
sp2,170,predation.predPrey.sizeRatio.teta.sp4.stage1,61.9752057027056,2992.5701671813,4712.28335404833,1000
sp2,171,predation.predPrey.sizeRatio.alpha.sp4.stage1,-314.558038346781,7127.77533620584,10183.2741222323,1000
sp2,172,predation.predPrey.sizeRatio.teta.sp5.stage1,228.939036863802,2441.00528903497,3680.55129897528,1000
sp2,173,predation.predPrey.sizeRatio.teta.sp5.stage2,-28.8057745002827,3427.6410063983,5056.32779133686,1000
sp2,174,predation.predPrey.sizeRatio.alpha.sp5.stage1,-2.64330762190778,2337.16448135168,3643.90418941374,1000
sp2,175,predation.predPrey.sizeRatio.alpha.sp5.stage2,52.181455860551,2660.70028455079,3950.69800635648,1000
sp2,176,predation.predPrey.sizeRatio.teta.sp6.stage1,163.574618955663,2384.23192420283,3573.70636055897,1000
sp2,177,predation.predPrey.sizeRatio.alpha.sp6.stage1,186.533410807433,2474.49969967757,3614.91311227556,1000
sp2,178,predation.predPrey.sizeRatio.teta.sp7.stage1,-148.003729396557,2278.6942075934,3399.86656486379,1000
sp2,179,predation.predPrey.sizeRatio.alpha.sp7.stage1,-75.5826818994841,2455.67528699011,3747.25381065881,1000
sp2,180,predation.predPrey.sizeRatio.teta.sp8.stage1,134.092565220095,2411.81197216687,3633.62982374608,1000
sp2,181,predation.predPrey.sizeRatio.alpha.sp8.stage1,15.8790467807501,4081.14232437394,6183.60503850036,1000
sp2,182,predation.predPrey.sizeRatio.teta.sp9.stage1,-155.533775226339,2790.30983910278,4233.11443970621,1000
sp2,183,predation.predPrey.sizeRatio.alpha.sp9.stage1,213.691481797427,3540.18141108075,5374.14490136024,1000
sp2,184,predation.predPrey.sizeRatio.teta.sp10.stage1,-234.906084478555,2608.89766859813,3934.44633270811,1000
sp2,185,predation.predPrey.sizeRatio.alpha.sp10.stage1,235.089343442476,3839.50589685519,6423.25622149758,1000
sp2,186,predation.predPrey.sizeRatio.teta.sp11.stage1,-1.12790249214826,2513.20922775567,3761.48690994124,1000
sp2,187,predation.predPrey.sizeRatio.alpha.sp11.stage1,-64.0095346467906,2477.99922081536,3775.18976507592,1000
sp2,188,predation.predPrey.sizeRatio.teta.sp12.stage1,110.72066640344,2840.38441446802,4257.58890275219,1000
sp2,189,predation.predPrey.sizeRatio.alpha.sp12.stage1,-225.521940075575,4231.6857115378,6352.19046836747,1000
sp2,190,predation.predPrey.sizeRatio.teta.sp13.stage1,-6.19674437041446,2293.59450161223,3478.30127579625,1000
sp2,191,predation.predPrey.sizeRatio.alpha.sp13.stage1,173.849638039786,4645.6146033705,7053.41232740415,1000
sp2,192,predation.predPrey.sizeRatio.teta.sp14.stage1,105.071192453564,2421.74144716422,3601.3306048891,1000
sp2,193,predation.predPrey.sizeRatio.alpha.sp14.stage1,151.816491262481,2444.65072182941,3674.59878350261,1000
sp2,194,predation.predPrey.sizeRatio.teta.sp15.stage1,-191.211916806696,2368.8727138182,3560.70503537141,1000
sp2,195,predation.predPrey.sizeRatio.alpha.sp15.stage1,-134.704842011646,2797.62418935393,4214.95633640181,1000
sp3,1,mortality.additional.rate.sp0,-88.7270785245492,3711.20291361174,5457.28092731208,1000
sp3,2,mortality.additional.rate.sp1,-58.8207539471778,3850.36664767809,5625.53121479323,1000
sp3,3,mortality.additional.rate.sp2,18.6103381201792,4200.33070413285,6202.19367925509,1000
sp3,4,mortality.additional.rate.sp3,767.723206256164,14814.3334930357,17889.4174178253,1000
sp3,5,mortality.additional.rate.sp4,187.136347362038,3739.11233427561,5445.98576643687,1000
sp3,6,mortality.additional.rate.sp5,5.79723573652925,4289.94413760025,6111.32288103985,1000
sp3,7,mortality.additional.rate.sp6,252.562535047678,3784.19610388624,5575.23865013605,1000
sp3,8,mortality.additional.rate.sp7,-268.090735334037,4179.23846421689,6065.70588497042,1000
sp3,9,mortality.additional.rate.sp8,153.66199688388,3799.07092777731,5690.14579697863,1000
sp3,10,mortality.additional.rate.sp9,82.5849734159991,3823.98080423369,5564.57415560897,1000
sp3,11,mortality.additional.rate.sp10,76.5979656888847,3582.09866040399,5394.81093701927,1000
sp3,12,mortality.additional.rate.sp11,-135.280383488684,3550.17786723155,5290.23855747289,1000
sp3,13,mortality.additional.rate.sp12,-187.99145735527,3920.26158091536,5757.40488135145,1000
sp3,14,mortality.additional.rate.sp13,-215.193948783137,3998.31034015771,5880.1308764459,1000
sp3,15,mortality.additional.rate.sp14,57.0312832048406,3803.79104163525,5556.21235850667,1000
sp3,16,mortality.additional.rate.sp15,-174.532911231372,3659.28922034511,5405.58598137816,1000
sp3,17,fisheries.rate.base.fsh0,522.075365065534,13334.0576141045,15595.0236433248,1000
sp3,18,fisheries.rate.base.fsh1,89.3949212167368,6065.9179799332,8951.91368921478,1000
sp3,19,fisheries.rate.base.fsh2,-318.700990777806,3919.67917565925,5779.30815299392,1000
sp3,20,fisheries.rate.base.fsh3,-221.501640684897,4227.72391639234,5932.01473601481,1000
sp3,21,species.catchability.fsh0.sp0,30.4072360687468,4190.33554972712,6203.38413628664,1000
sp3,22,species.catchability.fsh0.sp1,46.5524431642513,4144.76167195156,6092.03354529238,1000
sp3,23,species.catchability.fsh0.sp2,-113.762308199112,3812.32357453109,5598.12047251976,1000
sp3,24,species.catchability.fsh0.sp3,1413.92734276844,19792.3041951783,22535.7573031082,1000
sp3,25,species.catchability.fsh0.sp5,49.2502115185216,4128.41804775209,5991.83490058351,1000
sp3,26,species.catchability.fsh0.sp7,56.2135100886232,3904.47313030339,5805.42586524679,1000
sp3,27,species.catchability.fsh0.sp8,-7.01115677076319,3827.81363890323,5620.39424532799,1000
sp3,28,species.catchability.fsh0.sp9,-5.45296702220517,3848.81375913541,5565.6902478455,1000
sp3,29,species.catchability.fsh0.sp10,156.594127783089,4470.86055066305,6776.57905171827,1000
sp3,30,species.catchability.fsh0.sp13,105.492113120677,3749.78132911659,5599.75088675754,1000
sp3,31,species.catchability.fsh0.sp14,31.926422109332,3836.55125727251,5607.47716841645,1000
sp3,32,species.catchability.fsh0.sp15,-93.3024569675428,3796.93520025217,5546.50926512762,1000
sp3,33,species.catchability.fsh1.sp9,32.6863973630779,3605.20486853793,5316.2095334353,1000
sp3,34,species.catchability.fsh1.sp10,-51.6693205990663,4895.76309708798,7283.00835713337,1000
sp3,35,species.catchability.fsh1.sp11,219.62727889915,3666.23630735212,5446.01261305173,1000
sp3,36,species.catchability.fsh1.sp12,373.012589024004,4532.9565687329,6684.52406893924,1000
sp3,37,species.catchability.fsh2.sp0,-130.128075499108,3958.85279450194,5834.82731314972,1000
sp3,38,species.catchability.fsh2.sp5,-120.720072805217,3708.70260643244,5487.42041363742,1000
sp3,39,species.catchability.fsh2.sp7,-124.630727684197,3856.05660073159,5778.77331747989,1000
sp3,40,species.catchability.fsh2.sp8,-267.228751821141,3722.58058468617,5390.37883401981,1000
sp3,41,species.catchability.fsh3.sp0,-314.856258265942,3912.13373247238,5697.7398301279,1000
sp3,42,species.catchability.fsh3.sp1,-190.865880540664,3820.35638887643,5570.20890352786,1000
sp3,43,species.catchability.fsh3.sp2,96.4607083093001,3876.58844116589,5726.88435736892,1000
sp3,44,species.catchability.fsh3.sp3,-302.586888668648,4718.10812397362,6555.24100145234,1000
sp3,45,species.catchability.fsh3.sp5,106.982630387437,3755.58491281429,5546.2280644941,1000
sp3,46,species.catchability.fsh3.sp7,20.5898998382503,3796.83810107051,5745.97139218767,1000
sp3,47,species.catchability.fsh3.sp8,-25.1876985639618,3889.34301816551,5638.98395570415,1000
sp3,48,species.catchability.fsh3.sp9,-139.328067671661,4010.63370812777,5868.68290427582,1000
sp3,49,species.catchability.fsh3.sp10,6.42196473927772,3932.22786366556,5666.03886648984,1000
sp3,50,species.catchability.fsh3.sp11,213.366061542663,4001.9164056353,5811.96761813143,1000
sp3,51,species.catchability.fsh3.sp12,222.972482475571,3916.79488534308,5848.98178642355,1000
sp3,52,species.catchability.fsh3.sp13,135.415515565668,3751.86666980685,5512.8607747983,1000
sp3,53,species.catchability.fsh3.sp14,-1.89962459302101,3847.48067523867,5807.26747892581,1000
sp3,54,species.catchability.fsh3.sp15,86.396926428072,4104.06213453299,6036.87405008391,1000
sp3,55,species.length2weight.condition.factor.sp0,-244.13467554175,4634.44556993227,7065.00812966253,1000
sp3,56,species.length2weight.condition.factor.sp1,184.734525739088,3868.19906401546,5652.95240668562,1000
sp3,57,species.length2weight.condition.factor.sp2,-177.412737778852,4962.35860799283,7359.54363010291,1000
sp3,58,species.length2weight.condition.factor.sp3,-336.097835248022,22413.7256305004,27736.0305409179,1000
sp3,59,species.length2weight.condition.factor.sp4,476.464008713835,4245.75808209641,6153.99377912896,1000
sp3,60,species.length2weight.condition.factor.sp5,168.15062125138,3812.90819033582,5670.14527381183,1000
sp3,61,species.length2weight.condition.factor.sp6,129.347552505134,3909.60304935198,5674.23276713843,1000
sp3,62,species.length2weight.condition.factor.sp7,228.93063102401,3835.69629578042,5649.65363746097,1000
sp3,63,species.length2weight.condition.factor.sp8,-113.008622103476,3814.21694629343,5624.92852911638,1000
sp3,64,species.length2weight.condition.factor.sp9,-134.405672852307,4431.06287987082,6387.19485746011,1000
sp3,65,species.length2weight.condition.factor.sp10,-225.708017987209,4673.67119416814,6920.43693250945,1000
sp3,66,species.length2weight.condition.factor.sp11,140.170798711154,3817.13657642866,5727.42204953475,1000
sp3,67,species.length2weight.condition.factor.sp12,-141.56460903841,4008.96437802379,5877.72225312798,1000
sp3,68,species.length2weight.condition.factor.sp13,140.734827834322,3922.92972040013,5893.84967935159,1000
sp3,69,species.length2weight.condition.factor.sp14,-239.318612513854,3637.70465627712,5436.43853392662,1000
sp3,70,species.length2weight.condition.factor.sp15,-89.8868364855195,3696.09976799466,5309.84011171485,1000
sp3,71,species.k.sp0,-606.13902063622,9310.77407210527,15461.9103215069,1000
sp3,72,species.k.sp1,-386.293233488545,3959.87637059077,5768.14019416967,1000
sp3,73,species.k.sp2,-8.9580040754928,10174.69315823,15146.4564272347,1000
sp3,74,species.k.sp3,380.855654457491,57908.4648217075,71416.2788527146,1000
sp3,75,species.k.sp4,109.643572907579,4312.36941656889,6598.93726491674,1000
sp3,76,species.k.sp5,125.715725723724,4107.27358788301,5893.42494722547,1000
sp3,77,species.k.sp6,-328.055750176012,4200.87545753897,6430.91147250302,1000
sp3,78,species.k.sp7,-153.008440486433,3761.10565528625,5588.68402249792,1000
sp3,79,species.k.sp8,218.476914045582,4558.19604789011,6776.83324463512,1000
sp3,80,species.k.sp9,-244.606783205035,8977.25350007057,12671.6787366293,1000
sp3,81,species.k.sp10,-660.962228504539,7279.49501174668,10587.8237405558,1000
sp3,82,species.k.sp11,152.0581865531,4932.67155472199,7371.68830272253,1000
sp3,83,species.k.sp12,-109.876238924106,4143.38190860096,6078.51664332729,1000
sp3,84,species.k.sp13,-97.0216324618453,8005.13196789437,12851.5689523365,1000
sp3,85,species.k.sp14,-88.7822003259594,3672.51888789356,5406.62407245265,1000
sp3,86,species.k.sp15,-184.455733606436,4087.37629935616,6096.53693530538,1000
sp3,87,species.l0.sp0,260.934460992728,4718.10729268806,7394.8642665495,1000
sp3,88,species.l0.sp1,167.430434102152,4040.65868695715,5874.22164785343,1000
sp3,89,species.l0.sp2,-239.919908850351,10145.8471320727,15587.3513149879,1000
sp3,90,species.l0.sp3,-620.233319445584,19986.0058091038,25528.5221768509,1000
sp3,91,species.l0.sp4,88.7190801636433,4672.63858919907,6968.53967783879,1000
sp3,92,species.l0.sp5,97.7087156555966,3812.9992640907,5608.85239349649,1000
sp3,93,species.l0.sp6,300.574002921147,4027.12830089049,5987.90811685092,1000
sp3,94,species.l0.sp7,-134.919421617907,3962.70286298681,5787.50004138625,1000
sp3,95,species.l0.sp8,44.1320164071258,3911.45454142578,6014.09449810029,1000
sp3,96,species.l0.sp9,171.826991855053,10785.0869867894,14943.2935563143,1000
sp3,97,species.l0.sp10,-591.144059806088,11710.613627064,17387.2060735402,1000
sp3,98,species.l0.sp11,304.07373555556,4383.74354021729,6498.6790198376,1000
sp3,99,species.l0.sp12,-219.026721063388,3879.53591617075,5814.9243974325,1000
sp3,100,species.l0.sp13,84.3110203232504,4075.29759745396,5920.28321377675,1000
sp3,101,species.l0.sp14,-2.72134351227684,3769.20697671013,5586.05432815051,1000
sp3,102,species.l0.sp15,75.1037329274297,3843.23531360376,5755.20145339414,1000
sp3,103,mortality.additional.larva.rate.sp0,785.290727759684,8946.59825384991,14508.4407957923,1000
sp3,104,mortality.additional.larva.rate.sp1,-6.47442301426837,4072.91436188911,6107.68016436463,1000
sp3,105,mortality.additional.larva.rate.sp2,649.237280850417,25037.0732701595,39348.1933930761,1000
sp3,106,mortality.additional.larva.rate.sp3,-6949.08743704239,158024.929630961,186255.01626799,1000
sp3,107,mortality.additional.larva.rate.sp4,24.1347368018264,3853.20693111825,5566.44552234416,1000
sp3,108,mortality.additional.larva.rate.sp5,-41.6260930969556,3811.46432353511,5634.83266611206,1000
sp3,109,mortality.additional.larva.rate.sp6,-65.8619224281897,3805.41735023052,5520.67385329901,1000
sp3,110,mortality.additional.larva.rate.sp9,697.106136065289,11426.8287738042,16614.6401504792,1000
sp3,111,mortality.additional.larva.rate.sp10,782.061921216724,18212.7097063726,26017.255359869,1000
sp3,112,mortality.additional.larva.rate.sp11,65.9689798162729,4020.16648198597,5947.90689567461,1000
sp3,113,mortality.additional.larva.rate.sp12,-161.575071540523,4178.39490878207,6021.08159297297,1000
sp3,114,mortality.additional.larva.rate.sp13,-273.819489749295,3608.48069385386,5317.5955578485,1000
sp3,115,mortality.additional.larva.rate.sp14,171.490329817663,3921.72980185773,5889.15401981469,1000
sp3,116,mortality.additional.larva.rate.sp15,176.621556015685,4254.69109119215,6261.84488707077,1000
sp3,117,mortality.additional.larva.rate.mean.sp7,-43.0238899222857,3659.67338113914,5413.79969663211,1000
sp3,118,mortality.additional.larva.rate.mean.sp8,52.560255853709,3662.44418427554,5349.65596309846,1000
sp3,119,species.linf.sp0,-642.890930901291,11119.4777667277,19181.5711136053,1000
sp3,120,species.linf.sp1,-285.106896301444,4027.80217059752,5928.60364192799,1000
sp3,121,species.linf.sp2,133.037679015204,28356.6449498381,41076.7945179985,1000
sp3,122,species.linf.sp3,11921.2529158109,189797.996892579,216843.10120494,1000
sp3,123,species.linf.sp4,-101.842093684273,7025.31457836892,10976.1897776862,1000
sp3,124,species.linf.sp5,104.302310007152,6565.01548280176,8380.46175285754,1000
sp3,125,species.linf.sp6,-217.106299874427,5463.4926190951,8139.69046169587,1000
sp3,126,species.linf.sp7,-71.1390336957281,3890.8787685854,5848.82371166734,1000
sp3,127,species.linf.sp8,302.732879127748,7967.62670529234,11357.8734254792,1000
sp3,128,species.linf.sp9,388.006872200249,23044.7176426377,30323.4420791914,1000
sp3,129,species.linf.sp10,-465.345355148992,23252.99172573,32937.6331413814,1000
sp3,130,species.linf.sp11,-382.845708930379,5118.87776772298,7486.44174700868,1000
sp3,131,species.linf.sp12,1029.4043350512,14010.3665018307,19916.8441646013,1000
sp3,132,species.linf.sp13,-272.414844076537,5709.6902254069,9124.36467801824,1000
sp3,133,species.linf.sp14,-210.423009005615,3953.87266760508,5810.40159092187,1000
sp3,134,species.linf.sp15,-134.636082630479,4856.79096952845,7151.21781365305,1000
sp3,135,species.accessibility2fish.sp16,150.470972597204,3688.51694025222,5299.39740016258,1000
sp3,136,species.accessibility2fish.sp17,50.6179943674884,3925.38695537253,5692.77383382159,1000
sp3,137,species.accessibility2fish.sp18,-125.35954356705,3994.87465964318,5932.76937364839,1000
sp3,138,species.accessibility2fish.sp19,-149.932315388524,4065.84787901575,6024.87800379017,1000
sp3,139,species.accessibility2fish.sp20,159.640594899076,3845.55364156999,5660.14042854702,1000
sp3,140,species.accessibility2fish.sp21,216.176169423115,4585.71182121274,7177.25074122346,1000
sp3,141,species.accessibility2fish.sp22,-345.333846022995,3705.44785254532,5561.84836900009,1000
sp3,142,species.accessibility2fish.sp23,175.533224579183,3882.79214901297,5714.02313881813,1000
sp3,143,species.accessibility2fish.sp24,-328.566584874332,23906.2977277026,34705.8517072597,1000
sp3,144,species.accessibility2fish.sp25,-115.317288318909,3710.6017170969,5427.236471565,1000
sp3,145,species.accessibility2fish.sp26,-84.1919236402345,4072.55018694182,6132.16231285102,1000
sp3,146,species.maturity.size.ratio.sp0,152.227600097615,11140.6426868189,19298.5210030982,1000
sp3,147,species.maturity.size.ratio.sp1,-22.2880978528826,3671.15555241177,5483.94294923848,1000
sp3,148,species.maturity.size.ratio.sp2,-231.971541272512,4231.40541848655,6140.9097585908,1000
sp3,149,species.maturity.size.ratio.sp3,-554.850998208556,7957.20410816885,12437.0958768037,1000
sp3,150,species.maturity.size.ratio.sp4,312.506967398856,4385.95676202178,6384.38346220185,1000
sp3,151,species.maturity.size.ratio.sp5,339.812971286658,4085.77567404406,6065.61958489976,1000
sp3,152,species.maturity.size.ratio.sp6,125.220231078712,4031.77030738187,5899.13658560179,1000
sp3,153,species.maturity.size.ratio.sp7,125.511095742498,3740.25390962515,5516.34060014517,1000
sp3,154,species.maturity.size.ratio.sp8,-74.4431806015867,3930.14942495141,5747.84943317822,1000
sp3,155,species.maturity.size.ratio.sp9,-151.057435044997,3938.24905436708,5783.77517135645,1000
sp3,156,species.maturity.size.ratio.sp10,-91.4704387126079,5624.34907469145,8454.63998471109,1000
sp3,157,species.maturity.size.ratio.sp11,334.625616572021,9890.32975224206,13958.3139032293,1000
sp3,158,species.maturity.size.ratio.sp12,95.1363928051418,3777.4283884932,5603.03048658418,1000
sp3,159,species.maturity.size.ratio.sp13,702.765334713497,9834.95322981181,14834.0712279944,1000
sp3,160,species.maturity.size.ratio.sp14,400.899820815288,3871.74444769531,5689.50221117011,1000
sp3,161,species.maturity.size.ratio.sp15,-30.2855809723649,4380.60090344683,6710.41095100186,1000
sp3,162,predation.predPrey.sizeRatio.teta.sp0.stage1,222.603980922826,3817.38130081924,5662.25561144052,1000
sp3,163,predation.predPrey.sizeRatio.alpha.sp0.stage1,64.575366353164,4615.77688957253,7121.50919419429,1000
sp3,164,predation.predPrey.sizeRatio.teta.sp1.stage1,-155.335977704189,3751.60772620415,5585.18388285725,1000
sp3,165,predation.predPrey.sizeRatio.alpha.sp1.stage1,59.1990056750105,4196.84711864881,6244.64120400446,1000
sp3,166,predation.predPrey.sizeRatio.teta.sp2.stage1,-63.0450908470869,3968.97916366176,5946.92854473886,1000
sp3,167,predation.predPrey.sizeRatio.alpha.sp2.stage1,-235.473555474164,11184.0682660915,17032.4064537479,1000
sp3,168,predation.predPrey.sizeRatio.teta.sp3.stage1,78.9280456577816,3914.94948428504,5558.46842783034,1000
sp3,169,predation.predPrey.sizeRatio.alpha.sp3.stage1,-856.396011334299,41717.163717863,60135.4858058162,1000
sp3,170,predation.predPrey.sizeRatio.teta.sp4.stage1,-120.273052939796,3946.64631203749,5878.22129525214,1000
sp3,171,predation.predPrey.sizeRatio.alpha.sp4.stage1,-373.825831417413,4880.17176532156,7334.11649520653,1000
sp3,172,predation.predPrey.sizeRatio.teta.sp5.stage1,-115.39780524365,3913.20909706335,5684.42065667137,1000
sp3,173,predation.predPrey.sizeRatio.teta.sp5.stage2,28.9406517178449,4985.36185247538,6629.9098495307,1000
sp3,174,predation.predPrey.sizeRatio.alpha.sp5.stage1,118.502163425127,3751.4225351011,5519.51344763268,1000
sp3,175,predation.predPrey.sizeRatio.alpha.sp5.stage2,271.93142063733,6066.60025398718,8290.1043317555,1000
sp3,176,predation.predPrey.sizeRatio.teta.sp6.stage1,-195.246488753283,3675.20842815414,5457.08949334023,1000
sp3,177,predation.predPrey.sizeRatio.alpha.sp6.stage1,48.5052133301548,3917.40159695858,5808.75206168113,1000
sp3,178,predation.predPrey.sizeRatio.teta.sp7.stage1,112.763349066825,4000.92107925034,5901.12948138835,1000
sp3,179,predation.predPrey.sizeRatio.alpha.sp7.stage1,-162.05312780295,3935.84216181436,5739.87505523271,1000
sp3,180,predation.predPrey.sizeRatio.teta.sp8.stage1,-97.0100532620746,3860.0313182742,5561.16182855541,1000
sp3,181,predation.predPrey.sizeRatio.alpha.sp8.stage1,-141.817030407219,6423.74630168494,9216.75307390962,1000
sp3,182,predation.predPrey.sizeRatio.teta.sp9.stage1,-300.945985823185,4290.94674567355,6167.02461266256,1000
sp3,183,predation.predPrey.sizeRatio.alpha.sp9.stage1,-245.800649689075,7404.85072450871,10430.0508264664,1000
sp3,184,predation.predPrey.sizeRatio.teta.sp10.stage1,-129.248678149189,4109.03897511635,6017.34689954471,1000
sp3,185,predation.predPrey.sizeRatio.alpha.sp10.stage1,43.7878649946948,6077.53557855586,9013.32004653997,1000
sp3,186,predation.predPrey.sizeRatio.teta.sp11.stage1,152.310526491999,3950.3017255815,5806.39713931807,1000
sp3,187,predation.predPrey.sizeRatio.alpha.sp11.stage1,-89.4232045550888,4009.16125275054,6067.32489421509,1000
sp3,188,predation.predPrey.sizeRatio.teta.sp12.stage1,4.00298637724271,5842.39903290672,8739.40175752498,1000
sp3,189,predation.predPrey.sizeRatio.alpha.sp12.stage1,666.167118945217,6562.91665261722,9790.63309523928,1000
sp3,190,predation.predPrey.sizeRatio.teta.sp13.stage1,-232.818863936304,3780.05632523497,5460.74508630247,1000
sp3,191,predation.predPrey.sizeRatio.alpha.sp13.stage1,19.5703304397198,4906.84426361241,7354.91096943289,1000
sp3,192,predation.predPrey.sizeRatio.teta.sp14.stage1,120.031261662957,3952.67348170366,5747.92641652238,1000
sp3,193,predation.predPrey.sizeRatio.alpha.sp14.stage1,-146.718571270102,3636.44241560069,5396.46872263872,1000
sp3,194,predation.predPrey.sizeRatio.teta.sp15.stage1,-102.368398825888,3611.78882500929,5475.68494040045,1000
sp3,195,predation.predPrey.sizeRatio.alpha.sp15.stage1,366.350019867187,4257.94498535914,6302.82584458599,1000
sp4,1,mortality.additional.rate.sp0,11.9780930598482,2928.11596792568,4085.35935062486,1000
sp4,2,mortality.additional.rate.sp1,-76.9302683518054,2886.93322781403,3989.65977153412,1000
sp4,3,mortality.additional.rate.sp2,-129.438504002597,3520.81466692871,4823.98851926866,1000
sp4,4,mortality.additional.rate.sp3,-248.095243912056,4350.492804084,5777.12074837968,1000
sp4,5,mortality.additional.rate.sp4,-38.9650343060408,3880.52891285704,5278.67181917837,1000
sp4,6,mortality.additional.rate.sp5,0.12157130718049,4433.63394965468,6037.5612473676,1000
sp4,7,mortality.additional.rate.sp6,368.452060824458,2853.27288498165,3979.55131895907,1000
sp4,8,mortality.additional.rate.sp7,-17.1426840769726,2770.59545510864,3946.07670315593,1000
sp4,9,mortality.additional.rate.sp8,32.4799315963889,2799.08039588722,3999.69803525397,1000
sp4,10,mortality.additional.rate.sp9,-109.831173542125,2844.90678832101,4007.74159623428,1000
sp4,11,mortality.additional.rate.sp10,-54.4506894439956,2859.89292844139,3952.58913172061,1000
sp4,12,mortality.additional.rate.sp11,218.811642243473,2831.3285031243,3912.35792248986,1000
sp4,13,mortality.additional.rate.sp12,-299.164955454108,2938.4309780265,4239.28715470601,1000
sp4,14,mortality.additional.rate.sp13,148.044854043334,2815.03675850639,3913.2267364506,1000
sp4,15,mortality.additional.rate.sp14,-24.4674028847499,2762.3877788533,3695.36298293636,1000
sp4,16,mortality.additional.rate.sp15,12.45099814,2920.45736359028,4215.67189143923,1000
sp4,17,fisheries.rate.base.fsh0,32.4560466333053,10804.6802158277,12259.9358240205,1000
sp4,18,fisheries.rate.base.fsh1,162.22169206007,3321.81481511493,4379.34441998766,1000
sp4,19,fisheries.rate.base.fsh2,-145.719638373556,2821.24366364828,3847.64247579535,1000
sp4,20,fisheries.rate.base.fsh3,102.163435067167,3616.8745786042,4841.7553857559,1000
sp4,21,species.catchability.fsh0.sp0,352.742507980723,5905.33976030872,7698.70382122745,1000
sp4,22,species.catchability.fsh0.sp1,-107.702743371806,2775.96948198986,3948.58986418783,1000
sp4,23,species.catchability.fsh0.sp2,10.3972593092084,2945.40444961865,4064.96104017932,1000
sp4,24,species.catchability.fsh0.sp3,-475.104467249028,6205.9948110232,7791.88302504786,1000
sp4,25,species.catchability.fsh0.sp5,-13.1438734139997,3012.50950587261,4054.07066758538,1000
sp4,26,species.catchability.fsh0.sp7,48.4635203665268,2908.57482663708,4190.75163565266,1000
sp4,27,species.catchability.fsh0.sp8,126.704099353611,2788.16119194861,3727.95926079823,1000
sp4,28,species.catchability.fsh0.sp9,71.3368784392638,2857.71335219018,4019.37042224793,1000
sp4,29,species.catchability.fsh0.sp10,-132.657532805292,3012.24103197665,4335.32509851693,1000
sp4,30,species.catchability.fsh0.sp13,215.413785299027,2765.64569360819,3989.17885018714,1000
sp4,31,species.catchability.fsh0.sp14,137.425739713695,2875.69979836397,4045.75667850773,1000
sp4,32,species.catchability.fsh0.sp15,-10.8396346113606,3024.17182774058,4336.83902821902,1000
sp4,33,species.catchability.fsh1.sp9,77.618494389722,3238.27248726528,4332.64956241789,1000
sp4,34,species.catchability.fsh1.sp10,-16.4686586105415,3118.9002399136,4524.82300262009,1000
sp4,35,species.catchability.fsh1.sp11,11.3883977243747,2826.70912665099,4026.48359198974,1000
sp4,36,species.catchability.fsh1.sp12,171.414116740223,2788.49245511433,3953.53615791016,1000
sp4,37,species.catchability.fsh2.sp0,-7.94421556055613,2908.70836281861,4021.94260329886,1000
sp4,38,species.catchability.fsh2.sp5,173.293943964264,2952.75864813232,4210.88217301054,1000
sp4,39,species.catchability.fsh2.sp7,199.389101475277,2832.36685365861,4077.14779767164,1000
sp4,40,species.catchability.fsh2.sp8,230.705634381737,2688.96369172229,3807.48504971915,1000
sp4,41,species.catchability.fsh3.sp0,-95.0655988362501,2898.82145553875,3879.08718505159,1000
sp4,42,species.catchability.fsh3.sp1,-5.24569951499964,2812.43359180195,4032.68785276636,1000
sp4,43,species.catchability.fsh3.sp2,101.784640230001,2903.49606398639,4067.1614499611,1000
sp4,44,species.catchability.fsh3.sp3,84.1880281715275,3076.37460055236,4342.37677678403,1000
sp4,45,species.catchability.fsh3.sp5,-168.87631444639,2812.9045729575,3958.94624332295,1000
sp4,46,species.catchability.fsh3.sp7,-7.33938452236145,2945.37245986569,4070.2386007325,1000
sp4,47,species.catchability.fsh3.sp8,-318.347266007847,2782.06711903312,3871.05610370193,1000
sp4,48,species.catchability.fsh3.sp9,216.772743942806,2839.58416950892,4048.39366987196,1000
sp4,49,species.catchability.fsh3.sp10,-20.1077990101531,2865.14119502013,4022.93725221777,1000
sp4,50,species.catchability.fsh3.sp11,-124.209553071041,2803.80639534829,3781.12190552439,1000
sp4,51,species.catchability.fsh3.sp12,31.3359467226361,2883.56200573959,4088.23338874994,1000
sp4,52,species.catchability.fsh3.sp13,-162.666205993279,2861.67425767883,4020.90514936478,1000
sp4,53,species.catchability.fsh3.sp14,-240.534964984553,2825.92203263461,3821.22706002789,1000
sp4,54,species.catchability.fsh3.sp15,22.2559517366671,2911.99923543472,4058.3086428782,1000
sp4,55,species.length2weight.condition.factor.sp0,-327.187704269028,6666.56983954597,8784.96923490772,1000
sp4,56,species.length2weight.condition.factor.sp1,78.8209991225016,3015.90228439389,4115.13660630254,1000
sp4,57,species.length2weight.condition.factor.sp2,-24.3978123336113,3656.66410610083,4915.22197580399,1000
sp4,58,species.length2weight.condition.factor.sp3,-113.517631379833,4645.29064395511,6495.9903169837,1000
sp4,59,species.length2weight.condition.factor.sp4,91.3377595209713,4113.28861000264,5580.8833337758,1000
sp4,60,species.length2weight.condition.factor.sp5,-56.4088561293061,2900.06172747958,4124.93451985858,1000
sp4,61,species.length2weight.condition.factor.sp6,32.3150828989715,2968.10473428175,4270.21663828404,1000
sp4,62,species.length2weight.condition.factor.sp7,-70.3983580838617,2760.26586758358,3944.00111514478,1000
sp4,63,species.length2weight.condition.factor.sp8,-57.4109887156952,2838.26705006542,3992.57111551491,1000
sp4,64,species.length2weight.condition.factor.sp9,30.1000853404026,3182.98754688765,4370.24964218511,1000
sp4,65,species.length2weight.condition.factor.sp10,-36.8973416063203,2928.4449120604,4090.90491034028,1000
sp4,66,species.length2weight.condition.factor.sp11,-25.1310898138617,2833.85772816358,4052.29224899439,1000
sp4,67,species.length2weight.condition.factor.sp12,38.3872954675003,2943.87481001444,4128.06198052816,1000
sp4,68,species.length2weight.condition.factor.sp13,140.268126752638,3002.15619399986,4249.20128977475,1000
sp4,69,species.length2weight.condition.factor.sp14,107.851837026063,2973.35085859394,4056.75732518421,1000
sp4,70,species.length2weight.condition.factor.sp15,58.3349802583335,3437.92838155472,4856.83390133729,1000
sp4,71,species.k.sp0,1104.47383167165,26159.1431162603,33510.7405159457,1000
sp4,72,species.k.sp1,84.8553186636952,2830.34870069194,3937.79545989398,1000
sp4,73,species.k.sp2,-114.260644700416,6453.52355411847,8562.01681582777,1000
sp4,74,species.k.sp3,167.754693550403,9402.19634331318,13339.851458582,1000
sp4,75,species.k.sp4,2412.04130802921,51562.3043200194,54227.5450580399,1000
sp4,76,species.k.sp5,227.192101467169,4479.22060675772,5982.66739428907,1000
sp4,77,species.k.sp6,10.30158997525,3014.87756636753,4262.96832437173,1000
sp4,78,species.k.sp7,186.009476818764,2804.06828977985,3874.90458676962,1000
sp4,79,species.k.sp8,124.584837982987,2792.02814554757,3917.37613550003,1000
sp4,80,species.k.sp9,41.4323855404857,9293.6302987709,11329.1093924243,1000
sp4,81,species.k.sp10,-229.011897015633,3205.53743785258,4441.01236537598,1000
sp4,82,species.k.sp11,106.986935064821,3137.39720205537,4296.45567728757,1000
sp4,83,species.k.sp12,-105.832668759999,2953.04734136281,4164.969938368,1000
sp4,84,species.k.sp13,404.92561254814,31608.679163886,39931.5121574619,1000
sp4,85,species.k.sp14,97.3339484493638,3248.69306603425,4519.24446220512,1000
sp4,86,species.k.sp15,-5.86429729205684,4695.88803656686,6723.77330311683,1000
sp4,87,species.l0.sp0,120.47310502218,5265.13307820879,7030.62272743756,1000
sp4,88,species.l0.sp1,-325.303899605222,3063.10772163842,4203.7863451458,1000
sp4,89,species.l0.sp2,-257.424668509167,5978.91883592111,7754.03259905584,1000
sp4,90,species.l0.sp3,48.9852765713903,4275.63176566944,6051.31253763748,1000
sp4,91,species.l0.sp4,-409.360986081638,26074.694376758,27211.4941377982,1000
sp4,92,species.l0.sp5,240.916806505764,2914.66293485549,4047.66963414097,1000
sp4,93,species.l0.sp6,129.582648510876,2890.46163586921,4053.44045975803,1000
sp4,94,species.l0.sp7,132.180144384167,2825.38130097028,3858.19342368755,1000
sp4,95,species.l0.sp8,-9.86525825736007,2834.10799136403,3962.62486401934,1000
sp4,96,species.l0.sp9,-21.4357556412234,5326.09047051628,6984.72236969998,1000
sp4,97,species.l0.sp10,-127.330096262833,3816.20876937494,5306.57626506171,1000
sp4,98,species.l0.sp11,-27.8203559389158,3011.37195920697,4278.9828424185,1000
sp4,99,species.l0.sp12,-0.0970000052776212,2775.18388969111,3858.63203164428,1000
sp4,100,species.l0.sp13,-135.350354800694,2952.61900076792,4064.3520486563,1000
sp4,101,species.l0.sp14,-117.307413901416,2786.40168023039,3849.61377592007,1000
sp4,102,species.l0.sp15,52.2638441791659,2993.46086124847,4208.15301524439,1000
sp4,103,mortality.additional.larva.rate.sp0,1028.97166328824,21434.2711111452,29177.0683673859,1000
sp4,104,mortality.additional.larva.rate.sp1,64.7193581476945,2837.18570526786,3906.7859076449,1000
sp4,105,mortality.additional.larva.rate.sp2,113.43160280764,21094.847561339,25442.7615853534,1000
sp4,106,mortality.additional.larva.rate.sp3,1690.25802571694,21972.8759741769,30005.8377743309,1000
sp4,107,mortality.additional.larva.rate.sp4,131.118443126165,2933.30057016856,4226.56413237919,1000
sp4,108,mortality.additional.larva.rate.sp5,-191.24648946764,2822.58697866153,3942.29664172779,1000
sp4,109,mortality.additional.larva.rate.sp6,175.42709551782,2897.79297999032,4078.04369283997,1000
sp4,110,mortality.additional.larva.rate.sp9,642.49298281875,9378.11748089514,11550.6180246467,1000
sp4,111,mortality.additional.larva.rate.sp10,-176.658191541902,5024.00600488199,6959.89409122333,1000
sp4,112,mortality.additional.larva.rate.sp11,158.8055904015,3029.35849290239,4407.06951444845,1000
sp4,113,mortality.additional.larva.rate.sp12,-241.4256089105,3234.3166141405,4400.91389120663,1000
sp4,114,mortality.additional.larva.rate.sp13,57.8730705894451,2872.28760685028,4108.47094069042,1000
sp4,115,mortality.additional.larva.rate.sp14,226.591363506375,2962.31662362504,4195.79744420478,1000
sp4,116,mortality.additional.larva.rate.sp15,1.98369535680437,6070.34510389903,8618.70902919854,1000
sp4,117,mortality.additional.larva.rate.mean.sp7,-21.8769202803476,2915.62049206118,4128.92094979515,1000
sp4,118,mortality.additional.larva.rate.mean.sp8,-15.4055475661111,2951.25122633056,4131.72481719531,1000
sp4,119,species.linf.sp0,-3016.87671630528,31880.5706054442,41828.4405592576,1000
sp4,120,species.linf.sp1,-267.45571112818,3545.60941014457,4731.82980388718,1000
sp4,121,species.linf.sp2,133.81600974,18199.6887743242,22728.8133617285,1000
sp4,122,species.linf.sp3,-2845.27449980083,40725.8085565178,48776.2797359894,1000
sp4,123,species.linf.sp4,-2656.22945225923,145571.331252792,151293.133236906,1000
sp4,124,species.linf.sp5,-440.907994842,13110.4811689744,16137.5751266857,1000
sp4,125,species.linf.sp6,2.3335811144722,3741.76956266225,4915.59837683889,1000
sp4,126,species.linf.sp7,-109.867092445833,2944.98497072889,4242.51516689436,1000
sp4,127,species.linf.sp8,-162.470933809198,3356.44183108059,4394.98995682398,1000
sp4,128,species.linf.sp9,-76.3421726793054,25345.5511185771,29942.5487310497,1000
sp4,129,species.linf.sp10,34.1715521583336,6128.64183612722,8627.86479546553,1000
sp4,130,species.linf.sp11,7.54824344458235,3573.87125379958,4901.51998047406,1000
sp4,131,species.linf.sp12,18.8528465072489,3774.92243047306,5075.71126289707,1000
sp4,132,species.linf.sp13,340.952950786584,16129.8636981419,21862.388937325,1000
sp4,133,species.linf.sp14,123.163329358611,3363.81636313528,4698.75732944442,1000
sp4,134,species.linf.sp15,-628.908865057297,7870.02648213952,10682.7097625251,1000
sp4,135,species.accessibility2fish.sp16,-195.815858073014,2859.74123869865,4105.31686064915,1000
sp4,136,species.accessibility2fish.sp17,-38.8351309956941,2743.0781013582,3790.76707304214,1000
sp4,137,species.accessibility2fish.sp18,-9.45464803791619,2711.42370291625,3869.31887038829,1000
sp4,138,species.accessibility2fish.sp19,-153.054556033166,2793.180803651,4020.40431192222,1000
sp4,139,species.accessibility2fish.sp20,-66.5819665661115,2834.5216141025,3972.10169547257,1000
sp4,140,species.accessibility2fish.sp21,-282.024489450278,11161.2956713533,19077.3883873888,1000
sp4,141,species.accessibility2fish.sp22,-139.412151353222,4942.4938600415,7035.62923528522,1000
sp4,142,species.accessibility2fish.sp23,-290.695036082095,6542.60537190402,7943.86418390072,1000
sp4,143,species.accessibility2fish.sp24,11.8833874344302,8662.79316928696,12324.0711023457,1000
sp4,144,species.accessibility2fish.sp25,-31.3104526024308,2783.43232674452,3918.37399431177,1000
sp4,145,species.accessibility2fish.sp26,-145.140383568881,2903.78529100445,4014.835330174,1000
sp4,146,species.maturity.size.ratio.sp0,969.802855051722,23469.9422149123,34399.290072093,1000
sp4,147,species.maturity.size.ratio.sp1,-76.3325596718606,2890.99919437214,4080.60100777915,1000
sp4,148,species.maturity.size.ratio.sp2,-38.6039969693192,3135.6461204179,4249.43283862944,1000
sp4,149,species.maturity.size.ratio.sp3,257.066173756619,2741.11314112005,3845.4799077771,1000
sp4,150,species.maturity.size.ratio.sp4,85.3519441225695,4136.37326352979,5329.01932412555,1000
sp4,151,species.maturity.size.ratio.sp5,37.2502322152922,2676.32994911946,3630.68046392079,1000
sp4,152,species.maturity.size.ratio.sp6,-24.5003782080553,2914.66671387306,4011.84089650078,1000
sp4,153,species.maturity.size.ratio.sp7,238.46297192832,2913.60423687443,4194.59897880711,1000
sp4,154,species.maturity.size.ratio.sp8,-119.774437578444,2862.19774710431,4029.53485370328,1000
sp4,155,species.maturity.size.ratio.sp9,13.2525344524991,2999.78028830084,4025.61288306442,1000
sp4,156,species.maturity.size.ratio.sp10,146.939089220972,3189.81217598458,4567.23637625345,1000
sp4,157,species.maturity.size.ratio.sp11,-372.609476678639,4011.40161942586,5435.0710307859,1000
sp4,158,species.maturity.size.ratio.sp12,-0.0802035304391153,2863.51187733928,4192.81207324941,1000
sp4,159,species.maturity.size.ratio.sp13,375.14096443843,46296.1998515546,54779.7586741365,1000
sp4,160,species.maturity.size.ratio.sp14,221.022181789306,2938.77136837375,4037.17900638932,1000
sp4,161,species.maturity.size.ratio.sp15,44.9123658938886,6487.89765115722,10408.462715197,1000
sp4,162,predation.predPrey.sizeRatio.teta.sp0.stage1,13.9217883936244,2866.27540351804,3956.55866625792,1000
sp4,163,predation.predPrey.sizeRatio.alpha.sp0.stage1,669.950388575514,14537.8791970855,19115.2497453029,1000
sp4,164,predation.predPrey.sizeRatio.teta.sp1.stage1,29.9524865179167,2880.64439811458,4054.24309120273,1000
sp4,165,predation.predPrey.sizeRatio.alpha.sp1.stage1,51.2270944801392,2830.20030156014,3931.40857371058,1000
sp4,166,predation.predPrey.sizeRatio.teta.sp2.stage1,-65.4542546252775,2794.97913544889,3841.94883107733,1000
sp4,167,predation.predPrey.sizeRatio.alpha.sp2.stage1,-33.207938842361,5097.15769268125,7051.46989593771,1000
sp4,168,predation.predPrey.sizeRatio.teta.sp3.stage1,-31.301827003611,3095.94075423306,4341.63538251901,1000
sp4,169,predation.predPrey.sizeRatio.alpha.sp3.stage1,367.974791980833,16653.1795334528,22263.0831472705,1000
sp4,170,predation.predPrey.sizeRatio.teta.sp4.stage1,-6.94579304037518,5067.49416161343,6551.70162780177,1000
sp4,171,predation.predPrey.sizeRatio.alpha.sp4.stage1,3965.05299305743,67786.4672693381,75746.8320640479,1000
sp4,172,predation.predPrey.sizeRatio.teta.sp5.stage1,177.256822859472,2868.46784508142,3961.68009285956,1000
sp4,173,predation.predPrey.sizeRatio.teta.sp5.stage2,224.536928318889,6890.11665827528,8737.12194505115,1000
sp4,174,predation.predPrey.sizeRatio.alpha.sp5.stage1,-95.6828198019748,2824.01973371636,4043.08917815992,1000
sp4,175,predation.predPrey.sizeRatio.alpha.sp5.stage2,100.138974816806,3742.82202967458,5060.60397461696,1000
sp4,176,predation.predPrey.sizeRatio.teta.sp6.stage1,131.618711625139,2930.48626614431,4200.00989446698,1000
sp4,177,predation.predPrey.sizeRatio.alpha.sp6.stage1,-184.55330340125,3026.15186595653,4166.53672011214,1000
sp4,178,predation.predPrey.sizeRatio.teta.sp7.stage1,32.9386871653188,2873.41682489643,4066.59707892678,1000
sp4,179,predation.predPrey.sizeRatio.alpha.sp7.stage1,5.79470689748556,2805.92014186001,3942.34832140131,1000
sp4,180,predation.predPrey.sizeRatio.teta.sp8.stage1,-111.283585640306,2918.48018207608,4314.13557345598,1000
sp4,181,predation.predPrey.sizeRatio.alpha.sp8.stage1,-16.2189276754169,3405.16843854153,4562.06647250752,1000
sp4,182,predation.predPrey.sizeRatio.teta.sp9.stage1,-30.1085295184723,3177.50831055681,4376.54545099472,1000
sp4,183,predation.predPrey.sizeRatio.alpha.sp9.stage1,-312.857024046195,13516.5888233322,17701.2740762191,1000
sp4,184,predation.predPrey.sizeRatio.teta.sp10.stage1,67.8454001544872,2778.94501851449,3889.07756033895,1000
sp4,185,predation.predPrey.sizeRatio.alpha.sp10.stage1,-323.238553953194,3518.69738851069,5154.23107669984,1000
sp4,186,predation.predPrey.sizeRatio.teta.sp11.stage1,22.581274359018,2827.31534249735,4004.36121191078,1000
sp4,187,predation.predPrey.sizeRatio.alpha.sp11.stage1,-193.450451320777,2938.69294616644,4173.02842185966,1000
sp4,188,predation.predPrey.sizeRatio.teta.sp12.stage1,117.921968855736,2959.16390854185,4222.3655425547,1000
sp4,189,predation.predPrey.sizeRatio.alpha.sp12.stage1,146.162731332634,3139.66458935042,4597.02492995462,1000
sp4,190,predation.predPrey.sizeRatio.teta.sp13.stage1,33.4786282911108,3276.08813199111,4554.82326112028,1000
sp4,191,predation.predPrey.sizeRatio.alpha.sp13.stage1,-1051.80183190046,15574.2538040128,21843.4818311406,1000
sp4,192,predation.predPrey.sizeRatio.teta.sp14.stage1,-30.9862387930268,2841.75989311414,3766.42167909784,1000
sp4,193,predation.predPrey.sizeRatio.alpha.sp14.stage1,121.665441508333,3240.79361784889,4449.81862794267,1000
sp4,194,predation.predPrey.sizeRatio.teta.sp15.stage1,100.348536417013,2939.48010827479,4135.58974259403,1000
sp4,195,predation.predPrey.sizeRatio.alpha.sp15.stage1,-108.480318023875,3016.0577204064,4075.48883960353,1000
sp5,1,mortality.additional.rate.sp0,-1.26738901654168,54.5345685506806,75.5891888212075,1000
sp5,2,mortality.additional.rate.sp1,2.17609857363892,55.1288395346111,76.2544499083574,1000
sp5,3,mortality.additional.rate.sp2,-0.0305897327361376,55.238469173125,79.6683871135424,1000
sp5,4,mortality.additional.rate.sp3,3.94024187413887,61.6426318341945,91.8787642828882,1000
sp5,5,mortality.additional.rate.sp4,1.16751013390275,54.7993982515972,78.5038083823564,1000
sp5,6,mortality.additional.rate.sp5,86.9635556610139,2227.18637429254,2371.14475954344,1000
sp5,7,mortality.additional.rate.sp6,-0.681985699208353,53.904227663125,74.474402211515,1000
sp5,8,mortality.additional.rate.sp7,-3.03931809008332,52.43973516425,72.9544431170395,1000
sp5,9,mortality.additional.rate.sp8,3.20551412756937,53.2791113649861,76.7556089063424,1000
sp5,10,mortality.additional.rate.sp9,-0.240637854041668,54.7859541637916,76.1417938446142,1000
sp5,11,mortality.additional.rate.sp10,-6.35138502420139,54.7808433026458,74.931101467389,1000
sp5,12,mortality.additional.rate.sp11,1.70772552844443,52.2158402118889,74.3867074903793,1000
sp5,13,mortality.additional.rate.sp12,-1.80248456636113,52.6057698845,72.1568186588407,1000
sp5,14,mortality.additional.rate.sp13,3.14206165524995,54.5780043878611,76.6466805411347,1000
sp5,15,mortality.additional.rate.sp14,0.935311094083352,52.3987399817778,71.7647376133255,1000
sp5,16,mortality.additional.rate.sp15,1.41854237505553,53.1261116030556,72.8482593062976,1000
sp5,17,fisheries.rate.base.fsh0,12.7312020244306,1116.58858381107,1186.72303393914,1000
sp5,18,fisheries.rate.base.fsh1,-2.93639910015282,58.996411254375,84.6788389352502,1000
sp5,19,fisheries.rate.base.fsh2,-0.942997206180516,120.681406912597,139.310839922798,1000
sp5,20,fisheries.rate.base.fsh3,2.01119676945835,193.002266049542,218.506110715293,1000
sp5,21,species.catchability.fsh0.sp0,1.34347265966659,57.6546642025278,84.1360071805831,1000
sp5,22,species.catchability.fsh0.sp1,-0.686163866500043,54.6424978386389,74.9875751513104,1000
sp5,23,species.catchability.fsh0.sp2,0.0442927229305888,54.1829714752084,79.6546504521499,1000
sp5,24,species.catchability.fsh0.sp3,-0.0765887411527849,82.7224440240139,126.03528485615,1000
sp5,25,species.catchability.fsh0.sp5,-5.1195158396667,1050.874519709,1133.54539532933,1000
sp5,26,species.catchability.fsh0.sp7,2.35394190665278,52.920160551125,73.586517668575,1000
sp5,27,species.catchability.fsh0.sp8,-3.38071962326386,52.2416358159305,73.5153479085958,1000
sp5,28,species.catchability.fsh0.sp9,1.31103101772217,53.7338353134722,75.1174432311098,1000
sp5,29,species.catchability.fsh0.sp10,-1.53286271687497,56.6639202535972,79.3594256968911,1000
sp5,30,species.catchability.fsh0.sp13,-2.24320206191668,53.0528600346111,73.9314603514125,1000
sp5,31,species.catchability.fsh0.sp14,-1.04071359573609,51.1447638705694,72.7557625622871,1000
sp5,32,species.catchability.fsh0.sp15,0.841877163166655,51.8095930547223,72.9116368607895,1000
sp5,33,species.catchability.fsh1.sp9,0.0145372302639153,53.4696449304306,76.1629014124965,1000
sp5,34,species.catchability.fsh1.sp10,-4.53671359993054,53.9931731123751,74.0666302902432,1000
sp5,35,species.catchability.fsh1.sp11,-3.06081015624995,51.7519569036945,73.9533327831347,1000
sp5,36,species.catchability.fsh1.sp12,-2.345915383875,54.3044665067917,77.1115738521475,1000
sp5,37,species.catchability.fsh2.sp0,-4.10689661102779,52.1478083324722,71.5531927995927,1000
sp5,38,species.catchability.fsh2.sp5,5.33980868020835,116.108210950181,134.903327314013,1000
sp5,39,species.catchability.fsh2.sp7,-0.709776975833325,51.3317674074722,72.1266469703818,1000
sp5,40,species.catchability.fsh2.sp8,2.79759370556947,51.2495112664306,71.5949663550812,1000
sp5,41,species.catchability.fsh3.sp0,4.24168186137501,49.7086014793472,67.9624531637495,1000
sp5,42,species.catchability.fsh3.sp1,-2.67801537247227,51.6047723930278,72.1413935485968,1000
sp5,43,species.catchability.fsh3.sp2,0.434588247333316,51.7402459836111,72.2076443176381,1000
sp5,44,species.catchability.fsh3.sp3,2.21248295343049,52.1280108244583,71.6932883871755,1000
sp5,45,species.catchability.fsh3.sp5,-5.95857440393056,177.845941062708,203.883494706526,1000
sp5,46,species.catchability.fsh3.sp7,2.12863989761108,50.3951323088889,71.3610551134951,1000
sp5,47,species.catchability.fsh3.sp8,1.90371533799997,53.2760574503889,74.9132271119408,1000
sp5,48,species.catchability.fsh3.sp9,-1.32346154383332,53.6622488023611,73.3654320346668,1000
sp5,49,species.catchability.fsh3.sp10,-1.8635025381389,52.7331106613889,78.0670155154302,1000
sp5,50,species.catchability.fsh3.sp11,2.47893006783336,51.9254324847223,74.4579816694038,1000
sp5,51,species.catchability.fsh3.sp12,2.75579412840281,49.2072131217917,68.4054940523874,1000
sp5,52,species.catchability.fsh3.sp13,-0.895240403944461,53.2314577046389,73.571329726327,1000
sp5,53,species.catchability.fsh3.sp14,-0.36055992593055,51.0841797706528,71.9363371303412,1000
sp5,54,species.catchability.fsh3.sp15,-1.83950815436108,51.5810770270834,71.5383471796393,1000
sp5,55,species.length2weight.condition.factor.sp0,-2.84891552166668,58.2560063549722,82.9559083450497,1000
sp5,56,species.length2weight.condition.factor.sp1,0.467872283472234,51.6571170774167,70.9651794431583,1000
sp5,57,species.length2weight.condition.factor.sp2,-1.28195646483335,58.6654343770833,89.5599981960482,1000
sp5,58,species.length2weight.condition.factor.sp3,0.825230601513913,59.0567817203195,91.4191529081888,1000
sp5,59,species.length2weight.condition.factor.sp4,1.9308945771111,51.9704383850556,73.2840532057738,1000
sp5,60,species.length2weight.condition.factor.sp5,-1.49792491236111,54.4926122634445,76.2713640147539,1000
sp5,61,species.length2weight.condition.factor.sp6,-0.055980342930526,54.3266319208473,76.309767790007,1000
sp5,62,species.length2weight.condition.factor.sp7,-0.669884133236082,54.6698205976806,75.2260737269252,1000
sp5,63,species.length2weight.condition.factor.sp8,-1.28226643650004,56.6019697596111,78.4959464815926,1000
sp5,64,species.length2weight.condition.factor.sp9,0.0251747387500001,57.7243378644722,84.4553091186027,1000
sp5,65,species.length2weight.condition.factor.sp10,-2.56100025445841,51.7286305508195,73.0507858273066,1000
sp5,66,species.length2weight.condition.factor.sp11,8.85815228297225,53.3819830191667,73.1426059204279,1000
sp5,67,species.length2weight.condition.factor.sp12,1.32823575587499,53.8194215993194,76.2539316890853,1000
sp5,68,species.length2weight.condition.factor.sp13,0.181392440541697,53.1716420269028,73.3159960554236,1000
sp5,69,species.length2weight.condition.factor.sp14,1.6600946848889,54.2482293846111,77.6883141933045,1000
sp5,70,species.length2weight.condition.factor.sp15,-3.83632464765282,51.4059066257917,72.738931168618,1000
sp5,71,species.k.sp0,1.6571758789445,84.5029340366945,130.490534215684,1000
sp5,72,species.k.sp1,0.69437795777776,55.7604880771944,78.5704223276671,1000
sp5,73,species.k.sp2,4.95878597948611,66.2793802670416,109.622887919217,1000
sp5,74,species.k.sp3,4.99410395458336,93.9283203845,165.809816690863,1000
sp5,75,species.k.sp4,0.637761821569451,77.0192103235139,108.794542186472,1000
sp5,76,species.k.sp5,109.137246004792,1223.16905573576,1293.19252164662,1000
sp5,77,species.k.sp6,-0.169750786819454,55.8364462571806,78.9535561536842,1000
sp5,78,species.k.sp7,0.285454125638907,52.0710888388055,73.2967923103891,1000
sp5,79,species.k.sp8,-0.573718404194451,51.4866067782501,72.9952748154038,1000
sp5,80,species.k.sp9,-0.067793189430559,64.9724808540695,96.5001416330188,1000
sp5,81,species.k.sp10,0.606017989921284,55.4083371195602,79.7003527476814,1000
sp5,82,species.k.sp11,-5.01889486009725,53.3073517743472,72.968831230817,1000
sp5,83,species.k.sp12,-6.57301450429166,64.7541455259028,91.7623575946104,1000
sp5,84,species.k.sp13,-6.48222624972222,95.5443830493055,152.852824122609,1000
sp5,85,species.k.sp14,-0.0391694024166555,54.1062894526389,76.6687707956856,1000
sp5,86,species.k.sp15,1.66028755822222,53.4692807920833,75.3665296051901,1000
sp5,87,species.l0.sp0,-1.20059475472223,59.3989446036389,84.8095064372497,1000
sp5,88,species.l0.sp1,-5.81624281709724,53.3618679997084,75.209893505659,1000
sp5,89,species.l0.sp2,0.0875527927361198,70.0083150197083,108.861383016435,1000
sp5,90,species.l0.sp3,-0.113656061652762,60.7045195299862,92.5021516107218,1000
sp5,91,species.l0.sp4,4.76713097136112,62.2945673373333,88.2292580631056,1000
sp5,92,species.l0.sp5,-3.91369956162501,91.7731497020139,112.315518085026,1000
sp5,93,species.l0.sp6,1.71074296011114,52.9270204468056,74.7556535266789,1000
sp5,94,species.l0.sp7,-2.08011591112502,56.1270095663472,80.899673010443,1000
sp5,95,species.l0.sp8,2.37506027597225,65.9047574218056,96.5157303536424,1000
sp5,96,species.l0.sp9,-3.45277600480556,84.0217926899167,121.215420907831,1000
sp5,97,species.l0.sp10,4.42539342398613,67.6659076425695,103.319174508104,1000
sp5,98,species.l0.sp11,4.12017860858335,53.1136689476944,74.6015582686812,1000
sp5,99,species.l0.sp12,4.90519104959718,49.1236548797361,70.8249542140944,1000
sp5,100,species.l0.sp13,-0.800479412541687,52.9268956853195,73.2882269132509,1000
sp5,101,species.l0.sp14,-0.490487836902766,52.8699329025973,75.1738413637455,1000
sp5,102,species.l0.sp15,0.874055365944428,53.5420092402223,76.7438338730956,1000
sp5,103,mortality.additional.larva.rate.sp0,8.2680566544722,84.4411520851111,139.827507971783,1000
sp5,104,mortality.additional.larva.rate.sp1,-1.42497357936113,55.1342384876111,76.0528962512481,1000
sp5,105,mortality.additional.larva.rate.sp2,9.17851252626389,152.791191153125,270.349419528444,1000
sp5,106,mortality.additional.larva.rate.sp3,-20.603909048625,171.357790264014,325.713509415357,1000
sp5,107,mortality.additional.larva.rate.sp4,0.798341490819458,51.8314450285139,70.4087235458139,1000
sp5,108,mortality.additional.larva.rate.sp5,0.569507791125004,53.9290784179583,78.1523418420381,1000
sp5,109,mortality.additional.larva.rate.sp6,3.96169813880557,54.0370432103055,75.8800855605175,1000
sp5,110,mortality.additional.larva.rate.sp9,12.0152952451389,107.34130916425,185.1508892012,1000
sp5,111,mortality.additional.larva.rate.sp10,-0.451184751888933,79.3872747968611,123.537722546798,1000
sp5,112,mortality.additional.larva.rate.sp11,1.48940364027779,54.3010119368889,78.8714482218351,1000
sp5,113,mortality.additional.larva.rate.sp12,-0.377809920541603,59.1782480814584,88.197184163491,1000
sp5,114,mortality.additional.larva.rate.sp13,-1.8917444600833,52.7100392412223,73.6913753943851,1000
sp5,115,mortality.additional.larva.rate.sp14,-0.134490546069447,55.886563716375,77.4836149535283,1000
sp5,116,mortality.additional.larva.rate.sp15,0.39630870086109,53.4034338158611,73.3949292248834,1000
sp5,117,mortality.additional.larva.rate.mean.sp7,-1.92058431580556,54.1138034235555,75.0607006089877,1000
sp5,118,mortality.additional.larva.rate.mean.sp8,-2.40113698484723,69.2364625655695,103.12488987108,1000
sp5,119,species.linf.sp0,1.4132462171528,87.8271982712639,140.244599615171,1000
sp5,120,species.linf.sp1,-1.11212230713889,54.6442869499723,76.9790304339109,1000
sp5,121,species.linf.sp2,-3.12173268429168,122.87586428707,229.009152762876,1000
sp5,122,species.linf.sp3,15.4480756790695,206.823577828292,395.492812873196,1000
sp5,123,species.linf.sp4,-3.83392667576854,214.177602295287,286.702458755872,1000
sp5,124,species.linf.sp5,-69.6286488482084,4396.63537608021,4656.5963119829,1000
sp5,125,species.linf.sp6,1.20474929662502,75.9684199585694,116.083409657661,1000
sp5,126,species.linf.sp7,2.51914633269447,55.0966972585555,82.1668579858522,1000
sp5,127,species.linf.sp8,-1.78240996305557,60.465754517,85.3828225636068,1000
sp5,128,species.linf.sp9,1.17901981244447,121.356159266417,211.543964368247,1000
sp5,129,species.linf.sp10,0.491486324291682,94.6869952193473,152.360638188654,1000
sp5,130,species.linf.sp11,4.68084359798612,65.1206451212917,95.3542210321218,1000
sp5,131,species.linf.sp12,6.23812429080559,58.0449737567778,82.4765545066812,1000
sp5,132,species.linf.sp13,0.99415123140281,67.5589495951805,96.4360833927635,1000
sp5,133,species.linf.sp14,3.21692335261109,59.5563274248056,85.688959822214,1000
sp5,134,species.linf.sp15,-4.74286318274998,55.0592963639444,76.4965429625387,1000
sp5,135,species.accessibility2fish.sp16,5.7641049837778,52.2048488474722,72.8735185776253,1000
sp5,136,species.accessibility2fish.sp17,0.40850999048611,51.5986406383195,73.7487014443341,1000
sp5,137,species.accessibility2fish.sp18,0.738453469055552,56.4568029005556,77.4249856524865,1000
sp5,138,species.accessibility2fish.sp19,-1.39138864258333,52.0211693759722,71.530872313964,1000
sp5,139,species.accessibility2fish.sp20,0.293693442875006,51.5448983352917,73.6471859424546,1000
sp5,140,species.accessibility2fish.sp21,-7.9438746862222,71.3915269979722,108.513330352038,1000
sp5,141,species.accessibility2fish.sp22,-1.20265675638888,56.2213562361112,76.9705502926202,1000
sp5,142,species.accessibility2fish.sp23,-2.48577224262499,61.1800081224305,87.1962828634706,1000
sp5,143,species.accessibility2fish.sp24,-7.43119103056942,88.2512643639861,123.188482086245,1000
sp5,144,species.accessibility2fish.sp25,-0.20271087501394,52.0320222237083,73.9441073087234,1000
sp5,145,species.accessibility2fish.sp26,2.5285381568611,63.6238618520556,86.2751702531811,1000
sp5,146,species.maturity.size.ratio.sp0,8.08157005872221,100.299316649583,168.724088514464,1000
sp5,147,species.maturity.size.ratio.sp1,0.341286669791696,54.7661867665694,77.016035769853,1000
sp5,148,species.maturity.size.ratio.sp2,5.26183338955553,56.2710934920556,79.1158290565765,1000
sp5,149,species.maturity.size.ratio.sp3,4.21602402336115,54.1121392536667,77.3108526378494,1000
sp5,150,species.maturity.size.ratio.sp4,4.28803947395838,50.6761170505139,71.1454498892859,1000
sp5,151,species.maturity.size.ratio.sp5,0.88778877979168,53.4408116790139,75.2755601977004,1000
sp5,152,species.maturity.size.ratio.sp6,-0.083452481291635,51.9714098418473,73.3448985895059,1000
sp5,153,species.maturity.size.ratio.sp7,1.10874309136109,54.5764466640556,73.9642414023212,1000
sp5,154,species.maturity.size.ratio.sp8,1.24794588654167,53.1547207797083,74.2510114716276,1000
sp5,155,species.maturity.size.ratio.sp9,1.59757508059721,53.1163476619028,75.5644679930015,1000
sp5,156,species.maturity.size.ratio.sp10,-2.61860291573609,53.4705526914028,76.52505768216,1000
sp5,157,species.maturity.size.ratio.sp11,-1.94619426623606,57.6214077585417,86.4151423948743,1000
sp5,158,species.maturity.size.ratio.sp12,-1.8921362647639,51.0915192360417,70.1865080167864,1000
sp5,159,species.maturity.size.ratio.sp13,1.79490251179166,147.244376057042,254.201479274383,1000
sp5,160,species.maturity.size.ratio.sp14,1.75983726819445,52.6747247193611,74.1762663552012,1000
sp5,161,species.maturity.size.ratio.sp15,0.302829597777775,53.0023153175833,72.1623561950426,1000
sp5,162,predation.predPrey.sizeRatio.teta.sp0.stage1,-5.2801466264167,51.9990106364167,73.3505904364105,1000
sp5,163,predation.predPrey.sizeRatio.alpha.sp0.stage1,-3.21256306631944,61.862261460125,93.694006649212,1000
sp5,164,predation.predPrey.sizeRatio.teta.sp1.stage1,4.19599416405559,55.9250092051389,78.7045997265235,1000
sp5,165,predation.predPrey.sizeRatio.alpha.sp1.stage1,-1.83363902925003,57.9935223869167,82.2422758494384,1000
sp5,166,predation.predPrey.sizeRatio.teta.sp2.stage1,1.42219486062502,52.023023913875,75.165746350774,1000
sp5,167,predation.predPrey.sizeRatio.alpha.sp2.stage1,1.45061585822225,56.0664065490278,81.2994047752217,1000
sp5,168,predation.predPrey.sizeRatio.teta.sp3.stage1,5.27860301733335,60.4608418223056,84.3972333239864,1000
sp5,169,predation.predPrey.sizeRatio.alpha.sp3.stage1,6.01416535144444,397.704266123306,491.539492427801,1000
sp5,170,predation.predPrey.sizeRatio.teta.sp4.stage1,-0.659304325944462,53.1219642162222,74.0362067565014,1000
sp5,171,predation.predPrey.sizeRatio.alpha.sp4.stage1,1.20383080280558,65.84738614125,94.9982821672755,1000
sp5,172,predation.predPrey.sizeRatio.teta.sp5.stage1,-1.81493172340277,49.2868403102639,71.1265147050899,1000
sp5,173,predation.predPrey.sizeRatio.teta.sp5.stage2,-180.889796285819,3107.25615996824,3497.32929742373,1000
sp5,174,predation.predPrey.sizeRatio.alpha.sp5.stage1,-2.49421273733331,55.1904529083056,79.570361819048,1000
sp5,175,predation.predPrey.sizeRatio.alpha.sp5.stage2,-29.0285983596389,798.023529147056,911.225061909459,1000
sp5,176,predation.predPrey.sizeRatio.teta.sp6.stage1,-4.79762550711114,53.5095145890278,76.961231753072,1000
sp5,177,predation.predPrey.sizeRatio.alpha.sp6.stage1,1.60330462600002,53.8423673826111,75.5441321052422,1000
sp5,178,predation.predPrey.sizeRatio.teta.sp7.stage1,-0.572064615888951,54.03353242,74.9187450475015,1000
sp5,179,predation.predPrey.sizeRatio.alpha.sp7.stage1,1.25884665131944,62.5545061410695,94.0497776767795,1000
sp5,180,predation.predPrey.sizeRatio.teta.sp8.stage1,-2.38613571398616,53.7252625339306,74.9684871945797,1000
sp5,181,predation.predPrey.sizeRatio.alpha.sp8.stage1,1.60002271731942,74.5609434777083,115.832336309516,1000
sp5,182,predation.predPrey.sizeRatio.teta.sp9.stage1,-1.63819720759724,55.619269027875,79.1266749044399,1000
sp5,183,predation.predPrey.sizeRatio.alpha.sp9.stage1,2.82536043358335,78.8007980135833,118.554956775912,1000
sp5,184,predation.predPrey.sizeRatio.teta.sp10.stage1,-3.19402420662502,51.3038243379861,75.1401604565738,1000
sp5,185,predation.predPrey.sizeRatio.alpha.sp10.stage1,-0.0215590798889111,59.3211752256667,85.7602044626323,1000
sp5,186,predation.predPrey.sizeRatio.teta.sp11.stage1,-1.65869009424996,50.8764206718055,70.5975212748682,1000
sp5,187,predation.predPrey.sizeRatio.alpha.sp11.stage1,-3.30026244634729,52.9895597407361,75.5610747808389,1000
sp5,188,predation.predPrey.sizeRatio.teta.sp12.stage1,-2.43398225350002,55.8217839262222,79.0032487664517,1000
sp5,189,predation.predPrey.sizeRatio.alpha.sp12.stage1,1.28027917966671,76.4571028538334,117.7488895072,1000
sp5,190,predation.predPrey.sizeRatio.teta.sp13.stage1,4.72317660412498,53.4488042677361,72.8058391191997,1000
sp5,191,predation.predPrey.sizeRatio.alpha.sp13.stage1,-6.53170706747216,142.804378310417,175.850856025637,1000
sp5,192,predation.predPrey.sizeRatio.teta.sp14.stage1,-0.382940924041677,51.937517554125,72.3384509712421,1000
sp5,193,predation.predPrey.sizeRatio.alpha.sp14.stage1,-2.14430987302777,53.0178228885278,74.277548901969,1000
sp5,194,predation.predPrey.sizeRatio.teta.sp15.stage1,1.45613594889581,54.997979347257,78.2275363109506,1000
sp5,195,predation.predPrey.sizeRatio.alpha.sp15.stage1,-2.22100535183335,165.79997320075,183.465721871341,1000
sp6,1,mortality.additional.rate.sp0,7.85786441331106,211.206199801411,273.355601280144,1000
sp6,2,mortality.additional.rate.sp1,-9.48214204200758,206.553872248252,268.734418643333,1000
sp6,3,mortality.additional.rate.sp2,-5.46202722910837,223.673128617789,288.250646485728,1000
sp6,4,mortality.additional.rate.sp3,-25.5844090805334,426.040581902522,541.223054679442,1000
sp6,5,mortality.additional.rate.sp4,-1.11459575653613,213.944478365392,278.698408232684,1000
sp6,6,mortality.additional.rate.sp5,-0.901130938594409,269.359522597842,353.427469189036,1000
sp6,7,mortality.additional.rate.sp6,-19.112495363009,210.719944081203,272.659611416545,1000
sp6,8,mortality.additional.rate.sp7,20.1388044924403,234.609017664496,305.345821639136,1000
sp6,9,mortality.additional.rate.sp8,-18.8017124110641,225.956432456672,295.15082197505,1000
sp6,10,mortality.additional.rate.sp9,-1.92017432681663,215.385815853911,283.62949551605,1000
sp6,11,mortality.additional.rate.sp10,1.84907853630695,212.474391965704,275.786937865843,1000
sp6,12,mortality.additional.rate.sp11,-3.76304483144237,207.012406082227,268.135302380812,1000
sp6,13,mortality.additional.rate.sp12,4.25479559280412,218.700522468235,281.284784423044,1000
sp6,14,mortality.additional.rate.sp13,6.83937167955025,218.851609689325,281.100006368354,1000
sp6,15,mortality.additional.rate.sp14,9.73547155651388,217.494848207039,281.624834249595,1000
sp6,16,mortality.additional.rate.sp15,7.63643473221804,221.853476931129,288.626339981229,1000
sp6,17,fisheries.rate.base.fsh0,-9.51944133902218,814.714647244089,924.951747838864,1000
sp6,18,fisheries.rate.base.fsh1,0.913271948156986,252.891668616407,328.488370925846,1000
sp6,19,fisheries.rate.base.fsh2,14.0552325155473,226.216129842053,288.589118995792,1000
sp6,20,fisheries.rate.base.fsh3,-7.68452096184307,248.099152834371,322.073220727404,1000
sp6,21,species.catchability.fsh0.sp0,16.4775220732062,316.880234251258,425.963767454419,1000
sp6,22,species.catchability.fsh0.sp1,6.81487448137216,232.511569496889,294.497452220636,1000
sp6,23,species.catchability.fsh0.sp2,2.55095713883881,226.14803926085,290.583294997928,1000
sp6,24,species.catchability.fsh0.sp3,-44.8705222318015,594.996129478013,710.187586740778,1000
sp6,25,species.catchability.fsh0.sp5,7.66448059716106,232.081181579936,304.394167900506,1000
sp6,26,species.catchability.fsh0.sp7,6.59497820441254,222.781629684143,284.10197481847,1000
sp6,27,species.catchability.fsh0.sp8,1.34919011568544,224.904585205898,293.527359143621,1000
sp6,28,species.catchability.fsh0.sp9,8.02682298173199,216.340500082574,275.39794266735,1000
sp6,29,species.catchability.fsh0.sp10,-0.825918463854182,232.648331084624,302.920095315482,1000
sp6,30,species.catchability.fsh0.sp13,0.66533131770976,212.186727638735,274.460510223049,1000
sp6,31,species.catchability.fsh0.sp14,-1.09963787972988,213.05139682209,281.319839951001,1000
sp6,32,species.catchability.fsh0.sp15,-2.10973271458049,216.144759133781,282.473004190401,1000
sp6,33,species.catchability.fsh1.sp9,-12.1709101844011,219.143893759541,283.295997283869,1000
sp6,34,species.catchability.fsh1.sp10,-25.0663193973403,240.711066326646,320.514052566964,1000
sp6,35,species.catchability.fsh1.sp11,-7.88610129040417,200.709748842721,259.57747469145,1000
sp6,36,species.catchability.fsh1.sp12,-2.38568588185279,222.441246920278,285.531802535486,1000
sp6,37,species.catchability.fsh2.sp0,-8.38019873785689,208.66395885019,270.233998067278,1000
sp6,38,species.catchability.fsh2.sp5,-0.791978751793019,219.529896335877,289.486239628731,1000
sp6,39,species.catchability.fsh2.sp7,6.6858432539111,214.575219110894,276.3987238759,1000
sp6,40,species.catchability.fsh2.sp8,0.195241423523607,210.470700636088,271.928699727806,1000
sp6,41,species.catchability.fsh3.sp0,13.9222441437432,223.172138791554,290.499481327083,1000
sp6,42,species.catchability.fsh3.sp1,-2.87264166306248,207.164776980963,270.945228799803,1000
sp6,43,species.catchability.fsh3.sp2,2.92747572588332,220.488443503767,286.620706267449,1000
sp6,44,species.catchability.fsh3.sp3,17.0154067733999,228.174075852683,292.002193395353,1000
sp6,45,species.catchability.fsh3.sp5,5.05525093086805,213.755803126921,279.094754350285,1000
sp6,46,species.catchability.fsh3.sp7,-4.08291908919995,203.746578659031,263.004637645075,1000
sp6,47,species.catchability.fsh3.sp8,8.80498247947504,214.114484627361,271.423989327791,1000
sp6,48,species.catchability.fsh3.sp9,-7.38621147583476,212.97735131821,278.555382966253,1000
sp6,49,species.catchability.fsh3.sp10,-17.7327067020056,222.7319123988,287.682919134555,1000
sp6,50,species.catchability.fsh3.sp11,-9.06352712475,219.530200714806,294.3976721607,1000
sp6,51,species.catchability.fsh3.sp12,6.75470342824863,230.00706507659,300.013950059868,1000
sp6,52,species.catchability.fsh3.sp13,5.02974756016256,209.49200176484,281.620643008566,1000
sp6,53,species.catchability.fsh3.sp14,4.28902800095983,215.109677431901,276.0295133775,1000
sp6,54,species.catchability.fsh3.sp15,-2.47248256430483,211.478643138695,273.216923140506,1000
sp6,55,species.length2weight.condition.factor.sp0,17.6275025847278,349.285804699922,512.523895964801,1000
sp6,56,species.length2weight.condition.factor.sp1,-8.92492108869866,226.781267548588,291.428645816566,1000
sp6,57,species.length2weight.condition.factor.sp2,-1.21794945229994,221.516592093825,289.791547490215,1000
sp6,58,species.length2weight.condition.factor.sp3,8.12613909326517,492.345799875154,686.940592884208,1000
sp6,59,species.length2weight.condition.factor.sp4,-4.34342145054011,239.699972104571,308.796101440559,1000
sp6,60,species.length2weight.condition.factor.sp5,-6.46442225738257,208.377720009234,271.4535119366,1000
sp6,61,species.length2weight.condition.factor.sp6,-19.8545229071972,317.495979761586,407.666775063806,1000
sp6,62,species.length2weight.condition.factor.sp7,-4.76367230793421,217.206470822369,276.775436119382,1000
sp6,63,species.length2weight.condition.factor.sp8,-3.05317744209725,214.84900618057,280.881605020992,1000
sp6,64,species.length2weight.condition.factor.sp9,9.12192313513053,228.995337103186,301.631646156285,1000
sp6,65,species.length2weight.condition.factor.sp10,1.61564541339441,216.974849483544,284.112678941102,1000
sp6,66,species.length2weight.condition.factor.sp11,-1.25809374257783,215.450437082981,282.009997022838,1000
sp6,67,species.length2weight.condition.factor.sp12,-0.689596954846137,225.215751235402,289.648019257926,1000
sp6,68,species.length2weight.condition.factor.sp13,-10.815796888225,215.126695714058,280.63181188927,1000
sp6,69,species.length2weight.condition.factor.sp14,15.9683658567173,264.489879518944,339.356339457542,1000
sp6,70,species.length2weight.condition.factor.sp15,12.0514401857208,216.924023827068,276.093033209668,1000
sp6,71,species.k.sp0,29.4674465948236,1008.22948281563,1555.82094529603,1000
sp6,72,species.k.sp1,5.38710662171692,921.273095219628,1008.31795074419,1000
sp6,73,species.k.sp2,-6.61670927417499,338.184384300797,491.569783552715,1000
sp6,74,species.k.sp3,22.0486567976694,1259.66005555793,1626.59369526356,1000
sp6,75,species.k.sp4,-33.7489604919717,677.064400358978,792.059195543534,1000
sp6,76,species.k.sp5,8.53884980156738,258.01976395281,350.005686176326,1000
sp6,77,species.k.sp6,-150.226690436589,4252.69271281764,4450.68851062316,1000
sp6,78,species.k.sp7,-0.0355832710528244,234.134200531136,298.507747565624,1000
sp6,79,species.k.sp8,14.0157067749484,485.782777302154,619.334152016781,1000
sp6,80,species.k.sp9,-5.09548319470071,271.042259506555,362.855643134314,1000
sp6,81,species.k.sp10,1.73606958686602,278.082418081901,369.978278578294,1000
sp6,82,species.k.sp11,7.49187599033607,234.729467368978,308.594343482984,1000
sp6,83,species.k.sp12,-3.90290878587847,227.836794100976,303.029387673903,1000
sp6,84,species.k.sp13,0.681527668227811,387.539549983444,538.119982873931,1000
sp6,85,species.k.sp14,32.4530053683403,877.234432130535,972.239801438719,1000
sp6,86,species.k.sp15,19.1549031989098,242.588016532799,325.014077453808,1000
sp6,87,species.l0.sp0,9.8018563135889,289.052305520611,397.544398566587,1000
sp6,88,species.l0.sp1,-19.7347563229833,727.221792724895,814.916679750657,1000
sp6,89,species.l0.sp2,-2.52075929007771,291.867180321539,405.049772702462,1000
sp6,90,species.l0.sp3,6.05879396926807,458.453286684371,612.560324476239,1000
sp6,91,species.l0.sp4,5.25079559491669,544.968070967056,647.484826447701,1000
sp6,92,species.l0.sp5,9.77305791009726,207.984048606153,273.468110938036,1000
sp6,93,species.l0.sp6,19.3543804574556,2296.39936993808,2469.91003902083,1000
sp6,94,species.l0.sp7,9.60084804590133,231.216485311496,301.872274485646,1000
sp6,95,species.l0.sp8,16.0170964727181,261.643069432588,334.444884177795,1000
sp6,96,species.l0.sp9,-5.36825810234589,277.022813563932,373.83599344922,1000
sp6,97,species.l0.sp10,-2.32550093000552,362.723857248219,492.846119158779,1000
sp6,98,species.l0.sp11,0.0759869305708134,226.460118688679,294.505884110802,1000
sp6,99,species.l0.sp12,8.25684610278881,222.758413944811,294.781240435909,1000
sp6,100,species.l0.sp13,-2.56401964571655,218.515497787922,282.989046369804,1000
sp6,101,species.l0.sp14,-11.749339608757,219.468234895224,284.096165012424,1000
sp6,102,species.l0.sp15,-2.00165632438533,211.714636899716,281.971829023586,1000
sp6,103,mortality.additional.larva.rate.sp0,-26.1901273556708,911.578216527115,1505.65486827902,1000
sp6,104,mortality.additional.larva.rate.sp1,-6.92337375041085,297.099983686631,381.101485870638,1000
sp6,105,mortality.additional.larva.rate.sp2,-3.84288475379865,642.001794576285,970.625136838719,1000
sp6,106,mortality.additional.larva.rate.sp3,161.29434458796,3168.70789092224,4137.48853221263,1000
sp6,107,mortality.additional.larva.rate.sp4,3.71868478031944,220.283690772017,284.443150123312,1000
sp6,108,mortality.additional.larva.rate.sp5,-3.18218926246187,212.221834932727,275.938514246478,1000
sp6,109,mortality.additional.larva.rate.sp6,6.22360998076123,231.453415369582,304.830890122666,1000
sp6,110,mortality.additional.larva.rate.sp9,2.46728058970559,356.431256901494,479.873664070491,1000
sp6,111,mortality.additional.larva.rate.sp10,-9.03381140907876,486.58800401052,691.206064699041,1000
sp6,112,mortality.additional.larva.rate.sp11,-6.07401396842918,220.87473853201,286.494678201395,1000
sp6,113,mortality.additional.larva.rate.sp12,9.09283304186252,236.446230510943,309.701099302163,1000
sp6,114,mortality.additional.larva.rate.sp13,12.8266995178097,212.884387897037,277.020589884703,1000
sp6,115,mortality.additional.larva.rate.sp14,5.78580078756945,259.834301590403,351.737637964644,1000
sp6,116,mortality.additional.larva.rate.sp15,1.61919028640354,292.889789303101,399.195656788012,1000
sp6,117,mortality.additional.larva.rate.mean.sp7,-9.08955306545418,243.694101422324,313.61424242326,1000
sp6,118,mortality.additional.larva.rate.mean.sp8,6.37240007372792,296.546565099339,373.636418810288,1000
sp6,119,species.linf.sp0,-162.892629603492,1291.8322715726,2024.44043169045,1000
sp6,120,species.linf.sp1,27.0156818134195,2296.20613425193,2413.04464123517,1000
sp6,121,species.linf.sp2,-13.1678643081417,701.901129173106,1109.83295850662,1000
sp6,122,species.linf.sp3,-327.242877049566,4756.31332245396,5595.11656268017,1000
sp6,123,species.linf.sp4,56.3396674766409,1724.30374452052,1934.05815671314,1000
sp6,124,species.linf.sp5,0.588004838011308,621.903218426739,809.770624597429,1000
sp6,125,species.linf.sp6,180.394426224318,10469.5617643666,10675.3404343247,1000
sp6,126,species.linf.sp7,1.28559293150556,413.508794845533,501.543740814621,1000
sp6,127,species.linf.sp8,-35.7265173588848,1588.64377542915,1943.95316885818,1000
sp6,128,species.linf.sp9,10.3461484764944,487.370948667731,675.549293085326,1000
sp6,129,species.linf.sp10,23.1244772089528,706.885601225631,988.159940583399,1000
sp6,130,species.linf.sp11,5.14932590059998,249.657610544339,337.372316058962,1000
sp6,131,species.linf.sp12,7.54227852784094,335.212374515399,430.458486059612,1000
sp6,132,species.linf.sp13,19.7519846705027,312.545097751464,423.017223525853,1000
sp6,133,species.linf.sp14,21.5102691961986,1696.75525010805,1848.104189513,1000
sp6,134,species.linf.sp15,-6.82266775063615,312.843363122208,421.111234280169,1000
sp6,135,species.accessibility2fish.sp16,-1.64942869455973,215.480905294015,275.780908378926,1000
sp6,136,species.accessibility2fish.sp17,-7.40097178645418,218.111580268079,282.377069392948,1000
sp6,137,species.accessibility2fish.sp18,5.27464366597785,224.638181184394,293.321658634251,1000
sp6,138,species.accessibility2fish.sp19,-7.13182109881118,237.047420210495,324.532642318541,1000
sp6,139,species.accessibility2fish.sp20,-1.25955800875136,220.504242358332,283.731107129625,1000
sp6,140,species.accessibility2fish.sp21,8.8048308512304,236.717050458292,313.742846998177,1000
sp6,141,species.accessibility2fish.sp22,-16.740682899675,814.164790733972,1423.08208013943,1000
sp6,142,species.accessibility2fish.sp23,-121.928429421361,1817.4518484011,1964.98408107627,1000
sp6,143,species.accessibility2fish.sp24,8.54841404544175,279.023945538547,357.933638233504,1000
sp6,144,species.accessibility2fish.sp25,16.6079471487417,211.467362440542,276.695255366963,1000
sp6,145,species.accessibility2fish.sp26,0.956474031586106,227.885344813758,296.034647204854,1000
sp6,146,species.maturity.size.ratio.sp0,42.3151077590986,927.30206461724,1541.10689472078,1000
sp6,147,species.maturity.size.ratio.sp1,-0.989419378694487,216.500889357083,277.494681934012,1000
sp6,148,species.maturity.size.ratio.sp2,19.660124091475,217.746546360214,281.399342247866,1000
sp6,149,species.maturity.size.ratio.sp3,13.508377186183,222.488096086128,288.369193031429,1000
sp6,150,species.maturity.size.ratio.sp4,-6.24594172917839,268.069663569784,348.910097566615,1000
sp6,151,species.maturity.size.ratio.sp5,-4.35377210892366,225.538303290271,290.321263360706,1000
sp6,152,species.maturity.size.ratio.sp6,6.57539708594027,786.253894972243,1160.66998963332,1000
sp6,153,species.maturity.size.ratio.sp7,3.72292332179451,213.358398962683,280.012266105267,1000
sp6,154,species.maturity.size.ratio.sp8,-2.55771568893749,223.844679382168,288.119631278162,1000
sp6,155,species.maturity.size.ratio.sp9,5.41363465017474,214.605295113411,277.175307840829,1000
sp6,156,species.maturity.size.ratio.sp10,7.35273855104446,244.436961028769,315.995012326628,1000
sp6,157,species.maturity.size.ratio.sp11,-35.0273241479778,283.759561839328,374.032409016088,1000
sp6,158,species.maturity.size.ratio.sp12,4.73051361237783,220.936118123311,287.291115532329,1000
sp6,159,species.maturity.size.ratio.sp13,-30.1689469373154,491.130838727657,693.738868446544,1000
sp6,160,species.maturity.size.ratio.sp14,-8.34167134503896,230.821507503572,299.868359071575,1000
sp6,161,species.maturity.size.ratio.sp15,0.955095556099962,305.0330772083,425.483911080221,1000
sp6,162,predation.predPrey.sizeRatio.teta.sp0.stage1,-4.47253374574025,217.48081780074,284.083177705395,1000
sp6,163,predation.predPrey.sizeRatio.alpha.sp0.stage1,39.5744070184555,568.297884666011,872.505264296704,1000
sp6,164,predation.predPrey.sizeRatio.teta.sp1.stage1,5.28724860028552,318.331746891013,422.502544697786,1000
sp6,165,predation.predPrey.sizeRatio.alpha.sp1.stage1,24.841765328032,338.280736690138,449.290868979099,1000
sp6,166,predation.predPrey.sizeRatio.teta.sp2.stage1,6.71049022678609,223.223694459422,290.188595097548,1000
sp6,167,predation.predPrey.sizeRatio.alpha.sp2.stage1,-4.48764345143917,411.733274578156,630.95247940493,1000
sp6,168,predation.predPrey.sizeRatio.teta.sp3.stage1,-7.60111835646523,215.368977240793,282.282461330494,1000
sp6,169,predation.predPrey.sizeRatio.alpha.sp3.stage1,56.3845758218069,1692.48154634659,2252.1555395124,1000
sp6,170,predation.predPrey.sizeRatio.teta.sp4.stage1,7.45654792944938,238.700261436394,316.483075228774,1000
sp6,171,predation.predPrey.sizeRatio.alpha.sp4.stage1,-23.6514483472846,389.870742534651,513.536496574898,1000
sp6,172,predation.predPrey.sizeRatio.teta.sp5.stage1,3.24167413896661,219.045990578528,283.383748160822,1000
sp6,173,predation.predPrey.sizeRatio.teta.sp5.stage2,25.7899140403624,391.605339867807,511.80117218869,1000
sp6,174,predation.predPrey.sizeRatio.alpha.sp5.stage1,-5.44632618727162,210.971086107262,273.311774891314,1000
sp6,175,predation.predPrey.sizeRatio.alpha.sp5.stage2,-19.3517531258469,358.558292628459,460.398278764571,1000
sp6,176,predation.predPrey.sizeRatio.teta.sp6.stage1,19.7640051823082,1405.40191820443,1876.697345062,1000
sp6,177,predation.predPrey.sizeRatio.alpha.sp6.stage1,-49.41295837905,2240.53269011411,2574.40105523566,1000
sp6,178,predation.predPrey.sizeRatio.teta.sp7.stage1,-10.7525153585889,226.1209209609,293.094792968426,1000
sp6,179,predation.predPrey.sizeRatio.alpha.sp7.stage1,-8.56770507471662,250.248773415453,321.625474511829,1000
sp6,180,predation.predPrey.sizeRatio.teta.sp8.stage1,8.25936190917642,217.490503398457,282.648522896886,1000
sp6,181,predation.predPrey.sizeRatio.alpha.sp8.stage1,41.6916028400745,1358.54195242145,1751.60102263722,1000
sp6,182,predation.predPrey.sizeRatio.teta.sp9.stage1,9.92907787886393,225.522446666922,296.298987179147,1000
sp6,183,predation.predPrey.sizeRatio.alpha.sp9.stage1,21.4557060387444,449.692952045575,606.373302624052,1000
sp6,184,predation.predPrey.sizeRatio.teta.sp10.stage1,-0.0963065072958102,223.751215941993,289.795962081851,1000
sp6,185,predation.predPrey.sizeRatio.alpha.sp10.stage1,-14.8042867126777,317.920405096817,442.298669469479,1000
sp6,186,predation.predPrey.sizeRatio.teta.sp11.stage1,-13.182830668593,231.981362350782,302.191244749342,1000
sp6,187,predation.predPrey.sizeRatio.alpha.sp11.stage1,3.95809682028062,217.599332663728,283.849787569608,1000
sp6,188,predation.predPrey.sizeRatio.teta.sp12.stage1,-8.28017212000904,239.479335884644,309.426454582012,1000
sp6,189,predation.predPrey.sizeRatio.alpha.sp12.stage1,-14.3847629724653,255.207602668676,328.815794236595,1000
sp6,190,predation.predPrey.sizeRatio.teta.sp13.stage1,-9.24262580013888,219.417703698667,286.09542543732,1000
sp6,191,predation.predPrey.sizeRatio.alpha.sp13.stage1,-3.81686177173191,280.601502837726,375.042299030939,1000
sp6,192,predation.predPrey.sizeRatio.teta.sp14.stage1,-1.60389489037364,228.996405805038,296.893884054014,1000
sp6,193,predation.predPrey.sizeRatio.alpha.sp14.stage1,-34.9975573113736,1378.45446152356,1593.73668357068,1000
sp6,194,predation.predPrey.sizeRatio.teta.sp15.stage1,-14.1383421495945,217.800319239533,276.592310109875,1000
sp6,195,predation.predPrey.sizeRatio.alpha.sp15.stage1,-8.07042225461106,243.836856736861,322.185903401731,1000
sp7,1,mortality.additional.rate.sp0,1.82183588261115,184.385279058944,287.321195900068,1000
sp7,2,mortality.additional.rate.sp1,-4.35507234122917,194.762552719924,269.408975811386,1000
sp7,3,mortality.additional.rate.sp2,10.7849848396111,188.648016158,274.645030885402,1000
sp7,4,mortality.additional.rate.sp3,-11.9165655175971,191.811926176792,269.163291632534,1000
sp7,5,mortality.additional.rate.sp4,4.52889272956939,191.368277981903,269.419091481264,1000
sp7,6,mortality.additional.rate.sp5,11.2441391747222,341.154492454417,443.740642355646,1000
sp7,7,mortality.additional.rate.sp6,0.44729945613886,183.491964629556,256.873245772889,1000
sp7,8,mortality.additional.rate.sp7,-33.6750547894445,1666.98759059233,2100.83492820508,1000
sp7,9,mortality.additional.rate.sp8,2.30001206983335,182.289308352667,257.303064355096,1000
sp7,10,mortality.additional.rate.sp9,-10.029697227375,179.706803837069,260.085235167752,1000
sp7,11,mortality.additional.rate.sp10,-4.31992308071531,192.105839896396,262.209958805405,1000
sp7,12,mortality.additional.rate.sp11,-6.9392827178889,191.139406999528,306.573209319891,1000
sp7,13,mortality.additional.rate.sp12,6.57463146627782,193.459639596611,283.04877176997,1000
sp7,14,mortality.additional.rate.sp13,5.90247671951385,183.251110048125,269.473242526878,1000
sp7,15,mortality.additional.rate.sp14,-1.81950073326391,170.447031324208,234.319484248078,1000
sp7,16,mortality.additional.rate.sp15,4.93124215247225,181.147662271333,253.832273336005,1000
sp7,17,fisheries.rate.base.fsh0,0.388769549486124,352.785407873014,503.085971964392,1000
sp7,18,fisheries.rate.base.fsh1,-5.50029578758333,209.572753111167,298.24975280506,1000
sp7,19,fisheries.rate.base.fsh2,-4.6460944744861,207.576341482514,302.627409199461,1000
sp7,20,fisheries.rate.base.fsh3,7.35524297083337,217.762212915139,306.19491213023,1000
sp7,21,species.catchability.fsh0.sp0,1.70232550512493,182.556363633681,262.953641504321,1000
sp7,22,species.catchability.fsh0.sp1,8.28677242652778,189.257854111472,289.712574430372,1000
sp7,23,species.catchability.fsh0.sp2,0.251707481666668,182.385351868417,266.065300861708,1000
sp7,24,species.catchability.fsh0.sp3,-8.15401355848342,215.33120159915,300.48142683035,1000
sp7,25,species.catchability.fsh0.sp5,9.21776584559436,233.431291844295,325.623327548099,1000
sp7,26,species.catchability.fsh0.sp7,-23.9272115498889,433.721076267306,606.528776973823,1000
sp7,27,species.catchability.fsh0.sp8,-9.32275332216662,206.918920251167,308.802558962297,1000
sp7,28,species.catchability.fsh0.sp9,-10.8357673677361,182.916378962431,265.628505106284,1000
sp7,29,species.catchability.fsh0.sp10,7.99533041270833,190.680013393625,271.193435605353,1000
sp7,30,species.catchability.fsh0.sp13,0.583672921805544,183.28310883225,261.108540080576,1000
sp7,31,species.catchability.fsh0.sp14,-3.36255334148609,192.186226956597,271.817237014805,1000
sp7,32,species.catchability.fsh0.sp15,-7.11847760701392,184.342731991542,262.473634482156,1000
sp7,33,species.catchability.fsh1.sp9,7.24377571539027,191.149686753638,277.075754872359,1000
sp7,34,species.catchability.fsh1.sp10,19.6631140285416,192.906876244736,258.362705349609,1000
sp7,35,species.catchability.fsh1.sp11,8.12482016422231,184.57536534325,278.18242079588,1000
sp7,36,species.catchability.fsh1.sp12,3.54705777834724,198.233631778486,315.458062595394,1000
sp7,37,species.catchability.fsh2.sp0,4.90450547927092,177.456568785854,250.866994577743,1000
sp7,38,species.catchability.fsh2.sp5,-0.358226906430596,193.003027764458,279.16749671108,1000
sp7,39,species.catchability.fsh2.sp7,10.1273144366528,209.456122717431,303.151299182451,1000
sp7,40,species.catchability.fsh2.sp8,1.3648090604166,184.538435282639,261.04998264025,1000
sp7,41,species.catchability.fsh3.sp0,6.22166641366663,179.946374671972,246.647412873845,1000
sp7,42,species.catchability.fsh3.sp1,-7.12974860519448,180.766557347056,251.481084787832,1000
sp7,43,species.catchability.fsh3.sp2,-2.90989113119447,183.636270955861,269.703458582842,1000
sp7,44,species.catchability.fsh3.sp3,-3.5191245970417,183.402136697597,254.355441579098,1000
sp7,45,species.catchability.fsh3.sp5,1.86717717569445,188.640709781611,279.168351349209,1000
sp7,46,species.catchability.fsh3.sp7,5.40637376319446,224.052039559056,320.876343853331,1000
sp7,47,species.catchability.fsh3.sp8,13.9088934211111,188.480054060278,269.711076825562,1000
sp7,48,species.catchability.fsh3.sp9,0.865960346572215,183.933425932706,259.370782792513,1000
sp7,49,species.catchability.fsh3.sp10,1.95222198801393,182.919853630403,258.756486282908,1000
sp7,50,species.catchability.fsh3.sp11,-1.22715326848329,184.971373137211,255.131088667899,1000
sp7,51,species.catchability.fsh3.sp12,-7.06160960390274,187.966227551375,268.841686897941,1000
sp7,52,species.catchability.fsh3.sp13,-15.1317555250556,192.028693872944,285.64421678939,1000
sp7,53,species.catchability.fsh3.sp14,1.04265650640277,179.173713759347,247.715804722627,1000
sp7,54,species.catchability.fsh3.sp15,-8.39707868261109,179.723512828417,255.800055061628,1000
sp7,55,species.length2weight.condition.factor.sp0,-0.817255722013884,180.643384581431,255.726955227107,1000
sp7,56,species.length2weight.condition.factor.sp1,6.7121088322361,194.789168865569,275.205571346941,1000
sp7,57,species.length2weight.condition.factor.sp2,-3.94275916042368,208.467611328715,288.928303307835,1000
sp7,58,species.length2weight.condition.factor.sp3,16.0392694255694,204.216862828514,289.406401873775,1000
sp7,59,species.length2weight.condition.factor.sp4,-1.51444691406944,186.659906802542,256.880075464169,1000
sp7,60,species.length2weight.condition.factor.sp5,-8.06063937456936,191.006144757458,272.265064030418,1000
sp7,61,species.length2weight.condition.factor.sp6,5.76140833965277,185.785293808042,252.478037809636,1000
sp7,62,species.length2weight.condition.factor.sp7,8.56761913029162,241.161960066125,360.505198226024,1000
sp7,63,species.length2weight.condition.factor.sp8,-1.84381339625,200.776281261889,291.037538917002,1000
sp7,64,species.length2weight.condition.factor.sp9,-6.48198686216664,178.740015652528,249.199498808397,1000
sp7,65,species.length2weight.condition.factor.sp10,7.5381021407222,178.255977236167,260.816769915416,1000
sp7,66,species.length2weight.condition.factor.sp11,-5.3461971992917,191.758457998625,273.253366091744,1000
sp7,67,species.length2weight.condition.factor.sp12,-0.241739852958375,189.464224181847,263.622803074545,1000
sp7,68,species.length2weight.condition.factor.sp13,5.25053586092781,187.735743125233,267.808877141062,1000
sp7,69,species.length2weight.condition.factor.sp14,-19.7869097369028,186.661024411264,264.43997921742,1000
sp7,70,species.length2weight.condition.factor.sp15,-10.1790103917638,194.991661856736,286.379548858964,1000
sp7,71,species.k.sp0,8.13955712286107,258.873467083778,362.012688104207,1000
sp7,72,species.k.sp1,-7.37110184329163,661.972136954236,766.70533837065,1000
sp7,73,species.k.sp2,-4.88622994543059,222.346796487958,323.957327833852,1000
sp7,74,species.k.sp3,-11.0515615751527,269.084897147986,393.991608097683,1000
sp7,75,species.k.sp4,-32.9976839321112,308.970912471667,413.19922936381,1000
sp7,76,species.k.sp5,-38.4879419973611,362.155384425917,501.816305486351,1000
sp7,77,species.k.sp6,15.4324619139444,451.131311710917,545.464892467458,1000
sp7,78,species.k.sp7,39.0479282891251,479.439558692597,693.142862622877,1000
sp7,79,species.k.sp8,21.3369727123195,316.63958175782,445.66053063805,1000
sp7,80,species.k.sp9,-12.6685620117778,210.646209512472,293.890904104847,1000
sp7,81,species.k.sp10,-12.68347570875,187.658932722528,267.564182985021,1000
sp7,82,species.k.sp11,-0.909942033777743,183.383400931111,257.770694334242,1000
sp7,83,species.k.sp12,6.39886547494448,177.573927888,252.4780536924,1000
sp7,84,species.k.sp13,10.3918691169028,246.951783323097,350.596655440559,1000
sp7,85,species.k.sp14,-2.39103855627778,240.161525782306,329.127474515359,1000
sp7,86,species.k.sp15,-5.90413038804167,188.037691592042,269.074797748263,1000
sp7,87,species.l0.sp0,9.19369064590282,183.73173439532,268.988736326184,1000
sp7,88,species.l0.sp1,-13.0564957224722,518.84414013075,604.038677265274,1000
sp7,89,species.l0.sp2,2.42927784866667,267.227285158556,385.805756807747,1000
sp7,90,species.l0.sp3,13.2524737673611,200.466903877528,287.437233896413,1000
sp7,91,species.l0.sp4,-0.0578075675139512,267.048085021764,360.59042799741,1000
sp7,92,species.l0.sp5,1.70048128891664,185.439715793306,267.511882480079,1000
sp7,93,species.l0.sp6,-4.12017316161117,259.1061564665,333.155954159214,1000
sp7,94,species.l0.sp7,-53.677243048625,1099.80373315021,1726.68553689502,1000
sp7,95,species.l0.sp8,-19.2102491937611,294.28527037385,387.207905473577,1000
sp7,96,species.l0.sp9,5.25114402954173,196.339718300153,289.6338022654,1000
sp7,97,species.l0.sp10,-17.6566638372639,197.456553263375,277.333597345641,1000
sp7,98,species.l0.sp11,8.01932783798612,184.588346070042,263.493193564975,1000
sp7,99,species.l0.sp12,14.0336159003056,179.76007243075,257.051196760837,1000
sp7,100,species.l0.sp13,4.14985850679167,183.707051415514,265.5195053433,1000
sp7,101,species.l0.sp14,-4.11513427227778,185.323330730611,271.041472751549,1000
sp7,102,species.l0.sp15,13.7938973045417,183.343047160097,270.229316450352,1000
sp7,103,mortality.additional.larva.rate.sp0,-4.5205804024403,228.442727062171,336.351529595961,1000
sp7,104,mortality.additional.larva.rate.sp1,-2.87416063345837,204.853992319181,275.354642387085,1000
sp7,105,mortality.additional.larva.rate.sp2,-15.8147811169445,581.052933941278,850.268025164583,1000
sp7,106,mortality.additional.larva.rate.sp3,-13.7044791501528,539.726262210042,786.940573675182,1000
sp7,107,mortality.additional.larva.rate.sp4,3.73862218372215,194.467907155278,278.655476654926,1000
sp7,108,mortality.additional.larva.rate.sp5,-0.546331153958324,193.890195418403,281.696453502963,1000
sp7,109,mortality.additional.larva.rate.sp6,5.07451120720841,180.901565831486,250.112738465882,1000
sp7,110,mortality.additional.larva.rate.sp9,-14.9144920969722,216.132706624722,308.475929911,1000
sp7,111,mortality.additional.larva.rate.sp10,8.84139745251382,197.541396962486,282.64159119656,1000
sp7,112,mortality.additional.larva.rate.sp11,1.8085532288056,188.568235246222,261.649611662285,1000
sp7,113,mortality.additional.larva.rate.sp12,2.75284535351395,190.389778597958,268.858688620686,1000
sp7,114,mortality.additional.larva.rate.sp13,5.24916423606947,186.666192947792,262.34283605854,1000
sp7,115,mortality.additional.larva.rate.sp14,5.93879472277777,191.263617930972,288.385111121977,1000
sp7,116,mortality.additional.larva.rate.sp15,-8.92765940159723,193.081674549069,264.395958249536,1000
sp7,117,mortality.additional.larva.rate.mean.sp7,24.6305359698611,1739.98603965317,2467.61722418553,1000
sp7,118,mortality.additional.larva.rate.mean.sp8,15.8291312995277,376.444062969722,495.217845245054,1000
sp7,119,species.linf.sp0,0.0171502234166321,264.036757394472,367.183528498015,1000
sp7,120,species.linf.sp1,0.621270265291633,1627.98064730924,1764.41471064865,1000
sp7,121,species.linf.sp2,-16.2184101146667,401.983674075278,598.283964203426,1000
sp7,122,species.linf.sp3,1.59455970420839,555.904612952792,816.742401361568,1000
sp7,123,species.linf.sp4,7.2408324236111,649.515490202833,787.496059309182,1000
sp7,124,species.linf.sp5,11.6969341320416,1345.39799701154,1685.93490217224,1000
sp7,125,species.linf.sp6,-14.4408050032361,1156.54595668801,1271.55383137246,1000
sp7,126,species.linf.sp7,-37.6139806149722,6730.10904159358,7888.32764488175,1000
sp7,127,species.linf.sp8,13.7589843417639,720.478262090903,940.346727730709,1000
sp7,128,species.linf.sp9,13.1602980091528,295.136795152014,399.164024637631,1000
sp7,129,species.linf.sp10,-7.22947485613882,246.023719120861,340.977201186423,1000
sp7,130,species.linf.sp11,0.883139300944427,191.428423209528,281.169949146569,1000
sp7,131,species.linf.sp12,12.0883096876111,204.457542688972,278.89624752306,1000
sp7,132,species.linf.sp13,-1.3557503975555,248.415218938444,348.30487912613,1000
sp7,133,species.linf.sp14,7.92998957790279,228.859388487625,328.449231428446,1000
sp7,134,species.linf.sp15,-3.93047702356947,213.261519873208,290.19809503538,1000
sp7,135,species.accessibility2fish.sp16,8.56499033920833,186.120686741208,263.935887243466,1000
sp7,136,species.accessibility2fish.sp17,-0.397798793097236,182.065733219319,261.05348613277,1000
sp7,137,species.accessibility2fish.sp18,-3.40056887605552,189.814700801639,268.221159893884,1000
sp7,138,species.accessibility2fish.sp19,3.11194594608338,190.773164561583,269.503172561966,1000
sp7,139,species.accessibility2fish.sp20,19.0556878505972,190.040277381597,266.721567662154,1000
sp7,140,species.accessibility2fish.sp21,-5.61716723604169,194.089557627097,273.283130658283,1000
sp7,141,species.accessibility2fish.sp22,-14.407669282475,529.091867973336,923.383539393298,1000
sp7,142,species.accessibility2fish.sp23,-82.8982776398778,1354.65042577935,1512.58740331235,1000
sp7,143,species.accessibility2fish.sp24,-2.49258480265279,404.315723311403,613.000356948174,1000
sp7,144,species.accessibility2fish.sp25,3.79259496466666,185.261089680917,266.575093847815,1000
sp7,145,species.accessibility2fish.sp26,-2.85900351673609,174.206335104764,245.136794873105,1000
sp7,146,species.maturity.size.ratio.sp0,19.7147288335278,237.651479491417,337.683146319057,1000
sp7,147,species.maturity.size.ratio.sp1,2.48701912705558,187.384773677111,258.958080304249,1000
sp7,148,species.maturity.size.ratio.sp2,3.86442491186112,200.791022185639,281.075183438329,1000
sp7,149,species.maturity.size.ratio.sp3,-1.53731881868055,187.568133772542,271.745808265436,1000
sp7,150,species.maturity.size.ratio.sp4,-1.36822554137502,201.198538351708,273.557080692111,1000
sp7,151,species.maturity.size.ratio.sp5,4.93268571613612,179.086502441642,249.943664615797,1000
sp7,152,species.maturity.size.ratio.sp6,-4.04045415676386,197.808590811319,289.361601524845,1000
sp7,153,species.maturity.size.ratio.sp7,6.90846228154442,211.421499579267,286.73134910503,1000
sp7,154,species.maturity.size.ratio.sp8,3.37203531670833,182.818007311431,259.571741802151,1000
sp7,155,species.maturity.size.ratio.sp9,4.51628162815279,193.197829861264,274.587227971647,1000
sp7,156,species.maturity.size.ratio.sp10,-6.50690343099996,190.271989369972,274.786307507929,1000
sp7,157,species.maturity.size.ratio.sp11,-4.891557152125,192.342284210708,266.943122854119,1000
sp7,158,species.maturity.size.ratio.sp12,6.44349583758609,183.246308944281,258.358380942113,1000
sp7,159,species.maturity.size.ratio.sp13,-24.9192460740417,403.312124681569,587.032011777005,1000
sp7,160,species.maturity.size.ratio.sp14,-1.63280538701386,187.053970238042,269.391129193455,1000
sp7,161,species.maturity.size.ratio.sp15,-0.279014825638965,200.378388454806,284.657691418645,1000
sp7,162,predation.predPrey.sizeRatio.teta.sp0.stage1,13.4735239110694,179.832112587458,253.358924384406,1000
sp7,163,predation.predPrey.sizeRatio.alpha.sp0.stage1,-6.73421846309724,212.207836238903,298.513534114562,1000
sp7,164,predation.predPrey.sizeRatio.teta.sp1.stage1,6.34659170434722,245.423394218042,342.365925741071,1000
sp7,165,predation.predPrey.sizeRatio.alpha.sp1.stage1,-1.07877973077773,262.898321666167,408.433034637613,1000
sp7,166,predation.predPrey.sizeRatio.teta.sp2.stage1,10.8646178611251,207.181008880125,288.743687729308,1000
sp7,167,predation.predPrey.sizeRatio.alpha.sp2.stage1,-4.10049462822215,281.282694052111,397.509082669944,1000
sp7,168,predation.predPrey.sizeRatio.teta.sp3.stage1,11.3559941105139,213.199438078569,305.697574845798,1000
sp7,169,predation.predPrey.sizeRatio.alpha.sp3.stage1,-11.5024890420417,357.695156664708,503.751838579577,1000
sp7,170,predation.predPrey.sizeRatio.teta.sp4.stage1,3.6746019260417,192.904792447597,269.694258260427,1000
sp7,171,predation.predPrey.sizeRatio.alpha.sp4.stage1,-16.5314391713333,200.849515582139,286.224276658837,1000
sp7,172,predation.predPrey.sizeRatio.teta.sp5.stage1,-10.1298817823001,186.416135278839,263.416360823141,1000
sp7,173,predation.predPrey.sizeRatio.teta.sp5.stage2,-24.6287187287361,886.997977470208,1178.59274005655,1000
sp7,174,predation.predPrey.sizeRatio.alpha.sp5.stage1,4.143775951875,182.689548764042,272.509350404043,1000
sp7,175,predation.predPrey.sizeRatio.alpha.sp5.stage2,4.65456913541662,614.491473352945,965.085728895759,1000
sp7,176,predation.predPrey.sizeRatio.teta.sp6.stage1,-5.31556193145833,243.545990559569,341.20851598198,1000
sp7,177,predation.predPrey.sizeRatio.alpha.sp6.stage1,5.02855880411103,368.481308115861,468.904151733122,1000
sp7,178,predation.predPrey.sizeRatio.teta.sp7.stage1,-35.4537895285,605.434575834861,861.977337933583,1000
sp7,179,predation.predPrey.sizeRatio.alpha.sp7.stage1,-60.9933283021806,7035.26801641582,8699.02515575258,1000
sp7,180,predation.predPrey.sizeRatio.teta.sp8.stage1,-12.5529220632083,204.495684448514,281.654370609609,1000
sp7,181,predation.predPrey.sizeRatio.alpha.sp8.stage1,-9.31921298048616,295.425651161569,389.86443162693,1000
sp7,182,predation.predPrey.sizeRatio.teta.sp9.stage1,0.503829930955509,188.88611438585,272.027185049789,1000
sp7,183,predation.predPrey.sizeRatio.alpha.sp9.stage1,5.16534894225001,259.966916751306,361.600058112834,1000
sp7,184,predation.predPrey.sizeRatio.teta.sp10.stage1,1.17978231651392,188.587660269847,267.928737674461,1000
sp7,185,predation.predPrey.sizeRatio.alpha.sp10.stage1,13.1419447716667,196.906151227917,269.162229579531,1000
sp7,186,predation.predPrey.sizeRatio.teta.sp11.stage1,-7.32793232665279,188.899315790597,287.194312129732,1000
sp7,187,predation.predPrey.sizeRatio.alpha.sp11.stage1,2.06315612611111,182.009486866083,260.702246872173,1000
sp7,188,predation.predPrey.sizeRatio.teta.sp12.stage1,6.23292207970835,180.286165140375,250.158208902605,1000
sp7,189,predation.predPrey.sizeRatio.alpha.sp12.stage1,1.2477721755139,188.446698110319,264.096956268267,1000
sp7,190,predation.predPrey.sizeRatio.teta.sp13.stage1,-2.60088496499997,181.03771033425,252.541118138673,1000
sp7,191,predation.predPrey.sizeRatio.alpha.sp13.stage1,1.56707229720418,210.648924394232,311.94735635374,1000
sp7,192,predation.predPrey.sizeRatio.teta.sp14.stage1,-4.09407833537499,192.505428410847,268.637654954934,1000
sp7,193,predation.predPrey.sizeRatio.alpha.sp14.stage1,-11.3217953036806,224.533176696986,314.742317458962,1000
sp7,194,predation.predPrey.sizeRatio.teta.sp15.stage1,-4.9455560818125,186.330483942118,260.617153872157,1000
sp7,195,predation.predPrey.sizeRatio.alpha.sp15.stage1,9.59774894575,219.105953124917,296.474576287358,1000
sp8,1,mortality.additional.rate.sp0,20.6769927742776,1595.97891287489,2114.0242055114,1000
sp8,2,mortality.additional.rate.sp1,39.2022995845838,1579.86957432072,2096.90244441716,1000
sp8,3,mortality.additional.rate.sp2,-29.8500532575001,1884.13583051361,2502.30061668548,1000
sp8,4,mortality.additional.rate.sp3,-45.8015271846806,1724.68660709051,2264.98460265375,1000
sp8,5,mortality.additional.rate.sp4,-65.722662611861,1607.39967815369,2103.78488810814,1000
sp8,6,mortality.additional.rate.sp5,-14.3402827609026,2167.07651014118,2768.78817996192,1000
sp8,7,mortality.additional.rate.sp6,31.6380991800419,1522.3774931856,2021.72457416314,1000
sp8,8,mortality.additional.rate.sp7,-35.1364086626393,1679.47598455875,2195.97814916553,1000
sp8,9,mortality.additional.rate.sp8,-70.1199227529307,1553.46713698935,2069.58654060403,1000
sp8,10,mortality.additional.rate.sp9,-32.355989839055,1584.36345701317,2099.79507380244,1000
sp8,11,mortality.additional.rate.sp10,-52.9584647059616,1660.02848640848,2162.78808924158,1000
sp8,12,mortality.additional.rate.sp11,75.2854675268983,1579.5467634831,2069.01544466499,1000
sp8,13,mortality.additional.rate.sp12,0.619245094999863,1575.09248312889,2075.94113188624,1000
sp8,14,mortality.additional.rate.sp13,-72.5344723765279,1551.38268956514,2042.58037520939,1000
sp8,15,mortality.additional.rate.sp14,34.5933685930965,1630.26613573571,2167.19111847875,1000
sp8,16,mortality.additional.rate.sp15,-1.30618009336123,1514.50699429808,2022.71173217277,1000
sp8,17,fisheries.rate.base.fsh0,176.810493419583,5073.17474747397,5735.00766494348,1000
sp8,18,fisheries.rate.base.fsh1,34.8938722886256,1740.39750470221,2277.3803563116,1000
sp8,19,fisheries.rate.base.fsh2,29.7559549995554,1938.27632653433,2471.00261204016,1000
sp8,20,fisheries.rate.base.fsh3,-14.0548182075006,1635.84165213389,2176.03563776237,1000
sp8,21,species.catchability.fsh0.sp0,43.3935861731944,1675.61855722236,2264.60105541325,1000
sp8,22,species.catchability.fsh0.sp1,21.5350568421528,1622.16916194715,2129.19562814045,1000
sp8,23,species.catchability.fsh0.sp2,23.5623163488224,1636.63952656882,2143.34236817358,1000
sp8,24,species.catchability.fsh0.sp3,-58.2653662879169,1833.32737665292,2370.61632890983,1000
sp8,25,species.catchability.fsh0.sp5,-4.85202576843046,1749.14826025712,2281.04688372207,1000
sp8,26,species.catchability.fsh0.sp7,28.9302168886108,1600.09420319389,2097.2725978911,1000
sp8,27,species.catchability.fsh0.sp8,-126.396751521153,7488.36030677885,7948.68868984182,1000
sp8,28,species.catchability.fsh0.sp9,-2.54638192374982,1510.17628634153,1991.09994818311,1000
sp8,29,species.catchability.fsh0.sp10,21.8284935565284,1594.57550570014,2098.84934489012,1000
sp8,30,species.catchability.fsh0.sp13,7.97221089787461,1603.26015319176,2112.85996146031,1000
sp8,31,species.catchability.fsh0.sp14,-8.36740424225397,1511.4382055042,1992.02186070126,1000
sp8,32,species.catchability.fsh0.sp15,-41.5519629738886,1542.40158630833,2048.83585126614,1000
sp8,33,species.catchability.fsh1.sp9,44.7336161556672,1711.11559739594,2209.98166093234,1000
sp8,34,species.catchability.fsh1.sp10,8.08274440195893,1594.80305724999,2114.0079367057,1000
sp8,35,species.catchability.fsh1.sp11,-98.0429698101393,1566.38778298819,2078.38534903956,1000
sp8,36,species.catchability.fsh1.sp12,-133.07411830125,1619.11174697339,2106.20537614223,1000
sp8,37,species.catchability.fsh2.sp0,60.1206424434584,1606.32036008179,2137.57015667708,1000
sp8,38,species.catchability.fsh2.sp5,90.352535374305,1625.04560526875,2126.92023152708,1000
sp8,39,species.catchability.fsh2.sp7,-11.8703550993611,1527.65645928797,2028.43175899327,1000
sp8,40,species.catchability.fsh2.sp8,41.0107509316946,1947.74294329553,2467.29489950487,1000
sp8,41,species.catchability.fsh3.sp0,-24.7075185262503,1556.62940647181,2072.83403458839,1000
sp8,42,species.catchability.fsh3.sp1,57.2347870645828,1567.85235379792,2083.41618176097,1000
sp8,43,species.catchability.fsh3.sp2,-27.5049186403066,1540.49291722531,2019.79598784327,1000
sp8,44,species.catchability.fsh3.sp3,49.9137329157636,1683.88056666774,2194.28283194625,1000
sp8,45,species.catchability.fsh3.sp5,-27.4288652589582,1594.62588650896,2143.81392282485,1000
sp8,46,species.catchability.fsh3.sp7,57.9595436068052,1560.18776363858,2013.05648699124,1000
sp8,47,species.catchability.fsh3.sp8,-20.3302375319169,1877.17649361725,2393.79904549634,1000
sp8,48,species.catchability.fsh3.sp9,-84.9815735899859,1567.86548431363,2071.40777192037,1000
sp8,49,species.catchability.fsh3.sp10,28.6963820976389,1583.11838156403,2089.98462584922,1000
sp8,50,species.catchability.fsh3.sp11,12.7707635276862,1593.91166498606,2078.79357080161,1000
sp8,51,species.catchability.fsh3.sp12,-86.4416650325276,1547.93040361886,2081.91972055749,1000
sp8,52,species.catchability.fsh3.sp13,34.3880695965138,1637.00128079026,2162.33603382539,1000
sp8,53,species.catchability.fsh3.sp14,-76.6629363393052,1617.44029420264,2142.23262169527,1000
sp8,54,species.catchability.fsh3.sp15,20.0348001447219,1530.35502518111,2056.70587088365,1000
sp8,55,species.length2weight.condition.factor.sp0,63.3246878496946,1976.81292417719,2743.54597765133,1000
sp8,56,species.length2weight.condition.factor.sp1,7.70069948841642,1601.07226544825,2094.47485903706,1000
sp8,57,species.length2weight.condition.factor.sp2,2.33664462733323,1840.10138867878,2490.0683541825,1000
sp8,58,species.length2weight.condition.factor.sp3,21.2253882536111,2021.82536100611,2648.61826119897,1000
sp8,59,species.length2weight.condition.factor.sp4,-35.0167554265276,1558.3935364307,2086.57996027737,1000
sp8,60,species.length2weight.condition.factor.sp5,51.2777155733886,1550.68961085694,2034.25897704197,1000
sp8,61,species.length2weight.condition.factor.sp6,-3.64796133255562,1579.253039812,2066.13262003217,1000
sp8,62,species.length2weight.condition.factor.sp7,116.059026946819,1608.91441350568,2081.82768877627,1000
sp8,63,species.length2weight.condition.factor.sp8,-87.8392179330554,1865.56581577917,2446.90996711365,1000
sp8,64,species.length2weight.condition.factor.sp9,143.644497431459,1623.5312964466,2138.77619579301,1000
sp8,65,species.length2weight.condition.factor.sp10,-24.4295292932639,1615.16847417187,2151.03029559825,1000
sp8,66,species.length2weight.condition.factor.sp11,-27.2512404094581,1509.72604924138,1995.13685037978,1000
sp8,67,species.length2weight.condition.factor.sp12,5.22956421652717,1595.48543590236,2110.40091103488,1000
sp8,68,species.length2weight.condition.factor.sp13,31.2280376372222,1582.65408340667,2132.02335874959,1000
sp8,69,species.length2weight.condition.factor.sp14,-79.0569433599169,1616.90549875536,2128.3134951767,1000
sp8,70,species.length2weight.condition.factor.sp15,-113.508416844278,1625.7047167585,2157.47680092346,1000
sp8,71,species.k.sp0,-148.545550440097,2711.55322606165,4223.40696455141,1000
sp8,72,species.k.sp1,-93.1029499892916,2341.16403534485,2935.18263787552,1000
sp8,73,species.k.sp2,12.1684495894303,2980.58124705863,3859.87685063991,1000
sp8,74,species.k.sp3,-126.204428302847,3333.40914333146,4513.22143962344,1000
sp8,75,species.k.sp4,-117.545052201111,2772.24715587361,3450.00030268597,1000
sp8,76,species.k.sp5,-312.787151839167,2150.17533415222,2664.42240468008,1000
sp8,77,species.k.sp6,23.2518890216662,1752.761094035,2295.76941819833,1000
sp8,78,species.k.sp7,99.8380825750973,1687.31563402704,2213.74399010527,1000
sp8,79,species.k.sp8,-318.536789450347,21114.0900172023,22047.2593352611,1000
sp8,80,species.k.sp9,-63.8600960183475,2070.66492069724,2731.98952647534,1000
sp8,81,species.k.sp10,89.4212875459491,1609.84244788678,2137.96595983978,1000
sp8,82,species.k.sp11,90.352054219583,1712.41556270069,2291.46263237026,1000
sp8,83,species.k.sp12,-118.729340399833,1633.94317462872,2104.78952626828,1000
sp8,84,species.k.sp13,16.5702983701012,2076.65359811543,2732.0569814004,1000
sp8,85,species.k.sp14,63.8959085105831,1958.22235512108,2475.5795690344,1000
sp8,86,species.k.sp15,-23.1123317217913,1596.12022917793,2107.40344412401,1000
sp8,87,species.l0.sp0,-92.8341576876388,1809.16671333903,2399.89328155589,1000
sp8,88,species.l0.sp1,67.3070890226387,1836.64380671236,2445.48201472879,1000
sp8,89,species.l0.sp2,47.5877488313887,2617.82793187611,3413.85683636762,1000
sp8,90,species.l0.sp3,-67.1961643363886,1915.29083131361,2568.3729039087,1000
sp8,91,species.l0.sp4,69.2104249550002,1865.77838204333,2483.87254097616,1000
sp8,92,species.l0.sp5,34.0022247823611,1611.77485921958,2115.03165834975,1000
sp8,93,species.l0.sp6,-87.8114698397221,1564.37479235528,2073.87793146801,1000
sp8,94,species.l0.sp7,9.63787732444441,1610.16144550917,2126.47354090366,1000
sp8,95,species.l0.sp8,198.5033619625,8870.77100756389,10384.4182471919,1000
sp8,96,species.l0.sp9,-52.2059745199996,1782.85812984786,2372.66160898564,1000
sp8,97,species.l0.sp10,12.839485579861,1689.10743106875,2218.41899247535,1000
sp8,98,species.l0.sp11,1.44743103322214,1668.51460263989,2233.81221269792,1000
sp8,99,species.l0.sp12,30.750732977417,1591.95728513131,2083.20464990099,1000
sp8,100,species.l0.sp13,-36.7590044324996,1560.3308350175,2049.75259342823,1000
sp8,101,species.l0.sp14,-34.2781611282638,1601.07331364896,2131.88485812062,1000
sp8,102,species.l0.sp15,-31.9695340895968,1596.96454897321,2097.51651287707,1000
sp8,103,mortality.additional.larva.rate.sp0,-55.3457492048611,3044.23070320542,4877.30164913075,1000
sp8,104,mortality.additional.larva.rate.sp1,16.8702710633332,1560.40154651306,2036.50591947902,1000
sp8,105,mortality.additional.larva.rate.sp2,190.511642696667,8547.42757060111,11048.5869556774,1000
sp8,106,mortality.additional.larva.rate.sp3,-9.58924263597193,7860.52129077347,10688.0722244792,1000
sp8,107,mortality.additional.larva.rate.sp4,-102.938590327222,1580.96331065167,2073.5260220603,1000
sp8,108,mortality.additional.larva.rate.sp5,-3.52116772583383,1555.70848240111,2105.85761527338,1000
sp8,109,mortality.additional.larva.rate.sp6,101.368589027222,1629.61051199528,2134.79084491798,1000
sp8,110,mortality.additional.larva.rate.sp9,148.867540294861,2232.93052779319,3013.09048528687,1000
sp8,111,mortality.additional.larva.rate.sp10,4.85399877822249,1938.05925712486,2566.5101084123,1000
sp8,112,mortality.additional.larva.rate.sp11,36.0289670238754,1564.69424012251,2087.90594439602,1000
sp8,113,mortality.additional.larva.rate.sp12,-15.4700206155833,1651.99752871533,2190.72466297771,1000
sp8,114,mortality.additional.larva.rate.sp13,38.5243041225,1585.93961419056,2105.63405410621,1000
sp8,115,mortality.additional.larva.rate.sp14,-46.9304662266805,1617.58811683749,2152.95841947517,1000
sp8,116,mortality.additional.larva.rate.sp15,-60.2225587061388,1542.99859447475,2029.74567045385,1000
sp8,117,mortality.additional.larva.rate.mean.sp7,-21.3732562960972,1603.89285554332,2087.12199297001,1000
sp8,118,mortality.additional.larva.rate.mean.sp8,170.504370459889,8678.701422559,10200.3388641372,1000
sp8,119,species.linf.sp0,-196.878437785167,2914.93576304836,4580.73043474779,1000
sp8,120,species.linf.sp1,-37.152322098889,4805.709258035,5549.17204624215,1000
sp8,121,species.linf.sp2,434.515941656125,8110.97701797027,10186.6526148724,1000
sp8,122,species.linf.sp3,-251.196808310194,8593.82184243606,11739.9973079431,1000
sp8,123,species.linf.sp4,-42.3736384225319,7341.92015811784,8580.73100442391,1000
sp8,124,species.linf.sp5,76.4619163846808,5745.24288250782,6714.99667403115,1000
sp8,125,species.linf.sp6,30.3221768969582,2505.42732714429,3093.13236676409,1000
sp8,126,species.linf.sp7,40.1111060685417,2193.17894953743,2793.82190499363,1000
sp8,127,species.linf.sp8,1444.76279367331,62694.8891561314,64018.4294663381,1000
sp8,128,species.linf.sp9,35.4431910979996,3099.92208496367,4092.36409378851,1000
sp8,129,species.linf.sp10,10.423651353986,2113.80839590268,2786.27821802271,1000
sp8,130,species.linf.sp11,28.7318202365836,1759.9744023995,2322.90175206833,1000
sp8,131,species.linf.sp12,-36.615300393875,1990.86424297279,2536.49915062284,1000
sp8,132,species.linf.sp13,-73.9213343784028,2085.22929694576,2772.99012001108,1000
sp8,133,species.linf.sp14,136.427947119527,2966.84285096131,3585.99228170323,1000
sp8,134,species.linf.sp15,-75.3011333190272,1596.49848970208,2083.4921715508,1000
sp8,135,species.accessibility2fish.sp16,-32.9430269070965,1599.14294057457,2100.7591458451,1000
sp8,136,species.accessibility2fish.sp17,-29.9278073181114,1529.260537882,2040.76114084479,1000
sp8,137,species.accessibility2fish.sp18,71.991736652014,1524.84140725438,1992.39936455546,1000
sp8,138,species.accessibility2fish.sp19,57.4221880837497,1545.74213851653,1996.59996875801,1000
sp8,139,species.accessibility2fish.sp20,-181.635844551389,1547.88930867472,2017.88942460691,1000
sp8,140,species.accessibility2fish.sp21,-105.96668169918,1883.22017750582,2452.89196548449,1000
sp8,141,species.accessibility2fish.sp22,3.6832762263892,2820.55282029889,4009.22574901521,1000
sp8,142,species.accessibility2fish.sp23,-164.298000589333,4188.97509183183,4788.32491718956,1000
sp8,143,species.accessibility2fish.sp24,-518.500713801291,19381.4265127907,21766.4854936255,1000
sp8,144,species.accessibility2fish.sp25,50.1198002413884,1623.95027024222,2124.01247123825,1000
sp8,145,species.accessibility2fish.sp26,-42.0332646349584,1702.27206758476,2244.91439039444,1000
sp8,146,species.maturity.size.ratio.sp0,364.196499026014,3133.80227558815,5171.73745541601,1000
sp8,147,species.maturity.size.ratio.sp1,-11.1949371236114,1498.62282021083,1966.08914879511,1000
sp8,148,species.maturity.size.ratio.sp2,-19.2683428195415,1573.1206013249,2071.85103620628,1000
sp8,149,species.maturity.size.ratio.sp3,-34.9496905583198,1782.82855091862,2352.17003795207,1000
sp8,150,species.maturity.size.ratio.sp4,-162.789121047681,1603.24467464982,2137.30535613642,1000
sp8,151,species.maturity.size.ratio.sp5,-18.1450879833612,1565.30811915392,2061.18442897935,1000
sp8,152,species.maturity.size.ratio.sp6,119.782141813444,1581.37216407372,2093.99277636755,1000
sp8,153,species.maturity.size.ratio.sp7,11.525997856042,1650.94977808318,2143.60457412483,1000
sp8,154,species.maturity.size.ratio.sp8,47.7718602894164,1718.70700235169,2279.8990482771,1000
sp8,155,species.maturity.size.ratio.sp9,39.8466804211396,1595.87447127831,2087.24352482749,1000
sp8,156,species.maturity.size.ratio.sp10,61.8383200691664,1611.09230798833,2129.80734668665,1000
sp8,157,species.maturity.size.ratio.sp11,-185.863724595694,2514.32140140708,3258.99306136183,1000
sp8,158,species.maturity.size.ratio.sp12,27.7028069548615,1587.95370925236,2071.90893859304,1000
sp8,159,species.maturity.size.ratio.sp13,11.8429003116667,2690.30999227861,3637.75546024644,1000
sp8,160,species.maturity.size.ratio.sp14,-11.0730835648611,1616.07079201653,2179.84642819329,1000
sp8,161,species.maturity.size.ratio.sp15,-4.38380050986095,1608.88203713903,2123.86329483274,1000
sp8,162,predation.predPrey.sizeRatio.teta.sp0.stage1,21.6210101238056,1555.78427345425,2091.1647792125,1000
sp8,163,predation.predPrey.sizeRatio.alpha.sp0.stage1,56.3045639127225,1978.29965854539,2590.7463954234,1000
sp8,164,predation.predPrey.sizeRatio.teta.sp1.stage1,11.5693610355559,1538.6180111225,2021.97539879595,1000
sp8,165,predation.predPrey.sizeRatio.alpha.sp1.stage1,237.245891356444,2466.19176426661,3211.51047549219,1000
sp8,166,predation.predPrey.sizeRatio.teta.sp2.stage1,-9.94258762000013,1626.79458158194,2178.28567654705,1000
sp8,167,predation.predPrey.sizeRatio.alpha.sp2.stage1,-37.317444878,3196.51806903372,4433.15399223175,1000
sp8,168,predation.predPrey.sizeRatio.teta.sp3.stage1,47.8413232508752,1660.3697442359,2183.38528101487,1000
sp8,169,predation.predPrey.sizeRatio.alpha.sp3.stage1,57.5136963080557,4098.63343774111,5328.10485363324,1000
sp8,170,predation.predPrey.sizeRatio.teta.sp4.stage1,-34.4592363412498,1592.09483897042,2075.08414368963,1000
sp8,171,predation.predPrey.sizeRatio.alpha.sp4.stage1,-94.5916923953749,3319.76911897935,4291.19907372003,1000
sp8,172,predation.predPrey.sizeRatio.teta.sp5.stage1,-63.6698631735834,1565.99095488169,2046.72531465584,1000
sp8,173,predation.predPrey.sizeRatio.teta.sp5.stage2,-195.258199978333,2760.6562796225,3426.30727143635,1000
sp8,174,predation.predPrey.sizeRatio.alpha.sp5.stage1,-48.4596721777776,1628.311751185,2121.29609980003,1000
sp8,175,predation.predPrey.sizeRatio.alpha.sp5.stage2,-95.47953517375,2397.1475192107,3037.60178627912,1000
sp8,176,predation.predPrey.sizeRatio.teta.sp6.stage1,-75.9757893574172,1561.29312913642,2034.36160770498,1000
sp8,177,predation.predPrey.sizeRatio.alpha.sp6.stage1,43.9872518335835,1641.42863462219,2142.88136147244,1000
sp8,178,predation.predPrey.sizeRatio.teta.sp7.stage1,-12.0315268655554,1609.92268504083,2124.27878651403,1000
sp8,179,predation.predPrey.sizeRatio.alpha.sp7.stage1,90.5714897879169,1663.28655115681,2229.74961188096,1000
sp8,180,predation.predPrey.sizeRatio.teta.sp8.stage1,48.4293542094443,2237.52453528917,2790.64461212239,1000
sp8,181,predation.predPrey.sizeRatio.alpha.sp8.stage1,-582.492604137918,38867.8384060828,40609.3000649252,1000
sp8,182,predation.predPrey.sizeRatio.teta.sp9.stage1,22.2806461152915,2141.13181621082,2872.38246167128,1000
sp8,183,predation.predPrey.sizeRatio.alpha.sp9.stage1,128.317151873167,1850.94626409039,2437.59198760453,1000
sp8,184,predation.predPrey.sizeRatio.teta.sp10.stage1,23.6021265734723,1541.15559837264,2021.85992755187,1000
sp8,185,predation.predPrey.sizeRatio.alpha.sp10.stage1,1.24358871777818,1638.83178907778,2145.12472978623,1000
sp8,186,predation.predPrey.sizeRatio.teta.sp11.stage1,-29.8797553457081,1560.72953429876,2082.10360321398,1000
sp8,187,predation.predPrey.sizeRatio.alpha.sp11.stage1,-82.9934181744305,1652.93621161054,2208.76608791797,1000
sp8,188,predation.predPrey.sizeRatio.teta.sp12.stage1,8.59998746833279,1604.40730573472,2130.2886145046,1000
sp8,189,predation.predPrey.sizeRatio.alpha.sp12.stage1,-43.2093637859728,1766.03017420958,2322.30362186828,1000
sp8,190,predation.predPrey.sizeRatio.teta.sp13.stage1,28.8308726643195,1698.30774206576,2233.084844939,1000
sp8,191,predation.predPrey.sizeRatio.alpha.sp13.stage1,171.964498176236,3236.22710185765,4193.6651665909,1000
sp8,192,predation.predPrey.sizeRatio.teta.sp14.stage1,-67.7985974096664,1572.36141046133,2082.96799230644,1000
sp8,193,predation.predPrey.sizeRatio.alpha.sp14.stage1,1.27606349499941,2402.3929250825,3027.84904387784,1000
sp8,194,predation.predPrey.sizeRatio.teta.sp15.stage1,-61.2519241465831,1574.82547651217,2082.92142649492,1000
sp8,195,predation.predPrey.sizeRatio.alpha.sp15.stage1,3.14469736534743,1713.64660832332,2334.93037528301,1000
sp9,1,mortality.additional.rate.sp0,145.748026653454,2783.17489751324,3690.84788543951,1000
sp9,2,mortality.additional.rate.sp1,15.6966486118658,2885.97717412432,3869.9409320516,1000
sp9,3,mortality.additional.rate.sp2,134.452770570329,3407.43331067923,4387.06102207186,1000
sp9,4,mortality.additional.rate.sp3,-340.899277748983,3446.52448581303,4445.65671834283,1000
sp9,5,mortality.additional.rate.sp4,33.4136738238231,2830.28334578837,3761.59634393557,1000
sp9,6,mortality.additional.rate.sp5,-83.7286045835124,3170.14575720158,4151.49443514562,1000
sp9,7,mortality.additional.rate.sp6,-205.43238304295,2647.16411113747,3478.12720342555,1000
sp9,8,mortality.additional.rate.sp7,123.536385061914,2728.59209436751,3595.12133540181,1000
sp9,9,mortality.additional.rate.sp8,269.031508000433,2840.5759762448,3753.22696655312,1000
sp9,10,mortality.additional.rate.sp9,-91.8295540435923,2826.07608475387,3738.23559680599,1000
sp9,11,mortality.additional.rate.sp10,-124.969077755435,2789.49902582085,3650.63894027773,1000
sp9,12,mortality.additional.rate.sp11,-25.5249975106729,2907.68351440522,3792.12594964526,1000
sp9,13,mortality.additional.rate.sp12,-99.5994463340433,2743.7537965772,3599.71394129469,1000
sp9,14,mortality.additional.rate.sp13,226.311453346747,2832.5722928105,3678.46603201893,1000
sp9,15,mortality.additional.rate.sp14,120.417375237432,2665.59356909104,3534.14797795756,1000
sp9,16,mortality.additional.rate.sp15,24.0100198639484,2837.70713772666,3682.11293531349,1000
sp9,17,fisheries.rate.base.fsh0,-180.016114857971,4443.82048111579,5582.42150531663,1000
sp9,18,fisheries.rate.base.fsh1,-171.259714445651,3355.3623892595,4271.68088564871,1000
sp9,19,fisheries.rate.base.fsh2,-57.9418036223344,2591.87622104214,3382.40390551038,1000
sp9,20,fisheries.rate.base.fsh3,192.61572443717,2878.47873779974,3745.61057090183,1000
sp9,21,species.catchability.fsh0.sp0,-180.95823345532,2914.06098086602,3785.45399422103,1000
sp9,22,species.catchability.fsh0.sp1,-65.998079097981,2848.819151225,3685.81987632466,1000
sp9,23,species.catchability.fsh0.sp2,147.423333987319,2862.12895575547,3745.56975401593,1000
sp9,24,species.catchability.fsh0.sp3,-209.998434219516,3727.04713966815,4771.64417683762,1000
sp9,25,species.catchability.fsh0.sp5,-55.0421757343711,2896.56104258366,3736.7991268649,1000
sp9,26,species.catchability.fsh0.sp7,178.23663360471,2817.32678695568,3667.26102882568,1000
sp9,27,species.catchability.fsh0.sp8,166.018072475878,2656.02804913582,3491.9158080284,1000
sp9,28,species.catchability.fsh0.sp9,7.92626980002525,3001.59746201551,3925.18366610808,1000
sp9,29,species.catchability.fsh0.sp10,-68.3890739405366,3228.99973385802,4187.67804463884,1000
sp9,30,species.catchability.fsh0.sp13,-96.4280359746519,2782.27711136573,3667.80901518094,1000
sp9,31,species.catchability.fsh0.sp14,-66.1217885796482,2818.06355094822,3675.45501726993,1000
sp9,32,species.catchability.fsh0.sp15,58.9201861464812,2838.53004963309,3790.59538004279,1000
sp9,33,species.catchability.fsh1.sp9,-128.252992195025,6010.12686885207,7021.86322216262,1000
sp9,34,species.catchability.fsh1.sp10,-65.294093079439,3722.88836946013,4752.98685600944,1000
sp9,35,species.catchability.fsh1.sp11,-40.8628955681446,2814.30376387289,3705.81529261441,1000
sp9,36,species.catchability.fsh1.sp12,-60.2134272337308,3005.66818308412,3906.60547984225,1000
sp9,37,species.catchability.fsh2.sp0,-167.715292689175,2737.10701570238,3570.23732981093,1000
sp9,38,species.catchability.fsh2.sp5,75.512443594379,2704.80993871952,3557.21265710049,1000
sp9,39,species.catchability.fsh2.sp7,57.3804890259934,2858.75612005849,3871.96096818428,1000
sp9,40,species.catchability.fsh2.sp8,139.829315558372,2741.88295526948,3559.95365639732,1000
sp9,41,species.catchability.fsh3.sp0,100.009066233368,2698.84606814804,3528.08217262503,1000
sp9,42,species.catchability.fsh3.sp1,-143.568118287203,2748.60977202542,3627.6668845892,1000
sp9,43,species.catchability.fsh3.sp2,18.3262503699682,2777.53593495009,3616.23120603227,1000
sp9,44,species.catchability.fsh3.sp3,-243.952363554548,2757.33976657921,3662.19795812212,1000
sp9,45,species.catchability.fsh3.sp5,-145.384347033008,2823.13611583799,3676.81187429688,1000
sp9,46,species.catchability.fsh3.sp7,-9.99674321382929,2729.7263354041,3485.09872560226,1000
sp9,47,species.catchability.fsh3.sp8,-2.83842553815181,2761.08484347056,3626.87573424137,1000
sp9,48,species.catchability.fsh3.sp9,64.1658663837048,2780.98847672006,3648.62721395572,1000
sp9,49,species.catchability.fsh3.sp10,81.7983971145346,2815.90822300499,3642.76413606795,1000
sp9,50,species.catchability.fsh3.sp11,92.5902341960716,2719.43204220605,3557.87164110852,1000
sp9,51,species.catchability.fsh3.sp12,-61.2898102041946,2833.90042481758,3697.72315470479,1000
sp9,52,species.catchability.fsh3.sp13,-203.152733113257,2815.69013812492,3736.5896871656,1000
sp9,53,species.catchability.fsh3.sp14,-80.5063225611645,2718.76237101758,3502.94309064217,1000
sp9,54,species.catchability.fsh3.sp15,80.5830174370476,2821.60352953803,3650.80161078516,1000
sp9,55,species.length2weight.condition.factor.sp0,102.199838771675,2988.04155287953,3908.31713149336,1000
sp9,56,species.length2weight.condition.factor.sp1,45.0120585996966,2756.95050555549,3601.31976451488,1000
sp9,57,species.length2weight.condition.factor.sp2,-173.686646861637,3672.34696789915,4772.31169749134,1000
sp9,58,species.length2weight.condition.factor.sp3,64.4748926835111,4955.77491448908,6347.75566155928,1000
sp9,59,species.length2weight.condition.factor.sp4,368.56534382256,4405.19376492122,5689.80934043946,1000
sp9,60,species.length2weight.condition.factor.sp5,36.8303164034132,2854.22507670983,3750.59218691401,1000
sp9,61,species.length2weight.condition.factor.sp6,-77.2562476071395,2899.34351829167,3762.19603849164,1000
sp9,62,species.length2weight.condition.factor.sp7,58.7979130520296,2731.52083856855,3677.08186599473,1000
sp9,63,species.length2weight.condition.factor.sp8,1.28153017550846,2764.45834896729,3619.75581448336,1000
sp9,64,species.length2weight.condition.factor.sp9,25.6775700050944,6161.79935169935,7260.54577773813,1000
sp9,65,species.length2weight.condition.factor.sp10,-209.686632834117,3259.61579850918,4307.94579520604,1000
sp9,66,species.length2weight.condition.factor.sp11,132.349744603737,2861.89144875283,3685.54283732788,1000
sp9,67,species.length2weight.condition.factor.sp12,-94.2117786497595,2830.83166072439,3747.72389217097,1000
sp9,68,species.length2weight.condition.factor.sp13,19.3952112743473,2965.41511027942,3877.23461077893,1000
sp9,69,species.length2weight.condition.factor.sp14,-65.3278350753488,2808.54362316867,3684.33101972868,1000
sp9,70,species.length2weight.condition.factor.sp15,1.01318956928706,2827.33387622676,3693.04820665016,1000
sp9,71,species.k.sp0,54.1267108818231,4379.58093714224,6597.55224032471,1000
sp9,72,species.k.sp1,97.1711438756914,2796.69110594821,3661.5157691459,1000
sp9,73,species.k.sp2,-91.877530641146,7015.75609248004,8835.95617271437,1000
sp9,74,species.k.sp3,156.956355344809,10274.4249603865,13423.0509816149,1000
sp9,75,species.k.sp4,232.288848653818,3674.42202388371,4825.83210128924,1000
sp9,76,species.k.sp5,-347.379650840762,3184.10610715687,4142.66435877863,1000
sp9,77,species.k.sp6,-136.92784085579,2847.21336454009,3727.90594239809,1000
sp9,78,species.k.sp7,-218.331355313355,2790.92472065861,3611.28779815179,1000
sp9,79,species.k.sp8,394.116039350515,2825.74467572827,3698.68877854951,1000
sp9,80,species.k.sp9,1722.41273524836,35004.5338896393,36210.1462656654,1000
sp9,81,species.k.sp10,-15.1243786012196,5743.72368738973,7351.3516960334,1000
sp9,82,species.k.sp11,60.344484355177,3638.72833984635,4536.55962206401,1000
sp9,83,species.k.sp12,-191.011742877122,2840.3982314939,3736.57584185208,1000
sp9,84,species.k.sp13,185.916762994054,21051.8373377247,25988.968272984,1000
sp9,85,species.k.sp14,120.345088513619,2766.12907845034,3641.35083440773,1000
sp9,86,species.k.sp15,162.696534893161,2797.54280258081,3674.71957764884,1000
sp9,87,species.l0.sp0,-27.8344562194402,2968.17309516883,3882.61945815006,1000
sp9,88,species.l0.sp1,-7.27941961723493,2782.73351873803,3699.96111958641,1000
sp9,89,species.l0.sp2,67.5800656905776,6944.7767630495,8703.66324490737,1000
sp9,90,species.l0.sp3,187.860353222348,4804.55119059422,6104.93639255,1000
sp9,91,species.l0.sp4,-176.810697462081,4011.06170095758,5376.102514255,1000
sp9,92,species.l0.sp5,90.5023368436791,2810.57191288089,3747.68571720777,1000
sp9,93,species.l0.sp6,97.8509760208122,2802.3489286696,3593.84648906259,1000
sp9,94,species.l0.sp7,159.370358339078,2761.68258039318,3640.99432979898,1000
sp9,95,species.l0.sp8,8.32391330975564,2733.37786555326,3567.15026655726,1000
sp9,96,species.l0.sp9,196.20799084604,23904.875643477,25401.8879469441,1000
sp9,97,species.l0.sp10,266.431277848039,8544.28940114617,10683.4383685193,1000
sp9,98,species.l0.sp11,-106.321362906072,3368.42590247458,4291.49401910338,1000
sp9,99,species.l0.sp12,157.553738425617,2765.08301976665,3752.50521573569,1000
sp9,100,species.l0.sp13,15.0553781869663,2880.56483975679,3691.85425311701,1000
sp9,101,species.l0.sp14,-2.76966508863034,2776.94270102474,3572.36667470229,1000
sp9,102,species.l0.sp15,-75.0173471918306,2942.53369121769,3864.45848030762,1000
sp9,103,mortality.additional.larva.rate.sp0,-33.703523022765,4006.97225081726,6188.66191046529,1000
sp9,104,mortality.additional.larva.rate.sp1,-104.87163662012,2767.03084207307,3662.52778892434,1000
sp9,105,mortality.additional.larva.rate.sp2,141.556803096713,23602.2984557068,28655.8342819487,1000
sp9,106,mortality.additional.larva.rate.sp3,743.711149539617,26886.6182598823,35640.2779338964,1000
sp9,107,mortality.additional.larva.rate.sp4,125.331435672262,2814.56936054038,3679.96116867788,1000
sp9,108,mortality.additional.larva.rate.sp5,-43.4967745875053,2784.04309464085,3638.78310454488,1000
sp9,109,mortality.additional.larva.rate.sp6,60.1643280909215,2830.17761535806,3700.45380624426,1000
sp9,110,mortality.additional.larva.rate.sp9,-2653.99425241997,38682.9363202681,40719.5396348146,1000
sp9,111,mortality.additional.larva.rate.sp10,-11.8807580263808,13841.3753478853,17372.3967800446,1000
sp9,112,mortality.additional.larva.rate.sp11,8.48905226092766,2851.25866488904,3815.51797481177,1000
sp9,113,mortality.additional.larva.rate.sp12,68.0911010905548,3746.82777743379,4825.20599194792,1000
sp9,114,mortality.additional.larva.rate.sp13,69.1383658980086,2824.86854499626,3707.44089685652,1000
sp9,115,mortality.additional.larva.rate.sp14,107.192976755715,2864.51753780244,3825.88319419902,1000
sp9,116,mortality.additional.larva.rate.sp15,55.5532506815307,2842.50191428476,3751.1218839643,1000
sp9,117,mortality.additional.larva.rate.mean.sp7,4.27250384026621,2898.33357126999,3888.57374232259,1000
sp9,118,mortality.additional.larva.rate.mean.sp8,-68.9931028866141,2819.69347906406,3680.65702155541,1000
sp9,119,species.linf.sp0,-222.282573845204,4648.13511457478,7262.98834934435,1000
sp9,120,species.linf.sp1,-20.7439122391324,2835.94994953038,3714.29681651717,1000
sp9,121,species.linf.sp2,205.029606200718,18689.0417722877,23134.7185083046,1000
sp9,122,species.linf.sp3,-1315.95397558346,27654.3748758339,36125.2185247443,1000
sp9,123,species.linf.sp4,-199.233856227776,6412.25353509067,8683.94330170196,1000
sp9,124,species.linf.sp5,389.71431076783,5496.38565133813,6727.04689450869,1000
sp9,125,species.linf.sp6,-60.322092861265,3097.84074095449,4004.69806932161,1000
sp9,126,species.linf.sp7,-67.1654864499814,2925.39462721607,3834.34243108367,1000
sp9,127,species.linf.sp8,-57.8723748709453,2951.46949126238,3874.87154496979,1000
sp9,128,species.linf.sp9,-433.104895816104,95445.2541269719,97642.826924245,1000
sp9,129,species.linf.sp10,-365.248562426304,16925.8972934274,20645.2065150955,1000
sp9,130,species.linf.sp11,55.4777618342505,3859.82666793747,5020.70661010767,1000
sp9,131,species.linf.sp12,175.62389714662,8015.9529136688,9856.01395213638,1000
sp9,132,species.linf.sp13,-105.559425467746,16796.4089360971,20716.8532009742,1000
sp9,133,species.linf.sp14,62.981679515994,2909.28374791496,3820.32449916872,1000
sp9,134,species.linf.sp15,-69.1595325127533,3052.12797081712,3887.46348148986,1000
sp9,135,species.accessibility2fish.sp16,-114.263199252562,2808.92190884549,3758.96307866924,1000
sp9,136,species.accessibility2fish.sp17,-5.2192226171748,2825.53309190651,3646.54127044383,1000
sp9,137,species.accessibility2fish.sp18,-71.5976885828357,2784.26261621268,3655.16660263616,1000
sp9,138,species.accessibility2fish.sp19,126.043212251187,2840.00140360398,3779.79167981284,1000
sp9,139,species.accessibility2fish.sp20,-20.3849619924656,2759.93284330052,3592.4193031565,1000
sp9,140,species.accessibility2fish.sp21,-294.356819750904,11576.7522118507,20109.345848114,1000
sp9,141,species.accessibility2fish.sp22,204.808864494154,2816.44730030053,3757.59786132611,1000
sp9,142,species.accessibility2fish.sp23,-37.1956213499106,2866.71958268994,3748.99324516996,1000
sp9,143,species.accessibility2fish.sp24,-97.2458121283344,3303.69831085956,4310.98926962953,1000
sp9,144,species.accessibility2fish.sp25,-10.457042726137,2759.88945262488,3635.36710520489,1000
sp9,145,species.accessibility2fish.sp26,17.7932034990986,2886.09790140944,3804.15639684829,1000
sp9,146,species.maturity.size.ratio.sp0,13.5234705714913,3936.79717939529,5789.13229135144,1000
sp9,147,species.maturity.size.ratio.sp1,-19.1842641237136,2778.81203987839,3697.63520519527,1000
sp9,148,species.maturity.size.ratio.sp2,-28.6575034606344,2946.41349795357,3979.99540193879,1000
sp9,149,species.maturity.size.ratio.sp3,306.443985632453,3172.37474653371,4199.83242274762,1000
sp9,150,species.maturity.size.ratio.sp4,206.53810100665,4577.09979546808,5828.39731899307,1000
sp9,151,species.maturity.size.ratio.sp5,-91.2585316887446,2762.00970524533,3661.85959897476,1000
sp9,152,species.maturity.size.ratio.sp6,-9.56804515784453,3096.77674868847,4027.32065661231,1000
sp9,153,species.maturity.size.ratio.sp7,114.960528509024,2822.17583786573,3750.90057658006,1000
sp9,154,species.maturity.size.ratio.sp8,228.269246604652,2858.17333895116,3740.49224747672,1000
sp9,155,species.maturity.size.ratio.sp9,179.24978941905,4481.83906288026,5647.12791101194,1000
sp9,156,species.maturity.size.ratio.sp10,196.675507705124,4529.89835370684,6017.20855109151,1000
sp9,157,species.maturity.size.ratio.sp11,-229.644306452069,6932.27803436148,8248.27199794839,1000
sp9,158,species.maturity.size.ratio.sp12,-71.3703831347402,2910.17596262595,3842.98126927105,1000
sp9,159,species.maturity.size.ratio.sp13,42.2015804834456,24296.8865660402,30883.46125114,1000
sp9,160,species.maturity.size.ratio.sp14,45.1727861816626,2841.62707158626,3654.71259257793,1000
sp9,161,species.maturity.size.ratio.sp15,9.22618512848475,2818.20116954926,3754.77676652796,1000
sp9,162,predation.predPrey.sizeRatio.teta.sp0.stage1,-30.8086005182271,2659.97005535851,3488.12111609447,1000
sp9,163,predation.predPrey.sizeRatio.alpha.sp0.stage1,209.350633576097,3540.38752902596,5008.06369097198,1000
sp9,164,predation.predPrey.sizeRatio.teta.sp1.stage1,-88.204634376705,2827.15792756533,3777.38915243004,1000
sp9,165,predation.predPrey.sizeRatio.alpha.sp1.stage1,-77.6792244990899,2728.59622050955,3537.67259831978,1000
sp9,166,predation.predPrey.sizeRatio.teta.sp2.stage1,-30.4698803052198,2902.80933724229,3799.97654813397,1000
sp9,167,predation.predPrey.sizeRatio.alpha.sp2.stage1,-169.997804660371,4632.71962085521,6230.7307606155,1000
sp9,168,predation.predPrey.sizeRatio.teta.sp3.stage1,237.795502982674,3010.44143109427,4012.07423303885,1000
sp9,169,predation.predPrey.sizeRatio.alpha.sp3.stage1,21.5037664942371,6897.88132831748,9366.24401999103,1000
sp9,170,predation.predPrey.sizeRatio.teta.sp4.stage1,-65.642546706538,3091.30397815244,4014.74061642542,1000
sp9,171,predation.predPrey.sizeRatio.alpha.sp4.stage1,358.372645749602,5075.95426526128,6857.67424252902,1000
sp9,172,predation.predPrey.sizeRatio.teta.sp5.stage1,-179.941080407608,2823.91694768855,3723.88004864465,1000
sp9,173,predation.predPrey.sizeRatio.teta.sp5.stage2,-103.252083628429,3473.83183484582,4541.20816920652,1000
sp9,174,predation.predPrey.sizeRatio.alpha.sp5.stage1,-49.3389311448765,2850.70446002134,3777.7173292522,1000
sp9,175,predation.predPrey.sizeRatio.alpha.sp5.stage2,-231.472649774902,3115.1482285899,3982.26597133506,1000
sp9,176,predation.predPrey.sizeRatio.teta.sp6.stage1,101.598620587102,2806.80234942481,3659.63849457994,1000
sp9,177,predation.predPrey.sizeRatio.alpha.sp6.stage1,-176.785867743903,2870.13370647303,3744.91208065199,1000
sp9,178,predation.predPrey.sizeRatio.teta.sp7.stage1,-29.0326398453437,2736.55971700021,3641.69252321037,1000
sp9,179,predation.predPrey.sizeRatio.alpha.sp7.stage1,63.8435469454702,2764.55813673061,3622.59567079173,1000
sp9,180,predation.predPrey.sizeRatio.teta.sp8.stage1,-141.483946070325,2834.68053858332,3831.4643715256,1000
sp9,181,predation.predPrey.sizeRatio.alpha.sp8.stage1,21.1294074656387,3030.93996627277,3901.74234074037,1000
sp9,182,predation.predPrey.sizeRatio.teta.sp9.stage1,-175.862886276496,3388.32732919863,4487.83110516955,1000
sp9,183,predation.predPrey.sizeRatio.alpha.sp9.stage1,1109.53113105124,32122.368743973,35518.2572615208,1000
sp9,184,predation.predPrey.sizeRatio.teta.sp10.stage1,46.1161000530695,2826.46725461683,3775.58569553132,1000
sp9,185,predation.predPrey.sizeRatio.alpha.sp10.stage1,-33.3855865029594,4133.8398380751,5521.39316496197,1000
sp9,186,predation.predPrey.sizeRatio.teta.sp11.stage1,-237.362672312393,2914.96238989944,3766.53033218923,1000
sp9,187,predation.predPrey.sizeRatio.alpha.sp11.stage1,-132.571018760055,3167.82296913545,4053.2209880124,1000
sp9,188,predation.predPrey.sizeRatio.teta.sp12.stage1,-0.3011744793067,4053.87369138098,5140.92429495949,1000
sp9,189,predation.predPrey.sizeRatio.alpha.sp12.stage1,157.63965851827,4073.52709934115,5297.35351634737,1000
sp9,190,predation.predPrey.sizeRatio.teta.sp13.stage1,-20.4708642250025,2769.81159657615,3671.57726520157,1000
sp9,191,predation.predPrey.sizeRatio.alpha.sp13.stage1,-998.175360458846,14072.9136231544,16897.2442595809,1000
sp9,192,predation.predPrey.sizeRatio.teta.sp14.stage1,-60.4716336582654,2752.53501462846,3654.12952403792,1000
sp9,193,predation.predPrey.sizeRatio.alpha.sp14.stage1,-271.847921600528,2744.05689438855,3616.76212950846,1000
sp9,194,predation.predPrey.sizeRatio.teta.sp15.stage1,258.840139576618,2856.47448820845,3751.27799087138,1000
sp9,195,predation.predPrey.sizeRatio.alpha.sp15.stage1,-14.2414829112016,2877.95543529384,3674.65195151176,1000
sp10,1,mortality.additional.rate.sp0,44.452183916461,992.319741082801,1496.24946926642,1000
sp10,2,mortality.additional.rate.sp1,-40.5098623201491,1028.13861268696,1525.96102026108,1000
sp10,3,mortality.additional.rate.sp2,-29.2114058968376,1028.18892874418,1547.72678179887,1000
sp10,4,mortality.additional.rate.sp3,46.1493118158974,1124.31415310525,1690.03315595864,1000
sp10,5,mortality.additional.rate.sp4,-17.750678023595,1016.56735235568,1501.27344977784,1000
sp10,6,mortality.additional.rate.sp5,48.3404913539983,1062.91336072593,1555.1213061238,1000
sp10,7,mortality.additional.rate.sp6,93.0377745952229,1028.16432328029,1544.73434303923,1000
sp10,8,mortality.additional.rate.sp7,71.7964761659334,988.47682003977,1487.4644633269,1000
sp10,9,mortality.additional.rate.sp8,11.2569404992448,1022.3731375287,1538.62264542299,1000
sp10,10,mortality.additional.rate.sp9,4.97555981324496,1022.3267082088,1544.90017510157,1000
sp10,11,mortality.additional.rate.sp10,-125.997637201071,1061.04730147172,1591.52044456392,1000
sp10,12,mortality.additional.rate.sp11,8.12676917580185,984.158444827171,1502.46099292032,1000
sp10,13,mortality.additional.rate.sp12,-51.824737913328,1017.72966954334,1549.92530270583,1000
sp10,14,mortality.additional.rate.sp13,-89.6253026892862,1090.67196987126,1588.49737836855,1000
sp10,15,mortality.additional.rate.sp14,-36.4086979641766,990.264577332242,1491.01494815544,1000
sp10,16,mortality.additional.rate.sp15,19.0703445908863,1020.62713891107,1516.94618195757,1000
sp10,17,fisheries.rate.base.fsh0,143.949432596579,2551.40404931556,3350.90994929372,1000
sp10,18,fisheries.rate.base.fsh1,70.3928143724987,3568.86572285309,4380.61581646264,1000
sp10,19,fisheries.rate.base.fsh2,-27.4511654985749,1022.94059614361,1539.65279687095,1000
sp10,20,fisheries.rate.base.fsh3,18.5720076848307,1081.50958163659,1601.94431526379,1000
sp10,21,species.catchability.fsh0.sp0,84.8424112687481,1032.97914793047,1560.95749840118,1000
sp10,22,species.catchability.fsh0.sp1,-19.4501132125678,1018.27375659241,1540.40346086684,1000
sp10,23,species.catchability.fsh0.sp2,-52.0803339326771,1036.99099927705,1582.47673780662,1000
sp10,24,species.catchability.fsh0.sp3,-26.5320034193007,1091.30267100099,1633.56004554776,1000
sp10,25,species.catchability.fsh0.sp5,-20.2722802924899,1020.91923087345,1557.23428896482,1000
sp10,26,species.catchability.fsh0.sp7,-53.8825923058246,974.063492018367,1486.75014806259,1000
sp10,27,species.catchability.fsh0.sp8,0.0438775519475622,974.725809845373,1489.59425079817,1000
sp10,28,species.catchability.fsh0.sp9,5.50130363804631,993.953673931371,1459.48512280308,1000
sp10,29,species.catchability.fsh0.sp10,-16.1501968268799,3333.8913687904,4098.1223499012,1000
sp10,30,species.catchability.fsh0.sp13,111.548365127727,985.954211502635,1485.81879212903,1000
sp10,31,species.catchability.fsh0.sp14,46.6772115751979,1066.16329729821,1586.9334372854,1000
sp10,32,species.catchability.fsh0.sp15,21.5247202941915,1085.00553472025,1635.84897942401,1000
sp10,33,species.catchability.fsh1.sp9,-39.4943872171055,1046.05296982515,1539.0682020831,1000
sp10,34,species.catchability.fsh1.sp10,124.37312618631,4625.27742882791,5638.71938153904,1000
sp10,35,species.catchability.fsh1.sp11,-49.4787095669118,1053.53698350538,1556.40428060065,1000
sp10,36,species.catchability.fsh1.sp12,2.18803469143308,1056.74107761876,1630.52966270667,1000
sp10,37,species.catchability.fsh2.sp0,2.11268760245615,1024.00681762788,1508.39910677292,1000
sp10,38,species.catchability.fsh2.sp5,41.8892309713184,1019.73926870179,1517.2688331394,1000
sp10,39,species.catchability.fsh2.sp7,31.4732212729293,1005.99103826514,1511.93778986511,1000
sp10,40,species.catchability.fsh2.sp8,61.5593095855041,1062.92793910744,1560.99167001785,1000
sp10,41,species.catchability.fsh3.sp0,24.8308583605482,969.901354501359,1478.83703422528,1000
sp10,42,species.catchability.fsh3.sp1,31.7900919411302,999.158782670363,1479.81469674818,1000
sp10,43,species.catchability.fsh3.sp2,14.9751016843215,1056.80271971902,1610.28744248678,1000
sp10,44,species.catchability.fsh3.sp3,13.3868341910889,1094.0267373158,1610.60642335608,1000
sp10,45,species.catchability.fsh3.sp5,-3.20749752270432,1003.20789033279,1540.16452346793,1000
sp10,46,species.catchability.fsh3.sp7,-7.99274405243936,989.387928428168,1492.28736713058,1000
sp10,47,species.catchability.fsh3.sp8,-22.0947267066148,1009.7509002758,1533.28072504784,1000
sp10,48,species.catchability.fsh3.sp9,-22.8258779292065,999.915212342897,1490.19835974771,1000
sp10,49,species.catchability.fsh3.sp10,-53.9070941079065,1090.15483675189,1617.58331769962,1000
sp10,50,species.catchability.fsh3.sp11,-52.396885590884,1026.48655167454,1543.55009917368,1000
sp10,51,species.catchability.fsh3.sp12,19.2874777191849,1054.20897451166,1548.13658349629,1000
sp10,52,species.catchability.fsh3.sp13,24.2055966571611,993.853961887767,1464.72173887508,1000
sp10,53,species.catchability.fsh3.sp14,56.9798608463453,967.098118205723,1463.27914656479,1000
sp10,54,species.catchability.fsh3.sp15,-78.8172369103037,1016.81297034245,1545.03622844154,1000
sp10,55,species.length2weight.condition.factor.sp0,22.3516111511483,1111.63849678836,1682.61322142308,1000
sp10,56,species.length2weight.condition.factor.sp1,37.5858267325601,1074.38582787577,1604.05218279608,1000
sp10,57,species.length2weight.condition.factor.sp2,-94.0600992444116,1224.03498959587,1853.56922391985,1000
sp10,58,species.length2weight.condition.factor.sp3,-70.5065272042362,1254.33962674417,1916.59007316661,1000
sp10,59,species.length2weight.condition.factor.sp4,10.9801718181094,1150.65820295436,1771.63238500429,1000
sp10,60,species.length2weight.condition.factor.sp5,-54.834045141086,1048.00218027322,1566.95105084359,1000
sp10,61,species.length2weight.condition.factor.sp6,53.4838537640825,1031.16084769153,1561.11771779812,1000
sp10,62,species.length2weight.condition.factor.sp7,-75.8559175437998,970.398866382831,1453.97992206305,1000
sp10,63,species.length2weight.condition.factor.sp8,29.0567474797205,1039.60919190429,1531.61117845298,1000
sp10,64,species.length2weight.condition.factor.sp9,35.1903456945989,1246.6949545464,1824.26404323106,1000
sp10,65,species.length2weight.condition.factor.sp10,162.970394409576,3696.54821994281,4675.71113584831,1000
sp10,66,species.length2weight.condition.factor.sp11,-6.12514424738816,1053.45015359783,1538.07466544783,1000
sp10,67,species.length2weight.condition.factor.sp12,-58.1357492073702,1059.60218682065,1595.2460942665,1000
sp10,68,species.length2weight.condition.factor.sp13,10.323220678565,1016.09622808834,1525.87953640683,1000
sp10,69,species.length2weight.condition.factor.sp14,71.6708377605477,1019.97505464507,1521.21137677016,1000
sp10,70,species.length2weight.condition.factor.sp15,51.2506007127916,1017.51065908045,1545.94846554567,1000
sp10,71,species.k.sp0,35.2800639595208,1546.40566464459,2699.78584984551,1000
sp10,72,species.k.sp1,37.1148408812077,1044.28866053834,1569.40967532486,1000
sp10,73,species.k.sp2,60.3671576048063,2011.39300443854,3106.65949680928,1000
sp10,74,species.k.sp3,-51.753779014475,1848.12758032836,3046.41143999185,1000
sp10,75,species.k.sp4,-23.94662850578,1480.5264569678,2205.99512495572,1000
sp10,76,species.k.sp5,-6.16109139584488,1053.34376662734,1558.20318344177,1000
sp10,77,species.k.sp6,34.6307772923828,1037.17807784608,1579.92003002921,1000
sp10,78,species.k.sp7,107.48689387235,1038.65092491044,1566.63414893498,1000
sp10,79,species.k.sp8,-85.2034463358085,997.293105989889,1459.45076484568,1000
sp10,80,species.k.sp9,-234.721067349001,4342.09539523004,5632.37864065101,1000
sp10,81,species.k.sp10,467.708585891561,9591.95112657821,11728.502303562,1000
sp10,82,species.k.sp11,6.988354144944,1657.59027887803,2315.17878788406,1000
sp10,83,species.k.sp12,-2.00097936122323,998.482925502563,1550.17008484111,1000
sp10,84,species.k.sp13,194.872232686023,4218.85183932632,6804.07649748854,1000
sp10,85,species.k.sp14,-47.604614960514,1007.88717900578,1559.45754168747,1000
sp10,86,species.k.sp15,-13.44710215139,986.029406852576,1491.20638931064,1000
sp10,87,species.l0.sp0,-4.53655074345935,1109.66301030471,1690.947430911,1000
sp10,88,species.l0.sp1,4.88487843596042,1086.98034696094,1651.98672795494,1000
sp10,89,species.l0.sp2,-153.051420262234,2091.17637417106,3217.46199757936,1000
sp10,90,species.l0.sp3,42.9545395481346,1114.11539928952,1698.80018360702,1000
sp10,91,species.l0.sp4,84.5486792396003,1301.85334412591,1910.88658909628,1000
sp10,92,species.l0.sp5,25.7339005998419,966.912600374186,1452.57730901088,1000
sp10,93,species.l0.sp6,21.7024002424394,1053.09735620307,1572.87653004139,1000
sp10,94,species.l0.sp7,-15.0134921251511,970.674188617127,1431.73120988936,1000
sp10,95,species.l0.sp8,23.4990519368884,977.959622675484,1454.58566137061,1000
sp10,96,species.l0.sp9,13.1440986413421,3459.82222944202,4759.44238397386,1000
sp10,97,species.l0.sp10,80.8289463120503,15812.8861810998,19172.2753755677,1000
sp10,98,species.l0.sp11,-35.8470179884094,1208.66676995482,1776.95252255447,1000
sp10,99,species.l0.sp12,26.2409899416716,1116.07959555331,1650.44627629153,1000
sp10,100,species.l0.sp13,27.8780382231777,955.710632628378,1408.3398371201,1000
sp10,101,species.l0.sp14,3.80059577951791,1014.42774316748,1527.7450394389,1000
sp10,102,species.l0.sp15,56.2947081370469,1036.67066260481,1539.79421759232,1000
sp10,103,mortality.additional.larva.rate.sp0,62.6785215542007,1725.14385628323,2963.9590466297,1000
sp10,104,mortality.additional.larva.rate.sp1,12.6793615037065,1099.97856165938,1685.90949830201,1000
sp10,105,mortality.additional.larva.rate.sp2,213.340298500639,6502.91997698458,9704.53799207334,1000
sp10,106,mortality.additional.larva.rate.sp3,542.728849013744,4128.25622834372,6816.33660051994,1000
sp10,107,mortality.additional.larva.rate.sp4,-108.341424619248,1007.04159221123,1526.17872971068,1000
sp10,108,mortality.additional.larva.rate.sp5,-17.0140465624349,1058.91301745433,1557.65445167148,1000
sp10,109,mortality.additional.larva.rate.sp6,61.5944092815156,1003.49418745039,1539.24271938627,1000
sp10,110,mortality.additional.larva.rate.sp9,335.831001956824,5562.6809908234,7654.75206830866,1000
sp10,111,mortality.additional.larva.rate.sp10,-37.2770425086163,25914.3123603988,30487.0822157938,1000
sp10,112,mortality.additional.larva.rate.sp11,106.128198358346,1073.46934658547,1618.68826628018,1000
sp10,113,mortality.additional.larva.rate.sp12,131.397731485201,1670.92769172398,2515.79105915119,1000
sp10,114,mortality.additional.larva.rate.sp13,63.7926686180287,1042.54264343893,1579.36734207953,1000
sp10,115,mortality.additional.larva.rate.sp14,50.7749083115314,1005.04560775844,1539.83482527292,1000
sp10,116,mortality.additional.larva.rate.sp15,-10.4412985346855,1063.40409479803,1591.74847226316,1000
sp10,117,mortality.additional.larva.rate.mean.sp7,25.1027994037559,981.704188859857,1472.62110756596,1000
sp10,118,mortality.additional.larva.rate.mean.sp8,18.4458913756576,1005.41583632596,1489.34956500557,1000
sp10,119,species.linf.sp0,-111.132532515324,1756.15253684201,3222.12805994988,1000
sp10,120,species.linf.sp1,-80.3363732052974,1260.04725724952,1885.44860828508,1000
sp10,121,species.linf.sp2,171.9867990025,5536.28594350639,8374.73991091852,1000
sp10,122,species.linf.sp3,-145.677758902687,3919.71804631334,6361.5306565433,1000
sp10,123,species.linf.sp4,-157.086768698736,3301.42645178018,4705.47890632811,1000
sp10,124,species.linf.sp5,7.28933723543059,1503.90865091515,2135.86947025612,1000
sp10,125,species.linf.sp6,25.9855227509323,1061.68474261873,1581.33378604189,1000
sp10,126,species.linf.sp7,-33.5049777233539,1030.45182335478,1538.37565499083,1000
sp10,127,species.linf.sp8,-36.8420959195274,987.676123990793,1492.7771951226,1000
sp10,128,species.linf.sp9,103.20220110793,11583.7079835697,14431.6028991775,1000
sp10,129,species.linf.sp10,654.104680291506,34104.6059173006,39463.918611598,1000
sp10,130,species.linf.sp11,8.85899310321951,1851.52635520116,2660.12108915442,1000
sp10,131,species.linf.sp12,240.06103528098,2608.90034534956,4048.78632542147,1000
sp10,132,species.linf.sp13,-28.4038917537709,2483.66798443559,3876.21196047283,1000
sp10,133,species.linf.sp14,-39.8149713445,995.363279074052,1461.94332113961,1000
sp10,134,species.linf.sp15,-45.0736988131423,1074.64834113947,1635.94684861968,1000
sp10,135,species.accessibility2fish.sp16,36.0356813486177,985.770681800547,1493.09032014266,1000
sp10,136,species.accessibility2fish.sp17,20.165307936823,998.565822571986,1532.83762661759,1000
sp10,137,species.accessibility2fish.sp18,2.27739286745877,1006.20472093859,1574.14182864359,1000
sp10,138,species.accessibility2fish.sp19,-37.6920869035897,1071.80355542066,1632.2418467124,1000
sp10,139,species.accessibility2fish.sp20,-5.24059571567589,1003.07399604787,1503.07949728874,1000
sp10,140,species.accessibility2fish.sp21,99.4243107631096,2667.41755977397,5332.27099403034,1000
sp10,141,species.accessibility2fish.sp22,0.705053278346035,950.875198427161,1428.73822096767,1000
sp10,142,species.accessibility2fish.sp23,17.372014235469,1011.37273622593,1501.12569344514,1000
sp10,143,species.accessibility2fish.sp24,59.1147650504594,1178.58279215439,1777.75673227326,1000
sp10,144,species.accessibility2fish.sp25,4.11469004536522,961.265959626807,1442.92854852242,1000
sp10,145,species.accessibility2fish.sp26,-41.9578832414004,963.036625203941,1448.81031517914,1000
sp10,146,species.maturity.size.ratio.sp0,46.2170313613753,1692.79153276142,2924.35652236684,1000
sp10,147,species.maturity.size.ratio.sp1,-51.4030233971441,1024.4608589285,1530.32360867386,1000
sp10,148,species.maturity.size.ratio.sp2,61.6839909354261,1104.2949645641,1635.94527085859,1000
sp10,149,species.maturity.size.ratio.sp3,60.8795060839272,1046.68728577325,1601.26544575845,1000
sp10,150,species.maturity.size.ratio.sp4,43.9252857194091,1223.41350868347,1923.44299002023,1000
sp10,151,species.maturity.size.ratio.sp5,-35.0084791615724,998.700708473713,1496.62685212688,1000
sp10,152,species.maturity.size.ratio.sp6,43.8294705163853,992.567125119704,1483.56258666537,1000
sp10,153,species.maturity.size.ratio.sp7,39.4841797933325,964.405577234661,1439.67241931045,1000
sp10,154,species.maturity.size.ratio.sp8,-79.7212782759191,1028.86973502399,1505.23597655945,1000
sp10,155,species.maturity.size.ratio.sp9,8.67943035935403,1113.67406598048,1661.0154287878,1000
sp10,156,species.maturity.size.ratio.sp10,-81.4213505559253,5883.71548802777,8097.26581960987,1000
sp10,157,species.maturity.size.ratio.sp11,-227.589652779729,3173.81349396212,4195.02565952851,1000
sp10,158,species.maturity.size.ratio.sp12,30.6096084197452,1111.1986538628,1655.19338564692,1000
sp10,159,species.maturity.size.ratio.sp13,-105.344787728091,6020.74227470378,9237.5303783722,1000
sp10,160,species.maturity.size.ratio.sp14,67.0866412675051,1024.64803750065,1518.36204678594,1000
sp10,161,species.maturity.size.ratio.sp15,-8.61784588302058,1045.54517266674,1577.63738871667,1000
sp10,162,predation.predPrey.sizeRatio.teta.sp0.stage1,-60.4436164035221,976.944398537908,1461.69344897301,1000
sp10,163,predation.predPrey.sizeRatio.alpha.sp0.stage1,-63.9984869855715,1174.71388970216,1742.92743161502,1000
sp10,164,predation.predPrey.sizeRatio.teta.sp1.stage1,-11.1201653163475,1051.23903522319,1589.44551367988,1000
sp10,165,predation.predPrey.sizeRatio.alpha.sp1.stage1,-60.6642765954718,1025.73799342499,1584.45235767779,1000
sp10,166,predation.predPrey.sizeRatio.teta.sp2.stage1,-2.60518862567064,1079.51747627228,1686.55866558375,1000
sp10,167,predation.predPrey.sizeRatio.alpha.sp2.stage1,-24.8790737724404,1458.53454015326,2369.83738633126,1000
sp10,168,predation.predPrey.sizeRatio.teta.sp3.stage1,-107.100803218065,1061.6347390437,1585.53955238514,1000
sp10,169,predation.predPrey.sizeRatio.alpha.sp3.stage1,-81.8466624429874,1730.71825478843,2627.17224647118,1000
sp10,170,predation.predPrey.sizeRatio.teta.sp4.stage1,45.2581737581639,1069.74006514602,1595.43473754707,1000
sp10,171,predation.predPrey.sizeRatio.alpha.sp4.stage1,69.4178228304935,1376.41109371692,2165.39069782505,1000
sp10,172,predation.predPrey.sizeRatio.teta.sp5.stage1,-3.19093451779545,1001.82434180395,1482.62118113704,1000
sp10,173,predation.predPrey.sizeRatio.teta.sp5.stage2,-27.3227927133089,1256.50142249235,1803.39838964245,1000
sp10,174,predation.predPrey.sizeRatio.alpha.sp5.stage1,-37.5088305621108,1050.2600869256,1555.14922740226,1000
sp10,175,predation.predPrey.sizeRatio.alpha.sp5.stage2,-58.0248076750631,1110.43903601123,1629.22742486917,1000
sp10,176,predation.predPrey.sizeRatio.teta.sp6.stage1,39.5662470065315,1071.33961160903,1608.04890258404,1000
sp10,177,predation.predPrey.sizeRatio.alpha.sp6.stage1,72.1919413919423,1017.01879838611,1511.28676277752,1000
sp10,178,predation.predPrey.sizeRatio.teta.sp7.stage1,4.04190860187941,984.078080790735,1475.0504916333,1000
sp10,179,predation.predPrey.sizeRatio.alpha.sp7.stage1,23.5552204704329,951.423283524348,1444.12503346676,1000
sp10,180,predation.predPrey.sizeRatio.teta.sp8.stage1,-13.5913463021548,1027.54649851733,1537.46424490116,1000
sp10,181,predation.predPrey.sizeRatio.alpha.sp8.stage1,12.9580403530609,1002.56553034743,1523.42886105821,1000
sp10,182,predation.predPrey.sizeRatio.teta.sp9.stage1,2.52734561202227,1044.71507034345,1578.49380964334,1000
sp10,183,predation.predPrey.sizeRatio.alpha.sp9.stage1,-300.731285834601,4241.31853952657,5377.3854866138,1000
sp10,184,predation.predPrey.sizeRatio.teta.sp10.stage1,-9.78105434929298,1128.84796534304,1742.88766694274,1000
sp10,185,predation.predPrey.sizeRatio.alpha.sp10.stage1,-102.682884800139,7278.3634418002,10224.7941240053,1000
sp10,186,predation.predPrey.sizeRatio.teta.sp11.stage1,1.79558870895355,973.407620044463,1495.39816820809,1000
sp10,187,predation.predPrey.sizeRatio.alpha.sp11.stage1,-47.3516291839926,1103.48731580359,1637.9506117504,1000
sp10,188,predation.predPrey.sizeRatio.teta.sp12.stage1,-60.1606160138036,1262.81566127517,1923.94655089212,1000
sp10,189,predation.predPrey.sizeRatio.alpha.sp12.stage1,-20.0515978449193,1700.70666677159,2530.06188230873,1000
sp10,190,predation.predPrey.sizeRatio.teta.sp13.stage1,20.0385498119617,1026.77759747384,1528.48254380585,1000
sp10,191,predation.predPrey.sizeRatio.alpha.sp13.stage1,-104.681417220759,1821.23179601221,2887.70011124946,1000
sp10,192,predation.predPrey.sizeRatio.teta.sp14.stage1,-26.3297501998752,1011.64920694676,1539.36183342958,1000
sp10,193,predation.predPrey.sizeRatio.alpha.sp14.stage1,-6.18411477348309,975.598303022141,1501.07550041953,1000
sp10,194,predation.predPrey.sizeRatio.teta.sp15.stage1,2.81767758545744,1000.92639058757,1496.92169847043,1000
sp10,195,predation.predPrey.sizeRatio.alpha.sp15.stage1,-62.2640919956141,1013.24508952783,1498.5061637052,1000
sp11,1,mortality.additional.rate.sp0,1847.98379594306,9550.26918411806,26407.0611577836,1000
sp11,2,mortality.additional.rate.sp1,522.124700481804,9203.1844489832,17631.9783897464,1000
sp11,3,mortality.additional.rate.sp2,471.617809123614,8551.488948275,15909.2360148221,1000
sp11,4,mortality.additional.rate.sp3,630.177270143752,8695.1238130993,16212.0341444011,1000
sp11,5,mortality.additional.rate.sp4,-211.342593097223,8451.08851201806,15875.2763309111,1000
sp11,6,mortality.additional.rate.sp5,-897.77457984861,9720.42796843611,22704.2719195435,1000
sp11,7,mortality.additional.rate.sp6,-439.230259708332,8685.84711464167,15103.5896698499,1000
sp11,8,mortality.additional.rate.sp7,60.942076426387,9907.74114581806,21526.031057217,1000
sp11,9,mortality.additional.rate.sp8,-348.162127493055,9219.92945023889,19481.1331763854,1000
sp11,10,mortality.additional.rate.sp9,848.759530325005,9221.9263703,18401.9997576748,1000
sp11,11,mortality.additional.rate.sp10,460.646601989583,8678.91548081736,15342.4495521508,1000
sp11,12,mortality.additional.rate.sp11,708.312946974306,9203.01671373681,19786.3738987916,1000
sp11,13,mortality.additional.rate.sp12,563.421109231946,8906.00842594167,16722.290870531,1000
sp11,14,mortality.additional.rate.sp13,31.3598107034747,9082.4907298757,19884.1188327651,1000
sp11,15,mortality.additional.rate.sp14,-196.628742863196,9573.90379748541,19343.4504935869,1000
sp11,16,mortality.additional.rate.sp15,-552.075269234031,8907.82652271459,16800.1910181999,1000
sp11,17,fisheries.rate.base.fsh0,635.432597124305,9559.56524707431,17050.3457105534,1000
sp11,18,fisheries.rate.base.fsh1,-1397.96379860278,31357.3754241611,55486.6819926927,1000
sp11,19,fisheries.rate.base.fsh2,121.67906306889,8604.15516983555,16698.5296854172,1000
sp11,20,fisheries.rate.base.fsh3,228.358937833058,9787.42232820528,22962.7909114494,1000
sp11,21,species.catchability.fsh0.sp0,226.168101257774,8766.72074267695,15642.7526056736,1000
sp11,22,species.catchability.fsh0.sp1,692.855030981945,8797.51942034583,15471.7260972444,1000
sp11,23,species.catchability.fsh0.sp2,-1910.84018382639,9373.7029306375,21873.5748168212,1000
sp11,24,species.catchability.fsh0.sp3,-540.003316455553,10696.3034935361,21066.462819631,1000
sp11,25,species.catchability.fsh0.sp5,-308.980202027778,8905.05507878195,18246.3199256966,1000
sp11,26,species.catchability.fsh0.sp7,0.848093184167203,9047.80131090889,18141.5307967311,1000
sp11,27,species.catchability.fsh0.sp8,-1337.48770589583,9471.86394490972,24533.9980990504,1000
sp11,28,species.catchability.fsh0.sp9,837.131471895836,9059.25003836806,17003.4475256367,1000
sp11,29,species.catchability.fsh0.sp10,237.938313428473,9639.5726309507,17690.8075760909,1000
sp11,30,species.catchability.fsh0.sp13,-261.868464569444,9501.4068092125,22248.8874725989,1000
sp11,31,species.catchability.fsh0.sp14,666.833430185419,9174.38739787986,18297.0469122597,1000
sp11,32,species.catchability.fsh0.sp15,29.9341583333366,8773.70852637222,19723.7121684235,1000
sp11,33,species.catchability.fsh1.sp9,98.043497290279,9421.29961180139,19567.0562549212,1000
sp11,34,species.catchability.fsh1.sp10,-1077.74943915431,9273.49198401986,22568.0381540056,1000
sp11,35,species.catchability.fsh1.sp11,577.37999807639,39688.3505866692,68227.0796152767,1000
sp11,36,species.catchability.fsh1.sp12,-618.375713941807,9029.40854655681,17474.3740784053,1000
sp11,37,species.catchability.fsh2.sp0,-164.872562633334,8982.17838361667,20338.8816452554,1000
sp11,38,species.catchability.fsh2.sp5,293.035497491529,8762.55596679458,15084.2686622189,1000
sp11,39,species.catchability.fsh2.sp7,233.932583586527,8554.75717299487,15794.2437292691,1000
sp11,40,species.catchability.fsh2.sp8,-918.884715315973,8988.9305560882,18579.7853948568,1000
sp11,41,species.catchability.fsh3.sp0,-222.934158212498,8396.22785435972,15558.3483881627,1000
sp11,42,species.catchability.fsh3.sp1,544.18729567903,9140.38523251097,17226.9067840726,1000
sp11,43,species.catchability.fsh3.sp2,1004.97866103639,8854.75594192194,20236.3771320287,1000
sp11,44,species.catchability.fsh3.sp3,-585.370218950419,9556.09950998792,21594.0360910572,1000
sp11,45,species.catchability.fsh3.sp5,718.809515457638,9307.6751636118,18738.9602385857,1000
sp11,46,species.catchability.fsh3.sp7,-547.143950440695,8911.40906760514,16186.3147325531,1000
sp11,47,species.catchability.fsh3.sp8,933.108521706666,9959.64265800583,24439.0675900474,1000
sp11,48,species.catchability.fsh3.sp9,-234.289273108331,9401.01560325278,23909.4204203178,1000
sp11,49,species.catchability.fsh3.sp10,897.54923633472,9343.67654740139,21002.8992561271,1000
sp11,50,species.catchability.fsh3.sp11,-204.52359813375,8971.79357386764,15602.8859829901,1000
sp11,51,species.catchability.fsh3.sp12,-85.9250566095803,9563.05153894708,18204.5734230036,1000
sp11,52,species.catchability.fsh3.sp13,949.58666473125,9478.42632740208,18963.6810924864,1000
sp11,53,species.catchability.fsh3.sp14,-98.7998762625018,8978.27979450694,16666.8362365809,1000
sp11,54,species.catchability.fsh3.sp15,175.870210292778,8390.58215754695,15162.3056627993,1000
sp11,55,species.length2weight.condition.factor.sp0,-482.946014324862,9849.01571262098,17432.3409280282,1000
sp11,56,species.length2weight.condition.factor.sp1,618.934522582638,9080.33902059375,17496.6736758303,1000
sp11,57,species.length2weight.condition.factor.sp2,881.834740035277,9103.91236568917,19053.5001789156,1000
sp11,58,species.length2weight.condition.factor.sp3,-576.868195497224,9586.79481701667,18673.5239995164,1000
sp11,59,species.length2weight.condition.factor.sp4,40.1582916923648,8809.30317767014,16321.8136223843,1000
sp11,60,species.length2weight.condition.factor.sp5,226.867382155558,9477.27766383611,21433.5769583053,1000
sp11,61,species.length2weight.condition.factor.sp6,1087.47320856708,9560.81413078847,21015.5590957921,1000
sp11,62,species.length2weight.condition.factor.sp7,267.889311115417,9310.19379510014,20651.9845918806,1000
sp11,63,species.length2weight.condition.factor.sp8,381.171767423613,8399.09188444861,17505.9513797659,1000
sp11,64,species.length2weight.condition.factor.sp9,-326.102430608889,9819.21943718139,19615.3663765938,1000
sp11,65,species.length2weight.condition.factor.sp10,359.454618086668,10008.1768546394,21605.5910245973,1000
sp11,66,species.length2weight.condition.factor.sp11,-3051.02521482986,65073.4969427424,110120.021875697,1000
sp11,67,species.length2weight.condition.factor.sp12,-872.976708527777,8936.250831725,16578.4020947608,1000
sp11,68,species.length2weight.condition.factor.sp13,-733.107880030554,9600.24720151389,20767.3620262956,1000
sp11,69,species.length2weight.condition.factor.sp14,553.362353367639,8631.15933704208,18875.194592763,1000
sp11,70,species.length2weight.condition.factor.sp15,-1428.12462526806,9696.95847889028,23617.9425112963,1000
sp11,71,species.k.sp0,-107.624101067777,14411.8663491483,27986.9526340011,1000
sp11,72,species.k.sp1,159.86158029236,8261.39029914237,15460.4288795387,1000
sp11,73,species.k.sp2,-412.390170287085,11131.2868525163,19938.9120654047,1000
sp11,74,species.k.sp3,-269.671098965141,13580.386106246,24634.2847602348,1000
sp11,75,species.k.sp4,517.903470772916,18858.6809412993,30431.7005645975,1000
sp11,76,species.k.sp5,-140.715816404722,9613.73911752139,18276.6848414236,1000
sp11,77,species.k.sp6,-144.29188757958,9236.94093307319,21645.4697144869,1000
sp11,78,species.k.sp7,352.03484013542,9108.78444591597,19817.6437185621,1000
sp11,79,species.k.sp8,-530.839929865974,9144.62873926875,16972.5892356169,1000
sp11,80,species.k.sp9,-50.0014300722225,12550.710986975,29185.8736889311,1000
sp11,81,species.k.sp10,393.405347496819,9777.92579898123,19701.9882979791,1000
sp11,82,species.k.sp11,8566.43555015695,252889.441797776,411861.979763435,1000
sp11,83,species.k.sp12,-1796.34087042375,11682.6748268932,23510.3223301275,1000
sp11,84,species.k.sp13,-367.862662538194,14472.5187651188,32855.3377854274,1000
sp11,85,species.k.sp14,-65.0147636181946,8803.9442615182,24252.4289644193,1000
sp11,86,species.k.sp15,496.458278137498,8442.27537120139,14472.7583321074,1000
sp11,87,species.l0.sp0,1431.59927141875,10143.6887456868,21608.5171820575,1000
sp11,88,species.l0.sp1,-360.13268968542,9037.07597518542,17478.4277473459,1000
sp11,89,species.l0.sp2,-84.7374315520805,11451.5086709771,22821.892722193,1000
sp11,90,species.l0.sp3,194.519181611804,9158.13350462014,17340.1912670031,1000
sp11,91,species.l0.sp4,-298.881021381248,14105.5086768604,22634.3860005714,1000
sp11,92,species.l0.sp5,72.1434822743013,8833.30944473542,16173.7132167041,1000
sp11,93,species.l0.sp6,-364.902584574303,8965.53303729903,17463.0115504467,1000
sp11,94,species.l0.sp7,889.424926750694,10036.1046799271,19433.8696112721,1000
sp11,95,species.l0.sp8,100.925667699306,8948.63390973125,17334.8108628223,1000
sp11,96,species.l0.sp9,-716.485035455,12041.0160342675,20288.9007274364,1000
sp11,97,species.l0.sp10,-19.5040088094419,11953.9121450039,21603.78457837,1000
sp11,98,species.l0.sp11,12429.0132405493,188705.879235081,336431.727394849,1000
sp11,99,species.l0.sp12,775.442964870974,9571.28601055958,22015.0548205244,1000
sp11,100,species.l0.sp13,-120.779532199861,8325.9286003668,13770.3504358728,1000
sp11,101,species.l0.sp14,-531.540421375835,9266.46410781778,18647.0009158524,1000
sp11,102,species.l0.sp15,314.633099170831,9157.56739820417,19214.2343990932,1000
sp11,103,mortality.additional.larva.rate.sp0,124.045817889584,17643.7056234104,33399.4416962917,1000
sp11,104,mortality.additional.larva.rate.sp1,541.393147477777,9136.76906965278,17358.892491958,1000
sp11,105,mortality.additional.larva.rate.sp2,541.370469701253,23799.0150463499,39773.6621470107,1000
sp11,106,mortality.additional.larva.rate.sp3,-2030.68938544597,24103.4528410151,44012.5854115663,1000
sp11,107,mortality.additional.larva.rate.sp4,70.9841679263881,9500.9215301875,18410.0564304369,1000
sp11,108,mortality.additional.larva.rate.sp5,-729.081629713889,8990.85354226111,17481.8552885461,1000
sp11,109,mortality.additional.larva.rate.sp6,618.43958182222,9481.41111125834,19938.3236484545,1000
sp11,110,mortality.additional.larva.rate.sp9,1391.32587356389,26156.7584331083,40505.8853394935,1000
sp11,111,mortality.additional.larva.rate.sp10,-805.980188562499,17294.7462282,29481.3702484696,1000
sp11,112,mortality.additional.larva.rate.sp11,-674.728205005553,8734.66506964722,15909.4114850078,1000
sp11,113,mortality.additional.larva.rate.sp12,571.869985024722,10439.7655456169,19146.0258261589,1000
sp11,114,mortality.additional.larva.rate.sp13,-828.570715617359,8701.4156415132,15523.7694128103,1000
sp11,115,mortality.additional.larva.rate.sp14,-884.299615033335,8298.48287698889,15446.0758389457,1000
sp11,116,mortality.additional.larva.rate.sp15,-395.849056166666,10046.6525227444,20119.8464732885,1000
sp11,117,mortality.additional.larva.rate.mean.sp7,-86.1231666652806,9105.3018347375,18880.8581797212,1000
sp11,118,mortality.additional.larva.rate.mean.sp8,837.67128129028,9657.89860467639,20184.5038649596,1000
sp11,119,species.linf.sp0,-558.374257953748,16100.5842571788,30029.7722206389,1000
sp11,120,species.linf.sp1,-65.6130968402763,9115.54403859167,17795.902739462,1000
sp11,121,species.linf.sp2,-49.7465161520856,19454.8556459396,36940.8909849717,1000
sp11,122,species.linf.sp3,2688.42454031667,44201.4886469431,67504.0232327497,1000
sp11,123,species.linf.sp4,177.080504076927,45646.1556340217,63033.2303197537,1000
sp11,124,species.linf.sp5,-307.561426268059,10873.0527940417,20868.7308291173,1000
sp11,125,species.linf.sp6,65.752051954164,10153.2056728472,23963.6226239031,1000
sp11,126,species.linf.sp7,550.174544650694,9581.98007026459,23767.9244252844,1000
sp11,127,species.linf.sp8,-910.798192660419,9923.98140284931,21980.9276850371,1000
sp11,128,species.linf.sp9,-238.934450984444,27028.1542621961,41608.6542708005,1000
sp11,129,species.linf.sp10,827.242803955555,15316.6632841639,28997.7143461068,1000
sp11,130,species.linf.sp11,-10167.6591711819,188151.46500149,333919.995607384,1000
sp11,131,species.linf.sp12,-597.311834573612,18074.4183219542,30652.2254062862,1000
sp11,132,species.linf.sp13,-316.948525308333,14392.0831436083,36084.9436734059,1000
sp11,133,species.linf.sp14,-219.136338404862,9193.50440833125,16740.1717423026,1000
sp11,134,species.linf.sp15,-446.902165635135,9759.1561254007,19265.0126025668,1000
sp11,135,species.accessibility2fish.sp16,-190.955893800002,8873.16899380528,18286.6481794441,1000
sp11,136,species.accessibility2fish.sp17,-627.953025880831,9368.32380186694,17954.0008065155,1000
sp11,137,species.accessibility2fish.sp18,934.623782204584,9964.34402224819,21078.629047791,1000
sp11,138,species.accessibility2fish.sp19,36.4433409520823,17797.0905283549,39354.0653488103,1000
sp11,139,species.accessibility2fish.sp20,483.893201325139,8928.42875978764,16055.3957925783,1000
sp11,140,species.accessibility2fish.sp21,-105.112576459723,23608.2820830792,56618.2280030046,1000
sp11,141,species.accessibility2fish.sp22,-490.912827835693,9351.42285486014,18954.3475738513,1000
sp11,142,species.accessibility2fish.sp23,-272.425517568751,9713.7887815743,20036.4865578109,1000
sp11,143,species.accessibility2fish.sp24,299.089237193053,9663.20473388472,20917.8152374998,1000
sp11,144,species.accessibility2fish.sp25,-117.477643528196,8615.11945820653,16941.2209179933,1000
sp11,145,species.accessibility2fish.sp26,-933.959568592362,9167.0525159257,16804.7315449576,1000
sp11,146,species.maturity.size.ratio.sp0,1767.45379918333,17006.6236808514,31348.3178256659,1000
sp11,147,species.maturity.size.ratio.sp1,-601.796809342361,9008.77891323958,19609.6304157085,1000
sp11,148,species.maturity.size.ratio.sp2,-1982.64956571111,8970.48955007917,18022.912170555,1000
sp11,149,species.maturity.size.ratio.sp3,-120.973181486112,9571.73653803889,18547.2927795848,1000
sp11,150,species.maturity.size.ratio.sp4,629.712674130552,10823.4695572694,22334.28112281,1000
sp11,151,species.maturity.size.ratio.sp5,186.8051156125,8856.78914026861,18475.6180793884,1000
sp11,152,species.maturity.size.ratio.sp6,224.034492145138,8505.10319753403,15944.2258931887,1000
sp11,153,species.maturity.size.ratio.sp7,-174.42671573347,8465.63323455792,14913.4480507325,1000
sp11,154,species.maturity.size.ratio.sp8,681.786603677085,9270.35362753403,21521.1698785835,1000
sp11,155,species.maturity.size.ratio.sp9,107.61786026736,9578.93957054514,21444.0512008807,1000
sp11,156,species.maturity.size.ratio.sp10,-378.536107079861,10330.2785139021,17923.5289066257,1000
sp11,157,species.maturity.size.ratio.sp11,29916.7088554231,611786.012213958,825688.304721138,1000
sp11,158,species.maturity.size.ratio.sp12,110.132054477084,8461.48399386597,14922.3616269984,1000
sp11,159,species.maturity.size.ratio.sp13,1007.41134719458,18924.502514364,41440.946834474,1000
sp11,160,species.maturity.size.ratio.sp14,-861.69010718972,9006.04566893694,15911.3760704637,1000
sp11,161,species.maturity.size.ratio.sp15,166.998306319443,9871.91442829861,19103.4513980268,1000
sp11,162,predation.predPrey.sizeRatio.teta.sp0.stage1,512.014944315973,9876.84613100208,22857.03078621,1000
sp11,163,predation.predPrey.sizeRatio.alpha.sp0.stage1,1354.82465338694,11825.3080481453,20613.1621675294,1000
sp11,164,predation.predPrey.sizeRatio.teta.sp1.stage1,209.564445053056,8900.31498813917,17506.9514691587,1000
sp11,165,predation.predPrey.sizeRatio.alpha.sp1.stage1,-258.667950459725,9281.52248104861,20038.3246824996,1000
sp11,166,predation.predPrey.sizeRatio.teta.sp2.stage1,-454.747282188888,9021.73637519583,16756.4582496417,1000
sp11,167,predation.predPrey.sizeRatio.alpha.sp2.stage1,308.428267932362,10674.2732073065,22073.1643747837,1000
sp11,168,predation.predPrey.sizeRatio.teta.sp3.stage1,-629.604936910834,9008.51411751083,21517.1264111993,1000
sp11,169,predation.predPrey.sizeRatio.alpha.sp3.stage1,-834.147203482636,29046.0845371424,46206.2798468557,1000
sp11,170,predation.predPrey.sizeRatio.teta.sp4.stage1,895.828508028614,10169.8401410492,21180.3149139507,1000
sp11,171,predation.predPrey.sizeRatio.alpha.sp4.stage1,-132.824509956251,16527.0573148188,30701.1462768611,1000
sp11,172,predation.predPrey.sizeRatio.teta.sp5.stage1,1002.84796136875,10004.3942317132,25981.385358612,1000
sp11,173,predation.predPrey.sizeRatio.teta.sp5.stage2,30.1981996244453,9569.35797116639,19961.6253718478,1000
sp11,174,predation.predPrey.sizeRatio.alpha.sp5.stage1,779.370751313194,8971.47177695903,19441.1220803964,1000
sp11,175,predation.predPrey.sizeRatio.alpha.sp5.stage2,-213.370278070834,8958.07043400695,16607.4461845872,1000
sp11,176,predation.predPrey.sizeRatio.teta.sp6.stage1,-184.324265931945,8402.75868178056,15926.0018672911,1000
sp11,177,predation.predPrey.sizeRatio.alpha.sp6.stage1,1136.95943620972,9530.68240601945,21242.0426831838,1000
sp11,178,predation.predPrey.sizeRatio.teta.sp7.stage1,159.721472889999,9022.83130039278,17777.734002371,1000
sp11,179,predation.predPrey.sizeRatio.alpha.sp7.stage1,-312.885521515973,9579.88469342431,17744.3471647404,1000
sp11,180,predation.predPrey.sizeRatio.teta.sp8.stage1,-759.994693738196,8996.43045699514,19501.3701198887,1000
sp11,181,predation.predPrey.sizeRatio.alpha.sp8.stage1,-471.348020259863,9957.18565614014,21226.8761744421,1000
sp11,182,predation.predPrey.sizeRatio.teta.sp9.stage1,-447.309727588891,11557.4775742319,21594.8083573529,1000
sp11,183,predation.predPrey.sizeRatio.alpha.sp9.stage1,302.172538746942,15188.2727572294,26776.8712860325,1000
sp11,184,predation.predPrey.sizeRatio.teta.sp10.stage1,-974.510259236111,9383.709987575,28479.721557019,1000
sp11,185,predation.predPrey.sizeRatio.alpha.sp10.stage1,-223.27435155278,10430.3786006486,23043.8604856538,1000
sp11,186,predation.predPrey.sizeRatio.teta.sp11.stage1,-2247.85076746611,32425.9553621675,57649.612545715,1000
sp11,187,predation.predPrey.sizeRatio.alpha.sp11.stage1,3235.32672118542,39221.8326766535,85213.1063585804,1000
sp11,188,predation.predPrey.sizeRatio.teta.sp12.stage1,-86.8225412055582,11150.8531401944,17271.263485359,1000
sp11,189,predation.predPrey.sizeRatio.alpha.sp12.stage1,-166.858499747917,10900.6138829049,25647.3933761083,1000
sp11,190,predation.predPrey.sizeRatio.teta.sp13.stage1,-149.624160777776,9140.65169064444,17870.7332601849,1000
sp11,191,predation.predPrey.sizeRatio.alpha.sp13.stage1,2487.59754826333,16726.3489076172,32748.9201445386,1000
sp11,192,predation.predPrey.sizeRatio.teta.sp14.stage1,-713.343227605557,8846.29811224444,18341.3787102681,1000
sp11,193,predation.predPrey.sizeRatio.alpha.sp14.stage1,508.934265680553,9365.48238964722,19773.1736519245,1000
sp11,194,predation.predPrey.sizeRatio.teta.sp15.stage1,-343.050423439307,9449.42753297181,18498.5090683272,1000
sp11,195,predation.predPrey.sizeRatio.alpha.sp15.stage1,-140.5205248125,9500.21419859167,19342.5323741556,1000
sp12,1,mortality.additional.rate.sp0,18.652652277778,1105.98924934167,1451.21760623294,1000
sp12,2,mortality.additional.rate.sp1,21.8483490944444,1099.71528504444,1401.25705993159,1000
sp12,3,mortality.additional.rate.sp2,-77.0201086277781,1090.60668356111,1397.87724775466,1000
sp12,4,mortality.additional.rate.sp3,-129.775677490278,1380.44692485972,1731.21199761454,1000
sp12,5,mortality.additional.rate.sp4,46.1275656624998,1105.17261402917,1435.4662039232,1000
sp12,6,mortality.additional.rate.sp5,-43.7976629708334,1177.54543675417,1542.88764731823,1000
sp12,7,mortality.additional.rate.sp6,-34.441688633333,1043.58717254167,1358.26548542086,1000
sp12,8,mortality.additional.rate.sp7,-42.2459903930548,1074.2930088625,1384.15266944818,1000
sp12,9,mortality.additional.rate.sp8,77.9293464152777,1098.70760954306,1407.75136392437,1000
sp12,10,mortality.additional.rate.sp9,6.48345818750032,1063.05960237361,1390.36430338335,1000
sp12,11,mortality.additional.rate.sp10,-47.9097980447912,1060.0106932309,1382.50704593573,1000
sp12,12,mortality.additional.rate.sp11,57.8223003944439,1133.660059175,1484.4673978382,1000
sp12,13,mortality.additional.rate.sp12,-63.9878747180557,1180.9510551125,1542.76316744326,1000
sp12,14,mortality.additional.rate.sp13,-11.5142471208332,1121.66483717361,1430.83608146428,1000
sp12,15,mortality.additional.rate.sp14,47.3018708652782,1059.28735442639,1367.51382654194,1000
sp12,16,mortality.additional.rate.sp15,30.2778755708333,1139.6993069875,1452.10601479365,1000
sp12,17,fisheries.rate.base.fsh0,-51.7978051305552,2280.41949560833,2668.70166402441,1000
sp12,18,fisheries.rate.base.fsh1,-58.193174141667,2768.40493844444,3152.83963409845,1000
sp12,19,fisheries.rate.base.fsh2,22.1193886666668,1073.56094782222,1375.49428691025,1000
sp12,20,fisheries.rate.base.fsh3,88.3192164944447,1099.22258298611,1430.7540174103,1000
sp12,21,species.catchability.fsh0.sp0,123.177073483333,1255.01426357222,1636.67202491269,1000
sp12,22,species.catchability.fsh0.sp1,35.5870259111108,1108.387534275,1443.52259367146,1000
sp12,23,species.catchability.fsh0.sp2,-33.9376838500002,1085.443625875,1400.49074728062,1000
sp12,24,species.catchability.fsh0.sp3,-85.7060646263895,1513.64312523472,1908.45020226453,1000
sp12,25,species.catchability.fsh0.sp5,-5.58009461527794,1084.36166419583,1373.25896587437,1000
sp12,26,species.catchability.fsh0.sp7,-10.2419966541665,1125.94758965694,1416.97571102193,1000
sp12,27,species.catchability.fsh0.sp8,119.784862604167,1086.09197902917,1379.57580947735,1000
sp12,28,species.catchability.fsh0.sp9,-29.242766340278,1093.87466279583,1420.09052183397,1000
sp12,29,species.catchability.fsh0.sp10,33.2555328972225,1141.37436373333,1466.42824221189,1000
sp12,30,species.catchability.fsh0.sp13,42.4387064013893,1095.52430050972,1416.80126341256,1000
sp12,31,species.catchability.fsh0.sp14,27.5097321916667,1047.97912504444,1336.90743235735,1000
sp12,32,species.catchability.fsh0.sp15,-63.7817512597224,1108.82800594028,1430.8910557005,1000
sp12,33,species.catchability.fsh1.sp9,23.8023732527779,1110.922261225,1444.78259806527,1000
sp12,34,species.catchability.fsh1.sp10,-26.0980721847222,1257.16619850694,1629.78854490652,1000
sp12,35,species.catchability.fsh1.sp11,17.9475768208334,1197.68195138472,1558.15689921713,1000
sp12,36,species.catchability.fsh1.sp12,-171.031838152778,3885.78913271111,4169.00167727204,1000
sp12,37,species.catchability.fsh2.sp0,-33.8337436986112,1099.52599062639,1425.21473964566,1000
sp12,38,species.catchability.fsh2.sp5,-3.35196068472253,1114.43741584583,1435.48053354995,1000
sp12,39,species.catchability.fsh2.sp7,-8.13327996249961,1112.3811785625,1459.37523342565,1000
sp12,40,species.catchability.fsh2.sp8,72.6178149569442,1079.50182652083,1376.56363271201,1000
sp12,41,species.catchability.fsh3.sp0,-70.3699751416668,1071.27753364722,1373.46840232009,1000
sp12,42,species.catchability.fsh3.sp1,-74.7363091513885,1088.57341087639,1410.22956025269,1000
sp12,43,species.catchability.fsh3.sp2,-17.7691894722217,1087.82553183889,1390.79838581928,1000
sp12,44,species.catchability.fsh3.sp3,-30.1871253152776,1142.89327429861,1457.24677699218,1000
sp12,45,species.catchability.fsh3.sp5,26.5808308986112,1152.74028820417,1450.33254324185,1000
sp12,46,species.catchability.fsh3.sp7,8.38505615694429,1072.5426277125,1376.38249291134,1000
sp12,47,species.catchability.fsh3.sp8,-12.100964604167,1100.73227970417,1430.55373751938,1000
sp12,48,species.catchability.fsh3.sp9,19.6282464291666,1095.15074566528,1456.95103381688,1000
sp12,49,species.catchability.fsh3.sp10,46.7889876027778,1071.67516538056,1370.18176827951,1000
sp12,50,species.catchability.fsh3.sp11,-39.2827965055553,1118.66487831389,1442.75986541846,1000
sp12,51,species.catchability.fsh3.sp12,32.5632972972228,1151.52650061944,1479.15280963622,1000
sp12,52,species.catchability.fsh3.sp13,-37.0072239930555,1127.1834013125,1462.83906382691,1000
sp12,53,species.catchability.fsh3.sp14,-63.6867422041662,1101.12168855694,1401.87680020697,1000
sp12,54,species.catchability.fsh3.sp15,54.4243832513886,1086.43259321528,1393.15198470569,1000
sp12,55,species.length2weight.condition.factor.sp0,-15.9732171861111,1296.44847301667,1674.02782574987,1000
sp12,56,species.length2weight.condition.factor.sp1,12.0751499069443,1138.89421172917,1456.32402267016,1000
sp12,57,species.length2weight.condition.factor.sp2,-4.4559497597222,1094.94549569028,1427.10340008363,1000
sp12,58,species.length2weight.condition.factor.sp3,83.3268853569443,1260.66141161528,1650.002046489,1000
sp12,59,species.length2weight.condition.factor.sp4,29.1090697430554,1266.53203814861,1600.37688217783,1000
sp12,60,species.length2weight.condition.factor.sp5,-29.0551314666669,1123.574427675,1446.03591515581,1000
sp12,61,species.length2weight.condition.factor.sp6,-74.2393724819444,1098.74434044861,1417.44759673596,1000
sp12,62,species.length2weight.condition.factor.sp7,-20.1091726791665,1100.30784380417,1413.02919165601,1000
sp12,63,species.length2weight.condition.factor.sp8,47.5328200180557,1064.82711125972,1373.98410385603,1000
sp12,64,species.length2weight.condition.factor.sp9,-4.31648266388848,1227.19229925833,1554.17356882247,1000
sp12,65,species.length2weight.condition.factor.sp10,-40.9905684027779,1202.36659124167,1560.34092603634,1000
sp12,66,species.length2weight.condition.factor.sp11,13.6285561708331,1222.10971626528,1563.43271130445,1000
sp12,67,species.length2weight.condition.factor.sp12,-27.1835818333334,1624.26518811667,2036.44275072641,1000
sp12,68,species.length2weight.condition.factor.sp13,-45.6694251222219,1184.83723034444,1527.2072056605,1000
sp12,69,species.length2weight.condition.factor.sp14,8.78007405138875,1135.00186489861,1446.86261559961,1000
sp12,70,species.length2weight.condition.factor.sp15,-0.614237400000764,1121.25214520278,1450.12397331765,1000
sp12,71,species.k.sp0,135.433918647222,3091.20310072778,4525.2214527222,1000
sp12,72,species.k.sp1,69.9411759763882,1153.46868947917,1466.68068555031,1000
sp12,73,species.k.sp2,92.421608640278,1178.4465419125,1511.00021275231,1000
sp12,74,species.k.sp3,-26.6175061444446,2318.489812625,3060.86256317087,1000
sp12,75,species.k.sp4,-88.852027619445,3065.43460560556,3474.71442140227,1000
sp12,76,species.k.sp5,-53.9787236527782,1128.523796575,1457.10701353972,1000
sp12,77,species.k.sp6,-33.9684757319445,1163.10066221806,1535.00433494769,1000
sp12,78,species.k.sp7,49.6254173527776,1105.31349358889,1406.2270405661,1000
sp12,79,species.k.sp8,-52.5736538347228,1093.49269017917,1404.40497768073,1000
sp12,80,species.k.sp9,-34.6504950944447,2261.467329975,2761.23430344609,1000
sp12,81,species.k.sp10,-80.5317439402781,1653.4364725375,2131.63061663906,1000
sp12,82,species.k.sp11,99.2175439208335,1924.56783865695,2289.67788298021,1000
sp12,83,species.k.sp12,271.530990684723,6316.10709507361,6872.7612796174,1000
sp12,84,species.k.sp13,29.5315952555552,10516.6163454528,12685.3156357282,1000
sp12,85,species.k.sp14,18.1309187208336,1099.95181303195,1430.47028305062,1000
sp12,86,species.k.sp15,47.7700260916667,1295.43502003611,1713.13513936792,1000
sp12,87,species.l0.sp0,30.5513275763889,1189.55061791806,1541.34545804972,1000
sp12,88,species.l0.sp1,-47.5396135180559,1072.20015051528,1379.17120170282,1000
sp12,89,species.l0.sp2,-54.7352152180557,1225.29095839306,1599.18054364752,1000
sp12,90,species.l0.sp3,18.0027079263891,1266.24889365139,1631.45662085581,1000
sp12,91,species.l0.sp4,55.4202426652778,2797.84328324861,3196.21613503298,1000
sp12,92,species.l0.sp5,8.24182353750084,1096.29453290972,1426.09310494439,1000
sp12,93,species.l0.sp6,-4.44738090416592,1066.8132890625,1394.1348055367,1000
sp12,94,species.l0.sp7,-9.86704256805551,1089.27289071806,1409.30241430439,1000
sp12,95,species.l0.sp8,-26.5147507722222,1129.32941275,1436.50646779741,1000
sp12,96,species.l0.sp9,-57.1422576861112,2359.32646825556,2780.54460457088,1000
sp12,97,species.l0.sp10,43.3896051944442,2474.99927124722,3016.63592513182,1000
sp12,98,species.l0.sp11,-0.567748747222035,1640.20905296111,2014.50460362604,1000
sp12,99,species.l0.sp12,-169.207985615277,2897.91775562917,3377.66895377495,1000
sp12,100,species.l0.sp13,8.40130430416699,1055.91722140139,1380.39821714764,1000
sp12,101,species.l0.sp14,-22.6595759638886,1056.92091304722,1359.93838916089,1000
sp12,102,species.l0.sp15,-34.8248517069446,1112.50061407917,1426.03311199941,1000
sp12,103,mortality.additional.larva.rate.sp0,140.398310947222,2449.03988058333,3584.44342812321,1000
sp12,104,mortality.additional.larva.rate.sp1,-9.80420017500053,1068.55646605556,1365.70394516098,1000
sp12,105,mortality.additional.larva.rate.sp2,14.4860491902781,1752.07167736806,2252.46280018664,1000
sp12,106,mortality.additional.larva.rate.sp3,124.875249343056,4161.59768121806,5947.2938987268,1000
sp12,107,mortality.additional.larva.rate.sp4,-1.9655779694443,1125.78275063333,1471.98748312383,1000
sp12,108,mortality.additional.larva.rate.sp5,-49.9755019361106,1073.49805247222,1417.72436551601,1000
sp12,109,mortality.additional.larva.rate.sp6,61.7563018527776,1108.093030625,1422.10681784768,1000
sp12,110,mortality.additional.larva.rate.sp9,257.724164629167,3813.12847820139,4315.82167846016,1000
sp12,111,mortality.additional.larva.rate.sp10,-78.1282116902779,3979.16503564028,4854.53397412941,1000
sp12,112,mortality.additional.larva.rate.sp11,41.0524997555557,1161.79722349444,1501.15017783842,1000
sp12,113,mortality.additional.larva.rate.sp12,388.888898368055,7853.92575172917,8683.05026254758,1000
sp12,114,mortality.additional.larva.rate.sp13,9.12192913333302,1111.340799625,1431.42486945662,1000
sp12,115,mortality.additional.larva.rate.sp14,-24.505046270833,1132.27019152917,1447.41853821553,1000
sp12,116,mortality.additional.larva.rate.sp15,-39.0287617222228,1357.84115236389,1782.52855226648,1000
sp12,117,mortality.additional.larva.rate.mean.sp7,22.0676389402777,1132.68633734861,1485.39247612489,1000
sp12,118,mortality.additional.larva.rate.mean.sp8,-43.4404854625,1127.93127452639,1463.30846753164,1000
sp12,119,species.linf.sp0,-463.928293879167,4019.42749931528,5928.79165237308,1000
sp12,120,species.linf.sp1,-73.0113809055554,1196.84302175278,1527.60264862468,1000
sp12,121,species.linf.sp2,-16.4094028388886,1495.86296896944,1950.23159062558,1000
sp12,122,species.linf.sp3,-515.309278983334,9332.82456156944,11686.8858706038,1000
sp12,123,species.linf.sp4,281.174678652778,7538.65926343056,8085.59717754897,1000
sp12,124,species.linf.sp5,-15.7666034458337,1628.67244290139,2101.00081181163,1000
sp12,125,species.linf.sp6,3.16107046111116,1177.73750225833,1516.46635958357,1000
sp12,126,species.linf.sp7,-10.6629878347218,1119.8858148625,1448.26118941576,1000
sp12,127,species.linf.sp8,-52.4270005874995,1158.93505665972,1499.15737112623,1000
sp12,128,species.linf.sp9,2.98469749861132,5779.85866394028,6683.01601774303,1000
sp12,129,species.linf.sp10,-21.4841610666665,4359.72262675833,5414.35566725413,1000
sp12,130,species.linf.sp11,13.4871124499998,1660.62282287222,2071.75442197243,1000
sp12,131,species.linf.sp12,-1879.35945051944,30941.9409234445,31209.1387657604,1000
sp12,132,species.linf.sp13,99.0950483444448,4935.52243766944,6214.59293163759,1000
sp12,133,species.linf.sp14,2.44721949305552,1134.18659210694,1521.85195829801,1000
sp12,134,species.linf.sp15,-157.767193743056,1876.84960894861,2427.83837577168,1000
sp12,135,species.accessibility2fish.sp16,4.42788618611125,1149.99697613889,1469.7715600139,1000
sp12,136,species.accessibility2fish.sp17,11.5166523694441,1092.49102203889,1405.76236464523,1000
sp12,137,species.accessibility2fish.sp18,6.66834845833329,1075.49733180556,1387.8576288465,1000
sp12,138,species.accessibility2fish.sp19,-177.700269133334,4369.81326673889,7086.34496192099,1000
sp12,139,species.accessibility2fish.sp20,-23.3390700763886,1104.22322821806,1401.94902806665,1000
sp12,140,species.accessibility2fish.sp21,-121.334215479167,5178.86557320417,8684.02894179797,1000
sp12,141,species.accessibility2fish.sp22,46.8875347694446,1125.53453246111,1449.15701847179,1000
sp12,142,species.accessibility2fish.sp23,-19.7802606361106,1090.93849419722,1428.94120436356,1000
sp12,143,species.accessibility2fish.sp24,-56.6153109180556,1215.93758446806,1543.07386783728,1000
sp12,144,species.accessibility2fish.sp25,10.6138027916666,1132.89814785,1431.90377022183,1000
sp12,145,species.accessibility2fish.sp26,35.5864612444442,1102.57875919722,1410.52459826366,1000
sp12,146,species.maturity.size.ratio.sp0,153.684486093055,2748.47251500694,4278.95861299696,1000
sp12,147,species.maturity.size.ratio.sp1,-8.34084773472178,1126.12773669861,1478.40802140921,1000
sp12,148,species.maturity.size.ratio.sp2,-46.4338361472223,1192.85408600556,1522.82044970663,1000
sp12,149,species.maturity.size.ratio.sp3,-7.58577581805523,1100.30974846528,1386.19343546244,1000
sp12,150,species.maturity.size.ratio.sp4,-31.164188669445,1374.12166332778,1728.96839481033,1000
sp12,151,species.maturity.size.ratio.sp5,-30.9201897958331,1046.9984312375,1334.81963439745,1000
sp12,152,species.maturity.size.ratio.sp6,-76.7331705291675,1123.7940342125,1459.02324250948,1000
sp12,153,species.maturity.size.ratio.sp7,17.9642232194447,1123.16274867222,1469.83067575856,1000
sp12,154,species.maturity.size.ratio.sp8,26.9812440333334,1087.88441784167,1410.47636566919,1000
sp12,155,species.maturity.size.ratio.sp9,14.0149009388896,1123.37792771944,1447.39968149694,1000
sp12,156,species.maturity.size.ratio.sp10,-9.03475283472249,1547.08922494583,2027.99687858786,1000
sp12,157,species.maturity.size.ratio.sp11,-293.961725934722,5542.86579607639,5951.97963433669,1000
sp12,158,species.maturity.size.ratio.sp12,84.6532983430558,2869.12613999861,3592.08789247581,1000
sp12,159,species.maturity.size.ratio.sp13,235.316711359723,15960.2422813653,18141.2006509492,1000
sp12,160,species.maturity.size.ratio.sp14,64.3390877402775,1094.34417542917,1401.30488384558,1000
sp12,161,species.maturity.size.ratio.sp15,-68.4007570458339,1482.23584665139,2084.40494005052,1000
sp12,162,predation.predPrey.sizeRatio.teta.sp0.stage1,-15.2974800027775,1112.98384326111,1427.52838628256,1000
sp12,163,predation.predPrey.sizeRatio.alpha.sp0.stage1,27.581709536111,2722.30931318889,3793.38268634481,1000
sp12,164,predation.predPrey.sizeRatio.teta.sp1.stage1,37.1452529486105,1097.00254701528,1414.36929819793,1000
sp12,165,predation.predPrey.sizeRatio.alpha.sp1.stage1,0.538130191666705,1127.76494545556,1436.04137902885,1000
sp12,166,predation.predPrey.sizeRatio.teta.sp2.stage1,-36.973389026389,1087.68087237639,1408.91607336844,1000
sp12,167,predation.predPrey.sizeRatio.alpha.sp2.stage1,-14.5739083972219,1267.630880075,1611.15977890455,1000
sp12,168,predation.predPrey.sizeRatio.teta.sp3.stage1,-10.2050424486112,1114.18743316806,1449.01968724656,1000
sp12,169,predation.predPrey.sizeRatio.alpha.sp3.stage1,158.211724377777,6963.106321675,8879.95957242633,1000
sp12,170,predation.predPrey.sizeRatio.teta.sp4.stage1,-9.04023362083352,1178.78359708472,1501.29572393522,1000
sp12,171,predation.predPrey.sizeRatio.alpha.sp4.stage1,-171.467592352778,2418.62490504444,2893.78797337343,1000
sp12,172,predation.predPrey.sizeRatio.teta.sp5.stage1,28.9547769486111,1140.51281686806,1454.510447168,1000
sp12,173,predation.predPrey.sizeRatio.teta.sp5.stage2,66.5742921666667,1738.65275023611,2160.16092895621,1000
sp12,174,predation.predPrey.sizeRatio.alpha.sp5.stage1,28.8063880902778,1101.89859079028,1428.37333630132,1000
sp12,175,predation.predPrey.sizeRatio.alpha.sp5.stage2,11.4942389041666,1304.54482092083,1661.30346932493,1000
sp12,176,predation.predPrey.sizeRatio.teta.sp6.stage1,105.622897994444,1121.179711925,1442.71268951049,1000
sp12,177,predation.predPrey.sizeRatio.alpha.sp6.stage1,-42.8776277708329,1085.3667148625,1414.8795666582,1000
sp12,178,predation.predPrey.sizeRatio.teta.sp7.stage1,-16.3815717138886,1110.89886775,1435.13841654027,1000
sp12,179,predation.predPrey.sizeRatio.alpha.sp7.stage1,96.6084288847225,1098.88358750139,1427.43226281941,1000
sp12,180,predation.predPrey.sizeRatio.teta.sp8.stage1,-37.5515201736113,1124.04842321528,1446.24081876548,1000
sp12,181,predation.predPrey.sizeRatio.alpha.sp8.stage1,-31.2109404833328,1169.18321973056,1503.34153938814,1000
sp12,182,predation.predPrey.sizeRatio.teta.sp9.stage1,-59.6466138624999,1326.48430558194,1669.00246927495,1000
sp12,183,predation.predPrey.sizeRatio.alpha.sp9.stage1,27.0750098013886,1894.08286626806,2559.42576473256,1000
sp12,184,predation.predPrey.sizeRatio.teta.sp10.stage1,51.8307802055556,1146.47988478333,1466.63872010606,1000
sp12,185,predation.predPrey.sizeRatio.alpha.sp10.stage1,-49.2976614569448,1343.29004163472,1813.20696938147,1000
sp12,186,predation.predPrey.sizeRatio.teta.sp11.stage1,1.0198467319449,1451.26069718194,1839.07695795353,1000
sp12,187,predation.predPrey.sizeRatio.alpha.sp11.stage1,-27.1840172138887,1098.960990925,1435.6030531395,1000
sp12,188,predation.predPrey.sizeRatio.teta.sp12.stage1,59.0904083680555,2162.3542668875,2698.1198434222,1000
sp12,189,predation.predPrey.sizeRatio.alpha.sp12.stage1,-238.142470883333,9387.22129381944,9814.70424544917,1000
sp12,190,predation.predPrey.sizeRatio.teta.sp13.stage1,-13.6734075236111,1146.38380044028,1480.65031646285,1000
sp12,191,predation.predPrey.sizeRatio.alpha.sp13.stage1,-274.520055279167,4351.50709432639,5571.84332553442,1000
sp12,192,predation.predPrey.sizeRatio.teta.sp14.stage1,59.2318447388893,1086.89363319444,1392.40022137392,1000
sp12,193,predation.predPrey.sizeRatio.alpha.sp14.stage1,6.34118914722187,1094.190192375,1394.09458607299,1000
sp12,194,predation.predPrey.sizeRatio.teta.sp15.stage1,37.1302623878472,1122.02041498507,1456.17163673361,1000
sp12,195,predation.predPrey.sizeRatio.alpha.sp15.stage1,34.913874595833,1481.97003730417,1858.16391658811,1000
sp13,1,mortality.additional.rate.sp0,-169.352421087203,4605.26193153844,7401.64397279625,1000
sp13,2,mortality.additional.rate.sp1,189.456109924129,4657.13551811083,7503.55529971654,1000
sp13,3,mortality.additional.rate.sp2,115.061827911705,4526.88919735348,7200.65797760715,1000
sp13,4,mortality.additional.rate.sp3,267.638718287355,4454.60638538154,6926.0002877016,1000
sp13,5,mortality.additional.rate.sp4,-358.865990532358,4330.45836898416,7177.6712071947,1000
sp13,6,mortality.additional.rate.sp5,270.534919594915,5103.4112842026,8272.4635286271,1000
sp13,7,mortality.additional.rate.sp6,-234.972497661828,4264.9640193214,6839.46544977306,1000
sp13,8,mortality.additional.rate.sp7,-76.9025848374623,4243.26918912292,6996.82407832087,1000
sp13,9,mortality.additional.rate.sp8,-414.026523014943,4450.02605425467,7204.58590808422,1000
sp13,10,mortality.additional.rate.sp9,134.121925304093,4404.94840201366,6952.41091890091,1000
sp13,11,mortality.additional.rate.sp10,134.699895802349,4393.30763454365,7040.33770648939,1000
sp13,12,mortality.additional.rate.sp11,-115.96421485016,4526.5146655516,7174.61258852735,1000
sp13,13,mortality.additional.rate.sp12,447.498934779282,4385.69018833488,7370.66731568759,1000
sp13,14,mortality.additional.rate.sp13,-72.7047024947686,4319.81043267228,6895.02892952335,1000
sp13,15,mortality.additional.rate.sp14,-114.192972524842,4089.79743322517,6406.22173954471,1000
sp13,16,mortality.additional.rate.sp15,-51.6033713499407,4599.93218852203,7351.48307206055,1000
sp13,17,fisheries.rate.base.fsh0,-460.850158216799,5075.98110059356,7615.00809878045,1000
sp13,18,fisheries.rate.base.fsh1,27.5280484248602,4815.66092066176,7341.41824396504,1000
sp13,19,fisheries.rate.base.fsh2,277.143373330595,4171.16666554129,6746.21404688393,1000
sp13,20,fisheries.rate.base.fsh3,-457.458572430602,4380.50482499833,7160.45917719804,1000
sp13,21,species.catchability.fsh0.sp0,99.9509845847247,5020.50259395539,7916.73570679469,1000
sp13,22,species.catchability.fsh0.sp1,-159.040414405326,4619.25552820618,7629.0358387249,1000
sp13,23,species.catchability.fsh0.sp2,-71.8647581941888,4629.35344496396,7416.2638732411,1000
sp13,24,species.catchability.fsh0.sp3,44.2029775781076,4630.99214740438,7168.88364965707,1000
sp13,25,species.catchability.fsh0.sp5,181.786297568654,4189.1464337853,6420.14013205946,1000
sp13,26,species.catchability.fsh0.sp7,-277.562688800199,4687.08979189807,7548.1443190584,1000
sp13,27,species.catchability.fsh0.sp8,-395.172955535852,4289.12125990364,6688.06141629911,1000
sp13,28,species.catchability.fsh0.sp9,11.564897570608,4417.21452352584,7288.37794949662,1000
sp13,29,species.catchability.fsh0.sp10,-60.6439403675819,4407.67421619437,7191.53250844465,1000
sp13,30,species.catchability.fsh0.sp13,-340.809767746163,4448.726707894,7017.63038900496,1000
sp13,31,species.catchability.fsh0.sp14,-40.1369983164521,4505.64463191503,7024.20561119195,1000
sp13,32,species.catchability.fsh0.sp15,15.5764419985389,4564.38189546206,7381.98215542837,1000
sp13,33,species.catchability.fsh1.sp9,3.79942809708077,4523.33672637848,7149.51569452354,1000
sp13,34,species.catchability.fsh1.sp10,52.6747319424386,4638.52826886224,7446.64849545963,1000
sp13,35,species.catchability.fsh1.sp11,-107.276228791945,4592.64628323254,7540.29447952353,1000
sp13,36,species.catchability.fsh1.sp12,-0.411580256696688,4378.71021957116,7061.56947491127,1000
sp13,37,species.catchability.fsh2.sp0,258.229059979776,4422.01595531168,7165.7734446502,1000
sp13,38,species.catchability.fsh2.sp5,-340.28004694409,4472.35977705307,7323.38317988291,1000
sp13,39,species.catchability.fsh2.sp7,-298.108504850042,4492.09562589452,7340.76116641553,1000
sp13,40,species.catchability.fsh2.sp8,-368.172568320794,4047.92199247105,6475.64617284082,1000
sp13,41,species.catchability.fsh3.sp0,207.050293102685,4396.9496991425,6917.04795134195,1000
sp13,42,species.catchability.fsh3.sp1,143.503892110375,4451.24295890993,7351.04396327738,1000
sp13,43,species.catchability.fsh3.sp2,-132.510051293372,4644.52047272556,7483.86045621274,1000
sp13,44,species.catchability.fsh3.sp3,223.406886364303,4445.56130758206,7244.21479413794,1000
sp13,45,species.catchability.fsh3.sp5,193.184108708541,4671.67569638852,7148.75567708526,1000
sp13,46,species.catchability.fsh3.sp7,65.8885792344855,4278.23105320844,6879.31761659169,1000
sp13,47,species.catchability.fsh3.sp8,352.303099081921,4340.98645187047,6933.91459615863,1000
sp13,48,species.catchability.fsh3.sp9,-21.1747449165757,4395.05152162787,7216.76755395648,1000
sp13,49,species.catchability.fsh3.sp10,-160.283585633726,4484.21241248239,7190.60661396769,1000
sp13,50,species.catchability.fsh3.sp11,110.266246901632,4450.54064156501,6964.79801777358,1000
sp13,51,species.catchability.fsh3.sp12,-152.640787170101,4338.87129993772,7136.56580427367,1000
sp13,52,species.catchability.fsh3.sp13,164.46762623015,4428.96917962549,7277.93152139255,1000
sp13,53,species.catchability.fsh3.sp14,259.911949261231,4546.62917872276,7010.39892385825,1000
sp13,54,species.catchability.fsh3.sp15,0.418819356333988,4189.71187884145,6835.62317007095,1000
sp13,55,species.length2weight.condition.factor.sp0,73.0288244637724,5520.8252224205,8427.22661712131,1000
sp13,56,species.length2weight.condition.factor.sp1,-433.946676242329,4636.29965551016,7305.33719388498,1000
sp13,57,species.length2weight.condition.factor.sp2,192.571460291181,4485.98816077106,7084.85338067071,1000
sp13,58,species.length2weight.condition.factor.sp3,135.327398641256,4438.67569344058,6961.62982743842,1000
sp13,59,species.length2weight.condition.factor.sp4,-440.990993830832,5422.52750637088,8240.61187537427,1000
sp13,60,species.length2weight.condition.factor.sp5,276.357799093207,4704.52239679912,7525.49977770717,1000
sp13,61,species.length2weight.condition.factor.sp6,127.399024074339,4497.06929019797,6935.21599712611,1000
sp13,62,species.length2weight.condition.factor.sp7,40.431718126061,4477.69378206058,7234.94343718842,1000
sp13,63,species.length2weight.condition.factor.sp8,38.5770977075798,4213.16849567787,6920.88117788136,1000
sp13,64,species.length2weight.condition.factor.sp9,-27.817530615665,4596.62339125532,7506.29322056087,1000
sp13,65,species.length2weight.condition.factor.sp10,42.0901136396333,4392.25299608288,7305.15037099847,1000
sp13,66,species.length2weight.condition.factor.sp11,-64.8221846303612,4280.42616551218,6884.0739070986,1000
sp13,67,species.length2weight.condition.factor.sp12,115.773593467652,4651.26611982856,7387.56226068686,1000
sp13,68,species.length2weight.condition.factor.sp13,-139.270530293686,5137.65411548679,7713.15284788087,1000
sp13,69,species.length2weight.condition.factor.sp14,-50.0295298313523,4528.26614030515,7343.86829768003,1000
sp13,70,species.length2weight.condition.factor.sp15,-141.353629171086,4639.23763802661,7372.3742532371,1000
sp13,71,species.k.sp0,-0.937276028329499,9917.20979646268,16529.8937914522,1000
sp13,72,species.k.sp1,-15.3574043936555,4495.63106894793,7142.28498701382,1000
sp13,73,species.k.sp2,-242.772079514589,4978.82330358566,7920.74792506756,1000
sp13,74,species.k.sp3,-147.292237554215,5428.67372557473,8849.4596717962,1000
sp13,75,species.k.sp4,-154.564757801576,5498.33586972472,8546.83815034271,1000
sp13,76,species.k.sp5,353.602061281496,5049.71382484418,8057.35454091314,1000
sp13,77,species.k.sp6,301.529507646554,4518.20236207715,7390.29258984026,1000
sp13,78,species.k.sp7,-26.9225391214556,4212.53891480725,6885.23934932728,1000
sp13,79,species.k.sp8,-265.072005640393,4404.75117056921,6832.31219292267,1000
sp13,80,species.k.sp9,-946.979672662673,9768.05443844341,13355.3035927445,1000
sp13,81,species.k.sp10,281.556943183003,4304.96756222277,6883.00677975174,1000
sp13,82,species.k.sp11,-97.9466806801124,4315.30024535627,6843.51011544827,1000
sp13,83,species.k.sp12,304.308421082602,4754.18112666321,7581.61621387736,1000
sp13,84,species.k.sp13,-1457.29939058045,84667.7885589302,102545.379002324,1000
sp13,85,species.k.sp14,-237.230028567654,4610.35801006666,7316.26500117644,1000
sp13,86,species.k.sp15,-89.7485241313409,4399.2935714042,7152.92550625196,1000
sp13,87,species.l0.sp0,-37.6780589948102,5113.14105249308,8202.0774437406,1000
sp13,88,species.l0.sp1,254.331211723322,4462.85181841348,7087.59053903714,1000
sp13,89,species.l0.sp2,275.744546349819,5154.24075088256,7904.27807624127,1000
sp13,90,species.l0.sp3,-268.19769768384,4994.59344783083,7988.77730648981,1000
sp13,91,species.l0.sp4,-140.730055459277,5498.26780665128,8393.4218612351,1000
sp13,92,species.l0.sp5,-310.732766350945,4552.84872024664,7329.61774812125,1000
sp13,93,species.l0.sp6,-308.094071099893,4327.69361478352,7106.66228929597,1000
sp13,94,species.l0.sp7,-264.374477710918,4331.74160292488,6893.71520862407,1000
sp13,95,species.l0.sp8,94.2741583804984,4473.21128322186,7193.63492048338,1000
sp13,96,species.l0.sp9,15.5118717257706,6787.3424728333,10172.3615479729,1000
sp13,97,species.l0.sp10,-49.023102964646,4400.82485012173,6832.70988627211,1000
sp13,98,species.l0.sp11,-140.426221260067,4298.50133849729,7042.96837928539,1000
sp13,99,species.l0.sp12,98.0951672438193,4598.28649907805,7372.49266979714,1000
sp13,100,species.l0.sp13,88.7186969358227,4383.47425185512,6984.75881311041,1000
sp13,101,species.l0.sp14,236.576536961664,4271.43543588981,6698.82576553348,1000
sp13,102,species.l0.sp15,7.74441999702167,4248.44971824431,7292.80347978991,1000
sp13,103,mortality.additional.larva.rate.sp0,-504.427989833875,10271.5483186828,17492.0578590396,1000
sp13,104,mortality.additional.larva.rate.sp1,-44.1694420874334,4312.51402477447,6880.69545861491,1000
sp13,105,mortality.additional.larva.rate.sp2,322.92911725669,9356.43734018629,14006.8047727149,1000
sp13,106,mortality.additional.larva.rate.sp3,44.4975983488005,8665.67650024296,13421.7916024258,1000
sp13,107,mortality.additional.larva.rate.sp4,-97.4255424829728,4405.95130335012,7177.54406857907,1000
sp13,108,mortality.additional.larva.rate.sp5,313.592981008014,4364.32123699051,7132.57840103301,1000
sp13,109,mortality.additional.larva.rate.sp6,-379.117392613164,4691.0184278605,7456.37335930027,1000
sp13,110,mortality.additional.larva.rate.sp9,430.164761526876,8337.8855761901,11858.953761164,1000
sp13,111,mortality.additional.larva.rate.sp10,151.588728665825,4761.9622969119,7532.93880606041,1000
sp13,112,mortality.additional.larva.rate.sp11,-324.74820167766,4999.81575256664,8361.8759224631,1000
sp13,113,mortality.additional.larva.rate.sp12,177.978264375,5441.70408429112,8302.5625211863,1000
sp13,114,mortality.additional.larva.rate.sp13,48.9410661617063,4477.2970306273,7373.29149129352,1000
sp13,115,mortality.additional.larva.rate.sp14,-331.634557198086,4572.53188509021,7293.52800412298,1000
sp13,116,mortality.additional.larva.rate.sp15,-255.698046398993,4631.67888744708,7400.37435146321,1000
sp13,117,mortality.additional.larva.rate.mean.sp7,-31.0710936462687,4691.2496134681,7470.32991799032,1000
sp13,118,mortality.additional.larva.rate.mean.sp8,148.754175474242,4363.26096335048,7253.44453580667,1000
sp13,119,species.linf.sp0,-632.450566204954,11383.499626092,20024.0848195007,1000
sp13,120,species.linf.sp1,646.612892559371,4558.3730538477,7207.77208098086,1000
sp13,121,species.linf.sp2,-224.179338903756,9317.96726280569,14083.031277068,1000
sp13,122,species.linf.sp3,-501.727953260569,8277.59655962778,12824.4341304622,1000
sp13,123,species.linf.sp4,-223.47850746771,7460.43751300131,11850.0656173819,1000
sp13,124,species.linf.sp5,-393.758905598405,6523.17625100485,9785.3329503986,1000
sp13,125,species.linf.sp6,-68.2113940905935,4289.4225062195,7085.46215981929,1000
sp13,126,species.linf.sp7,231.048491233707,4767.80255416808,7689.45954142674,1000
sp13,127,species.linf.sp8,309.31521954769,4553.03795879466,7108.44358691143,1000
sp13,128,species.linf.sp9,-51.1990874356339,23745.7751525089,29953.9060868409,1000
sp13,129,species.linf.sp10,-19.3461792242126,4838.49998600221,7892.713965644,1000
sp13,130,species.linf.sp11,-186.90615081574,4877.58564220721,7783.58173882158,1000
sp13,131,species.linf.sp12,238.815221516801,4813.75906080774,7745.67751941995,1000
sp13,132,species.linf.sp13,-142.939637064053,42942.4929887659,54769.6950269916,1000
sp13,133,species.linf.sp14,-0.425389823289399,4633.18449269757,7741.57839244339,1000
sp13,134,species.linf.sp15,503.019156256398,4620.09971753905,7439.66933138417,1000
sp13,135,species.accessibility2fish.sp16,189.764958675176,4679.41201153799,7394.41847886874,1000
sp13,136,species.accessibility2fish.sp17,4.29213462069283,4288.95945390682,6790.29507799702,1000
sp13,137,species.accessibility2fish.sp18,233.097114762838,4366.36381712732,7068.48278091345,1000
sp13,138,species.accessibility2fish.sp19,12.9515391557324,4489.5579254445,7195.77999778675,1000
sp13,139,species.accessibility2fish.sp20,-69.6440410813817,4506.21136961406,7075.76074418177,1000
sp13,140,species.accessibility2fish.sp21,774.879629313687,8666.13033747682,16389.8007897073,1000
sp13,141,species.accessibility2fish.sp22,-139.560444595707,4467.32455355795,6978.70276622684,1000
sp13,142,species.accessibility2fish.sp23,-157.832731618172,4502.24062973699,7559.72773311555,1000
sp13,143,species.accessibility2fish.sp24,52.6110446737713,4636.41336558657,7191.27462252198,1000
sp13,144,species.accessibility2fish.sp25,209.853607782329,4203.19841053353,6677.06427388825,1000
sp13,145,species.accessibility2fish.sp26,55.6140903028127,4409.41051894613,7165.16848044834,1000
sp13,146,species.maturity.size.ratio.sp0,179.482180571879,11018.6692971758,19374.6080263716,1000
sp13,147,species.maturity.size.ratio.sp1,323.292244025324,4572.74192392912,7512.71284360684,1000
sp13,148,species.maturity.size.ratio.sp2,192.868562590258,4595.95306514487,7527.09337444896,1000
sp13,149,species.maturity.size.ratio.sp3,-486.127468170088,4566.58692608933,7062.71340886876,1000
sp13,150,species.maturity.size.ratio.sp4,-52.5038504086782,5149.56405127884,7751.55854351629,1000
sp13,151,species.maturity.size.ratio.sp5,65.1858532350659,4372.78593088423,6899.04313938395,1000
sp13,152,species.maturity.size.ratio.sp6,195.225233062892,4309.24127904145,6895.20170806425,1000
sp13,153,species.maturity.size.ratio.sp7,-469.21222713976,4677.23923245578,7581.11518016914,1000
sp13,154,species.maturity.size.ratio.sp8,27.8645584088145,4572.42862002004,7276.37467535355,1000
sp13,155,species.maturity.size.ratio.sp9,-171.846239659689,4457.31687336172,7043.43760621032,1000
sp13,156,species.maturity.size.ratio.sp10,-4.57568267745151,4879.508731745,7887.04429775221,1000
sp13,157,species.maturity.size.ratio.sp11,38.3967560809378,4725.14274241708,7318.4485638252,1000
sp13,158,species.maturity.size.ratio.sp12,-28.8900689810434,4618.59951667487,7577.73515750516,1000
sp13,159,species.maturity.size.ratio.sp13,-1268.6813014696,123565.702810509,141943.588357103,1000
sp13,160,species.maturity.size.ratio.sp14,-701.236776450041,4563.71954492852,6928.6904800787,1000
sp13,161,species.maturity.size.ratio.sp15,327.20476473428,4516.38274889433,7144.98828052071,1000
sp13,162,predation.predPrey.sizeRatio.teta.sp0.stage1,64.1952039629806,4386.65780007425,6699.00309099859,1000
sp13,163,predation.predPrey.sizeRatio.alpha.sp0.stage1,50.5853900348202,5353.01347347821,8444.60530072332,1000
sp13,164,predation.predPrey.sizeRatio.teta.sp1.stage1,72.8456718974651,4129.10157433744,7149.84377600416,1000
sp13,165,predation.predPrey.sizeRatio.alpha.sp1.stage1,53.0738384551588,4298.14344323889,6811.76218782788,1000
sp13,166,predation.predPrey.sizeRatio.teta.sp2.stage1,164.354920419298,4442.80851074964,7109.15293694064,1000
sp13,167,predation.predPrey.sizeRatio.alpha.sp2.stage1,31.5235609232114,5015.07653132298,8128.84211874434,1000
sp13,168,predation.predPrey.sizeRatio.teta.sp3.stage1,8.2526195718622,4433.28806948555,7197.01810128097,1000
sp13,169,predation.predPrey.sizeRatio.alpha.sp3.stage1,-53.4562803559478,5660.7526754602,8687.25827091935,1000
sp13,170,predation.predPrey.sizeRatio.teta.sp4.stage1,105.990723611304,4479.70774399869,7153.51380383156,1000
sp13,171,predation.predPrey.sizeRatio.alpha.sp4.stage1,-14.0054427355163,5732.44544443358,9001.3327566372,1000
sp13,172,predation.predPrey.sizeRatio.teta.sp5.stage1,-33.4110422735618,4361.7163337847,6954.70705280521,1000
sp13,173,predation.predPrey.sizeRatio.teta.sp5.stage2,128.571303343467,4853.02188745952,7550.82266874183,1000
sp13,174,predation.predPrey.sizeRatio.alpha.sp5.stage1,89.252950768053,4422.24007536391,7285.43402886404,1000
sp13,175,predation.predPrey.sizeRatio.alpha.sp5.stage2,129.525522118496,4534.53911802238,7174.19612656469,1000
sp13,176,predation.predPrey.sizeRatio.teta.sp6.stage1,-362.150321367635,4410.75062476851,7199.70197417174,1000
sp13,177,predation.predPrey.sizeRatio.alpha.sp6.stage1,178.404227011538,4539.49643247014,7373.10208942808,1000
sp13,178,predation.predPrey.sizeRatio.teta.sp7.stage1,89.642819501162,4382.08875097877,7070.24716053698,1000
sp13,179,predation.predPrey.sizeRatio.alpha.sp7.stage1,-70.1831554647543,4291.8747463426,7104.87140257682,1000
sp13,180,predation.predPrey.sizeRatio.teta.sp8.stage1,199.64859925951,4714.6941464309,7820.37258023979,1000
sp13,181,predation.predPrey.sizeRatio.alpha.sp8.stage1,35.0819904463946,4813.65001391516,7495.26212843807,1000
sp13,182,predation.predPrey.sizeRatio.teta.sp9.stage1,85.0374544388421,4533.93955559445,7209.03440515664,1000
sp13,183,predation.predPrey.sizeRatio.alpha.sp9.stage1,-431.25022764601,7880.03201796188,11323.3816679525,1000
sp13,184,predation.predPrey.sizeRatio.teta.sp10.stage1,28.7381810614375,4472.38438136655,7126.75763136614,1000
sp13,185,predation.predPrey.sizeRatio.alpha.sp10.stage1,392.538054510451,4696.72801105506,7781.80555932723,1000
sp13,186,predation.predPrey.sizeRatio.teta.sp11.stage1,82.9706075148221,4334.33756297026,6879.17177071375,1000
sp13,187,predation.predPrey.sizeRatio.alpha.sp11.stage1,341.471754082214,4766.64511945933,7537.62275664548,1000
sp13,188,predation.predPrey.sizeRatio.teta.sp12.stage1,-182.018065955223,4631.11877322088,7434.72076144972,1000
sp13,189,predation.predPrey.sizeRatio.alpha.sp12.stage1,-104.47533808,4924.27500449585,8100.10421187518,1000
sp13,190,predation.predPrey.sizeRatio.teta.sp13.stage1,115.615050700822,5830.85864082534,8884.97306348641,1000
sp13,191,predation.predPrey.sizeRatio.alpha.sp13.stage1,3003.84886074975,38341.0868946592,50599.4717802192,1000
sp13,192,predation.predPrey.sizeRatio.teta.sp14.stage1,-124.92126339764,4468.36902573674,6982.11237160204,1000
sp13,193,predation.predPrey.sizeRatio.alpha.sp14.stage1,209.740094171291,4740.0115075461,7402.25634490895,1000
sp13,194,predation.predPrey.sizeRatio.teta.sp15.stage1,-355.217212391612,4746.7419898728,7535.87046319624,1000
sp13,195,predation.predPrey.sizeRatio.alpha.sp15.stage1,2.37843735298708,4325.9814667085,6774.85370776303,1000
sp14,1,mortality.additional.rate.sp0,-0.180751285672172,1090.14601875387,1425.69435186399,1000
sp14,2,mortality.additional.rate.sp1,52.5627221026729,1072.32423743609,1385.26471360615,1000
sp14,3,mortality.additional.rate.sp2,86.2933479652982,1436.204130474,1944.37105949624,1000
sp14,4,mortality.additional.rate.sp3,21.2130278870556,1188.18349911952,1577.54852806114,1000
sp14,5,mortality.additional.rate.sp4,-10.2684564274276,1122.25321757692,1468.37644511621,1000
sp14,6,mortality.additional.rate.sp5,122.166056972756,1612.84155762839,2177.60807038054,1000
sp14,7,mortality.additional.rate.sp6,-53.1027361360231,1059.69236423676,1373.25475341435,1000
sp14,8,mortality.additional.rate.sp7,16.9751451837956,1103.5233845329,1432.83265651937,1000
sp14,9,mortality.additional.rate.sp8,57.8807592178513,1079.15571884564,1399.38540910459,1000
sp14,10,mortality.additional.rate.sp9,31.1069445848972,1101.35523281646,1434.0086785664,1000
sp14,11,mortality.additional.rate.sp10,42.3284984738499,1083.32058922707,1401.09598966666,1000
sp14,12,mortality.additional.rate.sp11,-68.6579362191174,1070.25650116772,1390.14957490178,1000
sp14,13,mortality.additional.rate.sp12,59.2198059282467,1084.100071889,1401.85039812513,1000
sp14,14,mortality.additional.rate.sp13,-45.5629368698437,1113.58349866703,1451.67686510552,1000
sp14,15,mortality.additional.rate.sp14,-138.773537314772,1764.27994849514,2204.73038650874,1000
sp14,16,mortality.additional.rate.sp15,-12.0700814096219,1076.99369451783,1405.75832457074,1000
sp14,17,fisheries.rate.base.fsh0,-114.749284484184,2714.37804352199,3389.79603138491,1000
sp14,18,fisheries.rate.base.fsh1,-54.0490579156623,1465.43646591538,1883.23595941954,1000
sp14,19,fisheries.rate.base.fsh2,47.3465673123722,1132.29828940554,1489.97167394804,1000
sp14,20,fisheries.rate.base.fsh3,-18.5708709086798,1146.00520004555,1469.91235023246,1000
sp14,21,species.catchability.fsh0.sp0,181.297173869843,2649.70132940533,3532.590986903,1000
sp14,22,species.catchability.fsh0.sp1,-97.6915669908766,1127.36814730883,1472.08948234437,1000
sp14,23,species.catchability.fsh0.sp2,-42.3362570797098,1154.50886749166,1491.75856678263,1000
sp14,24,species.catchability.fsh0.sp3,3.92623105612386,1301.03145524819,1704.53509373414,1000
sp14,25,species.catchability.fsh0.sp5,38.5047692616799,1253.77369606763,1633.93347909725,1000
sp14,26,species.catchability.fsh0.sp7,-139.20393508067,1132.12534987108,1476.25748829661,1000
sp14,27,species.catchability.fsh0.sp8,16.5710156966367,1165.96708352584,1540.61210231471,1000
sp14,28,species.catchability.fsh0.sp9,-36.5610276850796,1058.61819538178,1380.03649305684,1000
sp14,29,species.catchability.fsh0.sp10,11.9502764622678,1103.34515477258,1453.15438701604,1000
sp14,30,species.catchability.fsh0.sp13,-20.613965047603,1082.48860007691,1438.20889389482,1000
sp14,31,species.catchability.fsh0.sp14,41.2595937997941,1088.88753045113,1432.6353985741,1000
sp14,32,species.catchability.fsh0.sp15,-66.6966903523407,1058.17489386205,1390.96284715721,1000
sp14,33,species.catchability.fsh1.sp9,-43.8753021941813,1125.13648928064,1484.59576993377,1000
sp14,34,species.catchability.fsh1.sp10,11.3338952139288,1136.7795815094,1487.57311635056,1000
sp14,35,species.catchability.fsh1.sp11,6.22131135016046,1077.15821366973,1412.61921650705,1000
sp14,36,species.catchability.fsh1.sp12,31.206257970789,1139.87913136072,1475.09290494395,1000
sp14,37,species.catchability.fsh2.sp0,22.4767167227002,1150.81966838209,1496.84857084512,1000
sp14,38,species.catchability.fsh2.sp5,-16.5590178535714,1172.87682256499,1513.97959600974,1000
sp14,39,species.catchability.fsh2.sp7,-25.3453269382241,1051.32776523424,1371.77615555568,1000
sp14,40,species.catchability.fsh2.sp8,-11.37298746942,1054.55410424366,1390.56982519664,1000
sp14,41,species.catchability.fsh3.sp0,33.2555589730102,1150.72678780993,1490.87381462014,1000
sp14,42,species.catchability.fsh3.sp1,-83.648486901271,1097.12119483326,1415.4458996709,1000
sp14,43,species.catchability.fsh3.sp2,-29.3734022187233,1096.32348005197,1439.21113592202,1000
sp14,44,species.catchability.fsh3.sp3,-7.58588868556935,1099.10790000326,1425.05028267283,1000
sp14,45,species.catchability.fsh3.sp5,-75.705535884783,1070.42624565204,1408.70635906265,1000
sp14,46,species.catchability.fsh3.sp7,-96.386146355692,1104.16923327943,1422.0691410211,1000
sp14,47,species.catchability.fsh3.sp8,46.0938561680131,1103.2502415129,1401.28486867609,1000
sp14,48,species.catchability.fsh3.sp9,-32.7717684875643,1136.20311575669,1490.41337812524,1000
sp14,49,species.catchability.fsh3.sp10,-10.7070453782734,1071.24450002274,1391.13832684276,1000
sp14,50,species.catchability.fsh3.sp11,-23.9389330222807,1078.41873023205,1429.13525956093,1000
sp14,51,species.catchability.fsh3.sp12,36.1494314285027,1094.78726855806,1410.73578748713,1000
sp14,52,species.catchability.fsh3.sp13,36.8686737107111,1090.98386647557,1409.87187628701,1000
sp14,53,species.catchability.fsh3.sp14,34.2065935946147,1074.66684083391,1402.04641463295,1000
sp14,54,species.catchability.fsh3.sp15,4.36333248480939,1116.82722244719,1458.21157981516,1000
sp14,55,species.length2weight.condition.factor.sp0,-34.6287561860827,3522.48369299516,4921.26826765701,1000
sp14,56,species.length2weight.condition.factor.sp1,-63.7521043118951,1122.95973060214,1435.06863867999,1000
sp14,57,species.length2weight.condition.factor.sp2,-59.8341939418627,1543.61659313597,2145.7159771841,1000
sp14,58,species.length2weight.condition.factor.sp3,85.2803606765305,1778.9843857951,2372.00317583555,1000
sp14,59,species.length2weight.condition.factor.sp4,-30.3617909057639,1238.63958481601,1596.43327907883,1000
sp14,60,species.length2weight.condition.factor.sp5,-14.5088632253125,1048.18031161745,1368.46644981423,1000
sp14,61,species.length2weight.condition.factor.sp6,50.5740373177502,1091.91418977431,1421.14227220494,1000
sp14,62,species.length2weight.condition.factor.sp7,16.0927130249116,1058.67765347052,1378.04285909541,1000
sp14,63,species.length2weight.condition.factor.sp8,105.502351597829,1107.63054498435,1427.95001225051,1000
sp14,64,species.length2weight.condition.factor.sp9,-42.1142599736333,1203.93234367711,1554.17209068931,1000
sp14,65,species.length2weight.condition.factor.sp10,30.6036377799855,1162.94862243509,1513.89306570296,1000
sp14,66,species.length2weight.condition.factor.sp11,18.9184681916531,1084.26678722879,1398.37011742427,1000
sp14,67,species.length2weight.condition.factor.sp12,37.9936441264768,1122.68824187645,1467.52734740798,1000
sp14,68,species.length2weight.condition.factor.sp13,17.6616388904698,1132.11274956634,1466.01280646776,1000
sp14,69,species.length2weight.condition.factor.sp14,70.0394682710774,3833.67736854789,5058.13321796664,1000
sp14,70,species.length2weight.condition.factor.sp15,-43.2256876872905,1164.52245979128,1520.94895837956,1000
sp14,71,species.k.sp0,-175.428111672022,10573.3707043932,14596.4313186053,1000
sp14,72,species.k.sp1,24.9747256364135,1236.23873205494,1610.1354760456,1000
sp14,73,species.k.sp2,-14.407684432673,2818.30820991797,3776.13872979182,1000
sp14,74,species.k.sp3,29.7161564072983,3239.49015022571,4268.41857398201,1000
sp14,75,species.k.sp4,-320.906615502782,6526.74532460175,7228.77137415022,1000
sp14,76,species.k.sp5,57.3824828064015,1695.02672245029,2269.25991978843,1000
sp14,77,species.k.sp6,115.802808694964,1971.73077335667,2359.41542041352,1000
sp14,78,species.k.sp7,-66.730093604358,1069.42871341782,1413.99569129783,1000
sp14,79,species.k.sp8,-38.0838272318575,1842.58221561171,2313.46125721666,1000
sp14,80,species.k.sp9,-1.5430421462462,2476.54253003198,2986.92543329673,1000
sp14,81,species.k.sp10,104.642173355245,1341.01697480881,1745.02704449355,1000
sp14,82,species.k.sp11,20.9938067262458,1175.55375813589,1530.29317259727,1000
sp14,83,species.k.sp12,-48.5657144578068,1219.65506414766,1587.24697579707,1000
sp14,84,species.k.sp13,-68.4950390097172,5655.20381770412,7255.20985608967,1000
sp14,85,species.k.sp14,-530.662843127951,21118.1985457764,22730.2112855588,1000
sp14,86,species.k.sp15,37.6048235330048,1208.79418093917,1611.79248597679,1000
sp14,87,species.l0.sp0,107.079914404156,2602.57718183424,3876.04910484603,1000
sp14,88,species.l0.sp1,65.9141802532319,1066.77816898359,1376.87948671312,1000
sp14,89,species.l0.sp2,-22.6245695210114,2576.13002466641,3530.91809245223,1000
sp14,90,species.l0.sp3,26.7175214515382,1672.02038920519,2235.88856486822,1000
sp14,91,species.l0.sp4,-42.2072830154435,3435.61486336257,3935.61610322341,1000
sp14,92,species.l0.sp5,-97.5871023236339,1155.26063564302,1501.94657172827,1000
sp14,93,species.l0.sp6,-128.752256811053,1361.76502019294,1718.78481087157,1000
sp14,94,species.l0.sp7,76.442510618986,1121.47897069331,1447.92616899087,1000
sp14,95,species.l0.sp8,81.0135643338029,1232.3105829156,1613.60558300136,1000
sp14,96,species.l0.sp9,-14.387758425885,1824.88103989208,2312.83993246161,1000
sp14,97,species.l0.sp10,23.5792005243451,1776.25234313549,2330.37798017233,1000
sp14,98,species.l0.sp11,-103.717005357458,1142.22553254875,1471.03935145676,1000
sp14,99,species.l0.sp12,-1.65089045852386,1108.01777663288,1471.72619551987,1000
sp14,100,species.l0.sp13,35.1574710248041,1044.63228940171,1360.3073691116,1000
sp14,101,species.l0.sp14,49.7815591684816,1030.61821096873,1342.75698928492,1000
sp14,102,species.l0.sp15,0.946827400847415,1106.44936189988,1460.40010944135,1000
sp14,103,mortality.additional.larva.rate.sp0,-0.12331846833069,11071.4899126973,15762.6232094675,1000
sp14,104,mortality.additional.larva.rate.sp1,-69.197297829244,1136.69933240891,1502.66689340121,1000
sp14,105,mortality.additional.larva.rate.sp2,140.379007671214,9893.17795293397,12569.0987071804,1000
sp14,106,mortality.additional.larva.rate.sp3,446.252885935367,9265.67598068964,12405.4615335555,1000
sp14,107,mortality.additional.larva.rate.sp4,-61.0525832140162,1127.52675253807,1465.50300474195,1000
sp14,108,mortality.additional.larva.rate.sp5,57.266753815386,1113.00015703678,1462.96467032299,1000
sp14,109,mortality.additional.larva.rate.sp6,-47.0283614090135,1132.69603030155,1476.45567740929,1000
sp14,110,mortality.additional.larva.rate.sp9,-177.76228862391,2766.30913102297,3276.86853031664,1000
sp14,111,mortality.additional.larva.rate.sp10,55.6949459210904,2312.92652781993,3109.21841372354,1000
sp14,112,mortality.additional.larva.rate.sp11,-14.6192520261935,1147.15583295614,1505.98861959099,1000
sp14,113,mortality.additional.larva.rate.sp12,84.9420386957851,1441.88231844446,1823.75439860442,1000
sp14,114,mortality.additional.larva.rate.sp13,40.730461484612,1113.39932719037,1457.83889328212,1000
sp14,115,mortality.additional.larva.rate.sp14,195.161900203181,6219.57257897573,8183.74124639076,1000
sp14,116,mortality.additional.larva.rate.sp15,-102.254277124778,1447.16276205056,2002.74682166757,1000
sp14,117,mortality.additional.larva.rate.mean.sp7,-17.3090666021951,1068.70076284628,1397.73953561681,1000
sp14,118,mortality.additional.larva.rate.mean.sp8,-22.1709134365963,1281.66527553146,1706.31082429457,1000
sp14,119,species.linf.sp0,-854.985727265973,11963.9202215254,17581.4243188982,1000
sp14,120,species.linf.sp1,-29.252508628593,1674.16687330664,2155.01024368254,1000
sp14,121,species.linf.sp2,85.5773102524595,8226.21122340507,10699.2375099461,1000
sp14,122,species.linf.sp3,-298.457040349577,6859.80563640855,9217.65157471824,1000
sp14,123,species.linf.sp4,129.208459254096,18327.5788592289,19844.9758974395,1000
sp14,124,species.linf.sp5,-58.1334269673632,3683.57464371393,5043.07116705087,1000
sp14,125,species.linf.sp6,-25.6941326401667,4407.36941109539,4812.93152152858,1000
sp14,126,species.linf.sp7,11.9957090544436,1164.16227709139,1515.89227386245,1000
sp14,127,species.linf.sp8,70.925971804053,5208.71083452732,5980.42739391717,1000
sp14,128,species.linf.sp9,-106.393743011549,6534.27876391602,7566.39299226101,1000
sp14,129,species.linf.sp10,34.4826356637226,3028.20269524702,3973.69240135118,1000
sp14,130,species.linf.sp11,-6.60195881424549,1255.19324275017,1631.86453142763,1000
sp14,131,species.linf.sp12,-158.187251512607,2509.98561019064,2997.47272211036,1000
sp14,132,species.linf.sp13,-35.2547452044877,2868.87169519944,3796.39683166546,1000
sp14,133,species.linf.sp14,-1689.16582108799,48460.7086496842,50069.7362864183,1000
sp14,134,species.linf.sp15,-44.133860211337,1440.31637466764,1965.52321205586,1000
sp14,135,species.accessibility2fish.sp16,47.071640484852,1090.9015038843,1387.01776970135,1000
sp14,136,species.accessibility2fish.sp17,77.7114033761236,1055.50747999679,1361.35632266442,1000
sp14,137,species.accessibility2fish.sp18,7.38568418172491,1131.52818318574,1499.25948718185,1000
sp14,138,species.accessibility2fish.sp19,64.5123605835872,1091.24112064718,1427.67868499021,1000
sp14,139,species.accessibility2fish.sp20,29.0889898165,1124.48031540187,1450.70075649269,1000
sp14,140,species.accessibility2fish.sp21,20.5529808358797,1426.92985744871,1880.84951823224,1000
sp14,141,species.accessibility2fish.sp22,-112.039559126328,3954.36911703102,6765.55404805417,1000
sp14,142,species.accessibility2fish.sp23,-191.346379099023,5714.5362081093,6134.04042805709,1000
sp14,143,species.accessibility2fish.sp24,-280.943479171366,9964.09507216795,11497.7899837277,1000
sp14,144,species.accessibility2fish.sp25,-39.6856268158076,1070.21948901617,1388.89708872721,1000
sp14,145,species.accessibility2fish.sp26,99.6841511891749,1122.51400151588,1442.45112883396,1000
sp14,146,species.maturity.size.ratio.sp0,298.439856237589,11455.4631822687,16882.2982546151,1000
sp14,147,species.maturity.size.ratio.sp1,42.4377246147458,1078.056080702,1403.05762935699,1000
sp14,148,species.maturity.size.ratio.sp2,43.7269604622032,1092.65140063063,1433.10717460546,1000
sp14,149,species.maturity.size.ratio.sp3,-21.3882019577128,1167.60432983731,1517.82725167679,1000
sp14,150,species.maturity.size.ratio.sp4,-68.7984009478627,1149.80032073878,1482.96943161841,1000
sp14,151,species.maturity.size.ratio.sp5,-22.3636601669442,1059.03980711919,1372.34320733106,1000
sp14,152,species.maturity.size.ratio.sp6,10.6520386046742,1229.46350153534,1601.68307376278,1000
sp14,153,species.maturity.size.ratio.sp7,-6.74355433957221,1033.97592590035,1344.92974815501,1000
sp14,154,species.maturity.size.ratio.sp8,-2.43174785633851,1135.68228924142,1509.38349338693,1000
sp14,155,species.maturity.size.ratio.sp9,-11.0428248092376,1183.23790302835,1553.24680499894,1000
sp14,156,species.maturity.size.ratio.sp10,-37.8500048736915,1279.56635011288,1685.11383412356,1000
sp14,157,species.maturity.size.ratio.sp11,13.8363806832137,1320.29987715128,1737.66719564687,1000
sp14,158,species.maturity.size.ratio.sp12,-51.070080100724,1163.24491683192,1538.64766456555,1000
sp14,159,species.maturity.size.ratio.sp13,-240.937308733482,8209.66915832141,9843.36418808416,1000
sp14,160,species.maturity.size.ratio.sp14,65.5392877707922,3143.16807421551,4356.93000990841,1000
sp14,161,species.maturity.size.ratio.sp15,-23.3915249408098,1501.73455556343,2036.32436755322,1000
sp14,162,predation.predPrey.sizeRatio.teta.sp0.stage1,45.1927627034583,1095.706264484,1429.02908169319,1000
sp14,163,predation.predPrey.sizeRatio.alpha.sp0.stage1,57.3246458437135,2522.91170710623,4053.76601654244,1000
sp14,164,predation.predPrey.sizeRatio.teta.sp1.stage1,-7.2606223738515,1118.75195130554,1442.38396650783,1000
sp14,165,predation.predPrey.sizeRatio.alpha.sp1.stage1,112.512184781262,1498.22744392055,1931.00931197937,1000
sp14,166,predation.predPrey.sizeRatio.teta.sp2.stage1,-33.9517778288005,1115.86302225213,1439.98718342178,1000
sp14,167,predation.predPrey.sizeRatio.alpha.sp2.stage1,-42.3991179602001,2055.08059983624,2962.16088207176,1000
sp14,168,predation.predPrey.sizeRatio.teta.sp3.stage1,-10.3957584039206,1277.28879914783,1674.37863350047,1000
sp14,169,predation.predPrey.sizeRatio.alpha.sp3.stage1,-254.027255861202,3047.02659075709,4186.42987642928,1000
sp14,170,predation.predPrey.sizeRatio.teta.sp4.stage1,-37.1570210094103,1259.03072585399,1646.95845498991,1000
sp14,171,predation.predPrey.sizeRatio.alpha.sp4.stage1,-378.334527632483,6687.23998274923,7912.64102669449,1000
sp14,172,predation.predPrey.sizeRatio.teta.sp5.stage1,-18.9774684719231,1138.17253811344,1481.36706786318,1000
sp14,173,predation.predPrey.sizeRatio.teta.sp5.stage2,-14.0483697587328,1681.89272949442,2337.07154191503,1000
sp14,174,predation.predPrey.sizeRatio.alpha.sp5.stage1,4.53009967448393,1110.40243450748,1449.715672805,1000
sp14,175,predation.predPrey.sizeRatio.alpha.sp5.stage2,-34.5993232977336,1488.41876371711,2013.27646963512,1000
sp14,176,predation.predPrey.sizeRatio.teta.sp6.stage1,-58.3136720101168,1225.59702744699,1593.27863866665,1000
sp14,177,predation.predPrey.sizeRatio.alpha.sp6.stage1,96.2452518739054,1452.07662134136,1865.01245701917,1000
sp14,178,predation.predPrey.sizeRatio.teta.sp7.stage1,67.268581195353,1094.11720402161,1432.96245882045,1000
sp14,179,predation.predPrey.sizeRatio.alpha.sp7.stage1,30.034009618773,1150.38040905488,1512.11635830837,1000
sp14,180,predation.predPrey.sizeRatio.teta.sp8.stage1,64.082718253998,1127.25303069975,1506.53068490839,1000
sp14,181,predation.predPrey.sizeRatio.alpha.sp8.stage1,103.723937383317,3534.16909773094,4143.82308808966,1000
sp14,182,predation.predPrey.sizeRatio.teta.sp9.stage1,36.6299706883891,1209.51990231178,1564.41205128708,1000
sp14,183,predation.predPrey.sizeRatio.alpha.sp9.stage1,78.2657878110286,3184.70796289814,4139.23838722102,1000
sp14,184,predation.predPrey.sizeRatio.teta.sp10.stage1,11.2669072534789,1125.45732893342,1464.34193203065,1000
sp14,185,predation.predPrey.sizeRatio.alpha.sp10.stage1,39.782071426925,1436.6724861503,1926.74882043142,1000
sp14,186,predation.predPrey.sizeRatio.teta.sp11.stage1,-34.7461025942836,1089.88969531914,1415.49816770217,1000
sp14,187,predation.predPrey.sizeRatio.alpha.sp11.stage1,82.2234271018598,1171.20199332714,1510.48963783494,1000
sp14,188,predation.predPrey.sizeRatio.teta.sp12.stage1,-27.4921923221672,1158.89104934332,1520.771680023,1000
sp14,189,predation.predPrey.sizeRatio.alpha.sp12.stage1,-91.1025288427913,1385.69350931501,1785.37031304275,1000
sp14,190,predation.predPrey.sizeRatio.teta.sp13.stage1,75.964641532319,1121.63358563156,1469.30488883286,1000
sp14,191,predation.predPrey.sizeRatio.alpha.sp13.stage1,226.942601705632,2874.81920400434,3932.29288699964,1000
sp14,192,predation.predPrey.sizeRatio.teta.sp14.stage1,-165.877259448306,3707.95211149595,4344.99262712623,1000
sp14,193,predation.predPrey.sizeRatio.alpha.sp14.stage1,450.173730364001,35761.7486489919,37808.4113741418,1000
sp14,194,predation.predPrey.sizeRatio.teta.sp15.stage1,115.022593324716,1134.59802001524,1464.48254490838,1000
sp14,195,predation.predPrey.sizeRatio.alpha.sp15.stage1,121.580899024042,1202.40107214743,1587.37544338947,1000
sp15,1,mortality.additional.rate.sp0,-2.09246108652782,34.9183899584723,59.6760100310024,1000
sp15,2,mortality.additional.rate.sp1,-2.16179508708318,35.3262772809723,64.0210569598001,1000
sp15,3,mortality.additional.rate.sp2,0.0917466258333538,51.8157826413888,95.4514551260485,1000
sp15,4,mortality.additional.rate.sp3,-3.8002793752777,53.5104471591668,98.9403870772322,1000
sp15,5,mortality.additional.rate.sp4,-0.557597424027656,32.3248736173611,54.1873198419518,1000
sp15,6,mortality.additional.rate.sp5,1.10344435055556,49.1190876516667,92.5974939622838,1000
sp15,7,mortality.additional.rate.sp6,-3.38488237208327,30.7133557159722,47.253587630394,1000
sp15,8,mortality.additional.rate.sp7,2.3327089323611,33.5140771787501,56.9407148189643,1000
sp15,9,mortality.additional.rate.sp8,1.32893895458327,34.85007540875,58.3925877042384,1000
sp15,10,mortality.additional.rate.sp9,2.81763556763894,35.2012566198612,63.1254719917214,1000
sp15,11,mortality.additional.rate.sp10,-0.26618311052082,35.2851065580901,65.4257714536469,1000
sp15,12,mortality.additional.rate.sp11,-0.785332883611149,33.3032061211112,56.5140121095415,1000
sp15,13,mortality.additional.rate.sp12,1.63950370013892,35.4167723787501,63.4471237133919,1000
sp15,14,mortality.additional.rate.sp13,0.712955614583403,33.429338132361,56.8121927931151,1000
sp15,15,mortality.additional.rate.sp14,-0.109094238750031,33.6991362448613,58.6639877490941,1000
sp15,16,mortality.additional.rate.sp15,30.0358395837501,811.52106112875,1012.91487601295,1000
sp15,17,fisheries.rate.base.fsh0,73.1174514165278,1469.64041361958,1802.53510980474,1000
sp15,18,fisheries.rate.base.fsh1,0.843122898333419,39.0579291141667,68.9701015420068,1000
sp15,19,fisheries.rate.base.fsh2,0.521980213610919,34.7301554075,61.5985367361468,1000
sp15,20,fisheries.rate.base.fsh3,23.2105628047221,2692.34867274528,3434.59266331226,1000
sp15,21,species.catchability.fsh0.sp0,-2.96492917486122,61.5671426231944,164.110613550697,1000
sp15,22,species.catchability.fsh0.sp1,-0.420285667083343,35.2244731601387,62.8522995989874,1000
sp15,23,species.catchability.fsh0.sp2,-0.741119101527806,33.0571368779168,52.4273048375639,1000
sp15,24,species.catchability.fsh0.sp3,-2.5239089263889,59.8936794711111,115.399898926332,1000
sp15,25,species.catchability.fsh0.sp5,-1.69241464972206,41.4463469447222,92.8226742985211,1000
sp15,26,species.catchability.fsh0.sp7,-3.03302937583331,32.2945384358332,56.0465720522212,1000
sp15,27,species.catchability.fsh0.sp8,4.43908978916666,75.8945455566666,125.326141525767,1000
sp15,28,species.catchability.fsh0.sp9,-2.26089272888888,31.4082843511111,51.4185347328446,1000
sp15,29,species.catchability.fsh0.sp10,-0.75136012777772,33.1562256647223,56.4739135977426,1000
sp15,30,species.catchability.fsh0.sp13,3.37945336652787,33.5597329229166,64.3760283467866,1000
sp15,31,species.catchability.fsh0.sp14,-0.111089849305596,31.53771044375,52.5713342232525,1000
sp15,32,species.catchability.fsh0.sp15,4.58941622513893,1636.40690413764,2018.22242844949,1000
sp15,33,species.catchability.fsh1.sp9,2.9838471502777,34.3772565441667,63.8252945654028,1000
sp15,34,species.catchability.fsh1.sp10,0.0628930438889502,34.703036336111,61.2712817884368,1000
sp15,35,species.catchability.fsh1.sp11,0.27905775333318,34.5907665133332,60.5598684079039,1000
sp15,36,species.catchability.fsh1.sp12,-2.98540130291673,34.4387307006945,57.7538518474032,1000
sp15,37,species.catchability.fsh2.sp0,3.29266551055553,33.2196903986111,57.750226383354,1000
sp15,38,species.catchability.fsh2.sp5,-2.5430996315276,32.0902609581944,61.9394596998281,1000
sp15,39,species.catchability.fsh2.sp7,1.15379911888892,32.7757305205554,57.7485843348323,1000
sp15,40,species.catchability.fsh2.sp8,0.525132028749921,34.5484254198611,60.5130817287596,1000
sp15,41,species.catchability.fsh3.sp0,2.05613082597218,35.7413841234721,63.0253105232318,1000
sp15,42,species.catchability.fsh3.sp1,1.4174538145833,35.0547147893054,62.760123826848,1000
sp15,43,species.catchability.fsh3.sp2,-2.27508904388887,34.8097093244444,63.6799971326786,1000
sp15,44,species.catchability.fsh3.sp3,-1.22872868902786,32.8511098640277,53.5760882806277,1000
sp15,45,species.catchability.fsh3.sp5,-0.388797622499983,34.0198550183334,59.1102678017174,1000
sp15,46,species.catchability.fsh3.sp7,-1.89114354722219,34.7678009952777,61.9757123555482,1000
sp15,47,species.catchability.fsh3.sp8,-1.25351944666658,33.7194227902778,53.7020527778777,1000
sp15,48,species.catchability.fsh3.sp9,6.00038693819446,35.2744778293057,68.5726455469158,1000
sp15,49,species.catchability.fsh3.sp10,-1.97334346027778,34.7159693805554,62.5846483689292,1000
sp15,50,species.catchability.fsh3.sp11,1.81384170819451,33.0576148145834,55.6949087097359,1000
sp15,51,species.catchability.fsh3.sp12,1.42876053055553,33.3973213622221,56.4861389731423,1000
sp15,52,species.catchability.fsh3.sp13,5.05826728263898,33.1609847984721,62.0705221832291,1000
sp15,53,species.catchability.fsh3.sp14,2.35686375263882,33.8322311804166,58.2032177322235,1000
sp15,54,species.catchability.fsh3.sp15,111.871690690278,2585.24138249222,3205.67890909089,1000
sp15,55,species.length2weight.condition.factor.sp0,-1.69353945833315,87.321778088611,300.344878591745,1000
sp15,56,species.length2weight.condition.factor.sp1,-0.0876774850001034,34.3504243813889,63.8639565200832,1000
sp15,57,species.length2weight.condition.factor.sp2,-1.09156984124986,52.6926192420834,117.368673952516,1000
sp15,58,species.length2weight.condition.factor.sp3,-2.62129727416682,75.2461175316665,139.902959955688,1000
sp15,59,species.length2weight.condition.factor.sp4,1.6292149679167,42.2267917390277,71.9858384787196,1000
sp15,60,species.length2weight.condition.factor.sp5,-0.926541539583316,31.6451157098611,51.8230835043983,1000
sp15,61,species.length2weight.condition.factor.sp6,-1.8206126575,35.9706482819443,65.9668311154132,1000
sp15,62,species.length2weight.condition.factor.sp7,0.563694149861047,32.5274694743056,56.559678324152,1000
sp15,63,species.length2weight.condition.factor.sp8,4.02189999069436,33.1922314743054,57.2343538195646,1000
sp15,64,species.length2weight.condition.factor.sp9,-1.97613183055551,34.8180938097221,58.6484589029252,1000
sp15,65,species.length2weight.condition.factor.sp10,0.35412042166653,34.690253745,58.4632400727835,1000
sp15,66,species.length2weight.condition.factor.sp11,0.100565314305662,33.5301529101389,57.9105531956522,1000
sp15,67,species.length2weight.condition.factor.sp12,-0.538161819999918,33.4321161125001,58.2508764357285,1000
sp15,68,species.length2weight.condition.factor.sp13,-3.0049596850001,34.5013180166666,59.424235096633,1000
sp15,69,species.length2weight.condition.factor.sp14,4.09974284319448,42.5298438804167,71.8632402947213,1000
sp15,70,species.length2weight.condition.factor.sp15,-129.907217731667,5750.12947604472,8890.32060755358,1000
sp15,71,species.k.sp0,30.4335755616667,229.350764885278,872.067294916249,1000
sp15,72,species.k.sp1,-1.02373607388891,38.5339509702779,68.7874668615911,1000
sp15,73,species.k.sp2,-12.030395855139,117.903974417639,228.614000668487,1000
sp15,74,species.k.sp3,11.1161044069446,191.997664059444,374.985440495193,1000
sp15,75,species.k.sp4,1.8072785937501,69.9365266784722,134.222734717685,1000
sp15,76,species.k.sp5,12.8095859062501,60.6422572554166,168.853243943024,1000
sp15,77,species.k.sp6,2.25983296000001,37.4272755208334,66.5542978462073,1000
sp15,78,species.k.sp7,1.75982313013896,35.0043832473612,66.8089948752584,1000
sp15,79,species.k.sp8,-9.87622335291666,172.002834236528,318.495808809185,1000
sp15,80,species.k.sp9,-6.57493061944442,45.1171801033333,82.542645144584,1000
sp15,81,species.k.sp10,-2.88085441464514,42.3431997088117,79.9350982815092,1000
sp15,82,species.k.sp11,-3.20769795888879,35.7925109811112,58.6498174900578,1000
sp15,83,species.k.sp12,-0.859167844305548,36.7957150234723,67.838749672066,1000
sp15,84,species.k.sp13,-7.15083383583336,81.9975033927778,170.967545886697,1000
sp15,85,species.k.sp14,3.45529189833338,72.7901481241667,131.41609782894,1000
sp15,86,species.k.sp15,-228.2223835675,9544.69547191222,15334.9839862742,1000
sp15,87,species.l0.sp0,4.78951202527774,48.9671414225,94.5009014605512,1000
sp15,88,species.l0.sp1,-3.28906253569453,36.8479929406943,70.9051370621049,1000
sp15,89,species.l0.sp2,-2.48832060069447,91.8473293120834,175.653790988917,1000
sp15,90,species.l0.sp3,0.686425677777764,73.0132538586111,145.528187442497,1000
sp15,91,species.l0.sp4,5.47223236583334,69.7492152058332,118.337318585046,1000
sp15,92,species.l0.sp5,-4.07835919263892,32.709432319861,57.4063208520249,1000
sp15,93,species.l0.sp6,-0.620585411249943,36.15610186125,65.9990091033907,1000
sp15,94,species.l0.sp7,-1.81791295291663,32.3696319051389,54.4085509699414,1000
sp15,95,species.l0.sp8,0.813124045416568,44.8619792570834,83.8690799063792,1000
sp15,96,species.l0.sp9,-4.89381610375018,43.3515855606944,83.663487431985,1000
sp15,97,species.l0.sp10,0.735984504305636,53.8159382104166,122.227597033358,1000
sp15,98,species.l0.sp11,-2.07677402333338,34.6396690461111,61.4197711551326,1000
sp15,99,species.l0.sp12,0.910664377777827,35.6790718725001,70.8785114405987,1000
sp15,100,species.l0.sp13,-1.51739833777769,33.1264539355556,62.8012043712103,1000
sp15,101,species.l0.sp14,-1.38526394513888,33.66455273125,64.3908478820322,1000
sp15,102,species.l0.sp15,-125.39484720875,2299.87106652042,4432.48481021225,1000
sp15,103,mortality.additional.larva.rate.sp0,3.48251747180553,185.239379201528,649.842411743206,1000
sp15,104,mortality.additional.larva.rate.sp1,1.94803706902775,36.5297746576389,68.5591984710774,1000
sp15,105,mortality.additional.larva.rate.sp2,27.9989064823612,290.53735619125,580.000795702081,1000
sp15,106,mortality.additional.larva.rate.sp3,24.6689582640278,438.566254982917,859.052850980095,1000
sp15,107,mortality.additional.larva.rate.sp4,-1.90292567013879,31.9528045229166,51.6863220454379,1000
sp15,108,mortality.additional.larva.rate.sp5,2.09495933986101,32.9017694279167,56.1087565218833,1000
sp15,109,mortality.additional.larva.rate.sp6,1.75002235430551,31.9112452040278,53.4912381129919,1000
sp15,110,mortality.additional.larva.rate.sp9,-5.43301146499998,76.5978134483332,149.014236455208,1000
sp15,111,mortality.additional.larva.rate.sp10,2.15665989777763,74.4649324163889,144.551579612917,1000
sp15,112,mortality.additional.larva.rate.sp11,0.206171079722101,33.0152369963888,55.4387173026974,1000
sp15,113,mortality.additional.larva.rate.sp12,3.24352326569445,45.2229037176389,77.8323025006764,1000
sp15,114,mortality.additional.larva.rate.sp13,2.01249775902785,31.9043216440278,53.4176200407461,1000
sp15,115,mortality.additional.larva.rate.sp14,-1.57040175930568,61.7388777181945,111.759748958661,1000
sp15,116,mortality.additional.larva.rate.sp15,233.885395850556,15170.809898755,21301.4198384936,1000
sp15,117,mortality.additional.larva.rate.mean.sp7,0.732445182777862,34.0010158347223,60.1675000259123,1000
sp15,118,mortality.additional.larva.rate.mean.sp8,0.632038638194459,51.8118875545834,96.5927189068509,1000
sp15,119,species.linf.sp0,-62.1791143866667,225.277764928611,803.321544114979,1000
sp15,120,species.linf.sp1,-3.58400220305549,51.5022283708333,88.1736149992497,1000
sp15,121,species.linf.sp2,13.6863684124999,351.05524853,673.562294491476,1000
sp15,122,species.linf.sp3,-47.205987693472,470.02460831375,955.279334554809,1000
sp15,123,species.linf.sp4,3.87712246714489,132.900940432145,250.660893912874,1000
sp15,124,species.linf.sp5,-0.499937841666602,141.452553833889,286.311783996102,1000
sp15,125,species.linf.sp6,1.39296268222229,37.7374836513889,70.7986204094655,1000
sp15,126,species.linf.sp7,4.72498801736124,36.2034649443054,67.3871372913508,1000
sp15,127,species.linf.sp8,-3.56272930416671,448.489065886945,656.179614298481,1000
sp15,128,species.linf.sp9,-2.08884557875006,78.8529343223613,145.765318146315,1000
sp15,129,species.linf.sp10,6.82848634416662,78.0392881411111,163.488552910577,1000
sp15,130,species.linf.sp11,-3.24262446861127,50.5283741277779,99.0426897053859,1000
sp15,131,species.linf.sp12,-4.71867854111111,62.0417182116666,111.784676986111,1000
sp15,132,species.linf.sp13,3.99446257486115,48.5455593223612,87.5748299214757,1000
sp15,133,species.linf.sp14,3.48075997111115,235.611319220278,397.481725921579,1000
sp15,134,species.linf.sp15,1285.80904111431,18466.0906363043,25758.981896479,1000
sp15,135,species.accessibility2fish.sp16,-1.3754696734721,35.3756097906945,60.7697808675829,1000
sp15,136,species.accessibility2fish.sp17,-0.0780866984722097,33.2271414543055,53.9696185613712,1000
sp15,137,species.accessibility2fish.sp18,-0.482002088749989,34.0986875104166,57.9961780895707,1000
sp15,138,species.accessibility2fish.sp19,-1.7175733195834,35.0834200081944,67.7883634857502,1000
sp15,139,species.accessibility2fish.sp20,-1.0821459804168,32.8719931973612,53.2280813745623,1000
sp15,140,species.accessibility2fish.sp21,1.67636897652779,51.4657661262501,103.097064952979,1000
sp15,141,species.accessibility2fish.sp22,0.958013762222276,37.5402969472222,69.6305995345791,1000
sp15,142,species.accessibility2fish.sp23,-0.557157003472137,43.7412223373612,80.7788260561192,1000
sp15,143,species.accessibility2fish.sp24,-21.9950958597223,233.843346508333,354.431619768942,1000
sp15,144,species.accessibility2fish.sp25,0.61669742069447,34.47509547125,59.8593975059982,1000
sp15,145,species.accessibility2fish.sp26,3.42475939555562,66.5376514949999,158.111314764287,1000
sp15,146,species.maturity.size.ratio.sp0,4.44050365888889,220.9572052625,769.66898519182,1000
sp15,147,species.maturity.size.ratio.sp1,1.14703442194454,30.12917971,53.929117345029,1000
sp15,148,species.maturity.size.ratio.sp2,-1.14869040708336,36.9277305804167,65.0976480853265,1000
sp15,149,species.maturity.size.ratio.sp3,1.82837295277773,39.8043303194445,70.7603123733842,1000
sp15,150,species.maturity.size.ratio.sp4,-4.62804113041668,44.2813756320834,76.0691361269605,1000
sp15,151,species.maturity.size.ratio.sp5,-3.10988822180565,35.0692063915277,65.9219327729419,1000
sp15,152,species.maturity.size.ratio.sp6,0.516826936111168,33.8816341013888,57.9842082328811,1000
sp15,153,species.maturity.size.ratio.sp7,-3.63817875458327,33.6441650018055,57.0952289011072,1000
sp15,154,species.maturity.size.ratio.sp8,0.0221414161111136,33.2104198805557,58.9297554058307,1000
sp15,155,species.maturity.size.ratio.sp9,0.511394073749892,34.4700331295833,55.4153749099568,1000
sp15,156,species.maturity.size.ratio.sp10,0.44590359138887,36.7705256294444,66.9289603674587,1000
sp15,157,species.maturity.size.ratio.sp11,-1.57108434875001,49.5016654562501,99.4214261807012,1000
sp15,158,species.maturity.size.ratio.sp12,-0.937725851805554,34.9366391431944,59.6288054350044,1000
sp15,159,species.maturity.size.ratio.sp13,-3.27596216500005,131.571022644445,249.995836870939,1000
sp15,160,species.maturity.size.ratio.sp14,-0.589405828472114,33.6741701965276,57.9987048501739,1000
sp15,161,species.maturity.size.ratio.sp15,-304.723376438055,15816.5346843564,25339.2598048957,1000
sp15,162,predation.predPrey.sizeRatio.teta.sp0.stage1,-5.30367829152792,42.0420666623612,81.8533708662405,1000
sp15,163,predation.predPrey.sizeRatio.alpha.sp0.stage1,1.84867897666667,83.5396322891667,313.413200483528,1000
sp15,164,predation.predPrey.sizeRatio.teta.sp1.stage1,0.644240359583364,35.5782885334723,60.6425629654998,1000
sp15,165,predation.predPrey.sizeRatio.alpha.sp1.stage1,6.06421474361132,72.3311641324999,124.482096679299,1000
sp15,166,predation.predPrey.sizeRatio.teta.sp2.stage1,-0.993096334999933,43.3966552036112,75.4949272858035,1000
sp15,167,predation.predPrey.sizeRatio.alpha.sp2.stage1,-15.0289263668056,166.860100869583,351.991211152364,1000
sp15,168,predation.predPrey.sizeRatio.teta.sp3.stage1,-2.55664534222219,43.7017954138889,92.5263197193656,1000
sp15,169,predation.predPrey.sizeRatio.alpha.sp3.stage1,-1.74997671236111,118.480293330972,274.663398879157,1000
sp15,170,predation.predPrey.sizeRatio.teta.sp4.stage1,2.64514500347236,37.6921349184723,65.894249951437,1000
sp15,171,predation.predPrey.sizeRatio.alpha.sp4.stage1,-7.24070623791677,76.6060324720833,176.312986144994,1000
sp15,172,predation.predPrey.sizeRatio.teta.sp5.stage1,-0.887698825416657,33.9005600218056,63.3968578310353,1000
sp15,173,predation.predPrey.sizeRatio.teta.sp5.stage2,6.08275693958339,60.9425287770835,125.569059935391,1000
sp15,174,predation.predPrey.sizeRatio.alpha.sp5.stage1,1.09175483861119,33.3670033219443,56.0609633111057,1000
sp15,175,predation.predPrey.sizeRatio.alpha.sp5.stage2,-1.10407443319443,41.3603126231945,66.964018903535,1000
sp15,176,predation.predPrey.sizeRatio.teta.sp6.stage1,2.00101843472207,35.6334906355555,62.4795010087446,1000
sp15,177,predation.predPrey.sizeRatio.alpha.sp6.stage1,1.05471340138889,37.5764352833334,67.567059062802,1000
sp15,178,predation.predPrey.sizeRatio.teta.sp7.stage1,2.20336634388894,36.6803815777778,68.9352682011832,1000
sp15,179,predation.predPrey.sizeRatio.alpha.sp7.stage1,1.18528136319434,44.5626959487502,81.7250882982635,1000
sp15,180,predation.predPrey.sizeRatio.teta.sp8.stage1,-3.91719590208344,59.8308745581945,95.6747521716549,1000
sp15,181,predation.predPrey.sizeRatio.alpha.sp8.stage1,-0.0527418966665573,414.540922321944,612.752665630058,1000
sp15,182,predation.predPrey.sizeRatio.teta.sp9.stage1,1.51232574597211,35.9245998445835,65.0366723291369,1000
sp15,183,predation.predPrey.sizeRatio.alpha.sp9.stage1,-2.32141692222243,59.5425191977778,126.928804243324,1000
sp15,184,predation.predPrey.sizeRatio.teta.sp10.stage1,0.370977604861058,32.8008226029166,54.3259544960464,1000
sp15,185,predation.predPrey.sizeRatio.alpha.sp10.stage1,-1.58588070180552,39.0335022340279,79.9224464399411,1000
sp15,186,predation.predPrey.sizeRatio.teta.sp11.stage1,-2.23025184958358,31.2648368306944,54.6977207970452,1000
sp15,187,predation.predPrey.sizeRatio.alpha.sp11.stage1,-0.0102033468056511,33.885512145139,61.263335130694,1000
sp15,188,predation.predPrey.sizeRatio.teta.sp12.stage1,-0.368797578333292,36.5139913736111,61.0153307411434,1000
sp15,189,predation.predPrey.sizeRatio.alpha.sp12.stage1,-3.14944612791663,53.9019148976388,95.4126286796926,1000
sp15,190,predation.predPrey.sizeRatio.teta.sp13.stage1,0.751118563611024,34.3213174655555,58.7217809940909,1000
sp15,191,predation.predPrey.sizeRatio.alpha.sp13.stage1,-5.40460587625014,48.808471210139,92.7972743612006,1000
sp15,192,predation.predPrey.sizeRatio.teta.sp14.stage1,3.81735478347224,39.2569627168057,63.0028189516878,1000
sp15,193,predation.predPrey.sizeRatio.alpha.sp14.stage1,-13.1093263534722,298.40631673125,512.135129611969,1000
sp15,194,predation.predPrey.sizeRatio.teta.sp15.stage1,0.794384298993088,55.2639367556598,94.3427890304398,1000
sp15,195,predation.predPrey.sizeRatio.alpha.sp15.stage1,-11.5521274915278,544.858565946528,1257.57806668336,1000
