species,param_id,param_name,mu,mu_star,sigma,n_ee
sp0,1,mortality.additional.rate.sp0,-0.000114958483800826,0.0821008714543988,0.130693925639198,1000
sp0,2,mortality.additional.rate.sp1,0.000536909937335008,0.0458758862738645,0.0803089577339247,1000
sp0,3,mortality.additional.rate.sp2,0.0038982406178488,0.065354279009727,0.11559177455978,1000
sp0,4,mortality.additional.rate.sp3,-0.00401158759055855,0.0644445073116598,0.113732744398521,1000
sp0,5,mortality.additional.rate.sp4,-8.63108216315487e-05,0.0425260341161972,0.0715298584475141,1000
sp0,6,mortality.additional.rate.sp5,-0.0268807073301228,0.318320139734911,0.481936042154486,1000
sp0,7,mortality.additional.rate.sp6,-0.00775452397992575,0.0467472115092792,0.0819488174744165,1000
sp0,8,mortality.additional.rate.sp7,-0.00120961279663332,0.0473759403318029,0.0803934193473725,1000
sp0,9,mortality.additional.rate.sp8,0.00133992255203143,0.0443287614248156,0.0756952488468405,1000
sp0,10,mortality.additional.rate.sp9,-0.000384081617873076,0.0453401389054944,0.078020790112908,1000
sp0,11,mortality.additional.rate.sp10,0.00115328163033984,0.0471489579349956,0.078443450089606,1000
sp0,12,mortality.additional.rate.sp11,0.000328217662026236,0.0425086669872913,0.0719734527427844,1000
sp0,13,mortality.additional.rate.sp12,-0.00377202374962116,0.0454134122312197,0.0775818399995552,1000
sp0,14,mortality.additional.rate.sp13,-0.00103892288938086,0.0443449107419182,0.0738890777280641,1000
sp0,15,mortality.additional.rate.sp14,-0.00219285827016125,0.0448664201563288,0.075879959572323,1000
sp0,16,mortality.additional.rate.sp15,-0.00372499669446318,0.044973819099925,0.077932675679819,1000
sp0,17,fisheries.rate.base.fsh0,0.00613438374351995,0.616695842477343,0.870119762835885,1000
sp0,18,fisheries.rate.base.fsh1,-0.00302409629335145,0.0492621606739594,0.0844018854965935,1000
sp0,19,fisheries.rate.base.fsh2,0.000239853967926447,0.0876194818512623,0.137113947951514,1000
sp0,20,fisheries.rate.base.fsh3,-0.0002039515632654,0.069039940238222,0.113429783485011,1000
sp0,21,species.catchability.fsh0.sp0,-0.0514627082836433,0.869980278495612,1.20811089445819,1000
sp0,22,species.catchability.fsh0.sp1,0.00337281887879101,0.047638887998751,0.0856550528805594,1000
sp0,23,species.catchability.fsh0.sp2,0.000559081509330858,0.0478491879552214,0.0867050774316811,1000
sp0,24,species.catchability.fsh0.sp3,-0.00304136172250723,0.0829463780800592,0.141291891806383,1000
sp0,25,species.catchability.fsh0.sp5,0.00155510525683458,0.166940387922852,0.252704952314686,1000
sp0,26,species.catchability.fsh0.sp7,-0.00266087565602383,0.0405712796145329,0.0708582009887756,1000
sp0,27,species.catchability.fsh0.sp8,0.000363954552099346,0.0608031897038784,0.104335829196816,1000
sp0,28,species.catchability.fsh0.sp9,0.00109549898621245,0.0439372205392,0.0758696999514229,1000
sp0,29,species.catchability.fsh0.sp10,-0.000299913599552107,0.044999954147664,0.0756618680824787,1000
sp0,30,species.catchability.fsh0.sp13,-0.00169239981166677,0.0465478601424523,0.0804112279171983,1000
sp0,31,species.catchability.fsh0.sp14,-0.000533650378876424,0.0436873661554202,0.0727004974942703,1000
sp0,32,species.catchability.fsh0.sp15,0.00255151199153795,0.0440440920084014,0.0732276507277115,1000
sp0,33,species.catchability.fsh1.sp9,-0.00081991800392366,0.0447237641201249,0.0791252476710061,1000
sp0,34,species.catchability.fsh1.sp10,0.0021283221934976,0.0506768728237963,0.0866642876416397,1000
sp0,35,species.catchability.fsh1.sp11,0.00205807520191176,0.0451109157397199,0.0789514711668523,1000
sp0,36,species.catchability.fsh1.sp12,-0.00269990743002494,0.0461641586975286,0.0806853171111811,1000
sp0,37,species.catchability.fsh2.sp0,0.000425870565161928,0.107237823115931,0.164256427080209,1000
sp0,38,species.catchability.fsh2.sp5,-0.00207846996137166,0.0499556711389318,0.0840017815815209,1000
sp0,39,species.catchability.fsh2.sp7,-0.0025178729603598,0.0466592222400235,0.0805323596145666,1000
sp0,40,species.catchability.fsh2.sp8,0.00159295709255326,0.0451972227920127,0.0778298167401746,1000
sp0,41,species.catchability.fsh3.sp0,-0.00286038450720452,0.100794651545862,0.154530749348303,1000
sp0,42,species.catchability.fsh3.sp1,0.00180898291006101,0.0438204995325301,0.0777277893071586,1000
sp0,43,species.catchability.fsh3.sp2,0.000539341710122817,0.0475220340860498,0.0829050286252451,1000
sp0,44,species.catchability.fsh3.sp3,-0.00398156912024456,0.045191840809454,0.0755752906267738,1000
sp0,45,species.catchability.fsh3.sp5,-0.00167132815706147,0.0493944600697581,0.0801083346240509,1000
sp0,46,species.catchability.fsh3.sp7,0.0011745838754783,0.047149031726627,0.0793934691624526,1000
sp0,47,species.catchability.fsh3.sp8,-0.00578269070342738,0.0429147230129993,0.0732983154423779,1000
sp0,48,species.catchability.fsh3.sp9,-0.000867669829836309,0.0447795497709098,0.0780114887596414,1000
sp0,49,species.catchability.fsh3.sp10,-0.000210741951654689,0.0445676641538037,0.0756183705762606,1000
sp0,50,species.catchability.fsh3.sp11,9.34420176926575e-05,0.0422350630180727,0.0723007821304402,1000
sp0,51,species.catchability.fsh3.sp12,0.00404275651416364,0.042584480066241,0.0720668930024341,1000
sp0,52,species.catchability.fsh3.sp13,0.00071370330348638,0.0457516676676544,0.0791992269514002,1000
sp0,53,species.catchability.fsh3.sp14,0.00325159018597799,0.0442791888950075,0.0752453916056915,1000
sp0,54,species.catchability.fsh3.sp15,0.00112273669414068,0.046605426631275,0.0800780902368672,1000
sp0,55,species.length2weight.condition.factor.sp0,0.0154442921932559,1.22064358618891,1.79714659535323,1000
sp0,56,species.length2weight.condition.factor.sp1,-0.00255918629774577,0.046624240155396,0.0790321782633509,1000
sp0,57,species.length2weight.condition.factor.sp2,0.00070604040310262,0.0643729143564583,0.118312914877548,1000
sp0,58,species.length2weight.condition.factor.sp3,0.00219838435170211,0.069040172461776,0.121293569284339,1000
sp0,59,species.length2weight.condition.factor.sp4,-0.00198088245551655,0.0477716874214432,0.0816730878634668,1000
sp0,60,species.length2weight.condition.factor.sp5,-0.00152776245490455,0.0437826846342801,0.0770379883276708,1000
sp0,61,species.length2weight.condition.factor.sp6,0.00217089222361925,0.0442645847188901,0.0779379753699767,1000
sp0,62,species.length2weight.condition.factor.sp7,-0.00291758881768499,0.0451801663712076,0.0778514518049677,1000
sp0,63,species.length2weight.condition.factor.sp8,-0.00239386353289726,0.0445652187808345,0.0774734084153712,1000
sp0,64,species.length2weight.condition.factor.sp9,0.00152531731798601,0.0467401497440903,0.0784259277801751,1000
sp0,65,species.length2weight.condition.factor.sp10,0.000788716550106182,0.0479942294166719,0.0824509685347777,1000
sp0,66,species.length2weight.condition.factor.sp11,-0.00259399096698154,0.0460593811701402,0.0766227568563779,1000
sp0,67,species.length2weight.condition.factor.sp12,0.00217344161247997,0.0439271227752783,0.0758395222692343,1000
sp0,68,species.length2weight.condition.factor.sp13,-0.000852385508767841,0.0473706140601186,0.0824755645312126,1000
sp0,69,species.length2weight.condition.factor.sp14,0.00251021448224093,0.0471949452397126,0.0835438974956101,1000
sp0,70,species.length2weight.condition.factor.sp15,0.00736681144129558,0.0456954015641432,0.078126263530642,1000
sp0,71,species.k.sp0,-0.0665384005006387,4.32678359493495,5.91989615000274,1000
sp0,72,species.k.sp1,0.000579843259379421,0.0512101961928981,0.0897647053659141,1000
sp0,73,species.k.sp2,0.00274683285702298,0.157949519537757,0.30193738852251,1000
sp0,74,species.k.sp3,-0.0105178119417332,0.144493547803091,0.260990686320334,1000
sp0,75,species.k.sp4,-0.0067732855112283,0.0591698373127026,0.100837239125401,1000
sp0,76,species.k.sp5,-0.0244993737155097,0.34624344534167,0.540172347042453,1000
sp0,77,species.k.sp6,-0.00330147360615329,0.0512045494211493,0.0899300590400665,1000
sp0,78,species.k.sp7,0.00269874602987111,0.0459077993257797,0.0797939210799695,1000
sp0,79,species.k.sp8,0.00171342714503349,0.100234416180076,0.163930291273795,1000
sp0,80,species.k.sp9,-0.000747288761218337,0.0600091678627415,0.0969484289617938,1000
sp0,81,species.k.sp10,0.000333343892332075,0.0547634096405139,0.095926940098537,1000
sp0,82,species.k.sp11,-0.00123765784096449,0.0492737918352965,0.0827046055371375,1000
sp0,83,species.k.sp12,0.00701725331532652,0.0498601726533143,0.0868980807165693,1000
sp0,84,species.k.sp13,0.00725013729342176,0.07440018249429,0.132253708661345,1000
sp0,85,species.k.sp14,-0.000842837434714658,0.058843148233725,0.100970164963248,1000
sp0,86,species.k.sp15,9.25450828872584e-05,0.0423578533139752,0.0743954827472174,1000
sp0,87,species.l0.sp0,-0.0445472397454245,0.829887753491005,1.33337949099403,1000
sp0,88,species.l0.sp1,0.00413982670677819,0.0511754420344424,0.0858403752052937,1000
sp0,89,species.l0.sp2,0.00618681786300826,0.130203196861095,0.258424735182026,1000
sp0,90,species.l0.sp3,0.00477706113895196,0.063533490967903,0.11130051868208,1000
sp0,91,species.l0.sp4,-0.000542756451173764,0.0544406279676048,0.093637835594324,1000
sp0,92,species.l0.sp5,0.000912953271411177,0.0467532497209234,0.0765610610261131,1000
sp0,93,species.l0.sp6,-0.00272078806233118,0.0462418719964515,0.079052882888615,1000
sp0,94,species.l0.sp7,0.000688389204475507,0.0442509561530497,0.0765161776519166,1000
sp0,95,species.l0.sp8,-0.000611759698493619,0.0503349876376441,0.085628413358625,1000
sp0,96,species.l0.sp9,0.00283976574329768,0.064872260909815,0.107071734607798,1000
sp0,97,species.l0.sp10,-0.00249548287486051,0.0747434732811411,0.136086624427786,1000
sp0,98,species.l0.sp11,0.00448371963266623,0.0430677036215805,0.0753324218179652,1000
sp0,99,species.l0.sp12,-9.68909716549428e-06,0.0454818884647811,0.0771338175717798,1000
sp0,100,species.l0.sp13,0.00125592190168433,0.0445134088366209,0.0768598719528974,1000
sp0,101,species.l0.sp14,-0.00214796401704975,0.043503990247744,0.0752639551659351,1000
sp0,102,species.l0.sp15,0.000109524821019878,0.0460249933231112,0.0760578269468876,1000
sp0,103,mortality.additional.larva.rate.sp0,-0.0981626669141797,4.12442768876355,5.88317836228348,1000
sp0,104,mortality.additional.larva.rate.sp1,0.0044392177113252,0.0484961189411915,0.0854185832204338,1000
sp0,105,mortality.additional.larva.rate.sp2,0.0251668983260814,0.386609917024575,0.840876435031874,1000
sp0,106,mortality.additional.larva.rate.sp3,0.00195587681151065,0.317008481943239,0.641601580082721,1000
sp0,107,mortality.additional.larva.rate.sp4,0.00150920421969081,0.0451760400623932,0.0782435591012659,1000
sp0,108,mortality.additional.larva.rate.sp5,-0.00071526581052712,0.0447283422491559,0.078208177709484,1000
sp0,109,mortality.additional.larva.rate.sp6,-0.000748457073461238,0.0434915964871475,0.0738235352676913,1000
sp0,110,mortality.additional.larva.rate.sp9,0.000178314381666643,0.0927578308065314,0.156048169999884,1000
sp0,111,mortality.additional.larva.rate.sp10,0.00678464465745037,0.105306756639398,0.197051263479781,1000
sp0,112,mortality.additional.larva.rate.sp11,0.00244598903580128,0.0449934558361844,0.078232035419122,1000
sp0,113,mortality.additional.larva.rate.sp12,0.00552225792485318,0.0480337993126385,0.0799666080957118,1000
sp0,114,mortality.additional.larva.rate.sp13,0.000966436221564952,0.045147015645856,0.0788944783004801,1000
sp0,115,mortality.additional.larva.rate.sp14,-0.00234014726027722,0.0442192797159413,0.0758708247734229,1000
sp0,116,mortality.additional.larva.rate.sp15,-0.00346357511336935,0.0449556700799323,0.0799085876637159,1000
sp0,117,mortality.additional.larva.rate.mean.sp7,0.00110873070790686,0.0474013131360488,0.0807654334234586,1000
sp0,118,mortality.additional.larva.rate.mean.sp8,0.00166182625309144,0.0536138759989083,0.0937410825457779,1000
sp0,119,species.linf.sp0,0.56224724176314,5.16177714225858,7.46337631614913,1000
sp0,120,species.linf.sp1,-0.00487590796852131,0.0763093763423718,0.137628640388013,1000
sp0,121,species.linf.sp2,0.016850296893497,0.412385599216769,0.804643586626094,1000
sp0,122,species.linf.sp3,-0.000377778106453006,0.490075253088215,0.942252698008426,1000
sp0,123,species.linf.sp4,0.000242932840254822,0.122635199283739,0.215713117986802,1000
sp0,124,species.linf.sp5,0.00889186525750063,1.06057437384157,1.54902267645207,1000
sp0,125,species.linf.sp6,-0.00208164597897756,0.0681306248266386,0.115115638040069,1000
sp0,126,species.linf.sp7,0.0057171728730667,0.0582825580072477,0.0949551489228145,1000
sp0,127,species.linf.sp8,-0.0182056668681582,0.281965586455864,0.444370507500569,1000
sp0,128,species.linf.sp9,0.00227218066367112,0.126339577150135,0.212109103918382,1000
sp0,129,species.linf.sp10,0.000266891118012731,0.108784388557751,0.199093268018062,1000
sp0,130,species.linf.sp11,-0.00193920471122677,0.0609811959033632,0.109520798874255,1000
sp0,131,species.linf.sp12,-0.0014207833669017,0.0710269386763606,0.125176688512206,1000
sp0,132,species.linf.sp13,0.00316449897083278,0.0594250381540903,0.104102591169912,1000
sp0,133,species.linf.sp14,0.00545339821776399,0.0831299832452102,0.139518756326897,1000
sp0,134,species.linf.sp15,-0.00190554120064914,0.0505923355677257,0.0862610952530993,1000
sp0,135,species.accessibility2fish.sp16,0.000426613635523143,0.0489631771940086,0.0842988219037853,1000
sp0,136,species.accessibility2fish.sp17,0.000193486647066439,0.0423484352543875,0.0719481725633625,1000
sp0,137,species.accessibility2fish.sp18,-0.00184888420089082,0.0452135166287964,0.0768988231202905,1000
sp0,138,species.accessibility2fish.sp19,-0.0021592369355815,0.0442539656305637,0.0743133047613967,1000
sp0,139,species.accessibility2fish.sp20,-0.000468674726493712,0.0458208855348802,0.0809009629773165,1000
sp0,140,species.accessibility2fish.sp21,0.000119003943254727,0.0694411700127692,0.147794223856462,1000
sp0,141,species.accessibility2fish.sp22,0.00214482522854573,0.0476029688654213,0.0854404569104425,1000
sp0,142,species.accessibility2fish.sp23,-0.00250175437602913,0.0495247610488223,0.0830357524142181,1000
sp0,143,species.accessibility2fish.sp24,-0.00334262853349203,0.368319161108176,0.707220432762666,1000
sp0,144,species.accessibility2fish.sp25,-0.000347362953673752,0.0457839820804224,0.0745657003424342,1000
sp0,145,species.accessibility2fish.sp26,0.00509167700413648,0.0718729927933264,0.158690913041644,1000
sp0,146,species.maturity.size.ratio.sp0,-0.153454331983105,4.38175622229828,6.68967039248356,1000
sp0,147,species.maturity.size.ratio.sp1,-0.00265885434690478,0.0444954656882609,0.0768647606406944,1000
sp0,148,species.maturity.size.ratio.sp2,-0.000829456561413283,0.0518736892773359,0.0901153780028794,1000
sp0,149,species.maturity.size.ratio.sp3,0.00590483148196353,0.0508557280411483,0.0901259312026756,1000
sp0,150,species.maturity.size.ratio.sp4,-0.000584111139058144,0.045661574346834,0.0783350047918808,1000
sp0,151,species.maturity.size.ratio.sp5,-0.00425299302220314,0.0448352263818508,0.0734041562508448,1000
sp0,152,species.maturity.size.ratio.sp6,0.00376338089328232,0.045246414863922,0.0752232032960501,1000
sp0,153,species.maturity.size.ratio.sp7,-0.00180473193778885,0.0443002848810705,0.0742519071320817,1000
sp0,154,species.maturity.size.ratio.sp8,0.000153868075445578,0.0480767352746647,0.0828556376397034,1000
sp0,155,species.maturity.size.ratio.sp9,0.00429961157095696,0.0449077002057142,0.0752463587689392,1000
sp0,156,species.maturity.size.ratio.sp10,-0.00457374053564208,0.0490033340715114,0.08332038471231,1000
sp0,157,species.maturity.size.ratio.sp11,0.00263103170255886,0.0617465872726949,0.106658386631024,1000
sp0,158,species.maturity.size.ratio.sp12,-0.00186613696488494,0.0454202998975479,0.0792353656501652,1000
sp0,159,species.maturity.size.ratio.sp13,0.00334569470249848,0.0909312575174971,0.165326823450017,1000
sp0,160,species.maturity.size.ratio.sp14,-0.00161377864934854,0.0468788468061581,0.0806313556082895,1000
sp0,161,species.maturity.size.ratio.sp15,0.00263501509193583,0.0479013784748515,0.0833195554937828,1000
sp0,162,predation.predPrey.sizeRatio.teta.sp0.stage1,0.00528221265054125,0.0810927092197246,0.144098407732598,1000
sp0,163,predation.predPrey.sizeRatio.alpha.sp0.stage1,-0.095893684608487,1.42129280203416,2.40085186470191,1000
sp0,164,predation.predPrey.sizeRatio.teta.sp1.stage1,-0.00228835284221184,0.0482869947312555,0.0808004549099243,1000
sp0,165,predation.predPrey.sizeRatio.alpha.sp1.stage1,0.00707997297709763,0.0821325444730693,0.145597809100537,1000
sp0,166,predation.predPrey.sizeRatio.teta.sp2.stage1,0.00168790666958261,0.0490878547380599,0.0865976783988324,1000
sp0,167,predation.predPrey.sizeRatio.alpha.sp2.stage1,0.0137046513754566,0.228385484836344,0.500145293472994,1000
sp0,168,predation.predPrey.sizeRatio.teta.sp3.stage1,0.00152878589693343,0.0539174127613548,0.0906632317369889,1000
sp0,169,predation.predPrey.sizeRatio.alpha.sp3.stage1,-0.00452068554924056,0.379789642227575,0.688338614462692,1000
sp0,170,predation.predPrey.sizeRatio.teta.sp4.stage1,0.00305080363545496,0.0451443261187804,0.0773581532608968,1000
sp0,171,predation.predPrey.sizeRatio.alpha.sp4.stage1,-0.00737669253343177,0.102305512156392,0.196894586689208,1000
sp0,172,predation.predPrey.sizeRatio.teta.sp5.stage1,-0.00241109635483585,0.0434432757712534,0.0730583998306342,1000
sp0,173,predation.predPrey.sizeRatio.teta.sp5.stage2,0.0012749032649355,0.349961712169041,0.581626293697105,1000
sp0,174,predation.predPrey.sizeRatio.alpha.sp5.stage1,0.00488577750282864,0.0449943992909133,0.0774040977008657,1000
sp0,175,predation.predPrey.sizeRatio.alpha.sp5.stage2,-0.00132632950088273,0.27322121104904,0.437428385253808,1000
sp0,176,predation.predPrey.sizeRatio.teta.sp6.stage1,-0.000506515684056818,0.0480827399047328,0.0809712961030123,1000
sp0,177,predation.predPrey.sizeRatio.alpha.sp6.stage1,-0.00408292863734916,0.0501268190040749,0.0854273960823291,1000
sp0,178,predation.predPrey.sizeRatio.teta.sp7.stage1,-0.00253948679497423,0.0463941045690989,0.0826697123384716,1000
sp0,179,predation.predPrey.sizeRatio.alpha.sp7.stage1,0.00678774288078617,0.0549994479938898,0.0979778494205571,1000
sp0,180,predation.predPrey.sizeRatio.teta.sp8.stage1,0.0016340799049319,0.0445384846032179,0.076922726145722,1000
sp0,181,predation.predPrey.sizeRatio.alpha.sp8.stage1,-0.00336546019720081,0.187141195454601,0.30072762202529,1000
sp0,182,predation.predPrey.sizeRatio.teta.sp9.stage1,0.00659534925133432,0.0457085010371245,0.0780631407506015,1000
sp0,183,predation.predPrey.sizeRatio.alpha.sp9.stage1,-0.00613915382238207,0.114582972114025,0.226534532807527,1000
sp0,184,predation.predPrey.sizeRatio.teta.sp10.stage1,0.00398697878026953,0.0433342020026705,0.0734765266676546,1000
sp0,185,predation.predPrey.sizeRatio.alpha.sp10.stage1,0.00272321883013639,0.059353323415523,0.100108835288959,1000
sp0,186,predation.predPrey.sizeRatio.teta.sp11.stage1,0.0026235211219812,0.046807627930707,0.0786340478384716,1000
sp0,187,predation.predPrey.sizeRatio.alpha.sp11.stage1,0.00303214579597159,0.0485420416201384,0.081613255895477,1000
sp0,188,predation.predPrey.sizeRatio.teta.sp12.stage1,0.00158852019388953,0.048040004236781,0.0843309621480179,1000
sp0,189,predation.predPrey.sizeRatio.alpha.sp12.stage1,0.00108193858125678,0.055949195676849,0.0948693672813373,1000
sp0,190,predation.predPrey.sizeRatio.teta.sp13.stage1,-0.000446770173271652,0.0462685407582855,0.0789224679800724,1000
sp0,191,predation.predPrey.sizeRatio.alpha.sp13.stage1,-0.0025348507523356,0.0534238596432863,0.0903215612757397,1000
sp0,192,predation.predPrey.sizeRatio.teta.sp14.stage1,-0.000134860384770566,0.0419083180534443,0.0719218851279076,1000
sp0,193,predation.predPrey.sizeRatio.alpha.sp14.stage1,-0.00323993647151078,0.0667198549286108,0.108349584778602,1000
sp0,194,predation.predPrey.sizeRatio.teta.sp15.stage1,0.00132349323308097,0.0453123994633756,0.075845810325116,1000
sp0,195,predation.predPrey.sizeRatio.alpha.sp15.stage1,-0.00281253129394725,0.0670520650328917,0.117580452616956,1000
sp1,1,mortality.additional.rate.sp0,-1.45539237402089e-05,0.00459159447732832,0.00612479752279253,1000
sp1,2,mortality.additional.rate.sp1,0.000256719727967992,0.00455957929800379,0.00599830926803193,1000
sp1,3,mortality.additional.rate.sp2,0.000206125043604031,0.00567608406307664,0.00741846870040593,1000
sp1,4,mortality.additional.rate.sp3,-0.000341931631917057,0.00527142044932289,0.00691893944400879,1000
sp1,5,mortality.additional.rate.sp4,-1.6274429753016e-05,0.00457836130389956,0.00608441559645661,1000
sp1,6,mortality.additional.rate.sp5,0.0003497070121279,0.00576778456729164,0.00747471136530185,1000
sp1,7,mortality.additional.rate.sp6,-9.157454319837e-06,0.00480242266521206,0.00632378312869451,1000
sp1,8,mortality.additional.rate.sp7,-1.4713875781395e-05,0.00633796976411674,0.00817743835242163,1000
sp1,9,mortality.additional.rate.sp8,8.14654661279186e-05,0.0047937117284568,0.00661378331192991,1000
sp1,10,mortality.additional.rate.sp9,-9.05925980603248e-05,0.00458058560324169,0.00615605776615858,1000
sp1,11,mortality.additional.rate.sp10,-0.000184218723458031,0.00469580285878246,0.00642977834914477,1000
sp1,12,mortality.additional.rate.sp11,0.000100165544851421,0.00474285036597051,0.00624030185341283,1000
sp1,13,mortality.additional.rate.sp12,0.000208316598779201,0.0045048113766639,0.0060538525384133,1000
sp1,14,mortality.additional.rate.sp13,-0.000214520692587544,0.00458555908034317,0.00618551562504525,1000
sp1,15,mortality.additional.rate.sp14,0.000275430007741486,0.00463638506915799,0.00613575252800337,1000
sp1,16,mortality.additional.rate.sp15,0.000110764558010725,0.00467566035118621,0.00632665438073352,1000
sp1,17,fisheries.rate.base.fsh0,0.000361815617690967,0.0121257603075687,0.0178189757272319,1000
sp1,18,fisheries.rate.base.fsh1,-0.00034116472343568,0.00569097896485859,0.00735962707763667,1000
sp1,19,fisheries.rate.base.fsh2,-0.000211789655193881,0.00473519608850169,0.00640437259118449,1000
sp1,20,fisheries.rate.base.fsh3,-8.29389017373473e-05,0.0047470410521453,0.00635082721161044,1000
sp1,21,species.catchability.fsh0.sp0,0.000134951610025184,0.00491850271731492,0.00654724926217289,1000
sp1,22,species.catchability.fsh0.sp1,-0.00117131736083785,0.0146069259715038,0.0195535702920233,1000
sp1,23,species.catchability.fsh0.sp2,4.79730870893941e-05,0.00507966751920118,0.00677577917171415,1000
sp1,24,species.catchability.fsh0.sp3,3.7719527177289e-05,0.00578906964206812,0.00821265323062853,1000
sp1,25,species.catchability.fsh0.sp5,0.000236765226939972,0.00478691386044523,0.00645451013872278,1000
sp1,26,species.catchability.fsh0.sp7,-0.000153404698762284,0.00479847422096448,0.00644850107367619,1000
sp1,27,species.catchability.fsh0.sp8,0.000283097669932112,0.00591601158337066,0.00789648089115038,1000
sp1,28,species.catchability.fsh0.sp9,-0.000149454283320906,0.00456295005082822,0.00607036730535909,1000
sp1,29,species.catchability.fsh0.sp10,0.000132845783347938,0.00461882590587394,0.00624060676374536,1000
sp1,30,species.catchability.fsh0.sp13,-0.000161206917586359,0.00476177706798638,0.00619362352012724,1000
sp1,31,species.catchability.fsh0.sp14,5.69162234489619e-05,0.00479847737881384,0.00636161162215824,1000
sp1,32,species.catchability.fsh0.sp15,0.000168302356632821,0.00450321543315999,0.00594366411797737,1000
sp1,33,species.catchability.fsh1.sp9,0.000214142982796528,0.00498972655637113,0.00645072240600203,1000
sp1,34,species.catchability.fsh1.sp10,0.000173407472742916,0.00482512303350584,0.00643230836770548,1000
sp1,35,species.catchability.fsh1.sp11,0.000101571320436282,0.00466826835386395,0.00611888284514322,1000
sp1,36,species.catchability.fsh1.sp12,-0.000186547145717885,0.00483877575937749,0.00653894106081219,1000
sp1,37,species.catchability.fsh2.sp0,0.000290944678399185,0.00449623566086003,0.00599567314330547,1000
sp1,38,species.catchability.fsh2.sp5,0.000378825601071648,0.00466245972012026,0.00614283156125177,1000
sp1,39,species.catchability.fsh2.sp7,-0.00015104046678791,0.00467940350843108,0.00625598743811934,1000
sp1,40,species.catchability.fsh2.sp8,-9.63714203231857e-05,0.00467730045010538,0.00624947866812916,1000
sp1,41,species.catchability.fsh3.sp0,5.52887947365203e-05,0.00465482788987957,0.0061510266686268,1000
sp1,42,species.catchability.fsh3.sp1,0.000447134190803712,0.00504983067656615,0.00680913734862806,1000
sp1,43,species.catchability.fsh3.sp2,-0.000322951278162254,0.00464783761193262,0.00609607952267281,1000
sp1,44,species.catchability.fsh3.sp3,-0.000183178276269266,0.00481245082896055,0.00661438877997982,1000
sp1,45,species.catchability.fsh3.sp5,-4.65686058797215e-05,0.0044745905577639,0.00599536247267913,1000
sp1,46,species.catchability.fsh3.sp7,-0.000253358811092036,0.00474346280024076,0.00637759691798841,1000
sp1,47,species.catchability.fsh3.sp8,6.58003399255852e-05,0.00486792168610751,0.00661942613955355,1000
sp1,48,species.catchability.fsh3.sp9,0.000480758798359295,0.00459143359961132,0.00621384730718211,1000
sp1,49,species.catchability.fsh3.sp10,0.000104158399357099,0.00461236188949897,0.00623669354863002,1000
sp1,50,species.catchability.fsh3.sp11,5.81174012855552e-05,0.00484914026596025,0.00640835710972672,1000
sp1,51,species.catchability.fsh3.sp12,-0.000197714709699964,0.00467342064435918,0.00617700375004164,1000
sp1,52,species.catchability.fsh3.sp13,0.000103716792965407,0.00469799163405619,0.00626229684819303,1000
sp1,53,species.catchability.fsh3.sp14,4.97809024749784e-05,0.00448205089782851,0.00596889570865391,1000
sp1,54,species.catchability.fsh3.sp15,5.05037568213349e-05,0.00476409307528211,0.00626582334692111,1000
sp1,55,species.length2weight.condition.factor.sp0,7.01213298608301e-05,0.00501894411197323,0.0065743427466681,1000
sp1,56,species.length2weight.condition.factor.sp1,-0.000571684399167102,0.00576617164007384,0.0073206596037561,1000
sp1,57,species.length2weight.condition.factor.sp2,-9.94971906469155e-05,0.00712557519793495,0.00922087060596625,1000
sp1,58,species.length2weight.condition.factor.sp3,0.000198395990607116,0.00666567103623989,0.0089651839465597,1000
sp1,59,species.length2weight.condition.factor.sp4,-0.000116513197446291,0.00497853623753869,0.00659389327507436,1000
sp1,60,species.length2weight.condition.factor.sp5,-7.53469041886244e-05,0.00499477305927503,0.00697654804072888,1000
sp1,61,species.length2weight.condition.factor.sp6,0.000226990852361659,0.0047095395020467,0.0061994974048617,1000
sp1,62,species.length2weight.condition.factor.sp7,-0.000269418019844145,0.0047194168102509,0.00623021158424966,1000
sp1,63,species.length2weight.condition.factor.sp8,0.00010635996344801,0.00513265710133326,0.00686233298896628,1000
sp1,64,species.length2weight.condition.factor.sp9,-0.000547194078213329,0.00479156731924046,0.00648841269551158,1000
sp1,65,species.length2weight.condition.factor.sp10,8.4450891859313e-05,0.00461375227992077,0.00611758646189181,1000
sp1,66,species.length2weight.condition.factor.sp11,-0.000147327450341296,0.00468908251780652,0.00618136066398344,1000
sp1,67,species.length2weight.condition.factor.sp12,-0.000132830817103003,0.00477461348175678,0.00651630641587689,1000
sp1,68,species.length2weight.condition.factor.sp13,-0.000210698585176093,0.00480374785300008,0.00639851261148785,1000
sp1,69,species.length2weight.condition.factor.sp14,7.91391015833211e-05,0.00485163109795458,0.00650353225083143,1000
sp1,70,species.length2weight.condition.factor.sp15,0.000385355279439323,0.00492008716640926,0.00653636891436269,1000
sp1,71,species.k.sp0,0.000168129479358389,0.00813135435556567,0.0108252100491331,1000
sp1,72,species.k.sp1,0.00275444327496785,0.109496155422542,0.122568609139871,1000
sp1,73,species.k.sp2,1.06539226681991e-05,0.0129213322884355,0.0161522728088312,1000
sp1,74,species.k.sp3,-0.000390380710458292,0.0106866218672565,0.0145297716682161,1000
sp1,75,species.k.sp4,-0.00109320363877768,0.0168686526321221,0.0184424807280822,1000
sp1,76,species.k.sp5,-0.000216609565187327,0.00557948932244564,0.00744601027551122,1000
sp1,77,species.k.sp6,0.000922743441164456,0.0205864254066197,0.0224429394978021,1000
sp1,78,species.k.sp7,-0.000130618496476653,0.0051332987664031,0.00675223202408981,1000
sp1,79,species.k.sp8,-6.49433044086966e-05,0.0137338197564438,0.0165254786843883,1000
sp1,80,species.k.sp9,0.000762009140304329,0.00968256610875909,0.0114785876966468,1000
sp1,81,species.k.sp10,0.000191767250027185,0.00537745124266015,0.00716731475888283,1000
sp1,82,species.k.sp11,0.00012741932477954,0.00486747579949696,0.00641331513624221,1000
sp1,83,species.k.sp12,-3.71779370355931e-05,0.0048585750701559,0.00643440685883585,1000
sp1,84,species.k.sp13,0.000367697081375333,0.00824722625524774,0.01152321159417,1000
sp1,85,species.k.sp14,0.000346484830402643,0.00958123888944564,0.0124653780859715,1000
sp1,86,species.k.sp15,0.000180743641654799,0.00489207723248237,0.00660089702241572,1000
sp1,87,species.l0.sp0,3.43212464311598e-05,0.00499090619730239,0.0065909517539343,1000
sp1,88,species.l0.sp1,0.000559149246320893,0.029358969447287,0.0317899322613487,1000
sp1,89,species.l0.sp2,0.000503212266397022,0.0144146715557381,0.0184514074653395,1000
sp1,90,species.l0.sp3,-4.41998496264043e-05,0.00627504359328512,0.00833755696599787,1000
sp1,91,species.l0.sp4,0.000218906294740592,0.0152178002776124,0.0167189670214128,1000
sp1,92,species.l0.sp5,3.38790723990951e-05,0.00486663484461007,0.00649703990930018,1000
sp1,93,species.l0.sp6,4.6745797385199e-05,0.0108166854367006,0.0129641403755944,1000
sp1,94,species.l0.sp7,-0.000174188778996917,0.0049818909686818,0.00664422281136698,1000
sp1,95,species.l0.sp8,-0.000119603528840117,0.0081842889058617,0.0103759893369059,1000
sp1,96,species.l0.sp9,0.000323467753583129,0.00658443208673271,0.00852007736137602,1000
sp1,97,species.l0.sp10,0.000496470384410086,0.0054066741161335,0.00734422520331316,1000
sp1,98,species.l0.sp11,-0.00027657397382926,0.00474187775947711,0.00638097919502892,1000
sp1,99,species.l0.sp12,0.000259545352768224,0.00472109669384739,0.00635339916758698,1000
sp1,100,species.l0.sp13,-5.18019568417365e-06,0.00468683428289007,0.00630991251251863,1000
sp1,101,species.l0.sp14,8.73358051501107e-05,0.00468186865126826,0.00636515885449016,1000
sp1,102,species.l0.sp15,8.92806092560663e-05,0.00481681107786453,0.00645463682645895,1000
sp1,103,mortality.additional.larva.rate.sp0,-0.000356045662634518,0.00745738895948793,0.00995473956665396,1000
sp1,104,mortality.additional.larva.rate.sp1,-3.02203057461128e-05,0.0096662102768509,0.0122183919740416,1000
sp1,105,mortality.additional.larva.rate.sp2,0.00121251186824643,0.0469967558357213,0.0572740475792217,1000
sp1,106,mortality.additional.larva.rate.sp3,0.00173156427524764,0.0275257895596421,0.0377743114783495,1000
sp1,107,mortality.additional.larva.rate.sp4,-0.000118965438625379,0.00488256522717594,0.00663057604176108,1000
sp1,108,mortality.additional.larva.rate.sp5,9.78180888875702e-05,0.00461986807092627,0.00618441806361093,1000
sp1,109,mortality.additional.larva.rate.sp6,7.65561924822387e-05,0.00472973400335296,0.00632880011339474,1000
sp1,110,mortality.additional.larva.rate.sp9,-0.000325665744450409,0.00953013636742546,0.0119417615325268,1000
sp1,111,mortality.additional.larva.rate.sp10,-1.94476986364215e-05,0.00663510907537412,0.00881398546804441,1000
sp1,112,mortality.additional.larva.rate.sp11,7.83459358074161e-05,0.00484224336314712,0.0065556257024662,1000
sp1,113,mortality.additional.larva.rate.sp12,-0.000117539178730028,0.00485315760854368,0.00644225377124617,1000
sp1,114,mortality.additional.larva.rate.sp13,-0.000148628015169718,0.00470449415354728,0.00646873565513086,1000
sp1,115,mortality.additional.larva.rate.sp14,1.9493017499435e-05,0.00520228512329678,0.00701467719107613,1000
sp1,116,mortality.additional.larva.rate.sp15,-0.000209480173018097,0.00486765009553738,0.00652336002751364,1000
sp1,117,mortality.additional.larva.rate.mean.sp7,5.56221601761413e-05,0.00578561206968735,0.00752504224491575,1000
sp1,118,mortality.additional.larva.rate.mean.sp8,-4.71398140390772e-05,0.0115991268742804,0.0141207402189536,1000
sp1,119,species.linf.sp0,0.000451502080055464,0.00925962448455638,0.0127608192811262,1000
sp1,120,species.linf.sp1,0.0112227393211961,0.292273062889237,0.316552770256431,1000
sp1,121,species.linf.sp2,-0.000269345081535569,0.0364466424719602,0.0464594573983117,1000
sp1,122,species.linf.sp3,-0.0016504507678121,0.0252003782550339,0.0343268315956332,1000
sp1,123,species.linf.sp4,0.000173355109739294,0.043536116758732,0.0454701030105959,1000
sp1,124,species.linf.sp5,0.000338275970215193,0.0130398376834749,0.0170146567650948,1000
sp1,125,species.linf.sp6,-0.000890944599559645,0.0530542026074113,0.0554609093353145,1000
sp1,126,species.linf.sp7,-0.000167461068225616,0.0147159129597513,0.0167846382572391,1000
sp1,127,species.linf.sp8,-0.00133091109190136,0.0408830273498915,0.0451950591975888,1000
sp1,128,species.linf.sp9,-0.000150713240449442,0.0255079397782316,0.0277431567237249,1000
sp1,129,species.linf.sp10,-0.000245311197623487,0.00815029212615819,0.0120596175516916,1000
sp1,130,species.linf.sp11,0.000104153037576863,0.00523666995623218,0.00710128420737049,1000
sp1,131,species.linf.sp12,-0.000494450460548574,0.00585386349918586,0.00755201120418017,1000
sp1,132,species.linf.sp13,-0.00017027094694258,0.00663927577498874,0.0088740671741368,1000
sp1,133,species.linf.sp14,0.00026337357459283,0.013637105368496,0.0167789525426638,1000
sp1,134,species.linf.sp15,0.000264441791451227,0.00515721095560133,0.00697598286310142,1000
sp1,135,species.accessibility2fish.sp16,0.000203526953618265,0.00458167090779529,0.00622116440608361,1000
sp1,136,species.accessibility2fish.sp17,-8.89752864478675e-05,0.00457671345989499,0.00623934160935717,1000
sp1,137,species.accessibility2fish.sp18,-6.30051323860214e-05,0.00487624006470258,0.0063330568203093,1000
sp1,138,species.accessibility2fish.sp19,-0.000163008099440877,0.00465314965251361,0.00628324717643739,1000
sp1,139,species.accessibility2fish.sp20,-1.24912445379332e-06,0.00447136616818576,0.00592282411223325,1000
sp1,140,species.accessibility2fish.sp21,3.04032262510015e-05,0.0054039066694472,0.00720804934131176,1000
sp1,141,species.accessibility2fish.sp22,-0.000347795728721113,0.0235172186414571,0.0434900842207614,1000
sp1,142,species.accessibility2fish.sp23,-0.000866598690343963,0.0593042894583759,0.0642195065192678,1000
sp1,143,species.accessibility2fish.sp24,-0.000420792821915789,0.0195179670356333,0.0295371052190499,1000
sp1,144,species.accessibility2fish.sp25,0.000166312433274734,0.00459148567775753,0.00612662095469365,1000
sp1,145,species.accessibility2fish.sp26,0.000125998253383825,0.00483060397606355,0.00655774499701739,1000
sp1,146,species.maturity.size.ratio.sp0,-0.000971885797015388,0.00864074299085314,0.0123163847215184,1000
sp1,147,species.maturity.size.ratio.sp1,0.000292333338716075,0.00474074068673326,0.00636610218710834,1000
sp1,148,species.maturity.size.ratio.sp2,-0.000496289853606543,0.00564104389238053,0.00761601174993101,1000
sp1,149,species.maturity.size.ratio.sp3,0.000141088956335858,0.0054832200417995,0.00751777898915,1000
sp1,150,species.maturity.size.ratio.sp4,-0.000290888316025687,0.00599801466321889,0.00759719477314662,1000
sp1,151,species.maturity.size.ratio.sp5,-0.000181674170565948,0.00478199940684617,0.00637773632659492,1000
sp1,152,species.maturity.size.ratio.sp6,-5.67193230631609e-05,0.00559577625843816,0.00747312146263895,1000
sp1,153,species.maturity.size.ratio.sp7,-0.000145176652377854,0.00464830511520641,0.00625965153639744,1000
sp1,154,species.maturity.size.ratio.sp8,0.000192105406970416,0.0047187913246171,0.00619890889067999,1000
sp1,155,species.maturity.size.ratio.sp9,8.34929656297812e-06,0.00486767419410653,0.00633017481229194,1000
sp1,156,species.maturity.size.ratio.sp10,-0.00051321627503706,0.00498256786241756,0.00662282472084237,1000
sp1,157,species.maturity.size.ratio.sp11,0.000201481488911291,0.00544720769240931,0.00723172070320469,1000
sp1,158,species.maturity.size.ratio.sp12,-0.000521256767880796,0.00453170245179043,0.006027122511806,1000
sp1,159,species.maturity.size.ratio.sp13,-0.000225069626885809,0.0124757325275053,0.0164707573212314,1000
sp1,160,species.maturity.size.ratio.sp14,8.3127813031706e-05,0.00456312603437191,0.00622661896388575,1000
sp1,161,species.maturity.size.ratio.sp15,-0.000240226586903216,0.00495364603587692,0.00649677664824351,1000
sp1,162,predation.predPrey.sizeRatio.teta.sp0.stage1,-0.000443286243017056,0.00449909756797985,0.00608568546850389,1000
sp1,163,predation.predPrey.sizeRatio.alpha.sp0.stage1,-0.000104389805088192,0.00589182876023265,0.00804725984544309,1000
sp1,164,predation.predPrey.sizeRatio.teta.sp1.stage1,0.000164441165110678,0.0186694041249289,0.0247702801024483,1000
sp1,165,predation.predPrey.sizeRatio.alpha.sp1.stage1,-0.0241247463299805,0.254449926039284,0.288406630441926,1000
sp1,166,predation.predPrey.sizeRatio.teta.sp2.stage1,2.73485561411675e-05,0.00556219761230351,0.00724776411685576,1000
sp1,167,predation.predPrey.sizeRatio.alpha.sp2.stage1,-0.000493737273894128,0.0096327248210088,0.013816119422936,1000
sp1,168,predation.predPrey.sizeRatio.teta.sp3.stage1,0.00020874844268138,0.00606907265814243,0.0082619280812523,1000
sp1,169,predation.predPrey.sizeRatio.alpha.sp3.stage1,-0.000196839272589169,0.0159408506299474,0.0291507285713143,1000
sp1,170,predation.predPrey.sizeRatio.teta.sp4.stage1,7.48349052589366e-05,0.00479299711747211,0.00643948286306372,1000
sp1,171,predation.predPrey.sizeRatio.alpha.sp4.stage1,-0.000453401252338823,0.00792515085304848,0.00980314484458385,1000
sp1,172,predation.predPrey.sizeRatio.teta.sp5.stage1,-0.000104663402247262,0.00461491343982435,0.00617612689252464,1000
sp1,173,predation.predPrey.sizeRatio.teta.sp5.stage2,-0.000672147368956629,0.0102506844155703,0.0135514942555334,1000
sp1,174,predation.predPrey.sizeRatio.alpha.sp5.stage1,7.71308228740511e-05,0.00461634223558266,0.00612164513229203,1000
sp1,175,predation.predPrey.sizeRatio.alpha.sp5.stage2,5.90068036049181e-06,0.00613848334174962,0.00850948326730011,1000
sp1,176,predation.predPrey.sizeRatio.teta.sp6.stage1,6.12836266549934e-05,0.00820151860714394,0.0107776480271973,1000
sp1,177,predation.predPrey.sizeRatio.alpha.sp6.stage1,-4.75078808694086e-05,0.0135794993405019,0.0160014219402676,1000
sp1,178,predation.predPrey.sizeRatio.teta.sp7.stage1,0.000142258885741855,0.00488861549770447,0.00646697287909175,1000
sp1,179,predation.predPrey.sizeRatio.alpha.sp7.stage1,-0.000501675311173251,0.00866143322486149,0.0117439413191882,1000
sp1,180,predation.predPrey.sizeRatio.teta.sp8.stage1,-0.000210866841969418,0.00508884686932614,0.00665041865291707,1000
sp1,181,predation.predPrey.sizeRatio.alpha.sp8.stage1,0.00042241337126517,0.0150897461689737,0.0185306897755502,1000
sp1,182,predation.predPrey.sizeRatio.teta.sp9.stage1,2.77351516464927e-05,0.006372059593429,0.00863249808528843,1000
sp1,183,predation.predPrey.sizeRatio.alpha.sp9.stage1,0.000199031213156464,0.0139305186863422,0.0164423206187392,1000
sp1,184,predation.predPrey.sizeRatio.teta.sp10.stage1,0.000108069318176655,0.00474637974900702,0.00633480560180609,1000
sp1,185,predation.predPrey.sizeRatio.alpha.sp10.stage1,-1.69465459552054e-06,0.00729488142119291,0.00978589522005092,1000
sp1,186,predation.predPrey.sizeRatio.teta.sp11.stage1,0.000154203003305268,0.00465074503084921,0.00619847397058405,1000
sp1,187,predation.predPrey.sizeRatio.alpha.sp11.stage1,0.000140577441982483,0.00484111998257444,0.00643634879120708,1000
sp1,188,predation.predPrey.sizeRatio.teta.sp12.stage1,-0.000108871784511727,0.00537537934743209,0.00717280153377334,1000
sp1,189,predation.predPrey.sizeRatio.alpha.sp12.stage1,-7.46045799655601e-05,0.0052916618700742,0.00712490049047089,1000
sp1,190,predation.predPrey.sizeRatio.teta.sp13.stage1,1.45830420230141e-05,0.00471256345230848,0.00632608567704637,1000
sp1,191,predation.predPrey.sizeRatio.alpha.sp13.stage1,0.000423914790557333,0.0065545668927636,0.00897292024754016,1000
sp1,192,predation.predPrey.sizeRatio.teta.sp14.stage1,0.00010199358653897,0.00473101533136589,0.00618216472711983,1000
sp1,193,predation.predPrey.sizeRatio.alpha.sp14.stage1,-0.000172191648438549,0.00695176618321378,0.00897135247708233,1000
sp1,194,predation.predPrey.sizeRatio.teta.sp15.stage1,0.000295675910721107,0.00513305586084944,0.00695037076637294,1000
sp1,195,predation.predPrey.sizeRatio.alpha.sp15.stage1,-0.000275721603599237,0.00516183537670361,0.00703583958173325,1000
sp2,1,mortality.additional.rate.sp0,0.00307362729356158,0.0418815295253992,0.0622530422412738,1000
sp2,2,mortality.additional.rate.sp1,-0.00281367128521062,0.042250961451615,0.0647909021517405,1000
sp2,3,mortality.additional.rate.sp2,-0.00693466965295093,0.234464818249438,0.294323686073338,1000
sp2,4,mortality.additional.rate.sp3,3.16613991244269e-05,0.0501958842329256,0.0756960032415102,1000
sp2,5,mortality.additional.rate.sp4,0.004011487103608,0.0413028582314176,0.0620411293030206,1000
sp2,6,mortality.additional.rate.sp5,-0.00439779815122842,0.0410228857882283,0.0618950422941068,1000
sp2,7,mortality.additional.rate.sp6,0.00273264675022456,0.0397561948787119,0.0600255320727196,1000
sp2,8,mortality.additional.rate.sp7,-0.00102144858063181,0.0402021978303328,0.0612750598957978,1000
sp2,9,mortality.additional.rate.sp8,-0.00402188255898731,0.0427754373332597,0.0656665032838982,1000
sp2,10,mortality.additional.rate.sp9,0.00441796697868721,0.0387954829691464,0.0592286503851986,1000
sp2,11,mortality.additional.rate.sp10,0.00493371280132621,0.0415689762066458,0.0619452810709633,1000
sp2,12,mortality.additional.rate.sp11,-0.00103466521674457,0.0428039591728812,0.06470545457886,1000
sp2,13,mortality.additional.rate.sp12,-0.000881387911517294,0.0426728180389675,0.0628475030071068,1000
sp2,14,mortality.additional.rate.sp13,0.00257966162828682,0.0404941783382779,0.0609015539909651,1000
sp2,15,mortality.additional.rate.sp14,-0.00370380582638593,0.0408075713659804,0.0610288974506905,1000
sp2,16,mortality.additional.rate.sp15,-0.000177208043357421,0.0400454948392481,0.0616287786944463,1000
sp2,17,fisheries.rate.base.fsh0,-0.00085972414316042,0.0545623777659887,0.0819788490133266,1000
sp2,18,fisheries.rate.base.fsh1,0.0028210419859874,0.0619257753041811,0.0903979096098841,1000
sp2,19,fisheries.rate.base.fsh2,0.000530102867636484,0.0415672732334843,0.0622440458693255,1000
sp2,20,fisheries.rate.base.fsh3,0.00441548930342785,0.0409823876430641,0.062173374047405,1000
sp2,21,species.catchability.fsh0.sp0,-0.0031085469681851,0.0438929531512119,0.0675232839717006,1000
sp2,22,species.catchability.fsh0.sp1,0.00550543311256435,0.0393755695584784,0.0590459427448353,1000
sp2,23,species.catchability.fsh0.sp2,0.00432992614072835,0.0756506824578772,0.109908646642196,1000
sp2,24,species.catchability.fsh0.sp3,-0.00173455554328496,0.052568945384853,0.0798155395782073,1000
sp2,25,species.catchability.fsh0.sp5,-0.00274853572080279,0.0405301661749284,0.0601740831632753,1000
sp2,26,species.catchability.fsh0.sp7,0.00303853257316021,0.0413792250591994,0.0615024862838472,1000
sp2,27,species.catchability.fsh0.sp8,-0.0032840608132079,0.0426401053194141,0.064427814410249,1000
sp2,28,species.catchability.fsh0.sp9,-0.00229667857439275,0.0425064820552479,0.0642597818797838,1000
sp2,29,species.catchability.fsh0.sp10,0.00291689270406877,0.0465996883384363,0.0718384454950377,1000
sp2,30,species.catchability.fsh0.sp13,-0.00373154783018028,0.0435545275930233,0.0649913087381784,1000
sp2,31,species.catchability.fsh0.sp14,-0.000355346650695168,0.039565138856905,0.0578979636164268,1000
sp2,32,species.catchability.fsh0.sp15,0.00127662863485952,0.0415269352436347,0.0621691133307241,1000
sp2,33,species.catchability.fsh1.sp9,-0.000959275593243276,0.0430110156178954,0.0635083224451516,1000
sp2,34,species.catchability.fsh1.sp10,-0.000526015420615543,0.0519959520808993,0.0815457574374436,1000
sp2,35,species.catchability.fsh1.sp11,-0.00147408823707178,0.0430535571672441,0.0641330428696517,1000
sp2,36,species.catchability.fsh1.sp12,-0.000232751713353994,0.0456259775111823,0.0681175625140257,1000
sp2,37,species.catchability.fsh2.sp0,-0.00166712709681275,0.038194087160858,0.0569307079878723,1000
sp2,38,species.catchability.fsh2.sp5,-0.00104495928612605,0.0413156354176085,0.0623733799407486,1000
sp2,39,species.catchability.fsh2.sp7,0.000564352315460732,0.0384465873115208,0.0591483016149066,1000
sp2,40,species.catchability.fsh2.sp8,-0.00419162285523029,0.0413921243071267,0.0609698367725391,1000
sp2,41,species.catchability.fsh3.sp0,0.000625158849096753,0.039420918313842,0.0589925332574938,1000
sp2,42,species.catchability.fsh3.sp1,0.0018706822176751,0.0411804658035446,0.0626631592886268,1000
sp2,43,species.catchability.fsh3.sp2,-0.000426161017168467,0.040282161375943,0.0606946236565114,1000
sp2,44,species.catchability.fsh3.sp3,0.00386966443804131,0.0409981777157978,0.0607560125986018,1000
sp2,45,species.catchability.fsh3.sp5,0.00257230324186998,0.0418522715792407,0.0614144792483111,1000
sp2,46,species.catchability.fsh3.sp7,0.00109832963056816,0.0403303773348319,0.0603508555206502,1000
sp2,47,species.catchability.fsh3.sp8,0.000417883570558214,0.0414819788440333,0.0621563993384759,1000
sp2,48,species.catchability.fsh3.sp9,0.00221384477635741,0.0414507003837099,0.0606059317116831,1000
sp2,49,species.catchability.fsh3.sp10,0.00104202598733164,0.0406411370502389,0.0598078121912335,1000
sp2,50,species.catchability.fsh3.sp11,-0.000686999974412598,0.0403792453347097,0.0600526220760204,1000
sp2,51,species.catchability.fsh3.sp12,-0.00131599826621762,0.0399687984277159,0.0603481263624604,1000
sp2,52,species.catchability.fsh3.sp13,0.00169946848341329,0.0408845070755153,0.0617597070613086,1000
sp2,53,species.catchability.fsh3.sp14,0.00259800901294331,0.0397688356593624,0.0596203293138597,1000
sp2,54,species.catchability.fsh3.sp15,-0.00366067463684503,0.0437290017869386,0.066628407920528,1000
sp2,55,species.length2weight.condition.factor.sp0,-0.00174505157680364,0.0508758350499196,0.0785163752266966,1000
sp2,56,species.length2weight.condition.factor.sp1,0.00123637157867002,0.0401769140233603,0.0603424847966439,1000
sp2,57,species.length2weight.condition.factor.sp2,0.00898762350730435,0.255822065223776,0.373467566108648,1000
sp2,58,species.length2weight.condition.factor.sp3,0.00143836049765196,0.0545026887175892,0.0847736346949413,1000
sp2,59,species.length2weight.condition.factor.sp4,-0.000446016447196943,0.0456375244770832,0.0704936146317877,1000
sp2,60,species.length2weight.condition.factor.sp5,-0.00433252934252185,0.0409285372152475,0.0614196555415701,1000
sp2,61,species.length2weight.condition.factor.sp6,-0.00235563698118598,0.0396705851983608,0.060448932923984,1000
sp2,62,species.length2weight.condition.factor.sp7,0.00130808890436338,0.0417957671679789,0.0625822153935122,1000
sp2,63,species.length2weight.condition.factor.sp8,7.1109761773505e-05,0.0395644675306374,0.0588335159701944,1000
sp2,64,species.length2weight.condition.factor.sp9,-0.00119432822499725,0.049815974066576,0.0742064048673601,1000
sp2,65,species.length2weight.condition.factor.sp10,-0.00150842271864881,0.0491924385558431,0.0756380848742198,1000
sp2,66,species.length2weight.condition.factor.sp11,-0.00204158791601375,0.0421434698247902,0.064052471920574,1000
sp2,67,species.length2weight.condition.factor.sp12,0.00337258202223441,0.0400820265284856,0.0606578013845945,1000
sp2,68,species.length2weight.condition.factor.sp13,-0.0019662416978664,0.0415325425150059,0.0625333211989653,1000
sp2,69,species.length2weight.condition.factor.sp14,9.76013687158132e-05,0.0421129004955709,0.0621470532184116,1000
sp2,70,species.length2weight.condition.factor.sp15,-0.0012052525122102,0.0412673599345742,0.0630489430552843,1000
sp2,71,species.k.sp0,0.00476758164034793,0.0930110601470912,0.168586414619542,1000
sp2,72,species.k.sp1,0.00133270026787736,0.041904711232191,0.0620176791285134,1000
sp2,73,species.k.sp2,0.00860653250603959,0.801352437669301,0.980903936211481,1000
sp2,74,species.k.sp3,-0.00104221193904163,0.115462705560028,0.190613676741293,1000
sp2,75,species.k.sp4,-0.0029232158816751,0.107925266522883,0.144560873053843,1000
sp2,76,species.k.sp5,0.00164299422243768,0.0414882063092702,0.0594027786676603,1000
sp2,77,species.k.sp6,0.00244835194718693,0.0419436618326878,0.0632745266043476,1000
sp2,78,species.k.sp7,0.00104361504252044,0.0397890161105141,0.0622457561698605,1000
sp2,79,species.k.sp8,-0.00127401802400827,0.0539296200262038,0.0811218440505268,1000
sp2,80,species.k.sp9,-0.00561277053355678,0.0901319165111865,0.130702393472676,1000
sp2,81,species.k.sp10,-0.00366578553846366,0.0783915399217207,0.120184390328739,1000
sp2,82,species.k.sp11,-0.00304473982961691,0.0506368559117383,0.0760098808346394,1000
sp2,83,species.k.sp12,0.000633988158256067,0.0489104121356143,0.0744576579376101,1000
sp2,84,species.k.sp13,-0.0012492402766629,0.0947751745062794,0.144346039205113,1000
sp2,85,species.k.sp14,0.00245781260232879,0.0403406676059161,0.0609387361654857,1000
sp2,86,species.k.sp15,0.00220369903588942,0.0401079858534081,0.0619779407218202,1000
sp2,87,species.l0.sp0,0.000337932754269807,0.0474754877673056,0.0743211657191832,1000
sp2,88,species.l0.sp1,-0.00235946967520468,0.0412082824987187,0.0617432878709169,1000
sp2,89,species.l0.sp2,0.00261207181883416,0.733648660717307,0.922720838013607,1000
sp2,90,species.l0.sp3,-0.000964795318870756,0.0550227011781892,0.0857206428202353,1000
sp2,91,species.l0.sp4,0.00547111252260277,0.0736687848459728,0.102336068375265,1000
sp2,92,species.l0.sp5,-0.00108030678640523,0.0390475052194685,0.0581783838126795,1000
sp2,93,species.l0.sp6,0.00163272837759369,0.0406268807173051,0.0607848381468088,1000
sp2,94,species.l0.sp7,0.000737026449699397,0.039347456293945,0.0591288974074954,1000
sp2,95,species.l0.sp8,-0.00354994974483448,0.0462968001892318,0.0690459683406454,1000
sp2,96,species.l0.sp9,-0.00325172085400975,0.106393603175762,0.152702282224546,1000
sp2,97,species.l0.sp10,0.00350062795314778,0.126633801703349,0.194200501504218,1000
sp2,98,species.l0.sp11,0.00249295216960376,0.0475295817730577,0.0741232463255542,1000
sp2,99,species.l0.sp12,-0.0017267023620043,0.0414406735282239,0.0614309321688133,1000
sp2,100,species.l0.sp13,0.000415523408892469,0.041649448074989,0.0622267461615785,1000
sp2,101,species.l0.sp14,0.00036931712342619,0.0421298373730613,0.0640977755369587,1000
sp2,102,species.l0.sp15,0.000463721510157124,0.042878625469756,0.0639032242295244,1000
sp2,103,mortality.additional.larva.rate.sp0,0.00085136280321097,0.0981219550913002,0.177571644416813,1000
sp2,104,mortality.additional.larva.rate.sp1,0.000364416327927261,0.044802302920329,0.0672875205164413,1000
sp2,105,mortality.additional.larva.rate.sp2,-0.0615083365534933,2.65281385155822,3.11366575790685,1000
sp2,106,mortality.additional.larva.rate.sp3,-0.00022071973285391,0.248252766025396,0.399328513152731,1000
sp2,107,mortality.additional.larva.rate.sp4,0.00298001695093123,0.0410823111015391,0.0622783484513636,1000
sp2,108,mortality.additional.larva.rate.sp5,-0.000557603932303853,0.0399313052622233,0.0596626519105995,1000
sp2,109,mortality.additional.larva.rate.sp6,-0.00291025721853492,0.0404528400098925,0.0613134588024409,1000
sp2,110,mortality.additional.larva.rate.sp9,0.0152254799997717,0.184678144176095,0.258712911063269,1000
sp2,111,mortality.additional.larva.rate.sp10,-0.0107264470755125,0.191644033164554,0.293679708891654,1000
sp2,112,mortality.additional.larva.rate.sp11,-0.00234706377725653,0.0411097457421212,0.0637042119993954,1000
sp2,113,mortality.additional.larva.rate.sp12,-0.00445253103164053,0.0474070250282478,0.0721272114475267,1000
sp2,114,mortality.additional.larva.rate.sp13,-0.00141155210328541,0.0393078994604234,0.060543077731115,1000
sp2,115,mortality.additional.larva.rate.sp14,-0.00057470689870289,0.039638622754399,0.060749823403319,1000
sp2,116,mortality.additional.larva.rate.sp15,0.00671451650037696,0.0425606710354633,0.0648415049803085,1000
sp2,117,mortality.additional.larva.rate.mean.sp7,-0.00161599950463357,0.0407439255435852,0.0600791748553515,1000
sp2,118,mortality.additional.larva.rate.mean.sp8,0.000748401496671008,0.0408984852815034,0.0609962740633994,1000
sp2,119,species.linf.sp0,-0.0136675533270803,0.105817884294963,0.198651412913643,1000
sp2,120,species.linf.sp1,-0.00128116367550927,0.0478706045773442,0.0706926821708561,1000
sp2,121,species.linf.sp2,-0.0356425854080055,2.5174282219207,2.92859504918141,1000
sp2,122,species.linf.sp3,-0.0197694238898162,0.299381363236471,0.466613371811147,1000
sp2,123,species.linf.sp4,0.0152962482602263,0.306667094018138,0.395377928879466,1000
sp2,124,species.linf.sp5,-0.000350366016484722,0.066772330872921,0.0981104645486288,1000
sp2,125,species.linf.sp6,0.000207098170037513,0.043993133997649,0.0642724487317078,1000
sp2,126,species.linf.sp7,0.00154941495458814,0.0403258018481657,0.0614793418146422,1000
sp2,127,species.linf.sp8,-0.0101541336722807,0.111981807152786,0.159779186972265,1000
sp2,128,species.linf.sp9,0.00141377063770545,0.246521826363629,0.338597998755573,1000
sp2,129,species.linf.sp10,-0.00395341364254466,0.236653230753059,0.351115044091972,1000
sp2,130,species.linf.sp11,0.00402842900420447,0.0500849716263342,0.076357811664753,1000
sp2,131,species.linf.sp12,0.00960668650575716,0.125084326577568,0.177374829685617,1000
sp2,132,species.linf.sp13,-0.000260965321181129,0.0766327784300067,0.115986969171464,1000
sp2,133,species.linf.sp14,0.00136608110277322,0.0391800555486673,0.0598181567465479,1000
sp2,134,species.linf.sp15,-0.000781245882239444,0.04720616942891,0.0717067500020126,1000
sp2,135,species.accessibility2fish.sp16,-0.00126742359179366,0.0403109364870835,0.06106663651288,1000
sp2,136,species.accessibility2fish.sp17,-0.00162515905395159,0.0392869619386456,0.0577295414524253,1000
sp2,137,species.accessibility2fish.sp18,0.000360449183847552,0.0398322785466097,0.062064218271929,1000
sp2,138,species.accessibility2fish.sp19,-0.000205083365193761,0.0410030473215833,0.0628680183990984,1000
sp2,139,species.accessibility2fish.sp20,0.00445177105056323,0.0407145295130238,0.0617650713903535,1000
sp2,140,species.accessibility2fish.sp21,-0.00186527794444437,0.0761988347481578,0.137249175095556,1000
sp2,141,species.accessibility2fish.sp22,-0.0015015879856133,0.0450999268561865,0.0671714944369063,1000
sp2,142,species.accessibility2fish.sp23,-0.00289709252079314,0.0415003565667825,0.0621735660091392,1000
sp2,143,species.accessibility2fish.sp24,-0.0122511815367852,0.387316731071178,0.537058959691093,1000
sp2,144,species.accessibility2fish.sp25,-0.00060935871669733,0.0410848014273561,0.0607637257894895,1000
sp2,145,species.accessibility2fish.sp26,-0.000712049143470087,0.0426783192353966,0.0644467842361595,1000
sp2,146,species.maturity.size.ratio.sp0,0.00400896177475223,0.0955468981013456,0.184596640539723,1000
sp2,147,species.maturity.size.ratio.sp1,0.000136206032891336,0.0402983317606953,0.0602134989563372,1000
sp2,148,species.maturity.size.ratio.sp2,0.00426687623359097,0.0853017441075414,0.141972825834087,1000
sp2,149,species.maturity.size.ratio.sp3,0.000492750102171129,0.0449347645887864,0.0674555030201478,1000
sp2,150,species.maturity.size.ratio.sp4,0.00363037940112224,0.0459843217103365,0.0705951149460106,1000
sp2,151,species.maturity.size.ratio.sp5,-0.00128489822202876,0.0430521116818522,0.0659904257674222,1000
sp2,152,species.maturity.size.ratio.sp6,-0.00334833621968783,0.0443572479558645,0.0665061095775384,1000
sp2,153,species.maturity.size.ratio.sp7,0.00202799047634106,0.0416048938280943,0.0617307392667524,1000
sp2,154,species.maturity.size.ratio.sp8,-0.00193571010850147,0.0387811781034152,0.0575287981467494,1000
sp2,155,species.maturity.size.ratio.sp9,0.00120129354037093,0.0433807932367852,0.0660898540491081,1000
sp2,156,species.maturity.size.ratio.sp10,0.00266180203773725,0.0638798046980803,0.098412428883351,1000
sp2,157,species.maturity.size.ratio.sp11,0.00667295845472586,0.0928414014447164,0.137465711710445,1000
sp2,158,species.maturity.size.ratio.sp12,0.00191512678868183,0.0435243942764951,0.0651301779460566,1000
sp2,159,species.maturity.size.ratio.sp13,0.0018937201375518,0.107714895946888,0.176007862506314,1000
sp2,160,species.maturity.size.ratio.sp14,-0.00195698329677631,0.0431530663683947,0.0650180625830112,1000
sp2,161,species.maturity.size.ratio.sp15,-0.00276592631142819,0.043494817560278,0.0650706103705132,1000
sp2,162,predation.predPrey.sizeRatio.teta.sp0.stage1,-0.000218629437595936,0.0403573063585923,0.0624699332017614,1000
sp2,163,predation.predPrey.sizeRatio.alpha.sp0.stage1,-0.0021688432978187,0.0523795355178669,0.0824507864319513,1000
sp2,164,predation.predPrey.sizeRatio.teta.sp1.stage1,0.00189766739450976,0.0406680649307322,0.0594709004844094,1000
sp2,165,predation.predPrey.sizeRatio.alpha.sp1.stage1,0.00328354106072044,0.0482306166281083,0.0714907328077777,1000
sp2,166,predation.predPrey.sizeRatio.teta.sp2.stage1,0.00219766910813362,0.0638631774180405,0.0930928638287192,1000
sp2,167,predation.predPrey.sizeRatio.alpha.sp2.stage1,0.0243606260476474,0.779726509974564,1.07543224545438,1000
sp2,168,predation.predPrey.sizeRatio.teta.sp3.stage1,-0.00125389759732326,0.0404111622456424,0.0612372882670964,1000
sp2,169,predation.predPrey.sizeRatio.alpha.sp3.stage1,0.00350973851734187,0.100238721740663,0.16108175062046,1000
sp2,170,predation.predPrey.sizeRatio.teta.sp4.stage1,0.00106336902205842,0.0513464437275417,0.0808532393727547,1000
sp2,171,predation.predPrey.sizeRatio.alpha.sp4.stage1,-0.00539717891735581,0.122298190103183,0.174724361491523,1000
sp2,172,predation.predPrey.sizeRatio.teta.sp5.stage1,0.0039281302414496,0.0418827074087023,0.0631508066984334,1000
sp2,173,predation.predPrey.sizeRatio.teta.sp5.stage2,-0.000494248755009208,0.0588113782538361,0.0867563451821827,1000
sp2,174,predation.predPrey.sizeRatio.alpha.sp5.stage1,-4.5353805752415e-05,0.0401010094399109,0.0625220165134899,1000
sp2,175,predation.predPrey.sizeRatio.alpha.sp5.stage2,0.000895328108376026,0.0456522286209989,0.0677859771151039,1000
sp2,176,predation.predPrey.sizeRatio.teta.sp6.stage1,0.00280660920153863,0.0409085914415828,0.0613175639300164,1000
sp2,177,predation.predPrey.sizeRatio.alpha.sp6.stage1,0.00320053557519478,0.0424574036648196,0.062024588340476,1000
sp2,178,predation.predPrey.sizeRatio.teta.sp7.stage1,-0.00253944426976781,0.0390977779520787,0.058334825083937,1000
sp2,179,predation.predPrey.sizeRatio.alpha.sp7.stage1,-0.00129684575669748,0.042134414864971,0.0642952867177173,1000
sp2,180,predation.predPrey.sizeRatio.teta.sp8.stage1,0.00230075686440476,0.0413818092114847,0.0623457292055509,1000
sp2,181,predation.predPrey.sizeRatio.alpha.sp8.stage1,0.000272452285636042,0.0700241374456834,0.106098139861416,1000
sp2,182,predation.predPrey.sizeRatio.teta.sp9.stage1,-0.00266864460689103,0.0478760661010149,0.0726316711816138,1000
sp2,183,predation.predPrey.sizeRatio.alpha.sp9.stage1,0.00366651307477993,0.0607423436893249,0.0922094431694678,1000
sp2,184,predation.predPrey.sizeRatio.teta.sp10.stage1,-0.00403051269447629,0.0447634006382424,0.067507131307037,1000
sp2,185,predation.predPrey.sizeRatio.alpha.sp10.stage1,0.00403365704717409,0.0658781456944518,0.110210068837035,1000
sp2,186,predation.predPrey.sizeRatio.teta.sp11.stage1,-1.9352522616959e-05,0.0431215807748434,0.0645394978775386,1000
sp2,187,predation.predPrey.sizeRatio.alpha.sp11.stage1,-0.00109827398695993,0.0425174483605616,0.0647746111215973,1000
sp2,188,predation.predPrey.sizeRatio.teta.sp12.stage1,0.0018997424118262,0.0487352444067966,0.0730516034035325,1000
sp2,189,predation.predPrey.sizeRatio.alpha.sp12.stage1,-0.00386949978062619,0.0726071570996029,0.108990724430655,1000
sp2,190,predation.predPrey.sizeRatio.teta.sp13.stage1,-0.00010632358418821,0.0393534368224212,0.0596806058831129,1000
sp2,191,predation.predPrey.sizeRatio.alpha.sp13.stage1,0.00298290772078077,0.0797093386239582,0.121022271466848,1000
sp2,192,predation.predPrey.sizeRatio.teta.sp14.stage1,0.00180280887976111,0.0415521788939694,0.0617915400200569,1000
sp2,193,predation.predPrey.sizeRatio.alpha.sp14.stage1,0.00260486354205158,0.0419452556529825,0.0630486735875354,1000
sp2,194,predation.predPrey.sizeRatio.teta.sp15.stage1,-0.00328080926356292,0.0406450584957683,0.0610944875191613,1000
sp2,195,predation.predPrey.sizeRatio.alpha.sp15.stage1,-0.00231126229420818,0.0480015655388201,0.0723201149014158,1000
sp3,1,mortality.additional.rate.sp0,-0.00155805226012274,0.0651689223118846,0.0958301459296973,1000
sp3,2,mortality.additional.rate.sp1,-0.00103289559572466,0.06761264494983,0.0987846300064356,1000
sp3,3,mortality.additional.rate.sp2,0.000326798536049742,0.0737580325607857,0.108910853826982,1000
sp3,4,mortality.additional.rate.sp3,0.0134812606990676,0.260140491097652,0.314139129830695,1000
sp3,5,mortality.additional.rate.sp4,0.00328612430170191,0.0656590132364047,0.0956318022986129,1000
sp3,6,mortality.additional.rate.sp5,0.00010179977062206,0.075331649261268,0.107315157734055,1000
sp3,7,mortality.additional.rate.sp6,0.00443501166833172,0.0664506866500319,0.0979014898722792,1000
sp3,8,mortality.additional.rate.sp7,-0.00470768769862733,0.0733876516960193,0.106514120835198,1000
sp3,9,mortality.additional.rate.sp8,0.0026983129110203,0.066711889355765,0.0999192655369293,1000
sp3,10,mortality.additional.rate.sp9,0.00145019656482179,0.0671493081230413,0.0977142207761105,1000
sp3,11,mortality.additional.rate.sp10,0.00134506438786159,0.0629018446976235,0.0947331695479197,1000
sp3,12,mortality.additional.rate.sp11,-0.00237553079341498,0.0623413138565966,0.0928968729515702,1000
sp3,13,mortality.additional.rate.sp12,-0.00330114007906959,0.0688400037281461,0.101100338667742,1000
sp3,14,mortality.additional.rate.sp13,-0.00377881728827051,0.0702105441286584,0.103255413727266,1000
sp3,15,mortality.additional.rate.sp14,0.00100147239346349,0.066794774808399,0.0975673871702873,1000
sp3,16,mortality.additional.rate.sp15,-0.00306480728692764,0.0642573150723539,0.0949223799050673,1000
sp3,17,fisheries.rate.base.fsh0,0.00916767142591869,0.234146767229737,0.273849452029764,1000
sp3,18,fisheries.rate.base.fsh1,0.00156977961363501,0.106517845234126,0.157196084756083,1000
sp3,19,fisheries.rate.base.fsh2,-0.00559640650004413,0.0688297766605962,0.101484961293147,1000
sp3,20,fisheries.rate.base.fsh3,-0.00388958069654588,0.0742390588380243,0.104166497085464,1000
sp3,21,species.catchability.fsh0.sp0,0.00053395269706631,0.0735825171130657,0.108931758316338,1000
sp3,22,species.catchability.fsh0.sp1,0.00081746340004003,0.0727822373737625,0.106976435963234,1000
sp3,23,species.catchability.fsh0.sp2,-0.00199767223663702,0.0669446065439188,0.0983032959012109,1000
sp3,24,species.catchability.fsh0.sp3,0.0248286400125321,0.347553923752849,0.395729107546015,1000
sp3,25,species.catchability.fsh0.sp5,0.000864836357107402,0.0724952424557958,0.105216942385333,1000
sp3,26,species.catchability.fsh0.sp7,0.000987112253659738,0.0685627576881675,0.101943589721824,1000
sp3,27,species.catchability.fsh0.sp8,-0.000123116289124066,0.0672166129055143,0.0986944245469684,1000
sp3,28,species.catchability.fsh0.sp9,-9.57543935245248e-05,0.0675853761436901,0.0977338194156752,1000
sp3,29,species.catchability.fsh0.sp10,0.00274980128695306,0.0785085511829041,0.118997091789839,1000
sp3,30,species.catchability.fsh0.sp13,0.0018524471672683,0.065846361358327,0.0983319260627169,1000
sp3,31,species.catchability.fsh0.sp14,0.00056062968546084,0.067370045952953,0.0984675999832515,1000
sp3,32,species.catchability.fsh0.sp15,-0.00163839615110356,0.0666743858658171,0.0973970003298682,1000
sp3,33,species.catchability.fsh1.sp9,0.000573974891698058,0.0633075909523703,0.0933529246831128,1000
sp3,34,species.catchability.fsh1.sp10,-0.00090731604237489,0.0859698626990507,0.127890017568704,1000
sp3,35,species.catchability.fsh1.sp11,0.00385666680300701,0.0643793062929885,0.0956322737266104,1000
sp3,36,species.catchability.fsh1.sp12,0.00655012107969135,0.0795989605923786,0.117380601352427,1000
sp3,37,species.catchability.fsh2.sp0,-0.00228505598863722,0.0695176675095905,0.102459880724727,1000
sp3,38,species.catchability.fsh2.sp5,-0.00211985095648461,0.0651250167836458,0.0963593969269015,1000
sp3,39,species.catchability.fsh2.sp7,-0.00218852226601125,0.0677125608307812,0.101475569552821,1000
sp3,40,species.catchability.fsh2.sp8,-0.00469255122188551,0.065368714826495,0.0946553415814157,1000
sp3,41,species.catchability.fsh3.sp0,-0.00552889279082156,0.0686972782733346,0.100052617166538,1000
sp3,42,species.catchability.fsh3.sp1,-0.00335161510445109,0.0670856631948762,0.0978131672519355,1000
sp3,43,species.catchability.fsh3.sp2,0.00169385521414145,0.0680731010505776,0.100564396628831,1000
sp3,44,species.catchability.fsh3.sp3,-0.00531344200229979,0.0828502318379232,0.115110383749828,1000
sp3,45,species.catchability.fsh3.sp5,0.00187862073045607,0.0659482725994878,0.0973920624316538,1000
sp3,46,species.catchability.fsh3.sp7,0.000361559746045409,0.0666726807989766,0.100899565984487,1000
sp3,47,species.catchability.fsh3.sp8,-0.000442297338393865,0.0682970721071211,0.0990208608587262,1000
sp3,48,species.catchability.fsh3.sp9,-0.002446608344873,0.0704269431315035,0.103054386721644,1000
sp3,49,species.catchability.fsh3.sp10,0.000112770045434242,0.0690501322953688,0.0994959465439312,1000
sp3,50,species.catchability.fsh3.sp11,0.00374671949024057,0.070273866831952,0.102058463253519,1000
sp3,51,species.catchability.fsh3.sp12,0.00391540875731775,0.0687791283678687,0.102708434034966,1000
sp3,52,species.catchability.fsh3.sp13,0.0023779037199382,0.0658829800527505,0.0968061310340554,1000
sp3,53,species.catchability.fsh3.sp14,-3.33575097902203e-05,0.0675619671189281,0.101975928556852,1000
sp3,54,species.catchability.fsh3.sp15,0.00151713466426905,0.0720675513126925,0.10600783226743,1000
sp3,55,species.length2weight.condition.factor.sp0,-0.00428701800315572,0.0813811128994955,0.124061921876088,1000
sp3,56,species.length2weight.condition.factor.sp1,0.00324394818511746,0.0679257831376292,0.0992661476075295,1000
sp3,57,species.length2weight.condition.factor.sp2,-0.00311537719563732,0.0871392834441576,0.12923398106905,1000
sp3,58,species.length2weight.condition.factor.sp3,-0.00590189602248259,0.393586224826614,0.487046184656622,1000
sp3,59,species.length2weight.condition.factor.sp4,0.00836673356080728,0.0745557397555289,0.108064460994286,1000
sp3,60,species.length2weight.condition.factor.sp5,0.00295273393239548,0.0669548724288212,0.0995680552768614,1000
sp3,61,species.length2weight.condition.factor.sp6,0.00227134996297894,0.0686528393419401,0.0996398318790177,1000
sp3,62,species.length2weight.condition.factor.sp7,0.00402003416555175,0.0673550327832731,0.0992082210429276,1000
sp3,63,species.length2weight.condition.factor.sp8,-0.0019844374683537,0.0669778542536667,0.0987740468136092,1000
sp3,64,species.length2weight.condition.factor.sp9,-0.00236017082770186,0.0778097019481882,0.11215948444371,1000
sp3,65,species.length2weight.condition.factor.sp10,-0.00396344490769516,0.0820699169659849,0.121523243896167,1000
sp3,66,species.length2weight.condition.factor.sp11,0.00246140674714873,0.0670291231155132,0.100573838532116,1000
sp3,67,species.length2weight.condition.factor.sp12,-0.0024858821312894,0.0703976296052989,0.103213118172553,1000
sp3,68,species.length2weight.condition.factor.sp13,0.00247131112881824,0.0688868564006753,0.103496316642463,1000
sp3,69,species.length2weight.condition.factor.sp14,-0.0042024476779485,0.0638782889690591,0.0954641523834136,1000
sp3,70,species.length2weight.condition.factor.sp15,-0.00157841767215177,0.0649037102643907,0.0932410772959088,1000
sp3,71,species.k.sp0,-0.0106438337287251,0.163497692336641,0.271511974955575,1000
sp3,72,species.k.sp1,-0.00678332990914854,0.069535641560637,0.101288851336903,1000
sp3,73,species.k.sp2,-0.000157303032265945,0.17866815784822,0.265972587644415,1000
sp3,74,species.k.sp3,0.00668784572957436,1.01687574972657,1.25407368896115,1000
sp3,75,species.k.sp4,0.00192534702390001,0.0757254383633325,0.115877692481072,1000
sp3,76,species.k.sp5,0.002207574889808,0.0721239446058504,0.103488858323536,1000
sp3,77,species.k.sp6,-0.00576067657706743,0.0737675984598295,0.112927150549764,1000
sp3,78,species.k.sp7,-0.00268683642561025,0.066045217133547,0.098137591332453,1000
sp3,79,species.k.sp8,0.00383646633444802,0.0800421672007685,0.119001555431099,1000
sp3,80,species.k.sp9,-0.00429530823905705,0.157641053194484,0.222515358597001,1000
sp3,81,species.k.sp10,-0.0116065322007906,0.127828323035182,0.185922753043085,1000
sp3,82,species.k.sp11,0.00267014991554885,0.0866179771956687,0.129447242171952,1000
sp3,83,species.k.sp12,-0.00192943265163545,0.0727580086552857,0.106739078439389,1000
sp3,84,species.k.sp13,-0.00170370507236019,0.140570546923932,0.225674240438007,1000
sp3,85,species.k.sp14,-0.00155902020191343,0.064489628744429,0.0949406088400409,1000
sp3,86,species.k.sp15,-0.0032390525803077,0.0717745471515998,0.107055515733521,1000
sp3,87,species.l0.sp0,0.00458202313717726,0.0828502172405042,0.129854213340412,1000
sp3,88,species.l0.sp1,0.00294008740740867,0.0709541833709341,0.103151647356084,1000
sp3,89,species.l0.sp2,-0.00421300647388387,0.178161620080976,0.273714725532459,1000
sp3,90,species.l0.sp3,-0.0108913303721394,0.350955334487707,0.448282219325308,1000
sp3,91,species.l0.sp4,0.00155791180847599,0.0820517843673168,0.122367930685418,1000
sp3,92,species.l0.sp5,0.00171577029011242,0.0669564716888442,0.0984917490094537,1000
sp3,93,species.l0.sp6,0.00527809562055913,0.0707165890655423,0.105147987852271,1000
sp3,94,species.l0.sp7,-0.00236919228359435,0.0695852749187853,0.101628811292906,1000
sp3,95,species.l0.sp8,0.000774960576301081,0.0686853516421098,0.105607822112212,1000
sp3,96,species.l0.sp9,0.00301729119747569,0.189386706232396,0.26240503672902,1000
sp3,97,species.l0.sp10,-0.0103805214118953,0.205639003700803,0.305320271675615,1000
sp3,98,species.l0.sp11,0.00533955111342047,0.0769787718046437,0.114117152317471,1000
sp3,99,species.l0.sp12,-0.00384612097518419,0.068124858869829,0.102110384456711,1000
sp3,100,species.l0.sp13,0.00148050604113544,0.0715624444980354,0.103960490925432,1000
sp3,101,species.l0.sp14,-4.77869381070426e-05,0.0661874767724796,0.0980914137585991,1000
sp3,102,species.l0.sp15,0.00131882558038762,0.0674874183408064,0.101061646354572,1000
sp3,103,mortality.additional.larva.rate.sp0,0.0137897473193696,0.157102745425842,0.254768998919385,1000
sp3,104,mortality.additional.larva.rate.sp1,-0.000113691215558073,0.0715205947536285,0.107251191433765,1000
sp3,105,mortality.additional.larva.rate.sp2,0.0114006414908055,0.439652350151902,0.690956387467058,1000
sp3,106,mortality.additional.larva.rate.sp3,-0.122026348293196,2.77492624418072,3.27064808039686,1000
sp3,107,mortality.additional.larva.rate.sp4,0.000423807273347201,0.0676625204794531,0.0977470820764009,1000
sp3,108,mortality.additional.larva.rate.sp5,-0.000730956428502769,0.0669295180503207,0.0989479639907246,1000
sp3,109,mortality.additional.larva.rate.sp6,-0.00115653889209119,0.0668233328746021,0.0969433291117898,1000
sp3,110,mortality.additional.larva.rate.sp9,0.0122412211570951,0.200655726449228,0.291753972609587,1000
sp3,111,mortality.additional.larva.rate.sp10,0.0137330493032125,0.319816159765948,0.456864400245281,1000
sp3,112,mortality.additional.larva.rate.sp11,0.00115841882557077,0.070594339151997,0.104445564261888,1000
sp3,113,mortality.additional.larva.rate.sp12,-0.00283726692661871,0.0733728388173174,0.105730515873114,1000
sp3,114,mortality.additional.larva.rate.sp13,-0.00480828493357303,0.0633651146207037,0.0933772633461848,1000
sp3,115,mortality.additional.larva.rate.sp14,0.0030113793940333,0.0688657857666812,0.103413860609018,1000
sp3,116,mortality.additional.larva.rate.sp15,0.00310148400142006,0.0747126038746091,0.109958332237201,1000
sp3,117,mortality.additional.larva.rate.mean.sp7,-0.000755501815763496,0.0642640609565118,0.0950666131856872,1000
sp3,118,mortality.additional.larva.rate.mean.sp8,0.000922960913255397,0.0643127164082724,0.0939402457827849,1000
sp3,119,species.linf.sp0,-0.0112891992451439,0.195258626272035,0.33682941806755,1000
sp3,120,species.linf.sp1,-0.00500649239832839,0.0707284222537585,0.104106598090255,1000
sp3,121,species.linf.sp2,0.0023361487825137,0.497944206980386,0.721310715980094,1000
sp3,122,species.linf.sp3,0.209337840914425,3.33286301028644,3.80777649329344,1000
sp3,123,species.linf.sp4,-0.00178835263009938,0.123364900985355,0.192742481495413,1000
sp3,124,species.linf.sp5,0.00183155416074816,0.115282024166838,0.14716135808866,1000
sp3,125,species.linf.sp6,-0.00381239827605326,0.095939223570736,0.142933401295702,1000
sp3,126,species.linf.sp7,-0.00124920524912708,0.0683240399669051,0.102705658233764,1000
sp3,127,species.linf.sp8,0.00531600560259566,0.13991195250005,0.199444866832391,1000
sp3,128,species.linf.sp9,0.00681342149688257,0.404666478419749,0.532481270113192,1000
sp3,129,species.linf.sp10,-0.00817148940756455,0.408323782495158,0.578386605446766,1000
sp3,130,species.linf.sp11,-0.00672279119290765,0.089887768288078,0.131462318811464,1000
sp3,131,species.linf.sp12,0.0180763953629207,0.246022787589985,0.349740852298923,1000
sp3,132,species.linf.sp13,-0.00478361928018394,0.100262466748914,0.160224333373458,1000
sp3,133,species.linf.sp14,-0.00369503932976126,0.0694302162140404,0.102030963731684,1000
sp3,134,species.linf.sp15,-0.00236421683577071,0.0852855100478011,0.125575768553106,1000
sp3,135,species.accessibility2fish.sp16,0.00264227835331097,0.0647705554023272,0.0930577027206789,1000
sp3,136,species.accessibility2fish.sp17,0.000888854697332634,0.0689300055786496,0.0999654140049162,1000
sp3,137,species.accessibility2fish.sp18,-0.0022013203120235,0.0701502133944594,0.104179748562805,1000
sp3,138,species.accessibility2fish.sp19,-0.00263281950382137,0.071396506935174,0.105797181050786,1000
sp3,139,species.accessibility2fish.sp20,0.0028032974129879,0.0675281283042984,0.099392369657136,1000
sp3,140,species.accessibility2fish.sp21,0.00379606513541597,0.0805253456568527,0.12603290815821,1000
sp3,141,species.accessibility2fish.sp22,-0.00606408086730968,0.0650678631307328,0.0976663558169886,1000
sp3,142,species.accessibility2fish.sp23,0.00308237284299355,0.0681820384932727,0.100338552940926,1000
sp3,143,species.accessibility2fish.sp24,-0.00576964686178211,0.419795870947203,0.60943661834892,1000
sp3,144,species.accessibility2fish.sp25,-0.00202497777098329,0.0651583652688229,0.0953025636745467,1000
sp3,145,species.accessibility2fish.sp26,-0.00147841469699076,0.0715141998220119,0.107681099274935,1000
sp3,146,species.maturity.size.ratio.sp0,0.0026731248264815,0.195630283404579,0.338883064402755,1000
sp3,147,species.maturity.size.ratio.sp1,-0.000391380194310249,0.0644656885002101,0.0962983324654501,1000
sp3,148,species.maturity.size.ratio.sp2,-0.00407343271269538,0.0743037062123538,0.107834704891527,1000
sp3,149,species.maturity.size.ratio.sp3,-0.00974321330270111,0.139728931135269,0.218396070990387,1000
sp3,150,species.maturity.size.ratio.sp4,0.00548763911712896,0.0770176360982954,0.112110116192111,1000
sp3,151,species.maturity.size.ratio.sp5,0.00596713401068095,0.0717464400852273,0.106512605401326,1000
sp3,152,species.maturity.size.ratio.sp6,0.00219887397725259,0.0707981029486281,0.10358915499992,1000
sp3,153,species.maturity.size.ratio.sp7,0.00220398157635693,0.0656790593608014,0.0968672369538793,1000
sp3,154,species.maturity.size.ratio.sp8,-0.00130722624609955,0.0690136348000161,0.10093254448506,1000
sp3,155,species.maturity.size.ratio.sp9,-0.00265257666536469,0.069155864727194,0.1015634023753,1000
sp3,156,species.maturity.size.ratio.sp10,-0.00160622581223797,0.0987638715628131,0.148463931820526,1000
sp3,157,species.maturity.size.ratio.sp11,0.00587604378353049,0.173674721179693,0.245108741165323,1000
sp3,158,species.maturity.size.ratio.sp12,0.00167060016282359,0.0663318452045641,0.0983895160116612,1000
sp3,159,species.maturity.size.ratio.sp13,0.0123405969890389,0.172702306474229,0.260487086782683,1000
sp3,160,species.maturity.size.ratio.sp14,0.00703982236641812,0.067988040265298,0.099907964135596,1000
sp3,161,species.maturity.size.ratio.sp15,-0.000531816427045619,0.0769235869343156,0.117835176390576,1000
sp3,162,predation.predPrey.sizeRatio.teta.sp0.stage1,0.0039089378502772,0.0670334204889441,0.0994295123822498,1000
sp3,163,predation.predPrey.sizeRatio.alpha.sp0.stage1,0.00113394689837513,0.0810532898705884,0.1250540836012,1000
sp3,164,predation.predPrey.sizeRatio.teta.sp1.stage1,-0.0027277081040533,0.0658784329891919,0.0980761286925399,1000
sp3,165,predation.predPrey.sizeRatio.alpha.sp1.stage1,0.00103953771636298,0.0736968606127513,0.10965623463938,1000
sp3,166,predation.predPrey.sizeRatio.teta.sp2.stage1,-0.00110707517837149,0.0696954870954335,0.104428384366957,1000
sp3,167,predation.predPrey.sizeRatio.alpha.sp2.stage1,-0.00413492826999987,0.19639283890689,0.299089971312968,1000
sp3,168,predation.predPrey.sizeRatio.teta.sp3.stage1,0.0013859807171511,0.0687467230262625,0.097607003868675,1000
sp3,169,predation.predPrey.sizeRatio.alpha.sp3.stage1,-0.0150383599145588,0.732555633492912,1.05598235771289,1000
sp3,170,predation.predPrey.sizeRatio.teta.sp4.stage1,-0.00211200126366003,0.069303321022496,0.103221881379033,1000
sp3,171,predation.predPrey.sizeRatio.alpha.sp4.stage1,-0.00656440165975949,0.0856960780765775,0.12878747921581,1000
sp3,172,predation.predPrey.sizeRatio.teta.sp5.stage1,-0.00202639165250242,0.0687161617332577,0.099818731765914,1000
sp3,173,predation.predPrey.sizeRatio.teta.sp5.stage2,0.000508199397165306,0.0875432216516606,0.11642157272893,1000
sp3,174,predation.predPrey.sizeRatio.alpha.sp5.stage1,0.00208090434875379,0.0658751810234846,0.0969229523260198,1000
sp3,175,predation.predPrey.sizeRatio.alpha.sp5.stage2,0.00477513033865022,0.106529826003125,0.145574676925389,1000
sp3,176,predation.predPrey.sizeRatio.teta.sp6.stage1,-0.00342853881973486,0.0645368572157296,0.095826784338879,1000
sp3,177,predation.predPrey.sizeRatio.alpha.sp6.stage1,0.000851754148941961,0.0687897822563941,0.1020019979097,1000
sp3,178,predation.predPrey.sizeRatio.teta.sp7.stage1,0.00198013046066837,0.0702563888472213,0.103624150356873,1000
sp3,179,predation.predPrey.sizeRatio.alpha.sp7.stage1,-0.00284566162024015,0.0691135995648106,0.10079251398042,1000
sp3,180,predation.predPrey.sizeRatio.teta.sp8.stage1,-0.00170350174099086,0.0677823570841188,0.0976543001299393,1000
sp3,181,predation.predPrey.sizeRatio.alpha.sp8.stage1,-0.00249031466407098,0.112801329765705,0.161846678563014,1000
sp3,182,predation.predPrey.sizeRatio.teta.sp9.stage1,-0.00528462766028008,0.0753492551128367,0.108293283130391,1000
sp3,183,predation.predPrey.sizeRatio.alpha.sp9.stage1,-0.00431627259858148,0.130029576078064,0.183152252205337,1000
sp3,184,predation.predPrey.sizeRatio.teta.sp10.stage1,-0.00226961372398282,0.0721549449004012,0.105664934456105,1000
sp3,185,predation.predPrey.sizeRatio.alpha.sp10.stage1,0.000768917259031094,0.106721850889358,0.158274383685873,1000
sp3,186,predation.predPrey.sizeRatio.teta.sp11.stage1,0.00267458101841686,0.0693675102804841,0.101960645346636,1000
sp3,187,predation.predPrey.sizeRatio.alpha.sp11.stage1,-0.00157027627057418,0.0704010867360653,0.106542550724413,1000
sp3,188,predation.predPrey.sizeRatio.teta.sp12.stage1,7.0292655590796e-05,0.10259284052997,0.153464363831893,1000
sp3,189,predation.predPrey.sizeRatio.alpha.sp12.stage1,0.0116979303562313,0.115245168596171,0.171924042532848,1000
sp3,190,predation.predPrey.sizeRatio.teta.sp13.stage1,-0.00408831174414022,0.0663779919147686,0.0958909767474606,1000
sp3,191,predation.predPrey.sizeRatio.alpha.sp13.stage1,0.000343656052695519,0.0861644485778522,0.129152631299089,1000
sp3,192,predation.predPrey.sizeRatio.teta.sp14.stage1,0.00210775539586383,0.0694091584452613,0.100933896316715,1000
sp3,193,predation.predPrey.sizeRatio.alpha.sp14.stage1,-0.00257638598464741,0.0638561239550472,0.0947622803523566,1000
sp3,194,predation.predPrey.sizeRatio.teta.sp15.stage1,-0.0017975945766285,0.0634232055813125,0.0961533213871167,1000
sp3,195,predation.predPrey.sizeRatio.alpha.sp15.stage1,0.00643312600777395,0.0747697424307904,0.110677960050269,1000
sp4,1,mortality.additional.rate.sp0,7.65066280430648e-05,0.018702499480154,0.0260940591043022,1000
sp4,2,mortality.additional.rate.sp1,-0.000491369986577754,0.0184394565597347,0.025482805537913,1000
sp4,3,mortality.additional.rate.sp2,-0.000826751255871687,0.0224881921342072,0.0308118407065019,1000
sp4,4,mortality.additional.rate.sp3,-0.0015846370912628,0.027787522863869,0.0368996989794429,1000
sp4,5,mortality.additional.rate.sp4,-0.000248877961745884,0.0247857635320519,0.033715999651484,1000
sp4,6,mortality.additional.rate.sp5,7.76501796463252e-07,0.0283185630442607,0.0385631878406383,1000
sp4,7,mortality.additional.rate.sp6,0.00235338168006807,0.0182244607907077,0.0254182407013079,1000
sp4,8,mortality.additional.rate.sp7,-0.000109493969347513,0.0176963824611066,0.0252044312103197,1000
sp4,9,mortality.additional.rate.sp8,0.0002074562313962,0.0178783218364385,0.0255469220633712,1000
sp4,10,mortality.additional.rate.sp9,-0.000701515065856992,0.0181710247519168,0.0255982979981705,1000
sp4,11,mortality.additional.rate.sp10,-0.0003477881348196,0.0182667444163293,0.0252460274767175,1000
sp4,12,mortality.additional.rate.sp11,0.00139759649895604,0.0180842973563441,0.0249890621864196,1000
sp4,13,mortality.additional.rate.sp12,-0.00191083020110861,0.0187683836436098,0.0270772287285054,1000
sp4,14,mortality.additional.rate.sp13,0.000945593971042879,0.0179802385183114,0.0249946114859784,1000
sp4,15,mortality.additional.rate.sp14,-0.000156278506297319,0.0176439582871394,0.0236030693539464,1000
sp4,16,mortality.additional.rate.sp15,7.95271733741198e-05,0.0186535823453237,0.0269263930191931,1000
sp4,17,fisheries.rate.base.fsh0,0.000207303673056798,0.0690117906303079,0.078306817724128,1000
sp4,18,fisheries.rate.base.fsh1,0.00103614445078569,0.0212171377545767,0.0279718042712143,1000
sp4,19,fisheries.rate.base.fsh2,-0.000930742324000342,0.0180198833416248,0.0245757108637875,1000
sp4,20,fisheries.rate.base.fsh3,0.000652539589334642,0.0231017472214557,0.0309253214616637,1000
sp4,21,species.catchability.fsh0.sp0,0.00225304142472581,0.037718661080062,0.0491732587751184,1000
sp4,22,species.catchability.fsh0.sp1,-0.000687920329654608,0.0177307075138209,0.025220483304365,1000
sp4,23,species.catchability.fsh0.sp2,6.64095066437012e-05,0.0188129246898852,0.0259637707568861,1000
sp4,24,species.catchability.fsh0.sp3,-0.00303459328424021,0.0396390088365331,0.049768414168587,1000
sp4,25,species.catchability.fsh0.sp5,-8.39527151196431e-05,0.0192415389570293,0.0258942116308105,1000
sp4,26,species.catchability.fsh0.sp7,0.000309546812486226,0.0185776860544581,0.0267672220450927,1000
sp4,27,species.catchability.fsh0.sp8,0.000809286031786851,0.0178085785584323,0.0238112687136863,1000
sp4,28,species.catchability.fsh0.sp9,0.000455643815525272,0.0182528229992298,0.0256725737833025,1000
sp4,29,species.catchability.fsh0.sp10,-0.000847311877502953,0.019239824157153,0.0276906435023305,1000
sp4,30,species.catchability.fsh0.sp13,0.00137589366394771,0.0176647672816182,0.0254797337909807,1000
sp4,31,species.catchability.fsh0.sp14,0.00087776742919643,0.0183677062565529,0.025841108414235,1000
sp4,32,species.catchability.fsh0.sp15,-6.92350517891722e-05,0.0193160286873071,0.0277003132933416,1000
sp4,33,species.catchability.fsh1.sp9,0.000495765832663551,0.0206835351376401,0.0276735542841952,1000
sp4,34,species.catchability.fsh1.sp10,-0.000105188825332174,0.0199210792040313,0.028901006920925,1000
sp4,35,species.catchability.fsh1.sp11,7.27401185106729e-05,0.0180547924162949,0.0257180071113727,1000
sp4,36,species.catchability.fsh1.sp12,0.00109485842239238,0.0178106944067295,0.025252076334417,1000
sp4,37,species.catchability.fsh2.sp0,-5.07413944731074e-05,0.0185785389784519,0.0256890028507626,1000
sp4,38,species.catchability.fsh2.sp5,0.00110686527870051,0.0188598975199867,0.0268958000688442,1000
sp4,39,species.catchability.fsh2.sp7,0.0012735406000096,0.0180909295220578,0.026041610169041,1000
sp4,40,species.catchability.fsh2.sp8,0.00147356595652517,0.017174983025763,0.0243192168421909,1000
sp4,41,species.catchability.fsh3.sp0,-0.000607204199659834,0.0185153891987685,0.0247765549099115,1000
sp4,42,species.catchability.fsh3.sp1,-3.35053985316852e-05,0.0179636115388919,0.0257576350445627,1000
sp4,43,species.catchability.fsh3.sp2,0.000650120146142228,0.0185452469171852,0.0259778252421765,1000
sp4,44,species.catchability.fsh3.sp3,0.000537726842229069,0.0196494589004781,0.0277356840712729,1000
sp4,45,species.catchability.fsh3.sp5,-0.00107864893936608,0.0179666197957074,0.0252866317006418,1000
sp4,46,species.catchability.fsh3.sp7,-4.68782099881634e-05,0.018812720364529,0.0259974796586453,1000
sp4,47,species.catchability.fsh3.sp8,-0.00203335169857976,0.0177696544185476,0.0247252586851675,1000
sp4,48,species.catchability.fsh3.sp9,0.00138457362184802,0.0181370280534743,0.0258579514389509,1000
sp4,49,species.catchability.fsh3.sp10,-0.000128432789088214,0.0183002662112431,0.0256953558849635,1000
sp4,50,species.catchability.fsh3.sp11,-0.000793352834104784,0.0179085078001886,0.0241508298329336,1000
sp4,51,species.catchability.fsh3.sp12,0.000200149356688704,0.0184179238473062,0.026112416197098,1000
sp4,52,species.catchability.fsh3.sp13,-0.00103898365582258,0.0182781221450471,0.0256823764118252,1000
sp4,53,species.catchability.fsh3.sp14,-0.00153634798172605,0.0180497650794021,0.0244069899848775,1000
sp4,54,species.catchability.fsh3.sp15,0.000142153497451882,0.0185995584818002,0.0259212804803981,1000
sp4,55,species.length2weight.condition.factor.sp0,-0.00208981745806305,0.0425807995053027,0.056111467014547,1000
sp4,56,species.length2weight.condition.factor.sp1,0.000503446486157489,0.0192632093550687,0.0262842527697623,1000
sp4,57,species.length2weight.condition.factor.sp2,-0.000155834016645696,0.0233558913965748,0.0313945681982117,1000
sp4,58,species.length2weight.condition.factor.sp3,-0.000725061256154295,0.0296704593688892,0.0414912718134381,1000
sp4,59,species.length2weight.condition.factor.sp4,0.000583393697063697,0.0262724492243369,0.0356462888738262,1000
sp4,60,species.length2weight.condition.factor.sp5,-0.000360295361929189,0.0185233110794531,0.0263468341276033,1000
sp4,61,species.length2weight.condition.factor.sp6,0.000206403307703453,0.0189579162362452,0.0272747819186372,1000
sp4,62,species.length2weight.condition.factor.sp7,-0.000449649286397568,0.0176304051885417,0.0251911739882271,1000
sp4,63,species.length2weight.condition.factor.sp8,-0.000366696195906149,0.0181286153314451,0.0255014009111441,1000
sp4,64,species.length2weight.condition.factor.sp9,0.000192255647179941,0.0203304184646671,0.0279137139909838,1000
sp4,65,species.length2weight.condition.factor.sp10,-0.000235671168686706,0.0187046005163069,0.0261294797737124,1000
sp4,66,species.length2weight.condition.factor.sp11,-0.00016051761587585,0.0181004520546213,0.0258828524930107,1000
sp4,67,species.length2weight.condition.factor.sp12,0.000245187820902475,0.0188031545563878,0.0263668098840923,1000
sp4,68,species.length2weight.condition.factor.sp13,0.000895922359773143,0.0191754101520096,0.0271405524178675,1000
sp4,69,species.length2weight.condition.factor.sp14,0.000688872622535687,0.0189914243480468,0.0259113718843305,1000
sp4,70,species.length2weight.condition.factor.sp15,0.000372597926416537,0.021958779800099,0.0310216311477936,1000
sp4,71,species.k.sp0,0.00705450927796281,0.167084010979155,0.214040227212393,1000
sp4,72,species.k.sp1,0.00054198896853129,0.0180780391498104,0.025151537148234,1000
sp4,73,species.k.sp2,-0.000729807040267417,0.0412200275665877,0.0546874224932176,1000
sp4,74,species.k.sp3,0.00107148490814126,0.0600538278365017,0.0852044685737646,1000
sp4,75,species.k.sp4,0.015406220861356,0.329339404690265,0.346362864165002,1000
sp4,76,species.k.sp5,0.00145112427449207,0.0286097347191911,0.0382125691254266,1000
sp4,77,species.k.sp6,6.57984462594075e-05,0.0192566642630828,0.0272284853960056,1000
sp4,78,species.k.sp7,0.00118808209156112,0.0179101805756263,0.0247498397650706,1000
sp4,79,species.k.sp8,0.000795749858658263,0.017833277613547,0.0250211145802598,1000
sp4,80,species.k.sp9,0.000264637458871352,0.0593603934186522,0.0723614313242255,1000
sp4,81,species.k.sp10,-0.00146274769571991,0.020474449414489,0.0283656905548181,1000
sp4,82,species.k.sp11,0.000683348309749677,0.0200392232354257,0.0274423762416417,1000
sp4,83,species.k.sp12,-0.000675975765355155,0.0188617414650531,0.0266025488609205,1000
sp4,84,species.k.sp13,0.00258634601263676,0.201891356799546,0.255051061347051,1000
sp4,85,species.k.sp14,0.000621692631103392,0.0207500935906332,0.0288653755967719,1000
sp4,86,species.k.sp15,-3.7456514105841e-05,0.0299936356772677,0.0429461701939694,1000
sp4,87,species.l0.sp0,0.000769487345696226,0.0336295248333009,0.0449060827321703,1000
sp4,88,species.l0.sp1,-0.00207778519700117,0.0195647205230678,0.0268504775070313,1000
sp4,89,species.l0.sp2,-0.00164422611047818,0.0381886262858342,0.0495266554472134,1000
sp4,90,species.l0.sp3,0.000312879380341145,0.0273093694890134,0.0386510202564104,1000
sp4,91,species.l0.sp4,-0.00261467568677304,0.166544618918204,0.173805600782579,1000
sp4,92,species.l0.sp5,0.00153878688473747,0.0186165720965538,0.025853326868739,1000
sp4,93,species.l0.sp6,0.000827671937504741,0.0184619932524547,0.0258901863593757,1000
sp4,94,species.l0.sp7,0.000844262696119522,0.0180463113112515,0.0246431020120994,1000
sp4,95,species.l0.sp8,-6.30115027720636e-05,0.018102050538912,0.0253101278334506,1000
sp4,96,species.l0.sp9,-0.000136914730539403,0.0340188726632469,0.0446129073845648,1000
sp4,97,species.l0.sp10,-0.000813284407191909,0.0243749370951163,0.0338942312824521,1000
sp4,98,species.l0.sp11,-0.000177694530607631,0.0192342732045263,0.0273307735289639,1000
sp4,99,species.l0.sp12,-6.19559665036773e-07,0.0177256897687179,0.0246459034944084,1000
sp4,100,species.l0.sp13,-0.000864511504334956,0.018859005562568,0.0259598809984996,1000
sp4,101,species.l0.sp14,-0.000749267403184055,0.0177973401828502,0.024588301976968,1000
sp4,102,species.l0.sp15,0.000333820288984033,0.0191198712122804,0.026878368357716,1000
sp4,103,mortality.additional.larva.rate.sp0,0.0065722608696316,0.13690524853005,0.186360141453012,1000
sp4,104,mortality.additional.larva.rate.sp1,0.000413376305915447,0.0181217085522274,0.0249534725424701,1000
sp4,105,mortality.additional.larva.rate.sp2,0.000724511773365918,0.134737278124049,0.162508329771122,1000
sp4,106,mortality.additional.larva.rate.sp3,0.0107960375181765,0.140345432348314,0.191653667929539,1000
sp4,107,mortality.additional.larva.rate.sp4,0.000837481384367058,0.0187356146374136,0.0269959640787921,1000
sp4,108,mortality.additional.larva.rate.sp5,-0.00122153200523121,0.0180284633803296,0.0251802871539813,1000
sp4,109,mortality.additional.larva.rate.sp6,0.00112049017138184,0.01850882010669,0.0260473324420328,1000
sp4,110,mortality.additional.larva.rate.sp9,0.00410373933573495,0.0599000310208055,0.073776254071811,1000
sp4,111,mortality.additional.larva.rate.sp10,-0.00112835344353453,0.0320893949296549,0.0444543238891059,1000
sp4,112,mortality.additional.larva.rate.sp11,0.00101432508290771,0.0193491570208687,0.0281488903464996,1000
sp4,113,mortality.additional.larva.rate.sp12,-0.0015420367139158,0.0206582681346012,0.0281095730715894,1000
sp4,114,mortality.additional.larva.rate.sp13,0.000369647611115883,0.0183459118636019,0.0262416777457499,1000
sp4,115,mortality.additional.larva.rate.sp14,0.00144728723336306,0.0189209463423837,0.0267994506975288,1000
sp4,116,mortality.additional.larva.rate.sp15,1.26702841642297e-05,0.0387725853052376,0.0550495277181164,1000
sp4,117,mortality.additional.larva.rate.mean.sp7,-0.000139732542922615,0.0186226882180933,0.0263722963034982,1000
sp4,118,mortality.additional.larva.rate.mean.sp8,-9.83985089739439e-05,0.0188502692963191,0.0263902052009492,1000
sp4,119,species.linf.sp0,-0.0192694332589426,0.203627985266486,0.267167146514814,1000
sp4,120,species.linf.sp1,-0.00170829651322948,0.0226465614328226,0.0302232033897447,1000
sp4,121,species.linf.sp2,0.00085471131608615,0.11624528316817,0.145173765226034,1000
sp4,122,species.linf.sp3,-0.0181733734033484,0.260124401389985,0.311544473101053,1000
sp4,123,species.linf.sp4,-0.0169659024759325,0.929795054875972,0.966341421142076,1000
sp4,124,species.linf.sp5,-0.00281617314158834,0.0837394317483315,0.103074124701281,1000
sp4,125,species.linf.sp6,1.49050789170881e-05,0.0238994780490617,0.0313969723516799,1000
sp4,126,species.linf.sp7,-0.000701744487534718,0.0188102453889956,0.0270978467289315,1000
sp4,127,species.linf.sp8,-0.00103773641084962,0.0214383078705116,0.0280717356427014,1000
sp4,128,species.linf.sp9,-0.000487613694433016,0.161887425843728,0.191249427348895,1000
sp4,129,species.linf.sp10,0.000218260971723062,0.0391449389333505,0.0551080075446413,1000
sp4,130,species.linf.sp11,4.82122363474593e-05,0.0228270758393748,0.0313070506397058,1000
sp4,131,species.linf.sp12,0.000120417140531165,0.0241112324671889,0.0324196474100009,1000
sp4,132,species.linf.sp13,0.0021777390153575,0.103024870166997,0.139639728143999,1000
sp4,133,species.linf.sp14,0.000786670380727874,0.0214854105752644,0.0300119624611583,1000
sp4,134,species.linf.sp15,-0.00401697468633075,0.0502675330496843,0.0682327394026672,1000
sp4,135,species.accessibility2fish.sp16,-0.00125071753439152,0.0182657755416789,0.0262215319656721,1000
sp4,136,species.accessibility2fish.sp17,-0.000248048241673031,0.0175206232699235,0.0242124355693397,1000
sp4,137,species.accessibility2fish.sp18,-6.03888479661019e-05,0.0173184398943708,0.024714162606494,1000
sp4,138,species.accessibility2fish.sp19,-0.000977592003186042,0.0178406398860172,0.0256791774565544,1000
sp4,139,species.accessibility2fish.sp20,-0.000425273182049711,0.0181046924353178,0.0253706583716086,1000
sp4,140,species.accessibility2fish.sp21,-0.00180135039906602,0.0712895693947559,0.12185133727835,1000
sp4,141,species.accessibility2fish.sp22,-0.000890455062836148,0.0315687595234058,0.044938060362648,1000
sp4,142,species.accessibility2fish.sp23,-0.00185673102457761,0.0417890120839617,0.0507391501556771,1000
sp4,143,species.accessibility2fish.sp24,7.59017230701943e-05,0.055331102497298,0.0787164633879867,1000
sp4,144,species.accessibility2fish.sp25,-0.000199986520320497,0.0177783742905719,0.0250274881167291,1000
sp4,145,species.accessibility2fish.sp26,-0.000927042500358804,0.0185470942716665,0.0256436071856389,1000
sp4,146,species.maturity.size.ratio.sp0,0.00619433710656812,0.149907512845059,0.219715582216761,1000
sp4,147,species.maturity.size.ratio.sp1,-0.000487552294109838,0.0184654267529485,0.0260636665564751,1000
sp4,148,species.maturity.size.ratio.sp2,-0.000246571939485724,0.0200280387045624,0.0271420313696515,1000
sp4,149,species.maturity.size.ratio.sp3,0.00164193632824393,0.017508072650947,0.0245618980818895,1000
sp4,150,species.maturity.size.ratio.sp4,0.000545161020966438,0.0264198958163846,0.0340375798741992,1000
sp4,151,species.maturity.size.ratio.sp5,0.000237925156063964,0.0170942886246361,0.0231899283474032,1000
sp4,152,species.maturity.size.ratio.sp6,-0.000156489126700929,0.0186165962339428,0.0256244811008697,1000
sp4,153,species.maturity.size.ratio.sp7,0.00152311372137518,0.01860980996737,0.0267917958441274,1000
sp4,154,species.maturity.size.ratio.sp8,-0.000765024808130633,0.0182814657833507,0.0257374961689225,1000
sp4,155,species.maturity.size.ratio.sp9,8.46467562841078e-05,0.0191602347369687,0.025712445708272,1000
sp4,156,species.maturity.size.ratio.sp10,0.000938531215932799,0.0203740088222676,0.0291719101593959,1000
sp4,157,species.maturity.size.ratio.sp11,-0.00237993597938658,0.0256216753447605,0.034714954681212,1000
sp4,158,species.maturity.size.ratio.sp12,-5.12277007730046e-07,0.0182898594126693,0.0267803824982661,1000
sp4,159,species.maturity.size.ratio.sp13,0.0023961051301409,0.295703675380791,0.349889969983593,1000
sp4,160,species.maturity.size.ratio.sp14,0.001411715685204,0.0187705577891567,0.0257863209979945,1000
sp4,161,species.maturity.size.ratio.sp15,0.000286864833559853,0.0414395822355421,0.0664810651806518,1000
sp4,162,predation.predPrey.sizeRatio.teta.sp0.stage1,8.89214235524414e-05,0.0183075106421587,0.0252713817381039,1000
sp4,163,predation.predPrey.sizeRatio.alpha.sp0.stage1,0.00427911562633182,0.0928565265530269,0.122093165824235,1000
sp4,164,predation.predPrey.sizeRatio.teta.sp1.stage1,0.00019131290210732,0.0183992884668473,0.025895312937128,1000
sp4,165,predation.predPrey.sizeRatio.alpha.sp1.stage1,0.000327198348145793,0.018077091292992,0.0251107427477275,1000
sp4,166,predation.predPrey.sizeRatio.teta.sp2.stage1,-0.000418070246025922,0.0178521262137049,0.0245393443439689,1000
sp4,167,predation.predPrey.sizeRatio.alpha.sp2.stage1,-0.000212106168519075,0.0325566303185617,0.0450392380314507,1000
sp4,168,predation.predPrey.sizeRatio.teta.sp3.stage1,-0.000199931426786226,0.0197744320856423,0.027730948628412,1000
sp4,169,predation.predPrey.sizeRatio.alpha.sp3.stage1,0.00235033326245157,0.106367399713322,0.142199047288219,1000
sp4,170,predation.predPrey.sizeRatio.teta.sp4.stage1,-4.43642574781257e-05,0.0323671630363733,0.0418471118051007,1000
sp4,171,predation.predPrey.sizeRatio.alpha.sp4.stage1,0.0253256368100656,0.432966584231424,0.483811127297921,1000
sp4,172,predation.predPrey.sizeRatio.teta.sp5.stage1,0.0011321770290852,0.0183215142327434,0.0253040933791058,1000
sp4,173,predation.predPrey.sizeRatio.teta.sp5.stage2,0.00143416511885433,0.0440086405836179,0.0558058561973965,1000
sp4,174,predation.predPrey.sizeRatio.alpha.sp5.stage1,-0.000611146521247183,0.0180376146916034,0.025824070522152,1000
sp4,175,predation.predPrey.sizeRatio.alpha.sp5.stage2,0.000639608931124819,0.023906200379723,0.0323231539465247,1000
sp4,176,predation.predPrey.sizeRatio.teta.sp6.stage1,0.000840676705674171,0.0187176390790248,0.0268263565133169,1000
sp4,177,predation.predPrey.sizeRatio.alpha.sp6.stage1,-0.00117878120222395,0.0193286756125348,0.0266125562291656,1000
sp4,178,predation.predPrey.sizeRatio.teta.sp7.stage1,0.000210386400789566,0.0183531244194407,0.0259742204843419,1000
sp4,179,predation.predPrey.sizeRatio.alpha.sp7.stage1,3.70120254542565e-05,0.0179220087487404,0.0251806172430481,1000
sp4,180,predation.predPrey.sizeRatio.teta.sp8.stage1,-0.000710791930847566,0.0186409536664577,0.027555301498879,1000
sp4,181,predation.predPrey.sizeRatio.alpha.sp8.stage1,-0.000103593740733232,0.0217495350762269,0.0291388888845626,1000
sp4,182,predation.predPrey.sizeRatio.teta.sp9.stage1,-0.000192309581941297,0.0202954214168207,0.0279539266609322,1000
sp4,183,predation.predPrey.sizeRatio.alpha.sp9.stage1,-0.00199828435542857,0.0863333277134199,0.113061802481504,1000
sp4,184,predation.predPrey.sizeRatio.teta.sp10.stage1,0.000433343001103544,0.0177497128984827,0.0248403655617659,1000
sp4,185,predation.predPrey.sizeRatio.alpha.sp10.stage1,-0.00206459339503482,0.0224746686266187,0.0329211701614609,1000
sp4,186,predation.predPrey.sizeRatio.teta.sp11.stage1,0.000144231402235054,0.0180586644458442,0.0255767067645085,1000
sp4,187,predation.predPrey.sizeRatio.alpha.sp11.stage1,-0.00123560917835691,0.0187700568898387,0.0266540201089737,1000
sp4,188,predation.predPrey.sizeRatio.teta.sp12.stage1,0.000753192696389515,0.0189008092805835,0.0269691467925678,1000
sp4,189,predation.predPrey.sizeRatio.alpha.sp12.stage1,0.000933572452973238,0.020053705520339,0.0293621759877351,1000
sp4,190,predation.predPrey.sizeRatio.teta.sp13.stage1,0.000213835119602296,0.0209250717036688,0.0290926249528439,1000
sp4,191,predation.predPrey.sizeRatio.alpha.sp13.stage1,-0.0067180820124002,0.0994760715982439,0.13951896443537,1000
sp4,192,predation.predPrey.sizeRatio.teta.sp14.stage1,-0.000197915697761475,0.0181509248629044,0.0240569363600957,1000
sp4,193,predation.predPrey.sizeRatio.alpha.sp14.stage1,0.000777103052436228,0.0206996381349072,0.0284219380268717,1000
sp4,194,predation.predPrey.sizeRatio.teta.sp15.stage1,0.000640947445637868,0.0187750846616494,0.0264148913015176,1000
sp4,195,predation.predPrey.sizeRatio.alpha.sp15.stage1,-0.000692886864342918,0.0192642021579409,0.0260310140510094,1000
sp5,1,mortality.additional.rate.sp0,-0.000241406721687578,0.010387506314667,0.0143978983802018,1000
sp5,2,mortality.additional.rate.sp1,0.00041449374728261,0.0105007004548657,0.0145246144050522,1000
sp5,3,mortality.additional.rate.sp2,-5.8265986218476e-06,0.0105215822293549,0.0151748862458164,1000
sp5,4,mortality.additional.rate.sp3,0.000750520054282564,0.0117414191483944,0.0175006655326403,1000
sp5,5,mortality.additional.rate.sp4,0.000222382228569067,0.0104379499188559,0.0149530623780274,1000
sp5,6,mortality.additional.rate.sp5,0.0165644380726178,0.42422472830979,0.451645292469077,1000
sp5,7,mortality.additional.rate.sp6,-0.000129901655872748,0.0102674417368426,0.0141855586981353,1000
sp5,8,mortality.additional.rate.sp7,-0.000578916028714566,0.00998849160513465,0.013896043531673,1000
sp5,9,mortality.additional.rate.sp8,0.000610572323698456,0.01014837231598,0.0146200729810449,1000
sp5,10,mortality.additional.rate.sp9,-4.58356469086693e-05,0.0104353891477581,0.0145031561703102,1000
sp5,11,mortality.additional.rate.sp10,-0.00120978406539443,0.0104344156532603,0.014272548776729,1000
sp5,12,mortality.additional.rate.sp11,0.000325280096310827,0.00994584507297565,0.0141688549908581,1000
sp5,13,mortality.additional.rate.sp12,-0.00034332938377913,0.0100201171731163,0.0137441155103011,1000
sp5,14,mortality.additional.rate.sp13,0.000598486174042999,0.0103957797831291,0.0145993247820307,1000
sp5,15,mortality.additional.rate.sp14,0.000178153970117869,0.00998068302191636,0.0136694336260507,1000
sp5,16,mortality.additional.rate.sp15,0.000270197752913705,0.0101192295898994,0.0138758181034005,1000
sp5,17,fisheries.rate.base.fsh0,0.00242498372934177,0.212682914222448,0.226041817812269,1000
sp5,18,fisheries.rate.base.fsh1,-0.000559312469243675,0.0112373786156939,0.0161292552143535,1000
sp5,19,fisheries.rate.base.fsh2,-0.000179617987163698,0.0229868670401695,0.0265353200338387,1000
sp5,20,fisheries.rate.base.fsh3,0.000383083972203271,0.0367622282639227,0.0416200891502259,1000
sp5,21,species.catchability.fsh0.sp0,0.000255898801562916,0.010981808500368,0.0160258589937679,1000
sp5,22,species.catchability.fsh0.sp1,-0.000130697494920881,0.0104080642138124,0.014283305637266,1000
sp5,23,species.catchability.fsh0.sp2,8.43668431533279e-06,0.0103205356401252,0.0151722697465803,1000
sp5,24,species.catchability.fsh0.sp3,-1.4588288740516e-05,0.0157566096606335,0.0240066503157065,1000
sp5,25,species.catchability.fsh0.sp5,-0.000975143006094464,0.200165986446842,0.215912773583284,1000
sp5,26,species.catchability.fsh0.sp7,0.000448368568222769,0.0100800009334839,0.0140164383302367,1000
sp5,27,species.catchability.fsh0.sp8,-0.000643944700912725,0.00995075850691297,0.0140028822253505,1000
sp5,28,species.catchability.fsh0.sp9,0.000249719459367463,0.010234986146654,0.0143080423416141,1000
sp5,29,species.catchability.fsh0.sp10,-0.000291972992071249,0.010793095922287,0.0151160366252593,1000
sp5,30,species.catchability.fsh0.sp13,-0.000427275326503755,0.0101052769512337,0.0140821415051475,1000
sp5,31,species.catchability.fsh0.sp14,-0.000198230578049263,0.00974183113182553,0.0138581997277897,1000
sp5,32,species.catchability.fsh0.sp15,0.000160357083240526,0.00986846488968031,0.0138878899830355,1000
sp5,33,species.catchability.fsh1.sp9,2.76898809648902e-06,0.0101846643169403,0.0145071766476054,1000
sp5,34,species.catchability.fsh1.sp10,-0.000864133382174273,0.0102843836773456,0.0141078880844361,1000
sp5,35,species.catchability.fsh1.sp11,-0.000583009743562863,0.00985748660748857,0.0140863076703647,1000
sp5,36,species.catchability.fsh1.sp12,-0.000446839711238018,0.0103436774828373,0.0146878756284411,1000
sp5,37,species.catchability.fsh2.sp0,-0.000782263720324294,0.00993288665786722,0.0136291394943305,1000
sp5,38,species.catchability.fsh2.sp5,0.00101710342373444,0.022115784657008,0.0256957962918808,1000
sp5,39,species.catchability.fsh2.sp7,-0.000135195216803125,0.00977745074837457,0.0137383685389265,1000
sp5,40,species.catchability.fsh2.sp8,0.000532873424229423,0.00976178295806838,0.0136370963386396,1000
sp5,41,species.catchability.fsh3.sp0,0.000807937025831505,0.0094682771952276,0.0129451910991583,1000
sp5,42,species.catchability.fsh3.sp1,-0.000510096665869438,0.00982945154505747,0.0137411774027059,1000
sp5,43,species.catchability.fsh3.sp2,8.27784703065862e-05,0.00985525596260499,0.013753796559693,1000
sp5,44,species.catchability.fsh3.sp3,0.000421424084954391,0.00992911571505105,0.0136558242896695,1000
sp5,45,species.catchability.fsh3.sp5,-0.00113496321493259,0.0338753177099028,0.0388348371501692,1000
sp5,46,species.catchability.fsh3.sp7,0.000405454026055763,0.00959904458766513,0.0135925419474778,1000
sp5,47,species.catchability.fsh3.sp8,0.000362611378806933,0.0101477906196724,0.0142691441476098,1000
sp5,48,species.catchability.fsh3.sp9,-0.000252087171662719,0.0102213506608333,0.0139743269047806,1000
sp5,49,species.catchability.fsh3.sp10,-0.000354951820409593,0.0100443724878497,0.0148698639814144,1000
sp5,50,species.catchability.fsh3.sp11,0.000472175766996426,0.00989052947811644,0.0141824309850278,1000
sp5,51,species.catchability.fsh3.sp12,0.000524911623424753,0.00937277493182621,0.0130295795916446,1000
sp5,52,species.catchability.fsh3.sp13,-0.000170521480159427,0.010139295454992,0.0140135453973649,1000
sp5,53,species.catchability.fsh3.sp14,-6.86778791316367e-05,0.00973029133721126,0.0137021191522035,1000
sp5,54,species.catchability.fsh3.sp15,-0.000350381475037249,0.00982493815529539,0.0136263117655136,1000
sp5,55,species.length2weight.condition.factor.sp0,-0.000542648979495705,0.0110963495258459,0.0158010789243218,1000
sp5,56,species.length2weight.condition.factor.sp1,8.91182680671402e-05,0.00983942193180627,0.0135171372796729,1000
sp5,57,species.length2weight.condition.factor.sp2,-0.000244181465581953,0.0111743355863963,0.0170589971008656,1000
sp5,58,species.length2weight.condition.factor.sp3,0.000157186318918352,0.0112488777182427,0.017413120766378,1000
sp5,59,species.length2weight.condition.factor.sp4,0.000367788361506123,0.00989910200534703,0.0139588262210588,1000
sp5,60,species.length2weight.condition.factor.sp5,-0.000285318191737194,0.0103795146644131,0.0145278361301281,1000
sp5,61,species.length2weight.condition.factor.sp6,-1.06628911008621e-05,0.0103478994540491,0.0145351511134231,1000
sp5,62,species.length2weight.condition.factor.sp7,-0.000127596602467268,0.0104132685335609,0.014328733803768,1000
sp5,63,species.length2weight.condition.factor.sp8,-0.000244240507630516,0.0107812958629012,0.0149515648775245,1000
sp5,64,species.length2weight.condition.factor.sp9,4.79517422958541e-06,0.0109950796350381,0.0160866782316497,1000
sp5,65,species.length2weight.condition.factor.sp10,-0.000487808137517906,0.00985304350572346,0.0139143944701304,1000
sp5,66,species.length2weight.condition.factor.sp11,0.00168726213887884,0.0101679668591441,0.0139318839602365,1000
sp5,67,species.length2weight.condition.factor.sp12,0.000252996542710266,0.0102512882483908,0.0145245156969097,1000
sp5,68,species.length2weight.condition.factor.sp13,3.45508394333094e-05,0.0101279020260769,0.0139649105554776,1000
sp5,69,species.length2weight.condition.factor.sp14,0.000316207581365624,0.010332965681547,0.014797730608409,1000
sp5,70,species.length2weight.condition.factor.sp15,-0.000730726355074622,0.00979157246270962,0.0138549937574727,1000
sp5,71,species.k.sp0,0.000315651619963803,0.0160957496179384,0.0248552667453491,1000
sp5,72,species.k.sp1,0.000132262079133886,0.0106210141091057,0.0149657507112433,1000
sp5,73,species.k.sp2,0.000944527884677862,0.0126246067284146,0.0208804886653622,1000
sp5,74,species.k.sp3,0.000951255098243378,0.0178910560228111,0.0315827293345045,1000
sp5,75,species.k.sp4,0.000121478084907733,0.0146702826271133,0.0207227089898592,1000
sp5,76,species.k.sp5,0.02078798571564,0.232983896783795,0.246321660584895,1000
sp5,77,species.k.sp6,-3.23333881035105e-05,0.0106354822913106,0.015038728368221,1000
sp5,78,species.k.sp7,5.43720544862475e-05,0.00991827346395921,0.0139612527100391,1000
sp5,79,species.k.sp8,-0.000109279374620377,0.00980694387510974,0.0139038209751528,1000
sp5,80,species.k.sp9,-1.29129504828997e-05,0.0123756742390658,0.0183809252959925,1000
sp5,81,species.k.sp10,0.000115431658568256,0.01055393793351,0.0151809749201252,1000
sp5,82,species.k.sp11,-0.000955977161595407,0.0101537514257513,0.0138987841167128,1000
sp5,83,species.k.sp12,-0.00125199908029483,0.0123340866798292,0.0174784928953262,1000
sp5,84,species.k.sp13,-0.00123470613028714,0.0181988765774006,0.0291147380090252,1000
sp5,85,species.k.sp14,-7.46081661151655e-06,0.010305929583548,0.0146035324371885,1000
sp5,86,species.k.sp15,0.000316244319035349,0.0101845949574591,0.0143554872257017,1000
sp5,87,species.l0.sp0,-0.000228684042570969,0.0113140514090884,0.016154144189149,1000
sp5,88,species.l0.sp1,-0.00110785251622716,0.0101641354381354,0.0143256518659249,1000
sp5,89,species.l0.sp2,1.66766733758579e-05,0.0133348779255602,0.0207354405390724,1000
sp5,90,species.l0.sp3,-2.16487099741379e-05,0.0115627316160125,0.0176194056267942,1000
sp5,91,species.l0.sp4,0.000908022276216219,0.0118655969742319,0.016805523535355,1000
sp5,92,species.l0.sp5,-0.000745464390578403,0.0174805485287855,0.0213933690932032,1000
sp5,93,species.l0.sp6,0.000325854843509245,0.0100813075764371,0.0142391302196476,1000
sp5,94,species.l0.sp7,-0.000396211389147972,0.0106908275207493,0.0154094162030367,1000
sp5,95,species.l0.sp8,0.000452391102928574,0.0125532502058652,0.018383894567378,1000
sp5,96,species.l0.sp9,-0.000657669685599829,0.0160041039166754,0.0230885836924697,1000
sp5,97,species.l0.sp10,0.000842929601502604,0.0128887064041161,0.0196797848805154,1000
sp5,98,species.l0.sp11,0.00078479361717956,0.0101168595672776,0.0142097788282631,1000
sp5,99,species.l0.sp12,0.000934319356629501,0.00935685912300876,0.0134904277907912,1000
sp5,100,species.l0.sp13,-0.000152471820599632,0.0100812838124144,0.0139596212106209,1000
sp5,101,species.l0.sp14,-9.3425979860096e-05,0.010070433790475,0.0143187848114723,1000
sp5,102,species.l0.sp15,0.000166486246694682,0.0101984479544549,0.014617830124166,1000
sp5,103,mortality.additional.larva.rate.sp0,0.00157486330213724,0.016083981661773,0.0266337327060951,1000
sp5,104,mortality.additional.larva.rate.sp1,-0.000271422740607023,0.010501728823841,0.0144862233451867,1000
sp5,105,mortality.additional.larva.rate.sp2,0.0017482829581243,0.029102998430319,0.0514949760702422,1000
sp5,106,mortality.additional.larva.rate.sp3,-0.00392454256148591,0.0326394830974163,0.0620404859842272,1000
sp5,107,mortality.additional.larva.rate.sp4,0.000152064598612182,0.00987262715816031,0.0134111459919244,1000
sp5,108,mortality.additional.larva.rate.sp5,0.000108477355442271,0.0102721752000314,0.0148861165672513,1000
sp5,109,mortality.additional.larva.rate.sp6,0.000754606949817587,0.0102927398618977,0.0144533071199573,1000
sp5,110,mortality.additional.larva.rate.sp9,0.00228862093436167,0.020445903514063,0.0352667323104673,1000
sp5,111,mortality.additional.larva.rate.sp10,-8.59396999716229e-05,0.0151213412001278,0.0235309255607639,1000
sp5,112,mortality.additional.larva.rate.sp11,0.00028369509706665,0.0103430194714579,0.0150230888081541,1000
sp5,113,mortality.additional.larva.rate.sp12,-7.19635827268584e-05,0.0112720140999338,0.0167994142391116,1000
sp5,114,mortality.additional.larva.rate.sp13,-0.000360331218291203,0.0100399779445529,0.0140364111716461,1000
sp5,115,mortality.additional.larva.rate.sp14,-2.56171715241706e-05,0.0106450284459368,0.0147587403917026,1000
sp5,116,mortality.additional.larva.rate.sp15,7.5487149566912e-05,0.0101720527131636,0.0139799454006774,1000
sp5,117,mortality.additional.larva.rate.mean.sp7,-0.000365824507985986,0.010307360811894,0.0142972342549038,1000
sp5,118,mortality.additional.larva.rate.mean.sp8,-0.000457358080486175,0.0131878588429042,0.0196427783918319,1000
sp5,119,species.linf.sp0,0.000269188963899314,0.016728940943109,0.0267131784997381,1000
sp5,120,species.linf.sp1,-0.000211832197358476,0.0104084049959212,0.0146626293373181,1000
sp5,121,species.linf.sp2,-0.000594614000487542,0.0234048576916113,0.0436206627036977,1000
sp5,122,species.linf.sp3,0.00294248195099703,0.0393948513357514,0.0753317427882076,1000
sp5,123,species.linf.sp4,-0.000730269599868663,0.0407956137809175,0.0546098315234587,1000
sp5,124,species.linf.sp5,-0.0132625607722621,0.837451894203197,0.886968117307565,1000
sp5,125,species.linf.sp6,0.000229475381558264,0.0144701326700983,0.0221110606151844,1000
sp5,126,species.linf.sp7,0.000479835985391826,0.0104945781345766,0.015650784059861,1000
sp5,127,species.linf.sp8,-0.000339505661062648,0.0115172526996843,0.0162633469396448,1000
sp5,128,species.linf.sp9,0.000224574541843174,0.0231153909200205,0.0402939699369352,1000
sp5,129,species.linf.sp10,9.36161673747829e-05,0.0180355650901274,0.0290209885830588,1000
sp5,130,species.linf.sp11,0.000891586634390688,0.0124038959212443,0.0181626553473294,1000
sp5,131,species.linf.sp12,0.00118821065581919,0.0110561529587032,0.0157097736998496,1000
sp5,132,species.linf.sp13,0.000189361582357315,0.0128683335026302,0.0183687237623077,1000
sp5,133,species.linf.sp14,0.000612745503028841,0.0113440290011394,0.0163216586269185,1000
sp5,134,species.linf.sp15,-0.000903399853885934,0.010487454175604,0.0145707272321246,1000
sp5,135,species.accessibility2fish.sp16,0.00109792152956619,0.00994375148591117,0.0138806293790261,1000
sp5,136,species.accessibility2fish.sp17,7.78111978979983e-05,0.00982828359521491,0.0140473303871394,1000
sp5,137,species.accessibility2fish.sp18,0.000140657389922756,0.0107536451139323,0.014747572938636,1000
sp5,138,species.accessibility2fish.sp19,-0.000265025628607636,0.00990876502281469,0.0136248879857631,1000
sp5,139,species.accessibility2fish.sp20,5.59414436295641e-05,0.00981804699617504,0.0140279941579396,1000
sp5,140,species.accessibility2fish.sp21,-0.00151311453742173,0.0135983460988783,0.020669144988464,1000
sp5,141,species.accessibility2fish.sp22,-0.000229076803637988,0.0107087982621339,0.0146610140770612,1000
sp5,142,species.accessibility2fish.sp23,-0.000473479034552092,0.0116533006053313,0.0166087669331802,1000
sp5,143,species.accessibility2fish.sp24,-0.00141546079499649,0.0168097151993845,0.0234644037639341,1000
sp5,144,species.accessibility2fish.sp25,-3.86114816751778e-05,0.00991083222582715,0.014084550442312,1000
sp5,145,species.accessibility2fish.sp26,0.000481624899019094,0.0121187951847009,0.0164333174282114,1000
sp5,146,species.maturity.size.ratio.sp0,0.00153934215028008,0.0191045755516724,0.0321378270968014,1000
sp5,147,species.maturity.size.ratio.sp1,6.50067935217635e-05,0.010431623940314,0.014669677952004,1000
sp5,148,species.maturity.size.ratio.sp2,0.00100225103110405,0.0107182719973064,0.0150696374016706,1000
sp5,149,species.maturity.size.ratio.sp3,0.000803049832965166,0.0103070438280856,0.0147258333807416,1000
sp5,150,species.maturity.size.ratio.sp4,0.000816767021304829,0.00965256533341453,0.0135514744065131,1000
sp5,151,species.maturity.size.ratio.sp5,0.000169102127352605,0.0101791722852048,0.0143381597704774,1000
sp5,152,species.maturity.size.ratio.sp6,-1.58956639692888e-05,0.00989928704419168,0.0139704157838725,1000
sp5,153,species.maturity.size.ratio.sp7,0.000211188539103484,0.0103954830747055,0.0140883854964793,1000
sp5,154,species.maturity.size.ratio.sp8,0.000237703279246946,0.010124678940853,0.014143008206165,1000
sp5,155,species.maturity.size.ratio.sp9,0.000304299120335687,0.0101173697970547,0.0143931896648692,1000
sp5,156,species.maturity.size.ratio.sp10,-0.000498780040728403,0.0101848372232836,0.0145761585913156,1000
sp5,157,species.maturity.size.ratio.sp11,-0.000370702579434709,0.0109754739582401,0.0164599787101168,1000
sp5,158,species.maturity.size.ratio.sp12,-0.000360405847534666,0.00973168932650685,0.0133688193489833,1000
sp5,159,species.maturity.size.ratio.sp13,0.000341885187156486,0.0280464653290566,0.0484191869732395,1000
sp5,160,species.maturity.size.ratio.sp14,0.000335206112782713,0.0100332513887447,0.0141287710830062,1000
sp5,161,species.maturity.size.ratio.sp15,5.76816584926565e-05,0.0100956494144025,0.0137451702759992,1000
sp5,162,predation.predPrey.sizeRatio.teta.sp0.stage1,-0.00100573925643694,0.00990454432293248,0.0139714999419989,1000
sp5,163,predation.predPrey.sizeRatio.alpha.sp0.stage1,-0.000611914974749401,0.0117832532398134,0.0178464249664078,1000
sp5,164,predation.predPrey.sizeRatio.teta.sp1.stage1,0.000799234632890282,0.0106523513746391,0.0149913082358547,1000
sp5,165,predation.predPrey.sizeRatio.alpha.sp1.stage1,-0.000349263549732741,0.0110463527266021,0.0156651493249591,1000
sp5,166,predation.predPrey.sizeRatio.teta.sp2.stage1,0.000270893462404497,0.00990911826709053,0.0143172429087748,1000
sp5,167,predation.predPrey.sizeRatio.alpha.sp2.stage1,0.000276306969833929,0.0106792841228309,0.0154855553628607,1000
sp5,168,predation.predPrey.sizeRatio.teta.sp3.stage1,0.00100544523652395,0.0115163169510662,0.0160756162080683,1000
sp5,169,predation.predPrey.sizeRatio.alpha.sp3.stage1,0.00114555193569604,0.0757529707397729,0.0936262946090234,1000
sp5,170,predation.predPrey.sizeRatio.teta.sp4.stage1,-0.000125581407005552,0.0101184396137785,0.0141020931426724,1000
sp5,171,predation.predPrey.sizeRatio.alpha.sp4.stage1,0.000229300430869133,0.0125423223750436,0.0180948576677202,1000
sp5,172,predation.predPrey.sizeRatio.teta.sp5.stage1,-0.000345700263861361,0.00938794197073485,0.0135478677153696,1000
sp5,173,predation.predPrey.sizeRatio.teta.sp5.stage2,-0.0344550979518904,0.59185657539332,0.666156002090634,1000
sp5,174,predation.predPrey.sizeRatio.alpha.sp5.stage1,-0.000475086743101219,0.0105124363010515,0.015156214816068,1000
sp5,175,predation.predPrey.sizeRatio.alpha.sp5.stage2,-0.00552924056759441,0.152004034662239,0.173566167959519,1000
sp5,176,predation.predPrey.sizeRatio.teta.sp6.stage1,-0.000913830742132131,0.0101922585152891,0.0146592391223678,1000
sp5,177,predation.predPrey.sizeRatio.alpha.sp6.stage1,0.00030539045910728,0.0102556588609247,0.0143893161738317,1000
sp5,178,predation.predPrey.sizeRatio.teta.sp7.stage1,-0.000108964368250593,0.0102920711419016,0.0142701951798634,1000
sp5,179,predation.predPrey.sizeRatio.alpha.sp7.stage1,0.000239779609288113,0.0119151089816979,0.0179141906771056,1000
sp5,180,predation.predPrey.sizeRatio.teta.sp8.stage1,-0.000454500703964476,0.0102333532410679,0.0142796698466777,1000
sp5,181,predation.predPrey.sizeRatio.alpha.sp8.stage1,0.000304765335482955,0.0142020427003554,0.0220632372609597,1000
sp5,182,predation.predPrey.sizeRatio.teta.sp9.stage1,-0.000312036645577783,0.0105941153216844,0.0150717032713779,1000
sp5,183,predation.predPrey.sizeRatio.alpha.sp9.stage1,0.000538162309247625,0.0150096316652107,0.0225818301102062,1000
sp5,184,predation.predPrey.sizeRatio.teta.sp10.stage1,-0.000608383773765132,0.00977212827460331,0.0143123694194517,1000
sp5,185,predation.predPrey.sizeRatio.alpha.sp10.stage1,-4.1064793292741e-06,0.0112992382378056,0.0163352289947036,1000
sp5,186,predation.predPrey.sizeRatio.teta.sp11.stage1,-0.000315940041078446,0.00969071829191982,0.0134471073583543,1000
sp5,187,predation.predPrey.sizeRatio.alpha.sp11.stage1,-0.000628619569432027,0.0100932197878634,0.014392543340644,1000
sp5,188,predation.predPrey.sizeRatio.teta.sp12.stage1,-0.000463614303733282,0.0106326894745805,0.0150481935999562,1000
sp5,189,predation.predPrey.sizeRatio.alpha.sp12.stage1,0.000243861983632735,0.0145632148525621,0.0224282939391809,1000
sp5,190,predation.predPrey.sizeRatio.teta.sp13.stage1,0.00089965004041503,0.0101806946785789,0.013867738091528,1000
sp5,191,predation.predPrey.sizeRatio.alpha.sp13.stage1,-0.00124413102023297,0.0272007539599951,0.0334953026300802,1000
sp5,192,predation.predPrey.sizeRatio.teta.sp14.stage1,-7.29409138522917e-05,0.00989283138932744,0.0137787120394781,1000
sp5,193,predation.predPrey.sizeRatio.alpha.sp14.stage1,-0.000408438774499129,0.0100986032287516,0.0141480629399343,1000
sp5,194,predation.predPrey.sizeRatio.teta.sp15.stage1,0.000277358412583984,0.0104757747782059,0.0149004392811081,1000
sp5,195,predation.predPrey.sizeRatio.alpha.sp15.stage1,-0.000423047394161334,0.0315808543895213,0.0349457490012491,1000
sp6,1,mortality.additional.rate.sp0,0.000555597215438627,0.0149335201424775,0.0193278482431594,1000
sp6,2,mortality.additional.rate.sp1,-0.000670443193955937,0.0146045732304558,0.0190011034598445,1000
sp6,3,mortality.additional.rate.sp2,-0.000386197439854246,0.0158150053108545,0.0203810155167046,1000
sp6,4,mortality.additional.rate.sp3,-0.00180896814912048,0.0301235741059512,0.0382676521628067,1000
sp6,5,mortality.additional.rate.sp4,-7.88084734094123e-05,0.0151271325370443,0.0197056161084879,1000
sp6,6,mortality.additional.rate.sp5,-6.3715255684554e-05,0.0190453019848147,0.0249894000981123,1000
sp6,7,mortality.additional.rate.sp6,-0.00135136579676576,0.01489913900405,0.0192786376676328,1000
sp6,8,mortality.additional.rate.sp7,0.00142393188654523,0.0165882369655524,0.0215897449135341,1000
sp6,9,mortality.additional.rate.sp8,-0.00132939161477124,0.0159764483172691,0.0208688984943507,1000
sp6,10,mortality.additional.rate.sp9,-0.000135767614840601,0.0152290435720289,0.0200542729724422,1000
sp6,11,mortality.additional.rate.sp10,0.000130740724433876,0.015023188785007,0.0194997580351533,1000
sp6,12,mortality.additional.rate.sp11,-0.000266069394933617,0.0146369942685319,0.018958742417496,1000
sp6,13,mortality.additional.rate.sp12,0.000300839065079572,0.0154634128189447,0.0198884881121084,1000
sp6,14,mortality.additional.rate.sp13,0.000483583790790653,0.0154740955738143,0.0198754232172133,1000
sp6,15,mortality.additional.rate.sp14,0.000688355080117992,0.015378164559747,0.0199125316342163,1000
sp6,16,mortality.additional.rate.sp15,0.000539940835058436,0.01568634523771,0.0204075792557792,1000
sp6,17,fisheries.rate.base.fsh0,-0.000673080473561323,0.0576051157893603,0.0653995269559277,1000
sp6,18,fisheries.rate.base.fsh1,6.45736964453935e-05,0.0178809278832667,0.0232260592179736,1000
sp6,19,fisheries.rate.base.fsh2,0.00099378757856296,0.0159948104493428,0.0204049475132628,1000
sp6,20,fisheries.rate.base.fsh3,-0.000543340814222665,0.0175420688392071,0.0227724703801671,1000
sp6,21,species.catchability.fsh0.sp0,0.00116505769248114,0.0224052957034101,0.030118142872829,1000
sp6,22,species.catchability.fsh0.sp1,0.000481851694844745,0.0164399350478614,0.0208227014111344,1000
sp6,23,species.catchability.fsh0.sp2,0.000180367668426716,0.0159899960449036,0.0205459474816517,1000
sp6,24,species.catchability.fsh0.sp3,-0.00317260974432633,0.0420697247174118,0.0502144380302421,1000
sp6,25,species.catchability.fsh0.sp5,0.000541923842609512,0.0164095040916067,0.0215224573988311,1000
sp6,26,species.catchability.fsh0.sp7,0.000466303735152645,0.0157519710945525,0.0200876800371317,1000
sp6,27,species.catchability.fsh0.sp8,9.5395673931751e-05,0.0159020765321558,0.0207541101267909,1000
sp6,28,species.catchability.fsh0.sp9,0.000567543579641616,0.0152965453601953,0.0194722537874679,1000
sp6,29,species.catchability.fsh0.sp10,-5.83972914981063e-05,0.0164496048962233,0.0214182318000531,1000
sp6,30,species.catchability.fsh0.sp13,4.70428360710109e-05,0.0150028492257274,0.0194059718018901,1000
sp6,31,species.catchability.fsh0.sp14,-7.77508635722698e-05,0.0150639864209345,0.0198909667440489,1000
sp6,32,species.catchability.fsh0.sp15,-0.000149170507390673,0.0152827053242293,0.0199725022359656,1000
sp6,33,species.catchability.fsh1.sp9,-0.000860554910613113,0.0154947617761038,0.0200306926865773,1000
sp6,34,species.catchability.fsh1.sp10,-0.00177233616233767,0.0170196876838186,0.0226622280238758,1000
sp6,35,species.catchability.fsh1.sp11,-0.000557593728671794,0.0141913593443403,0.0183536536829082,1000
sp6,36,species.catchability.fsh1.sp12,-0.000168682018822228,0.015727904031819,0.0201887772635976,1000
sp6,37,species.catchability.fsh2.sp0,-0.000592529323322047,0.0147537687597634,0.0191071325421052,1000
sp6,38,species.catchability.fsh2.sp5,-5.59975543020814e-05,0.0155220544278071,0.0204683792167584,1000
sp6,39,species.catchability.fsh2.sp7,0.000472728428406019,0.0151717296162802,0.0195430149031461,1000
sp6,40,species.catchability.fsh2.sp8,1.38047165924919e-05,0.0148815160270185,0.019226957913741,1000
sp6,41,species.catchability.fsh3.sp0,0.000984384518752595,0.0157795823844996,0.0205400213623288,1000
sp6,42,species.catchability.fsh3.sp1,-0.000203112655678667,0.0146477677869586,0.0191574207366757,1000
sp6,43,species.catchability.fsh3.sp2,0.000206989746324674,0.0155898293484897,0.0202657691598098,1000
sp6,44,species.catchability.fsh3.sp3,0.00120308930335349,0.016133248744313,0.0206462719409621,1000
sp6,45,species.catchability.fsh3.sp5,0.00035743596387028,0.0151137920883419,0.0197336401093749,1000
sp6,46,species.catchability.fsh3.sp7,-0.000288686385702711,0.0144060810678209,0.0185959742542154,1000
sp6,47,species.catchability.fsh3.sp8,0.000622564031430117,0.0151391529793413,0.0191912719209442,1000
sp6,48,species.catchability.fsh3.sp9,-0.000522248579609351,0.0150587509684493,0.0196955033812141,1000
sp6,49,species.catchability.fsh3.sp10,-0.00125380662577158,0.015748455790159,0.020340873854944,1000
sp6,50,species.catchability.fsh3.sp11,-0.000640844658000614,0.015522075949187,0.020815646374226,1000
sp6,51,species.catchability.fsh3.sp12,0.000477597247604749,0.0162628518597608,0.021212750243392,1000
sp6,52,species.catchability.fsh3.sp13,0.000355632725610747,0.0148123162624238,0.0199122352888326,1000
sp6,53,species.catchability.fsh3.sp14,0.00030325949761042,0.0152095189619982,0.0195169095500842,1000
sp6,54,species.catchability.fsh3.sp15,-0.000174819054604876,0.0149527834882923,0.0193180428833094,1000
sp6,55,species.length2weight.condition.factor.sp0,0.00124636807611766,0.0246965600672339,0.0362384529009468,1000
sp6,56,species.length2weight.condition.factor.sp1,-0.000631044396298123,0.0160347690080014,0.0206057187548883,1000
sp6,57,species.length2weight.condition.factor.sp2,-8.61161873824862e-05,0.0156625254989508,0.0204899662776657,1000
sp6,58,species.length2weight.condition.factor.sp3,0.00057456581267005,0.0348117428674586,0.0485707388806169,1000
sp6,59,species.length2weight.condition.factor.sp4,-0.000307105434309678,0.0169481973774474,0.0218336999818994,1000
sp6,60,species.length2weight.condition.factor.sp5,-0.000457072662075606,0.0147335299907263,0.0191933593429693,1000
sp6,61,species.length2weight.condition.factor.sp6,-0.00140383150699504,0.0224488325313526,0.0288244379310759,1000
sp6,62,species.length2weight.condition.factor.sp7,-0.000336819640851384,0.0153577745830954,0.0195696506736928,1000
sp6,63,species.length2weight.condition.factor.sp8,-0.000215877596741893,0.0151910879718758,0.0198599809578334,1000
sp6,64,species.length2weight.condition.factor.sp9,0.000644973599282066,0.0161913167434444,0.02132713086888,1000
sp6,65,species.length2weight.condition.factor.sp10,0.000114235630141133,0.0153413975925904,0.0200884368815382,1000
sp6,66,species.length2weight.condition.factor.sp11,-8.89546247391223e-05,0.0152336126728737,0.0199397649069032,1000
sp6,67,species.length2weight.condition.factor.sp12,-4.87585592897796e-05,0.0159240777999861,0.0204798179877485,1000
sp6,68,species.length2weight.condition.factor.sp13,-0.000764740432994498,0.015210722254608,0.0198423191147269,1000
sp6,69,species.length2weight.condition.factor.sp14,0.00112905735431989,0.0187009895873862,0.023994488492912,1000
sp6,70,species.length2weight.condition.factor.sp15,0.000852107679265778,0.0153378039198409,0.0195214007756923,1000
sp6,71,species.k.sp0,0.00208352173224528,0.0712877524619253,0.110005688500208,1000
sp6,72,species.k.sp1,0.000380900112405443,0.0651394245865929,0.0712940076646336,1000
sp6,73,species.k.sp2,-0.000467840249555731,0.0239116243726552,0.0347568739507652,1000
sp6,74,species.k.sp3,0.00155896967376982,0.0890653722761736,0.115009738041236,1000
sp6,75,species.k.sp4,-0.00238624993853598,0.047872434000622,0.0560032421482206,1000
sp6,76,species.k.sp5,0.000603746886337583,0.0182435143749073,0.0247474599202599,1000
sp6,77,species.k.sp6,-0.0106219102927941,0.300690379100344,0.314689846149298,1000
sp6,78,species.k.sp7,-2.51594648027291e-06,0.0165546646024698,0.0211062528711198,1000
sp6,79,species.k.sp8,0.000990992876305486,0.0343476985833344,0.0437905660097248,1000
sp6,80,species.k.sp9,-0.000360280621474498,0.0191642813781487,0.0256560274303165,1000
sp6,81,species.k.sp10,0.000122750327256413,0.0196620619830269,0.0261596396347414,1000
sp6,82,species.k.sp11,0.000529719682053955,0.0165967534678602,0.0218194345080346,1000
sp6,83,species.k.sp12,-0.000275958598862015,0.0161094009413718,0.0214259594123932,1000
sp6,84,species.k.sp13,4.81880132813572e-05,0.0274013247770474,0.0380482467412105,1000
sp6,85,species.k.sp14,0.00229461829154507,0.0620256321746887,0.0687430703821906,1000
sp6,86,species.k.sp15,0.00135436428010677,0.0171523990991859,0.022980406241904,1000
sp6,87,species.l0.sp0,0.000693048872761697,0.0204376975239378,0.0281087263967881,1000
sp6,88,species.l0.sp1,-0.00139536330530666,0.0514188565483258,0.0576194006754531,1000
sp6,89,species.l0.sp2,-0.000178232502966814,0.0206367257228151,0.0286394004770959,1000
sp6,90,species.l0.sp3,0.000428392357157409,0.0324153429090784,0.043311616574938,1000
sp6,91,species.l0.sp4,0.000371262121350835,0.0385324468336902,0.0457809842078352,1000
sp6,92,species.l0.sp5,0.000691012656310577,0.0147056951078822,0.0193358033374887,1000
sp6,93,species.l0.sp6,0.00136846849514053,0.16236893745727,0.17463716194177,1000
sp6,94,species.l0.sp7,0.000678836406379848,0.0163483649813248,0.0213441447065739,1000
sp6,95,species.l0.sp8,0.00113250289538964,0.018499703376061,0.0236472197270427,1000
sp6,96,species.l0.sp9,-0.000379567411263387,0.0195871417135129,0.0264324027580923,1000
sp6,97,species.l0.sp10,-0.000164426588860751,0.0256467093933159,0.0348471183825083,1000
sp6,98,species.l0.sp11,5.37272276719017e-06,0.016012061895366,0.0208232975953455,1000
sp6,99,species.l0.sp12,0.000583807566753592,0.0157503296052815,0.0208427669065268,1000
sp6,100,species.l0.sp13,-0.000181291264465816,0.015450330486168,0.0200089894521919,1000
sp6,101,species.l0.sp14,-0.000830747392231655,0.0155176946014059,0.0200872692496847,1000
sp6,102,species.l0.sp15,-0.00014152887115355,0.014969469634755,0.019937066204942,1000
sp6,103,mortality.additional.larva.rate.sp0,-0.00185179599257838,0.0644539396606313,0.106458651896608,1000
sp6,104,mortality.additional.larva.rate.sp1,-0.000489523231102469,0.0210067156877295,0.0269461157907698,1000
sp6,105,mortality.additional.larva.rate.sp2,-0.000271714546874244,0.04539330161627,0.0686289041013233,1000
sp6,106,mortality.additional.larva.rate.sp3,0.0114044585151231,0.224046278751323,0.292544766172409,1000
sp6,107,mortality.additional.larva.rate.sp4,0.000262932878498076,0.0155753521264825,0.0201118031371722,1000
sp6,108,mortality.additional.larva.rate.sp5,-0.00022499949098479,0.0150053315178309,0.0195104753764788,1000
sp6,109,mortality.additional.larva.rate.sp6,0.000440045818228866,0.016365117329495,0.0215533362277074,1000
sp6,110,mortality.additional.larva.rate.sp9,0.000174451244414964,0.0252017855505749,0.0339298895343946,1000
sp6,111,mortality.additional.larva.rate.sp10,-0.000638743582184939,0.0344046328460594,0.0488723328173663,1000
sp6,112,mortality.additional.larva.rate.sp11,-0.000429468500586227,0.0156171426782623,0.0202568582345401,1000
sp6,113,mortality.additional.larva.rate.sp12,0.000642916758648725,0.0167181387159472,0.0218976886517768,1000
sp6,114,mortality.additional.larva.rate.sp13,0.000906923072290598,0.0150521779079809,0.019586984486317,1000
sp6,115,mortality.additional.larva.rate.sp14,0.000409090134109561,0.018371812854714,0.0248699190949477,1000
sp6,116,mortality.additional.larva.rate.sp15,0.000114486273505447,0.0207090301903847,0.0282254800618475,1000
sp6,117,mortality.additional.larva.rate.mean.sp7,-0.000642684845031574,0.0172306058042568,0.022174370878313,1000
sp6,118,mortality.additional.larva.rate.mean.sp8,0.000450566152633861,0.0209675857397056,0.0264182916576927,1000
sp6,119,species.linf.sp0,-0.0115174666630625,0.0913401371094739,0.143139841502386,1000
sp6,120,species.linf.sp1,0.0019101675467046,0.162355274558102,0.17061644397023,1000
sp6,121,species.linf.sp2,-0.000931045428893371,0.0496285367588165,0.0784717155851847,1000
sp6,122,species.linf.sp3,-0.0231379954778644,0.336299317309745,0.395607638255207,1000
sp6,123,species.linf.sp4,0.0039835457475869,0.121918413023662,0.136749283246209,1000
sp6,124,species.linf.sp5,4.15753993044202e-05,0.0439722141100956,0.0572555443191658,1000
sp6,125,species.linf.sp6,0.0127549465884264,0.740259573999667,0.754809335870293,1000
sp6,126,species.linf.sp7,9.08989790816589e-05,0.0292375030786199,0.0354620913724645,1000
sp6,127,species.linf.sp8,-0.00252607483635011,0.112326455577059,0.137448918783977,1000
sp6,128,species.linf.sp9,0.000731533528921344,0.0344599916367573,0.0477653070080888,1000
sp6,129,species.linf.sp10,0.00163503650228477,0.0499809682398335,0.0698687178244138,1000
sp6,130,species.linf.sp11,0.000364087617357327,0.0176522609624728,0.0238542063732882,1000
sp6,131,species.linf.sp12,0.000533283437804349,0.0237014858064786,0.0304359459055455,1000
sp6,132,species.linf.sp13,0.00139658145077278,0.0220987760638308,0.0299098048924604,1000
sp6,133,species.linf.sp14,0.00152090250482031,0.119970572493458,0.130671832386736,1000
sp6,134,species.linf.sp15,-0.000482402724803321,0.0221198651792355,0.0297750402462591,1000
sp6,135,species.accessibility2fish.sp16,-0.000116624306753059,0.015235766954536,0.019499331714977,1000
sp6,136,species.accessibility2fish.sp17,-0.000523292220355467,0.0154217711426253,0.0199657190817235,1000
sp6,137,species.accessibility2fish.sp18,0.000372948320192939,0.0158832402014756,0.0207395658913334,1000
sp6,138,species.accessibility2fish.sp19,-0.000504261684229828,0.0167606463624847,0.0229463659471751,1000
sp6,139,species.accessibility2fish.sp20,-8.90581569669531e-05,0.015590946420399,0.0200614575109617,1000
sp6,140,species.accessibility2fish.sp21,0.000622553310421715,0.0167372872785486,0.0221834639779083,1000
sp6,141,species.accessibility2fish.sp22,-0.00118366471020353,0.0575662377011364,0.100620270276834,1000
sp6,142,species.accessibility2fish.sp23,-0.00862105685541707,0.128504531645379,0.138935927931998,1000
sp6,143,species.accessibility2fish.sp24,0.000604423134613815,0.0197286335100547,0.02530801274421,1000
sp6,144,species.accessibility2fish.sp25,0.00117427951217404,0.0149519858766064,0.0195639814230628,1000
sp6,145,species.accessibility2fish.sp26,6.76283377565533e-05,0.0161128337622263,0.0209313901346724,1000
sp6,146,species.maturity.size.ratio.sp0,0.00299192691618791,0.0655657081711765,0.10896531861121,1000
sp6,147,species.maturity.size.ratio.sp1,-6.99577675039052e-05,0.0153078858249344,0.0196205055816939,1000
sp6,148,species.maturity.size.ratio.sp2,0.00139008636772833,0.0153959610990711,0.0198965880238822,1000
sp6,149,species.maturity.size.ratio.sp3,0.000955121691464192,0.0157312165433008,0.0203893974544967,1000
sp6,150,species.maturity.size.ratio.sp4,-0.000441624804144619,0.0189541013676237,0.0246699953638862,1000
sp6,151,species.maturity.size.ratio.sp5,-0.000307837286715541,0.0159468841267554,0.0205274203042484,1000
sp6,152,species.maturity.size.ratio.sp6,0.000464919234946725,0.0555927732647502,0.0820661925893074,1000
sp6,153,species.maturity.size.ratio.sp7,0.00026323256830146,0.0150856932773367,0.0197985135850914,1000
sp6,154,species.maturity.size.ratio.sp8,-0.000180845537656528,0.0158271349585529,0.0203717519712074,1000
sp6,155,species.maturity.size.ratio.sp9,0.000382775799992676,0.0151738561664942,0.019597923955501,1000
sp6,156,species.maturity.size.ratio.sp10,0.000519881847017917,0.0172831303461799,0.0223427053085522,1000
sp6,157,species.maturity.size.ratio.sp11,-0.00247663776533429,0.0200634694262411,0.0264462904935227,1000
sp6,158,species.maturity.size.ratio.sp12,0.00033447512611434,0.0156214825762573,0.0203131710366023,1000
sp6,159,species.maturity.size.ratio.sp13,-0.00213312193102923,0.0347258379707958,0.0490514169342901,1000
sp6,160,species.maturity.size.ratio.sp14,-0.000589805210122594,0.0163204377279771,0.021202456104497,1000
sp6,161,species.maturity.size.ratio.sp15,6.75308714347438e-05,0.0215676320434492,0.0300842142057903,1000
sp6,162,predation.predPrey.sizeRatio.teta.sp0.stage1,-0.000316234432714208,0.0153771725275279,0.020086350970717,1000
sp6,163,predation.predPrey.sizeRatio.alpha.sp0.stage1,0.00279814325948949,0.0401820018331229,0.0616912522030304,1000
sp6,164,predation.predPrey.sizeRatio.teta.sp1.stage1,0.000373839563160981,0.0225079261814133,0.0298734140731897,1000
sp6,165,predation.predPrey.sizeRatio.alpha.sp1.stage1,0.00175645886934038,0.0239184370530989,0.0317675061055938,1000
sp6,166,predation.predPrey.sizeRatio.teta.sp2.stage1,0.000474471114303619,0.0157832276733467,0.0205180398780014,1000
sp6,167,predation.predPrey.sizeRatio.alpha.sp2.stage1,-0.000317302777746757,0.0291119633562955,0.0446120500676547,1000
sp6,168,predation.predPrey.sizeRatio.teta.sp3.stage1,-0.000537443759645125,0.0152278529830764,0.0199590297354466,1000
sp6,169,predation.predPrey.sizeRatio.alpha.sp3.stage1,0.00398672103163506,0.119668396509681,0.159240638508359,1000
sp6,170,predation.predPrey.sizeRatio.teta.sp4.stage1,0.00052722178043296,0.016877511955268,0.0223772142253683,1000
sp6,171,predation.predPrey.sizeRatio.alpha.sp4.stage1,-0.00167229646016567,0.0275661537969918,0.0363100497178081,1000
sp6,172,predation.predPrey.sizeRatio.teta.sp5.stage1,0.000229205421503368,0.0154878394455707,0.0200368971895215,1000
sp6,173,predation.predPrey.sizeRatio.teta.sp5.stage2,0.00182349855807568,0.0276888000272545,0.0361873520806198,1000
sp6,174,predation.predPrey.sizeRatio.alpha.sp5.stage1,-0.000385087283879916,0.0149168962219171,0.0193247494597857,1000
sp6,175,predation.predPrey.sizeRatio.alpha.sp5.stage2,-0.00136828272734802,0.0253521794826766,0.0325528652850027,1000
sp6,176,predation.predPrey.sizeRatio.teta.sp6.stage1,0.00139743137163372,0.099370178875034,0.132693536601524,1000
sp6,177,predation.predPrey.sizeRatio.alpha.sp6.stage1,-0.00349378668782816,0.158418834717724,0.182025291157765,1000
sp6,178,predation.predPrey.sizeRatio.teta.sp7.stage1,-0.00076026605677658,0.0159880786216513,0.020723525154871,1000
sp6,179,predation.predPrey.sizeRatio.alpha.sp7.stage1,-0.000605787123807874,0.0176940596532857,0.0227408120901392,1000
sp6,180,predation.predPrey.sizeRatio.teta.sp8.stage1,0.000583985449057226,0.0153778573562343,0.0199849124405009,1000
sp6,181,predation.predPrey.sizeRatio.alpha.sp8.stage1,0.00294784145242816,0.0960569037744266,0.123848491084694,1000
sp6,182,predation.predPrey.sizeRatio.teta.sp9.stage1,0.000702044185443703,0.0159457629702534,0.0209500805250789,1000
sp6,183,predation.predPrey.sizeRatio.alpha.sp9.stage1,0.00151704456877655,0.0317959357424975,0.0428741577525243,1000
sp6,184,predation.predPrey.sizeRatio.teta.sp10.stage1,-6.80943631345128e-06,0.0158205265438011,0.0204902784152506,1000
sp6,185,predation.predPrey.sizeRatio.alpha.sp10.stage1,-0.00104675011446945,0.0224788418980218,0.0312731164886445,1000
sp6,186,predation.predPrey.sizeRatio.teta.sp11.stage1,-0.000932103638574104,0.0164024462852043,0.0213666977796477,1000
sp6,187,predation.predPrey.sizeRatio.alpha.sp11.stage1,0.00027986071738004,0.0153855522251659,0.0200698489158668,1000
sp6,188,predation.predPrey.sizeRatio.teta.sp12.stage1,-0.000585456853319648,0.0169325970994369,0.02187826965525,1000
sp6,189,predation.predPrey.sizeRatio.alpha.sp12.stage1,-0.00101708731938767,0.0180446780376217,0.0232492099711749,1000
sp6,190,predation.predPrey.sizeRatio.teta.sp13.stage1,-0.00065350798738643,0.015514121748704,0.0202286287166573,1000
sp6,191,predation.predPrey.sizeRatio.alpha.sp13.stage1,-0.000269874569036351,0.0198401760865764,0.0265176956553629,1000
sp6,192,predation.predPrey.sizeRatio.teta.sp14.stage1,-0.000113404799074703,0.0161913923069489,0.0209921432319117,1000
sp6,193,predation.predPrey.sizeRatio.alpha.sp14.stage1,-0.00247453307496808,0.0974648352463399,0.112686554127134,1000
sp6,194,predation.predPrey.sizeRatio.teta.sp15.stage1,-0.000999663918344864,0.0153997631578042,0.0195567025881055,1000
sp6,195,predation.predPrey.sizeRatio.alpha.sp15.stage1,-0.000570626304582221,0.0172406994443445,0.0227804377077756,1000
sp7,1,mortality.additional.rate.sp0,7.68670312751476e-05,0.00777959702483575,0.0121226766703098,1000
sp7,2,mortality.additional.rate.sp1,-0.000183749527086379,0.00821743570540119,0.0113669229853012,1000
sp7,3,mortality.additional.rate.sp2,0.000455040860091197,0.00795945073670863,0.0115878429995431,1000
sp7,4,mortality.additional.rate.sp3,-0.00050278459386838,0.00809294265696747,0.0113565570606646,1000
sp7,5,mortality.additional.rate.sp4,0.000191083369478182,0.00807422422025361,0.0113673497863761,1000
sp7,6,mortality.additional.rate.sp5,0.000474413532994377,0.0143940150105979,0.0187223372640562,1000
sp7,7,mortality.additional.rate.sp6,1.88724909924956e-05,0.00774190623784567,0.0108380145572024,1000
sp7,8,mortality.additional.rate.sp7,-0.00142082034633249,0.0703336609429891,0.0886385791780619,1000
sp7,9,mortality.additional.rate.sp8,9.70422755378532e-05,0.00769116367726092,0.0108561494938981,1000
sp7,10,mortality.additional.rate.sp9,-0.000423173710549564,0.00758220246002761,0.0109735350459725,1000
sp7,11,mortality.additional.rate.sp10,-0.000182266506945537,0.00810534348587453,0.0110631815393067,1000
sp7,12,mortality.additional.rate.sp11,-0.000292782718132963,0.00806456767921822,0.0129349590124108,1000
sp7,13,mortality.additional.rate.sp12,0.000277397326161244,0.00816246310070372,0.0119424142425227,1000
sp7,14,mortality.additional.rate.sp13,0.000249037724489993,0.00773174408393252,0.0113696345312077,1000
sp7,15,mortality.additional.rate.sp14,-7.6768506485058e-05,0.00719151346869723,0.00988642462034424,1000
sp7,16,mortality.additional.rate.sp15,0.000208059325418563,0.00764299526325799,0.0107097096282876,1000
sp7,17,fisheries.rate.base.fsh0,1.64029929393776e-05,0.0148847474348372,0.0212262397014873,1000
sp7,18,fisheries.rate.base.fsh1,-0.000232068877532899,0.00884230875106392,0.0125837751333635,1000
sp7,19,fisheries.rate.base.fsh2,-0.000196028353973224,0.00875807600729022,0.0127684775284541,1000
sp7,20,fisheries.rate.base.fsh3,0.0003103329431985,0.00918783903119885,0.0129189978700343,1000
sp7,21,species.catchability.fsh0.sp0,7.18246407878298e-05,0.00770243129298516,0.0110945590535065,1000
sp7,22,species.catchability.fsh0.sp1,0.000349636101341351,0.00798518106373191,0.0122235738861534,1000
sp7,23,species.catchability.fsh0.sp2,1.06200602645522e-05,0.00769521595222124,0.0112258464100817,1000
sp7,24,species.catchability.fsh0.sp3,-0.000344034729582551,0.00908526962599616,0.0126779340851853,1000
sp7,25,species.catchability.fsh0.sp5,0.00038891664298805,0.00984894994222883,0.0137387229779905,1000
sp7,26,species.catchability.fsh0.sp7,-0.00100953863961463,0.0182995910072573,0.0255907060092058,1000
sp7,27,species.catchability.fsh0.sp8,-0.000393346282190023,0.00873033804316664,0.0130290198937018,1000
sp7,28,species.catchability.fsh0.sp9,-0.000457183480189344,0.00771762108576434,0.0112074170919892,1000
sp7,29,species.catchability.fsh0.sp10,0.00033733955882346,0.00804518491098449,0.0114422130419421,1000
sp7,30,species.catchability.fsh0.sp13,2.46263701155077e-05,0.00773309417894579,0.0110167104008378,1000
sp7,31,species.catchability.fsh0.sp14,-0.000141873093691573,0.00810873518253041,0.0114685325161096,1000
sp7,32,species.catchability.fsh0.sp15,-0.000300343321850446,0.0077778018758918,0.0110743065625235,1000
sp7,33,species.catchability.fsh1.sp9,0.00030562990869793,0.00806500140334683,0.0116904002817385,1000
sp7,34,species.catchability.fsh1.sp10,0.000829627528706059,0.00813914086939744,0.0109008579433491,1000
sp7,35,species.catchability.fsh1.sp11,0.000342802999781243,0.00778761715908612,0.011737092810394,1000
sp7,36,species.catchability.fsh1.sp12,0.000149657718231013,0.0083638877239939,0.0133098293841725,1000
sp7,37,species.catchability.fsh2.sp0,0.000206931249769828,0.0074872603800581,0.0105845983725338,1000
sp7,38,species.catchability.fsh2.sp5,-1.51143355353934e-05,0.00814319770126917,0.0117786552046277,1000
sp7,39,species.catchability.fsh2.sp7,0.000427292382900983,0.00883738787305921,0.0127905815324929,1000
sp7,40,species.catchability.fsh2.sp8,5.75841225507627e-05,0.00778605900329883,0.011014239741082,1000
sp7,41,species.catchability.fsh3.sp0,0.000262504999142631,0.00759231045001445,0.0104065654762135,1000
sp7,42,species.catchability.fsh3.sp1,-0.000300818868620558,0.00762691565673954,0.0106105081110757,1000
sp7,43,species.catchability.fsh3.sp2,-0.000122774336988144,0.00774799482079828,0.0113793478236852,1000
sp7,44,species.catchability.fsh3.sp3,-0.000148479159425841,0.00773811621124605,0.0107317831806245,1000
sp7,45,species.catchability.fsh3.sp5,7.87800743910248e-05,0.00795914246554779,0.0117786912635814,1000
sp7,46,species.catchability.fsh3.sp7,0.000228106112689468,0.00945321985170407,0.013538437898741,1000
sp7,47,species.catchability.fsh3.sp8,0.000586845036815775,0.00795236406773812,0.0113796692531328,1000
sp7,48,species.catchability.fsh3.sp9,3.65366615502193e-05,0.00776053240506516,0.0109433908197026,1000
sp7,49,species.catchability.fsh3.sp10,8.23682912610152e-05,0.00771776768920664,0.0109174723769566,1000
sp7,50,species.catchability.fsh3.sp11,-5.17761394252028e-05,0.0078043255485597,0.0107645093386733,1000
sp7,51,species.catchability.fsh3.sp12,-0.000297943942951712,0.00793068466252561,0.0113429878904511,1000
sp7,52,species.catchability.fsh3.sp13,-0.000638440123116509,0.00810208853527553,0.0120519214464289,1000
sp7,53,species.catchability.fsh3.sp14,4.39918387006559e-05,0.00755971028492674,0.0104516431423404,1000
sp7,54,species.catchability.fsh3.sp15,-0.000354290150872993,0.00758290744699857,0.0107927344171228,1000
sp7,55,species.length2weight.condition.factor.sp0,-3.44817125095859e-05,0.00762171874250709,0.0107896501836197,1000
sp7,56,species.length2weight.condition.factor.sp1,0.000283197781125168,0.00821855869574259,0.0116114933632226,1000
sp7,57,species.length2weight.condition.factor.sp2,-0.000166353179552202,0.00879568052907864,0.0121904838622497,1000
sp7,58,species.length2weight.condition.factor.sp3,0.000676730015218891,0.00861633264103536,0.0122106558315097,1000
sp7,59,species.length2weight.condition.factor.sp4,-6.3897653690672e-05,0.00787556828304579,0.0108383027160307,1000
sp7,60,species.length2weight.condition.factor.sp5,-0.000340095079264039,0.00805894506906616,0.0114874272659296,1000
sp7,61,species.length2weight.condition.factor.sp6,0.000243085757207863,0.00783866654834863,0.0106525716250498,1000
sp7,62,species.length2weight.condition.factor.sp7,0.000361485605771358,0.0101751228547601,0.0152104613875407,1000
sp7,63,species.length2weight.condition.factor.sp8,-7.77943081195394e-05,0.0084711673748274,0.0122794768835663,1000
sp7,64,species.length2weight.condition.factor.sp9,-0.000273488458326524,0.00754141166304809,0.0105142432704761,1000
sp7,65,species.length2weight.condition.factor.sp10,0.000318048150514898,0.00752098907918972,0.0110044000129348,1000
sp7,66,species.length2weight.condition.factor.sp11,-0.000225567138754602,0.00809068672372859,0.0115291257779538,1000
sp7,67,species.length2weight.condition.factor.sp12,-1.01995053534464e-05,0.00799388824466142,0.0111227923668568,1000
sp7,68,species.length2weight.condition.factor.sp13,0.000221530988650179,0.00792096004695417,0.0112994115065182,1000
sp7,69,species.length2weight.condition.factor.sp14,-0.000834850726183472,0.0078756154372738,0.0111572707217576,1000
sp7,70,species.length2weight.condition.factor.sp15,-0.000429473542376581,0.00822710229466584,0.0120829466302718,1000
sp7,71,species.k.sp0,0.000343424782605601,0.0109224080393644,0.0152740655094703,1000
sp7,72,species.k.sp1,-0.000311002061891833,0.0279299762619716,0.0323488870681873,1000
sp7,73,species.k.sp2,-0.000206160167124748,0.00938127211276181,0.0136684309975977,1000
sp7,74,species.k.sp3,-0.000466288284990275,0.0113532494349047,0.0166233224138633,1000
sp7,75,species.k.sp4,-0.00139224066614698,0.0130361230771409,0.0174337317590061,1000
sp7,76,species.k.sp5,-0.00162388603137348,0.0152800861629926,0.0211726698416508,1000
sp7,77,species.k.sp6,0.000651127548817133,0.0190341649198282,0.0230142941792854,1000
sp7,78,species.k.sp7,0.00164751301348175,0.0202285485231233,0.0292451337729799,1000
sp7,79,species.k.sp8,0.000900251095309498,0.0133596801260956,0.0188033413292725,1000
sp7,80,species.k.sp9,-0.000534512884319071,0.00888760010115711,0.0123998662738659,1000
sp7,81,species.k.sp10,-0.00053514212409996,0.00791771925688994,0.0112890873529955,1000
sp7,82,species.k.sp11,-3.83923400766056e-05,0.0077373257104319,0.0108758797717872,1000
sp7,83,species.k.sp12,0.000269981394747289,0.00749221200378072,0.0106525722951766,1000
sp7,84,species.k.sp13,0.000438454493097007,0.0104194074962139,0.0147923994339635,1000
sp7,85,species.k.sp14,-0.000100882871634995,0.0101329124591273,0.0138865702001777,1000
sp7,86,species.k.sp15,-0.000249107496192077,0.00793369987849616,0.0113528233203014,1000
sp7,87,species.l0.sp0,0.000387900860422056,0.00775202262113777,0.0113491922105589,1000
sp7,88,species.l0.sp1,-0.000550880611487721,0.0218911094720543,0.0254856435422722,1000
sp7,89,species.l0.sp2,0.000102496266624109,0.0112748729355441,0.0162779443844134,1000
sp7,90,species.l0.sp3,0.000559149331326592,0.00845811410185891,0.0121275725538409,1000
sp7,91,species.l0.sp4,-2.43902106794712e-06,0.0112673121104166,0.015214057408217,1000
sp7,92,species.l0.sp5,7.17468294842308e-05,0.00782408589576611,0.0112868806863097,1000
sp7,93,species.l0.sp6,-0.000173838643917073,0.0109322256866234,0.0140565401045643,1000
sp7,94,species.l0.sp7,-0.00226475411949223,0.0464029986232437,0.0728524410094647,1000
sp7,95,species.l0.sp8,-0.000810520222855545,0.0124165054039998,0.0163371039422954,1000
sp7,96,species.l0.sp9,0.000221556648544309,0.00828397958958894,0.0122202503252738,1000
sp7,97,species.l0.sp10,-0.000744971237172308,0.00833110117110271,0.0117012791900129,1000
sp7,98,species.l0.sp11,0.000338352059925756,0.0077881648428494,0.0111173238730585,1000
sp7,99,species.l0.sp12,0.000592107336675201,0.00758444997238343,0.0108455226781515,1000
sp7,100,species.l0.sp13,0.00017509113014713,0.00775098119506928,0.0112028181661089,1000
sp7,101,species.l0.sp14,-0.000173626042734015,0.00781917536878644,0.0114358014142277,1000
sp7,102,species.l0.sp15,0.000581993112351431,0.00773562310120777,0.0114015348568499,1000
sp7,103,mortality.additional.larva.rate.sp0,-0.000190732655170983,0.00963847205627567,0.0141913680544269,1000
sp7,104,mortality.additional.larva.rate.sp1,-0.000121266793244402,0.00864321445456907,0.011617782979326,1000
sp7,105,mortality.additional.larva.rate.sp2,-0.000667258388271218,0.0245158273981112,0.0358745699908546,1000
sp7,106,mortality.additional.larva.rate.sp3,-0.000578220375116653,0.0227721694765701,0.0332026535791334,1000
sp7,107,mortality.additional.larva.rate.sp4,0.00015774021747242,0.00820500399843522,0.0117570520174002,1000
sp7,108,mortality.additional.larva.rate.sp5,-2.30508435467383e-05,0.00818062914306529,0.0118853571324306,1000
sp7,109,mortality.additional.larva.rate.sp6,0.00021410414373413,0.00763261194447555,0.0105527747441306,1000
sp7,110,mortality.additional.larva.rate.sp9,-0.000629273328850993,0.00911908678398273,0.0130152387371547,1000
sp7,111,mortality.additional.larva.rate.sp10,0.000373036880536322,0.00833468090258968,0.0119252344503309,1000
sp7,112,mortality.additional.larva.rate.sp11,7.63066085854647e-05,0.00795608461471086,0.0110395393321319,1000
sp7,113,mortality.additional.larva.rate.sp12,0.000116148250182074,0.00803293930350218,0.0113437052283663,1000
sp7,114,mortality.additional.larva.rate.sp13,0.000221473116954989,0.00787583350854066,0.0110687879059778,1000
sp7,115,mortality.additional.larva.rate.sp14,0.000250570056309442,0.00806980839581799,0.012167565458272,1000
sp7,116,mortality.additional.larva.rate.sp15,-0.000376676450928654,0.00814651597209153,0.011155413385898,1000
sp7,117,mortality.additional.larva.rate.mean.sp7,0.00103921335439141,0.0734136167834428,0.104113884327882,1000
sp7,118,mortality.additional.larva.rate.mean.sp8,0.000667863852212269,0.015882955121163,0.0208942671300911,1000
sp7,119,species.linf.sp0,7.2360346633009e-07,0.0111402579574515,0.0154922339812099,1000
sp7,120,species.linf.sp1,2.62126799500993e-05,0.0686878771718448,0.0744443130362408,1000
sp7,121,species.linf.sp2,-0.000684288332124889,0.0169605242394044,0.0252428402727095,1000
sp7,122,species.linf.sp3,6.72777783242453e-05,0.0234547676207789,0.0344600544475052,1000
sp7,123,species.linf.sp4,0.000305505725118386,0.0274044045216395,0.033226090669164,1000
sp7,124,species.linf.sp5,0.000493517890569998,0.0567651295601802,0.0711330872830309,1000
sp7,125,species.linf.sp6,-0.000609287488745205,0.048797070621129,0.0536494911847129,1000
sp7,126,species.linf.sp7,-0.00158701178954163,0.283957247259766,0.332824890307178,1000
sp7,127,species.linf.sp8,0.000580520062101759,0.0303984709236435,0.0396751771220804,1000
sp7,128,species.linf.sp9,0.000555260245072101,0.012452432999004,0.0168415573864748,1000
sp7,129,species.linf.sp10,-0.000305026525810464,0.0103802505442954,0.0143865347246008,1000
sp7,130,species.linf.sp11,3.72614772350975e-05,0.00807676187204598,0.0118631428225602,1000
sp7,131,species.linf.sp12,0.000510030836306454,0.00862648742310861,0.0117672106392758,1000
sp7,132,species.linf.sp13,-5.7201918792398e-05,0.0104811528775008,0.0146957046420131,1000
sp7,133,species.linf.sp14,0.000334582693597293,0.00965605186526244,0.0138579537188187,1000
sp7,134,species.linf.sp15,-0.000165834970746069,0.00899794546498032,0.0122440590066223,1000
sp7,135,species.accessibility2fish.sp16,0.000361374691627908,0.00785281747123321,0.0111360020367474,1000
sp7,136,species.accessibility2fish.sp17,-1.67839554386166e-05,0.00768173057907058,0.0110143875606917,1000
sp7,137,species.accessibility2fish.sp18,-0.000143477047874594,0.0080086755795426,0.0113168065702327,1000
sp7,138,species.accessibility2fish.sp19,0.000131299448346198,0.00804911515179768,0.011370897341412,1000
sp7,139,species.accessibility2fish.sp20,0.000803998959490218,0.00801819312291306,0.0112535356663733,1000
sp7,140,species.accessibility2fish.sp21,-0.000236999926135887,0.00818904064778813,0.0115303816066972,1000
sp7,141,species.accessibility2fish.sp22,-0.000607889424019189,0.0223234823460842,0.0389594650533352,1000
sp7,142,species.accessibility2fish.sp23,-0.0034976501236036,0.0571555087036884,0.0638191970783688,1000
sp7,143,species.accessibility2fish.sp24,-0.000105167318203692,0.0170589182293787,0.0258637553793692,1000
sp7,144,species.accessibility2fish.sp25,0.00016001744094818,0.0078165492899178,0.0112473556326088,1000
sp7,145,species.accessibility2fish.sp26,-0.000120627283079822,0.00735012628559849,0.0103428293723108,1000
sp7,146,species.maturity.size.ratio.sp0,0.000831805264289704,0.0100270084045495,0.0142475517234816,1000
sp7,147,species.maturity.size.ratio.sp1,0.0001049324908165,0.00790615191862443,0.01092597804648,1000
sp7,148,species.maturity.size.ratio.sp2,0.000163048095273405,0.008471789324948,0.0118591444609467,1000
sp7,149,species.maturity.size.ratio.sp3,-6.48626667436274e-05,0.00791388826102749,0.011465518789152,1000
sp7,150,species.maturity.size.ratio.sp4,-5.77282709623635e-05,0.00848898327648962,0.0115419401263306,1000
sp7,151,species.maturity.size.ratio.sp5,0.000208120232361039,0.00755603065870486,0.010545641168024,1000
sp7,152,species.maturity.size.ratio.sp6,-0.000170475133900996,0.00834595436477738,0.0122087656119486,1000
sp7,153,species.maturity.size.ratio.sp7,0.000291482340054445,0.00892031119570761,0.0120977898116884,1000
sp7,154,species.maturity.size.ratio.sp8,0.000142273157875683,0.00771347058195323,0.0109518696967663,1000
sp7,155,species.maturity.size.ratio.sp9,0.000190551280975449,0.00815141680542149,0.0115854041748269,1000
sp7,156,species.maturity.size.ratio.sp10,-0.000274539740000167,0.00802796953187901,0.0115938037530149,1000
sp7,157,species.maturity.size.ratio.sp11,-0.000206384933014748,0.00811531956147858,0.0112628835390508,1000
sp7,158,species.maturity.size.ratio.sp12,0.000271864442234577,0.007731541515412,0.0109006754876354,1000
sp7,159,species.maturity.size.ratio.sp13,-0.0010513946319803,0.0170165743234301,0.0247680970824346,1000
sp7,160,species.maturity.size.ratio.sp14,-6.88914429382831e-05,0.00789219463600661,0.0113661699995072,1000
sp7,161,species.maturity.size.ratio.sp15,-1.17722136957105e-05,0.00845437945274388,0.0120102978966621,1000
sp7,162,predation.predPrey.sizeRatio.teta.sp0.stage1,0.000568475894971532,0.00758748949588365,0.0106897380550993,1000
sp7,163,predation.predPrey.sizeRatio.alpha.sp0.stage1,-0.000284130632268954,0.00895348836890195,0.0125949046134451,1000
sp7,164,predation.predPrey.sizeRatio.teta.sp1.stage1,0.000267775856038938,0.0103549215925931,0.0144451278914132,1000
sp7,165,predation.predPrey.sizeRatio.alpha.sp1.stage1,-4.55159523951429e-05,0.0110922249948956,0.0172326361265296,1000
sp7,166,predation.predPrey.sizeRatio.teta.sp2.stage1,0.000458400742292257,0.00874139610554827,0.0121826945484131,1000
sp7,167,predation.predPrey.sizeRatio.alpha.sp2.stage1,-0.000173008365813603,0.0118678997637661,0.0167717319553243,1000
sp7,168,predation.predPrey.sizeRatio.teta.sp3.stage1,0.000479132924532246,0.00899532610541249,0.0128980141793728,1000
sp7,169,predation.predPrey.sizeRatio.alpha.sp3.stage1,-0.00048531384927463,0.0150918999108239,0.0212543339938563,1000
sp7,170,predation.predPrey.sizeRatio.teta.sp4.stage1,0.000155039070131794,0.0081390529496779,0.0113789596430167,1000
sp7,171,predation.predPrey.sizeRatio.alpha.sp4.stage1,-0.0006974956767153,0.00847425728256212,0.0120763953743781,1000
sp7,172,predation.predPrey.sizeRatio.teta.sp5.stage1,-0.000427400704534148,0.0078652830572934,0.0111140821404601,1000
sp7,173,predation.predPrey.sizeRatio.teta.sp5.stage2,-0.00103913668122248,0.0374242827940543,0.0497272700989637,1000
sp7,174,predation.predPrey.sizeRatio.alpha.sp5.stage1,0.000174834494550336,0.00770805064963444,0.0114977342142671,1000
sp7,175,predation.predPrey.sizeRatio.alpha.sp5.stage2,0.000196385917479909,0.0259266686705248,0.0407189668478291,1000
sp7,176,predation.predPrey.sizeRatio.teta.sp6.stage1,-0.000224274573319289,0.0102757100417014,0.0143962943751787,1000
sp7,177,predation.predPrey.sizeRatio.alpha.sp6.stage1,0.000212165316620361,0.0155469899926736,0.0197840378709949,1000
sp7,178,predation.predPrey.sizeRatio.teta.sp7.stage1,-0.00149586885104259,0.0255445393956416,0.0363686101617701,1000
sp7,179,predation.predPrey.sizeRatio.alpha.sp7.stage1,-0.0025734349174523,0.296832536788004,0.367029898298062,1000
sp7,180,predation.predPrey.sizeRatio.teta.sp8.stage1,-0.000529633795248435,0.00862809670298479,0.0118835815679517,1000
sp7,181,predation.predPrey.sizeRatio.alpha.sp8.stage1,-0.000393196907837874,0.012464620432643,0.0164491882858205,1000
sp7,182,predation.predPrey.sizeRatio.teta.sp9.stage1,2.12576288730333e-05,0.00796949659435223,0.0114773906587806,1000
sp7,183,predation.predPrey.sizeRatio.alpha.sp9.stage1,0.000217936776018444,0.0109685429467916,0.0152566557950418,1000
sp7,184,predation.predPrey.sizeRatio.teta.sp10.stage1,4.97774607948539e-05,0.00795690419671205,0.0113044686708091,1000
sp7,185,predation.predPrey.sizeRatio.alpha.sp10.stage1,0.000554485883949173,0.00830787856862941,0.0113565122504474,1000
sp7,186,predation.predPrey.sizeRatio.teta.sp11.stage1,-0.000309180650524719,0.00797005358897576,0.0121173231810982,1000
sp7,187,predation.predPrey.sizeRatio.alpha.sp11.stage1,8.70488324359912e-05,0.00767935742886832,0.0109995680484145,1000
sp7,188,predation.predPrey.sizeRatio.teta.sp12.stage1,0.000262979899018028,0.00760664691402364,0.0105546932360842,1000
sp7,189,predation.predPrey.sizeRatio.alpha.sp12.stage1,5.26460938413449e-05,0.0079509567110859,0.0111427978726869,1000
sp7,190,predation.predPrey.sizeRatio.teta.sp13.stage1,-0.000109736726483389,0.00763835616317921,0.0106552331148532,1000
sp7,191,predation.predPrey.sizeRatio.alpha.sp13.stage1,6.61180276606294e-05,0.00888771464764459,0.0131617054126057,1000
sp7,192,predation.predPrey.sizeRatio.teta.sp14.stage1,-0.000172737649121899,0.00812220295336591,0.0113343793599605,1000
sp7,193,predation.predPrey.sizeRatio.alpha.sp14.stage1,-0.000477690006001812,0.00947352002461314,0.0132796306136288,1000
sp7,194,predation.predPrey.sizeRatio.teta.sp15.stage1,-0.000208663259760161,0.00786166924990202,0.0109959777984057,1000
sp7,195,predation.predPrey.sizeRatio.alpha.sp15.stage1,0.000404948917422025,0.00924453421528021,0.012508876757386,1000
sp8,1,mortality.additional.rate.sp0,0.000176600266850835,0.0136311070463123,0.0180556835753633,1000
sp8,2,mortality.additional.rate.sp1,0.000334823184559801,0.0134935186881544,0.0179094482107139,1000
sp8,3,mortality.additional.rate.sp2,-0.000254946520914968,0.0160922284049858,0.0213719161907041,1000
sp8,4,mortality.additional.rate.sp3,-0.000391186572017012,0.0147303874587189,0.0193450222480745,1000
sp8,5,mortality.additional.rate.sp4,-0.000561331131761125,0.013728650737404,0.0179682305203893,1000
sp8,6,mortality.additional.rate.sp5,-0.000122479017618184,0.0185087983612971,0.0236479616147559,1000
sp8,7,mortality.additional.rate.sp6,0.000270218054377764,0.0130024841851631,0.0172673610323186,1000
sp8,8,mortality.additional.rate.sp7,-0.000300096789399719,0.0143442477482318,0.0187556445647003,1000
sp8,9,mortality.additional.rate.sp8,-0.000598887720516691,0.0132680179333235,0.0176761456238565,1000
sp8,10,mortality.additional.rate.sp9,-0.000276349491542521,0.0135319005211098,0.0179341538885132,1000
sp8,11,mortality.additional.rate.sp10,-0.00045231330789638,0.0141781484802962,0.018472171358352,1000
sp8,12,mortality.additional.rate.sp11,0.000643006156667983,0.0134907615908972,0.0176712679467043,1000
sp8,13,mortality.additional.rate.sp12,5.28891460266791e-06,0.0134527179978191,0.0177304195953386,1000
sp8,14,mortality.additional.rate.sp13,-0.000619510163659503,0.0132502148622788,0.0174454884839438,1000
sp8,15,mortality.additional.rate.sp14,0.000295458734812248,0.0139239510189778,0.0185097772204193,1000
sp8,16,mortality.additional.rate.sp15,-1.11559623568542e-05,0.0129352629882048,0.0172757922568117,1000
sp8,17,fisheries.rate.base.fsh0,0.00151012193411266,0.0433295123698713,0.0489821655923061,1000
sp8,18,fisheries.rate.base.fsh1,0.000298025308849357,0.0148645727699476,0.0194508932239795,1000
sp8,19,fisheries.rate.base.fsh2,0.000254142836469916,0.0165546373320997,0.0211046028520286,1000
sp8,20,fisheries.rate.base.fsh3,-0.000120040891491351,0.0139715709845356,0.018585317434739,1000
sp8,21,species.catchability.fsh0.sp0,0.000370620572413892,0.0143113018211137,0.0193417464068648,1000
sp8,22,species.catchability.fsh0.sp1,0.000183928912027435,0.0138547955210119,0.0181852612810793,1000
sp8,23,species.catchability.fsh0.sp2,0.000201243546402074,0.0139783855556708,0.0183060872683103,1000
sp8,24,species.catchability.fsh0.sp3,-0.000497639059361089,0.0156582781391986,0.0202472129703126,1000
sp8,25,species.catchability.fsh0.sp5,-4.14406995652631e-05,0.0149393121570053,0.0194822086926346,1000
sp8,26,species.catchability.fsh0.sp7,0.000247090284276585,0.0136662553571155,0.0179126096570125,1000
sp8,27,species.catchability.fsh0.sp8,-0.0010795428663825,0.0639573869802505,0.0678890087675862,1000
sp8,28,species.catchability.fsh0.sp9,-2.17484105231096e-05,0.0128982748154502,0.0170057989580208,1000
sp8,29,species.catchability.fsh0.sp10,0.000186435127637615,0.0136191206765212,0.0179260765060763,1000
sp8,30,species.catchability.fsh0.sp13,6.80899097526039e-05,0.0136932954407758,0.0180457398755059,1000
sp8,31,species.catchability.fsh0.sp14,-7.14652192493439e-05,0.012909052749326,0.0170136729268564,1000
sp8,32,species.catchability.fsh0.sp15,-0.000354891440427125,0.0131735080969826,0.0174989159215291,1000
sp8,33,species.catchability.fsh1.sp9,0.000382065643516643,0.0146144787306142,0.0188752472526668,1000
sp8,34,species.catchability.fsh1.sp10,6.90339661021018e-05,0.0136210641730859,0.0180555446250111,1000
sp8,35,species.catchability.fsh1.sp11,-0.000837375861196693,0.013378371965759,0.0177512954260859,1000
sp8,36,species.catchability.fsh1.sp12,-0.00113657363328846,0.01382868242487,0.0179889036829423,1000
sp8,37,species.catchability.fsh2.sp0,0.000513484799973727,0.0137194323824142,0.0182567873482624,1000
sp8,38,species.catchability.fsh2.sp5,0.000771692577926578,0.0138793629551509,0.0181658273308188,1000
sp8,39,species.catchability.fsh2.sp7,-0.000101383595818107,0.0130475713423021,0.0173246464724089,1000
sp8,40,species.catchability.fsh2.sp8,0.000350268998850742,0.0166354908229556,0.0210729356250635,1000
sp8,41,species.catchability.fsh3.sp0,-0.00021102461139251,0.0132950265820449,0.0177038821671002,1000
sp8,42,species.catchability.fsh3.sp1,0.000488836978331298,0.013390880728452,0.0177942632991602,1000
sp8,43,species.catchability.fsh3.sp2,-0.000234916944867874,0.013157206332356,0.0172508891564297,1000
sp8,44,species.catchability.fsh3.sp3,0.000426308537642414,0.0143818668732325,0.0187411650184437,1000
sp8,45,species.catchability.fsh3.sp5,-0.000234267380030882,0.0136195509743106,0.0183101147726073,1000
sp8,46,species.catchability.fsh3.sp7,0.000495027056364187,0.0133254181787371,0.0171933277082102,1000
sp8,47,species.catchability.fsh3.sp8,-0.000173638662665865,0.0160327893576147,0.0204452143905481,1000
sp8,48,species.catchability.fsh3.sp9,-0.00072581969424804,0.0133909928749621,0.0176917005906727,1000
sp8,49,species.catchability.fsh3.sp10,0.000245093123135431,0.0135212664478203,0.0178503637675136,1000
sp8,50,species.catchability.fsh3.sp11,0.000109073900228078,0.0136134508748952,0.0177547820100828,1000
sp8,51,species.catchability.fsh3.sp12,-0.000738290199083746,0.0132207292099881,0.0177814821635883,1000
sp8,52,species.catchability.fsh3.sp13,0.000293705295229589,0.0139814752647372,0.0184683103952032,1000
sp8,53,species.catchability.fsh3.sp14,-0.000654770989325483,0.0138144067026426,0.0182966090271392,1000
sp8,54,species.catchability.fsh3.sp15,0.000171115359495725,0.0130706195419144,0.017566133025087,1000
sp8,55,species.length2weight.condition.factor.sp0,0.00054085025296394,0.0168837748184618,0.0234323703190285,1000
sp8,56,species.length2weight.condition.factor.sp1,6.57709561268625e-05,0.0136746088956112,0.0178887144303906,1000
sp8,57,species.length2weight.condition.factor.sp2,1.99570638355097e-05,0.0157161343441351,0.0212674415775049,1000
sp8,58,species.length2weight.condition.factor.sp3,0.000181284061493857,0.0172682218433445,0.0226216015462173,1000
sp8,59,species.length2weight.condition.factor.sp4,-0.000299074842269521,0.0133100938514927,0.0178212848363997,1000
sp8,60,species.length2weight.condition.factor.sp5,0.000437958186309707,0.0132442953416719,0.0173744161982889,1000
sp8,61,species.length2weight.condition.factor.sp6,-3.11568975152086e-05,0.0134882529244163,0.0176466460103813,1000
sp8,62,species.length2weight.condition.factor.sp7,0.000991249324938266,0.0137415879507739,0.0177806961287282,1000
sp8,63,species.length2weight.condition.factor.sp8,-0.00075022656806475,0.0159336236410664,0.0208988298187054,1000
sp8,64,species.length2weight.condition.factor.sp9,0.00122685425559594,0.0138664293847325,0.0182670880158706,1000
sp8,65,species.length2weight.condition.factor.sp10,-0.000208650331280163,0.0137950032996405,0.0183717491394319,1000
sp8,66,species.length2weight.condition.factor.sp11,-0.000232750302757439,0.0128944293823691,0.0170402777631819,1000
sp8,67,species.length2weight.condition.factor.sp12,4.46652202394385e-05,0.013626892305514,0.018024737355165,1000
sp8,68,species.length2weight.condition.factor.sp13,0.000266715756984828,0.013517300920561,0.0182094126644844,1000
sp8,69,species.length2weight.condition.factor.sp14,-0.000675217980012088,0.0138098390646049,0.0181777270657078,1000
sp8,70,species.length2weight.condition.factor.sp15,-0.000969464801934439,0.013884992364913,0.0184268081401828,1000
sp8,71,species.k.sp0,-0.00126871369224731,0.0231591232114966,0.0360717249892977,1000
sp8,72,species.k.sp1,-0.000795183612636484,0.0199956636778345,0.0250691211610608,1000
sp8,73,species.k.sp2,0.000103929593056087,0.0254568664480044,0.0329668481909197,1000
sp8,74,species.k.sp3,-0.00107790025171192,0.02847033660367,0.0385470033914174,1000
sp8,75,species.k.sp4,-0.00100394132804142,0.0236775044054172,0.0294661308218732,1000
sp8,76,species.k.sp5,-0.00267148589184716,0.0183644469934591,0.0227565832617202,1000
sp8,77,species.k.sp6,0.000198592215552761,0.0149701690333521,0.0196079524865031,1000
sp8,78,species.k.sp7,0.000852707751901483,0.0144112054631777,0.0189073809552401,1000
sp8,79,species.k.sp8,-0.00272059301044582,0.180333473636892,0.188303585750642,1000
sp8,80,species.k.sp9,-0.000545423124197703,0.0176853559676578,0.0233336677473437,1000
sp8,81,species.k.sp10,0.000763738877077171,0.01374951420587,0.0182601678661606,1000
sp8,82,species.k.sp11,0.00077168846842897,0.0146255816130411,0.0195711686304167,1000
sp8,83,species.k.sp12,-0.00101405622309438,0.013955356265225,0.0179768110412177,1000
sp8,84,species.k.sp13,0.000141525372954531,0.0177365047029542,0.0233342438735675,1000
sp8,85,species.k.sp14,0.00054572899535385,0.0167249945019981,0.0211436942148476,1000
sp8,86,species.k.sp15,-0.000197400269670307,0.0136323140156768,0.0179991362698371,1000
sp8,87,species.l0.sp0,-0.000792887882656906,0.0154519241671726,0.0204972646923553,1000
sp8,88,species.l0.sp1,0.000574863569964465,0.0156866034590304,0.0208866338105639,1000
sp8,89,species.l0.sp2,0.000406442524510057,0.0223586242151227,0.029157432846959,1000
sp8,90,species.l0.sp3,-0.000573916172564565,0.0163583203611557,0.0219362334336632,1000
sp8,91,species.l0.sp4,0.000591119784648636,0.0159354391497037,0.0212145237147604,1000
sp8,92,species.l0.sp5,0.000290409830657629,0.0137660187508376,0.0180642881360958,1000
sp8,93,species.l0.sp6,-0.000749989574187506,0.0133611792005043,0.0177127979929904,1000
sp8,94,species.l0.sp7,8.23162113539939e-05,0.0137522387348115,0.0181620121878646,1000
sp8,95,species.l0.sp8,0.00169539870115805,0.0757644278454864,0.0886923477492388,1000
sp8,96,species.l0.sp9,-0.000445886359398885,0.0152272250092376,0.0202646815166876,1000
sp8,97,species.l0.sp10,0.000109660848866361,0.0144265090345994,0.0189473097144702,1000
sp8,98,species.l0.sp11,1.23623734604775e-05,0.0142506276075732,0.0190787817727465,1000
sp8,99,species.l0.sp12,0.000262639142401118,0.0135967586988304,0.0177924566252725,1000
sp8,100,species.l0.sp13,-0.000313955228539134,0.013326640138041,0.0175067457308359,1000
sp8,101,species.l0.sp14,-0.000292766577252852,0.0136746178481957,0.0182082297435296,1000
sp8,102,species.l0.sp15,-0.000273048809029091,0.013639525272303,0.0179146929121591,1000
sp8,103,mortality.additional.larva.rate.sp0,-0.000472702882152028,0.0260004905167044,0.0416565785049747,1000
sp8,104,mortality.additional.larva.rate.sp1,0.000144087411750551,0.0133272440783296,0.0173936071240832,1000
sp8,105,mortality.additional.larva.rate.sp2,0.00162714217225416,0.0730027817069276,0.0943649507448941,1000
sp8,106,mortality.additional.larva.rate.sp3,-8.19008270156548e-05,0.0671359792350526,0.0912858280490414,1000
sp8,107,mortality.additional.larva.rate.sp4,-0.000879188899444345,0.01350286018815,0.0177097923675598,1000
sp8,108,mortality.additional.larva.rate.sp5,-3.00739651455634e-05,0.0132871610554469,0.0179859334897953,1000
sp8,109,mortality.additional.larva.rate.sp6,0.000865779664766805,0.0139183513977574,0.0182330495057397,1000
sp8,110,mortality.additional.larva.rate.sp9,0.00127146377756655,0.0190712513842053,0.0257345248197463,1000
sp8,111,mortality.additional.larva.rate.sp10,4.14575508578811e-05,0.0165527833625183,0.0219203234710616,1000
sp8,112,mortality.additional.larva.rate.sp11,0.000307720047118812,0.013363907574091,0.0178326099430896,1000
sp8,113,mortality.additional.larva.rate.sp12,-0.00013212800327031,0.0141095568196442,0.0187107750291352,1000
sp8,114,mortality.additional.larva.rate.sp13,0.000329032488551217,0.013545362332562,0.0179840240747168,1000
sp8,115,mortality.additional.larva.rate.sp14,-0.000400828735084531,0.0138156692419802,0.0183882170656386,1000
sp8,116,mortality.additional.larva.rate.sp15,-0.000514355257268089,0.0131786070880522,0.0173358684676521,1000
sp8,117,mortality.additional.larva.rate.mean.sp7,-0.000182546988653863,0.0136986992925516,0.017825914287075,1000
sp8,118,mortality.additional.larva.rate.mean.sp8,0.0014562619260528,0.0741239794332788,0.0871201429066837,1000
sp8,119,species.linf.sp0,-0.00168152037530757,0.0248961944914814,0.0391235914225659,1000
sp8,120,species.linf.sp1,-0.000317314518045094,0.0410451145696713,0.0473949609048879,1000
sp8,121,species.linf.sp2,0.00371116013267035,0.0692750982423531,0.0870032499281577,1000
sp8,122,species.linf.sp3,-0.00214544851197334,0.0733990308557204,0.100270222079392,1000
sp8,123,species.linf.sp4,-0.000361909293800646,0.0627066553282386,0.0732872232291722,1000
sp8,124,species.linf.sp5,0.000653054096641105,0.0490695836309382,0.0573521603205075,1000
sp8,125,species.linf.sp6,0.000258978884887096,0.021398621133121,0.0264181550643583,1000
sp8,126,species.linf.sp7,0.000342585215979694,0.0187317368617433,0.023861772325488,1000
sp8,127,species.linf.sp8,0.0123395842753431,0.535471201060228,0.546775435410065,1000
sp8,128,species.linf.sp9,0.000302716989568153,0.0264761454142596,0.0349525000517905,1000
sp8,129,species.linf.sp10,8.90274340553043e-05,0.0180538403656226,0.0237973423986294,1000
sp8,130,species.linf.sp11,0.000245395796975027,0.015031777227346,0.0198396872195968,1000
sp8,131,species.linf.sp12,-0.00031272786574776,0.0170037858218024,0.0216640026795458,1000
sp8,132,species.linf.sp13,-0.000631355222672197,0.0178097489468537,0.0236838499928229,1000
sp8,133,species.linf.sp14,0.00116521837243141,0.025339528088245,0.0306276256314036,1000
sp8,134,species.linf.sp15,-0.000643139956737492,0.0136355447035352,0.0177949123208678,1000
sp8,135,species.accessibility2fish.sp16,-0.000281363320390808,0.0136581307118031,0.0179423879379157,1000
sp8,136,species.accessibility2fish.sp17,-0.000255610611094935,0.0130612716279697,0.0174299505729062,1000
sp8,137,species.accessibility2fish.sp18,0.000614874708454533,0.0130235282454282,0.0170168971520673,1000
sp8,138,species.accessibility2fish.sp19,0.000490437552958094,0.0132020394418371,0.0170527741207931,1000
sp8,139,species.accessibility2fish.sp20,-0.00155133480809431,0.013220378221903,0.017234605377643,1000
sp8,140,species.accessibility2fish.sp21,-0.0009050515454381,0.0160844078980444,0.0209499215088813,1000
sp8,141,species.accessibility2fish.sp22,3.14585187298015e-05,0.0240900785800584,0.0342424232029575,1000
sp8,142,species.accessibility2fish.sp23,-0.00140325389982383,0.0357776455756793,0.0408966365358564,1000
sp8,143,species.accessibility2fish.sp24,-0.00442846623874461,0.165534956242117,0.185905522555531,1000
sp8,144,species.accessibility2fish.sp25,0.00042806853945176,0.0138700078008455,0.0181409924213833,1000
sp8,145,species.accessibility2fish.sp26,-0.000359002193025847,0.0145389469672864,0.0191736044370108,1000
sp8,146,species.maturity.size.ratio.sp0,0.00311056833149082,0.0267655129625563,0.0441713272659793,1000
sp8,147,species.maturity.size.ratio.sp1,-9.56149138799049e-05,0.0127995977387589,0.0167921840530735,1000
sp8,148,species.maturity.size.ratio.sp2,-0.000164569118964795,0.0134358763392383,0.0176954864695978,1000
sp8,149,species.maturity.size.ratio.sp3,-0.000298502047484939,0.0152269723783617,0.0200896649196309,1000
sp8,150,species.maturity.size.ratio.sp4,-0.00139036670038383,0.0136931632399927,0.0182545257115412,1000
sp8,151,species.maturity.size.ratio.sp5,-0.000154975504169047,0.013369150657645,0.0176043839720909,1000
sp8,152,species.maturity.size.ratio.sp6,0.00102304810177879,0.0135063521670961,0.0178845970072716,1000
sp8,153,species.maturity.size.ratio.sp7,9.84424727193054e-05,0.0141006080792131,0.0183083267448853,1000
sp8,154,species.maturity.size.ratio.sp8,0.000408015003301971,0.0146793162123309,0.0194724051371517,1000
sp8,155,species.maturity.size.ratio.sp9,0.000340326781186816,0.0136302150203766,0.0178269522793351,1000
sp8,156,species.maturity.size.ratio.sp10,0.000528155324376151,0.0137601891444295,0.0181904859121306,1000
sp8,157,species.maturity.size.ratio.sp11,-0.0015874447372406,0.021474584591896,0.0278347557879637,1000
sp8,158,species.maturity.size.ratio.sp12,0.000236607090506491,0.0135625645306408,0.0176959810084828,1000
sp8,159,species.maturity.size.ratio.sp13,0.000101149107036972,0.0229776867330002,0.0310697301116619,1000
sp8,160,species.maturity.size.ratio.sp14,-9.45741739992624e-05,0.0138027099121973,0.0186178650403971,1000
sp8,161,species.maturity.size.ratio.sp15,-3.7441631300727e-05,0.0137413114272459,0.0181397183196168,1000
sp8,162,predation.predPrey.sizeRatio.teta.sp0.stage1,0.00018466303098962,0.0132878083797631,0.0178604433473228,1000
sp8,163,predation.predPrey.sizeRatio.alpha.sp0.stage1,0.000480892029148267,0.0168964728780406,0.0221273233380324,1000
sp8,164,predation.predPrey.sizeRatio.teta.sp1.stage1,9.88128335912741e-05,0.0131411929341946,0.0172695033021143,1000
sp8,165,predation.predPrey.sizeRatio.alpha.sp1.stage1,0.00202629503139995,0.0210635138498771,0.0274292114505019,1000
sp8,166,predation.predPrey.sizeRatio.teta.sp2.stage1,-8.4918713569609e-05,0.0138943007987241,0.0186045348061497,1000
sp8,167,predation.predPrey.sizeRatio.alpha.sp2.stage1,-0.000318724816301349,0.027301162705203,0.0378631547907143,1000
sp8,168,predation.predPrey.sizeRatio.teta.sp3.stage1,0.000408608279977337,0.0141810631315729,0.018648090052296,1000
sp8,169,predation.predPrey.sizeRatio.alpha.sp3.stage1,0.000491219116167396,0.035006045933781,0.0455068466305886,1000
sp8,170,predation.predPrey.sizeRatio.teta.sp4.stage1,-0.000294313123759036,0.0135979335333414,0.0177231001390781,1000
sp8,171,predation.predPrey.sizeRatio.alpha.sp4.stage1,-0.000807898822679672,0.0283538384278119,0.0366507310710937,1000
sp8,172,predation.predPrey.sizeRatio.teta.sp5.stage1,-0.000543798363212593,0.0133749826939115,0.0174808900251793,1000
sp8,173,predation.predPrey.sizeRatio.teta.sp5.stage2,-0.00166768207531046,0.0235785078123765,0.0292637708516945,1000
sp8,174,predation.predPrey.sizeRatio.alpha.sp5.stage1,-0.000413889540491864,0.0139072588028054,0.0181177921462712,1000
sp8,175,predation.predPrey.sizeRatio.alpha.sp5.stage2,-0.000815481805045352,0.0204738133922478,0.025943873555481,1000
sp8,176,predation.predPrey.sizeRatio.teta.sp6.stage1,-0.000648902131039753,0.0133348590023625,0.0173752927572098,1000
sp8,177,predation.predPrey.sizeRatio.alpha.sp6.stage1,0.000375691015451205,0.0140192888808998,0.0183021498530715,1000
sp8,178,predation.predPrey.sizeRatio.teta.sp7.stage1,-0.000102760148841532,0.0137501995039194,0.018143266995316,1000
sp8,179,predation.predPrey.sizeRatio.alpha.sp7.stage1,0.000773562647152505,0.0142059753074491,0.0190440834780662,1000
sp8,180,predation.predPrey.sizeRatio.teta.sp8.stage1,0.000413630597551923,0.0191104883737695,0.0238346353634041,1000
sp8,181,predation.predPrey.sizeRatio.alpha.sp8.stage1,-0.00497501500592297,0.331966582827663,0.346840244438873,1000
sp8,182,predation.predPrey.sizeRatio.teta.sp9.stage1,0.000190296920472129,0.0182872071501629,0.0245327507131422,1000
sp8,183,predation.predPrey.sizeRatio.alpha.sp9.stage1,0.00109594482668341,0.0158087594135812,0.0208192458247569,1000
sp8,184,predation.predPrey.sizeRatio.teta.sp10.stage1,0.000201583561817918,0.0131628662302306,0.017268517072988,1000
sp8,185,predation.predPrey.sizeRatio.alpha.sp10.stage1,1.06213752555663e-05,0.013997109465299,0.0183213102526124,1000
sp8,186,predation.predPrey.sizeRatio.teta.sp11.stage1,-0.000255200203680196,0.0133300453914176,0.0177830526882076,1000
sp8,187,predation.predPrey.sizeRatio.alpha.sp11.stage1,-0.000708839044268572,0.0141175740227061,0.0188648651569211,1000
sp8,188,predation.predPrey.sizeRatio.teta.sp12.stage1,7.34516908914726e-05,0.0137030931636563,0.0181945963756784,1000
sp8,189,predation.predPrey.sizeRatio.alpha.sp12.stage1,-0.000369047146186076,0.015083499009586,0.0198345786453426,1000
sp8,190,predation.predPrey.sizeRatio.teta.sp13.stage1,0.000246241794522225,0.0145050880327604,0.0190725693925553,1000
sp8,191,predation.predPrey.sizeRatio.alpha.sp13.stage1,0.0014687327406997,0.0276403138510997,0.0358177030667779,1000
sp8,192,predation.predPrey.sizeRatio.teta.sp14.stage1,-0.000579061497257671,0.0134293921608783,0.0177904353548292,1000
sp8,193,predation.predPrey.sizeRatio.alpha.sp14.stage1,1.08987392990682e-05,0.0205186139145875,0.0258605762922187,1000
sp8,194,predation.predPrey.sizeRatio.teta.sp15.stage1,-0.000523146971491429,0.013450437519208,0.017790037640576,1000
sp8,195,predation.predPrey.sizeRatio.alpha.sp15.stage1,2.68585669080589e-05,0.0146360958588908,0.019942422568627,1000
sp9,1,mortality.additional.rate.sp0,0.00105122203092046,0.0200739237116895,0.0266206047453081,1000
sp9,2,mortality.additional.rate.sp1,0.000113213627733322,0.0208153952806961,0.0279123310246006,1000
sp9,3,mortality.additional.rate.sp2,0.000969753881319367,0.0245764491453125,0.0316421107255183,1000
sp9,4,mortality.additional.rate.sp3,-0.00245876969536392,0.0248583981051631,0.0320647379696156,1000
sp9,5,mortality.additional.rate.sp4,0.000240999421152448,0.0204136980455612,0.027130884986711,1000
sp9,6,mortality.additional.rate.sp5,-0.000603900826497609,0.0228649892401158,0.0299430634614727,1000
sp9,7,mortality.additional.rate.sp6,-0.00148170134359841,0.0190929324875614,0.0250863358258585,1000
sp9,8,mortality.additional.rate.sp7,0.000891018373141595,0.0196802398554228,0.0259301675527489,1000
sp9,9,mortality.additional.rate.sp8,0.00194041631105066,0.0204879346588475,0.0270705200260899,1000
sp9,10,mortality.additional.rate.sp9,-0.000662329724228467,0.0203833527599964,0.0269623932917958,1000
sp9,11,mortality.additional.rate.sp10,-0.000901351810633325,0.020119537111445,0.026330593758781,1000
sp9,12,mortality.additional.rate.sp11,-0.000184101564450055,0.020971954402887,0.0273510827818663,1000
sp9,13,mortality.additional.rate.sp12,-0.000718370839440419,0.0197895951294189,0.0259632921761472,1000
sp9,14,mortality.additional.rate.sp13,0.00163229369940901,0.02043020730193,0.0265312994051384,1000
sp9,15,mortality.additional.rate.sp14,0.000868522206864503,0.0192258567724629,0.0254903911927095,1000
sp9,16,mortality.additional.rate.sp15,0.000173174638609919,0.0204672428778151,0.0265576030551836,1000
sp9,17,fisheries.rate.base.fsh0,-0.001298384000144,0.0320514939273367,0.0402637662204941,1000
sp9,18,fisheries.rate.base.fsh1,-0.00123522759771203,0.0242008824839751,0.0308099201008931,1000
sp9,19,fisheries.rate.base.fsh2,-0.000417910978814765,0.0186941631220625,0.0243959220895542,1000
sp9,20,fisheries.rate.base.fsh3,0.00138925992810524,0.0207613120684369,0.0270155860205416,1000
sp9,21,species.catchability.fsh0.sp0,-0.00130517912353616,0.0210179525093382,0.0273029606446936,1000
sp9,22,species.catchability.fsh0.sp1,-0.000476017661022546,0.0205473893721832,0.0265843397331871,1000
sp9,23,species.catchability.fsh0.sp2,0.00106330535045733,0.0206433876513431,0.0270152916247225,1000
sp9,24,species.catchability.fsh0.sp3,-0.00151463443848366,0.0268816954401311,0.0344159546964691,1000
sp9,25,species.catchability.fsh0.sp5,-0.000396997126412864,0.0208917324768303,0.0269520326105331,1000
sp9,26,species.catchability.fsh0.sp7,0.00128554931592915,0.0203202475858701,0.0264504822134155,1000
sp9,27,species.catchability.fsh0.sp8,0.00119742173753443,0.019156864515449,0.025185787497809,1000
sp9,28,species.catchability.fsh0.sp9,5.7169003437816e-05,0.0216493180214929,0.0283107746977114,1000
sp9,29,species.catchability.fsh0.sp10,-0.000493262947370659,0.0232894793569915,0.030204041317097,1000
sp9,30,species.catchability.fsh0.sp13,-0.000695496729132167,0.0200674483404684,0.0264544346191017,1000
sp9,31,species.catchability.fsh0.sp14,-0.000476909927872043,0.0203255615689018,0.0265095821640048,1000
sp9,32,species.catchability.fsh0.sp15,0.00042496765935903,0.0204731782111806,0.0273400433975061,1000
sp9,33,species.catchability.fsh1.sp9,-0.000925037367726763,0.0433486333793501,0.0506458817092503,1000
sp9,34,species.catchability.fsh1.sp10,-0.000470940092364199,0.0268516998994395,0.0342813869280892,1000
sp9,35,species.catchability.fsh1.sp11,-0.000294727668392884,0.0202984437334435,0.0267285586471844,1000
sp9,36,species.catchability.fsh1.sp12,-0.000434295288373457,0.0216786784990741,0.0281767776951748,1000
sp9,37,species.catchability.fsh2.sp0,-0.00120966310587751,0.0197416545661692,0.0257506892058011,1000
sp9,38,species.catchability.fsh2.sp5,0.000544640954239424,0.0195087087099659,0.0256567474680423,1000
sp9,39,species.catchability.fsh2.sp7,0.000413862441873992,0.0206190607409021,0.0279269007346315,1000
sp9,40,species.catchability.fsh2.sp8,0.00100853274283427,0.019776101501792,0.0256765171960703,1000
sp9,41,species.catchability.fsh3.sp0,0.000721325263403206,0.0194656937046979,0.0254466409729141,1000
sp9,42,species.catchability.fsh3.sp1,-0.00103549922662178,0.0198246193317357,0.0261649055392572,1000
sp9,43,species.catchability.fsh3.sp2,0.000132179890015813,0.0200332521375075,0.0260824245787009,1000
sp9,44,species.catchability.fsh3.sp3,-0.00175953050584634,0.0198875852793061,0.0264139643161246,1000
sp9,45,species.catchability.fsh3.sp5,-0.00104859895575445,0.0203621479439481,0.0265193686292647,1000
sp9,46,species.catchability.fsh3.sp7,-7.21024973382234e-05,0.0196884206808749,0.0251366186178076,1000
sp9,47,species.catchability.fsh3.sp8,-2.04724244118007e-05,0.0199145970161102,0.0261591992892688,1000
sp9,48,species.catchability.fsh3.sp9,0.000462802645939294,0.0200581539358686,0.0263160839840798,1000
sp9,49,species.catchability.fsh3.sp10,0.000589979014571734,0.0203100160533308,0.0262737959559937,1000
sp9,50,species.catchability.fsh3.sp11,0.000667816204924849,0.0196141720749005,0.025661500455257,1000
sp9,51,species.catchability.fsh3.sp12,-0.000442058806811683,0.0204397865851483,0.0266701933036311,1000
sp9,52,species.catchability.fsh3.sp13,-0.00146525914342663,0.0203084430946033,0.0269505220060254,1000
sp9,53,species.catchability.fsh3.sp14,-0.000580659799298075,0.0196093420053417,0.0252653228623072,1000
sp9,54,species.catchability.fsh3.sp15,0.00058121296866193,0.0203510940139581,0.0263317670358752,1000
sp9,55,species.length2weight.condition.factor.sp0,0.000737126426615394,0.0215515446885697,0.0281891231516878,1000
sp9,56,species.length2weight.condition.factor.sp1,0.000324653916375774,0.0198847776957435,0.0259748743346545,1000
sp9,57,species.length2weight.condition.factor.sp2,-0.00125273208735638,0.0264871650510821,0.0344207692550837,1000
sp9,58,species.length2weight.condition.factor.sp3,0.000465031528634655,0.0357440158197191,0.0457838143784781,1000
sp9,59,species.length2weight.condition.factor.sp4,0.00265831392819663,0.0317728949234381,0.0410383115829668,1000
sp9,60,species.length2weight.condition.factor.sp5,0.000265642293058941,0.0205863801434317,0.0270515164178295,1000
sp9,61,species.length2weight.condition.factor.sp6,-0.000557218312835026,0.0209118013575687,0.0271352103429002,1000
sp9,62,species.length2weight.condition.factor.sp7,0.000424085752594132,0.0197013637121072,0.0265213159710398,1000
sp9,63,species.length2weight.condition.factor.sp8,9.24316290735712e-06,0.019938928757548,0.0261078461651143,1000
sp9,64,species.length2weight.condition.factor.sp9,0.000185202008628486,0.0444425861354486,0.0523674032047966,1000
sp9,65,species.length2weight.condition.factor.sp10,-0.00151238554020951,0.0235103007457977,0.0310714843412561,1000
sp9,66,species.length2weight.condition.factor.sp11,0.000954585598918286,0.0206416746086391,0.0265823415620726,1000
sp9,67,species.length2weight.condition.factor.sp12,-0.000679511754380814,0.0204176528211686,0.0270308285588287,1000
sp9,68,species.length2weight.condition.factor.sp13,0.000139889876069673,0.0213883492375661,0.0279649374024753,1000
sp9,69,species.length2weight.condition.factor.sp14,-0.000471183459840812,0.0202568981499559,0.0265736012080042,1000
sp9,70,species.length2weight.condition.factor.sp15,7.30772979359548e-06,0.0203924247051676,0.0266364747792622,1000
sp9,71,species.k.sp0,0.000390394245786427,0.031588159874507,0.0475854968634914,1000
sp9,72,species.k.sp1,0.000700856468230259,0.0201714106993874,0.0264090439607859,1000
sp9,73,species.k.sp2,-0.000662675760174721,0.0506018334335006,0.0637302062078031,1000
sp9,74,species.k.sp3,0.0011320632081267,0.0741053043488423,0.0968150803687585,1000
sp9,75,species.k.sp4,0.00167540625316766,0.0265021315972265,0.0348067904511709,1000
sp9,76,species.k.sp5,-0.00250551002605025,0.0229656796423759,0.0298793756639441,1000
sp9,77,species.k.sp6,-0.000987605570099612,0.0205358074771902,0.0268878896396044,1000
sp9,78,species.k.sp7,-0.00157473645452396,0.0201298200762113,0.0260467697613349,1000
sp9,79,species.k.sp8,0.00284260084213332,0.0203809624396816,0.0266771579609404,1000
sp9,80,species.k.sp9,0.0124230718947311,0.252473656431621,0.26116925471538,1000
sp9,81,species.k.sp10,-0.000109086073785318,0.0414271741329317,0.0530223498551339,1000
sp9,82,species.k.sp11,0.000435240550800241,0.0262446873773195,0.032720384136912,1000
sp9,83,species.k.sp12,-0.00137769105275352,0.0204866526572842,0.0269504221453348,1000
sp9,84,species.k.sp13,0.0013409430073552,0.151838455098876,0.187447999377811,1000
sp9,85,species.k.sp14,0.000868000831732645,0.0199509790588839,0.0262636023782439,1000
sp9,86,species.k.sp15,0.00117346481980693,0.020177553645432,0.0265042777331329,1000
sp9,87,species.l0.sp0,-0.000200758763383729,0.0214082414758575,0.0280037761457478,1000
sp9,88,species.l0.sp1,-5.25035326354488e-05,0.020070740223699,0.0266863348462784,1000
sp9,89,species.l0.sp2,0.000487427895500115,0.0500898880126905,0.0627760304056404,1000
sp9,90,species.l0.sp3,0.00135496134375383,0.0346532997818677,0.044032456428902,1000
sp9,91,species.l0.sp4,-0.00127526461072773,0.0289301785022006,0.0387756701290324,1000
sp9,92,species.l0.sp5,0.000652757039147222,0.0202715273897442,0.0270305532181378,1000
sp9,93,species.l0.sp6,0.000705759824692006,0.0202122183043226,0.0259209725976707,1000
sp9,94,species.l0.sp7,0.00114947444304048,0.0199189082526751,0.0262610310535582,1000
sp9,95,species.l0.sp8,6.00370465083043e-05,0.0197147577025658,0.0257284234573198,1000
sp9,96,species.l0.sp9,0.00141516950421853,0.172416275539614,0.183213624567916,1000
sp9,97,species.l0.sp10,0.00192166189437401,0.0616265308236488,0.0770553539340312,1000
sp9,98,species.l0.sp11,-0.000766853326323951,0.0242951043627081,0.0309528242819469,1000
sp9,99,species.l0.sp12,0.00113637189257247,0.0199434342573578,0.0270653143270658,1000
sp9,100,species.l0.sp13,0.000108588401485585,0.0207763582847484,0.0266278632715337,1000
sp9,101,species.l0.sp14,-1.99764828813908e-05,0.020028973379255,0.0257660473160453,1000
sp9,102,species.l0.sp15,-0.000541070022558643,0.021223314743661,0.027872788300153,1000
sp9,103,mortality.additional.larva.rate.sp0,-0.000243089987114592,0.0289006829393408,0.0446363349925003,1000
sp9,104,mortality.additional.larva.rate.sp1,-0.000756397032365187,0.0199574831180377,0.0264163432533475,1000
sp9,105,mortality.additional.larva.rate.sp2,0.0010209924172473,0.170233907701495,0.206683033748481,1000
sp9,106,mortality.additional.larva.rate.sp3,0.00536409008745026,0.193922388527014,0.257059023113384,1000
sp9,107,mortality.additional.larva.rate.sp4,0.000903965352881508,0.0203003593756283,0.0265420832258955,1000
sp9,108,mortality.additional.larva.rate.sp5,-0.00031372478084446,0.0200801856691834,0.0262450823731142,1000
sp9,109,mortality.additional.larva.rate.sp6,0.000433941155958734,0.0204129354543946,0.0266898883974377,1000
sp9,110,mortality.additional.larva.rate.sp9,-0.0191421955558534,0.279004497105454,0.293693699571209,1000
sp9,111,mortality.additional.larva.rate.sp10,-8.56911401693449e-05,0.0998322861587206,0.125300126831198,1000
sp9,112,mortality.additional.larva.rate.sp11,6.12281274966481e-05,0.0205649846053212,0.0275198000727107,1000
sp9,113,mortality.additional.larva.rate.sp12,0.0004911137887734,0.0270243652428197,0.0348022745757352,1000
sp9,114,mortality.additional.larva.rate.sp13,0.000498667289586279,0.0203746432602827,0.0267402834782651,1000
sp9,115,mortality.additional.larva.rate.sp14,0.000773139927262827,0.0206606155351648,0.0275945602408268,1000
sp9,116,mortality.additional.larva.rate.sp15,0.000400683304924099,0.0205018256770951,0.027055336910098,1000
sp9,117,mortality.additional.larva.rate.mean.sp7,3.08158557423195e-05,0.0209045170149698,0.028046722008167,1000
sp9,118,mortality.additional.larva.rate.mean.sp8,-0.000497619565775797,0.0203373175863487,0.0265471021334713,1000
sp9,119,species.linf.sp0,-0.00160323500826106,0.0335251333917133,0.0523850204936445,1000
sp9,120,species.linf.sp1,-0.00014961751492599,0.0204545689844746,0.0267897324756545,1000
sp9,121,species.linf.sp2,0.00147879627586048,0.134796558820895,0.166861441169961,1000
sp9,122,species.linf.sp3,-0.00949144796381999,0.199459908914801,0.260556704999665,1000
sp9,123,species.linf.sp4,-0.00143699385700682,0.0462490116587468,0.0626337983684594,1000
sp9,124,species.linf.sp5,0.00281085294017886,0.0396432241299566,0.0485194898408941,1000
sp9,125,species.linf.sp6,-0.000435079049939847,0.0223434821722655,0.0288842801807894,1000
sp9,126,species.linf.sp7,-0.000484437701798805,0.0210996975525295,0.0276555733219785,1000
sp9,127,species.linf.sp8,-0.000417410217091159,0.0212877650836523,0.0279478935570379,1000
sp9,128,species.linf.sp9,-0.00312381181848826,0.688408318032602,0.704258528783914,1000
sp9,129,species.linf.sp10,-0.00263439131493353,0.122079705204203,0.148905590146848,1000
sp9,130,species.linf.sp11,0.000400138834160608,0.0278393808961669,0.0362123420846199,1000
sp9,131,species.linf.sp12,0.00126670469628798,0.0578158517487552,0.0710874736450485,1000
sp9,132,species.linf.sp13,-0.000761357777329282,0.121145757643479,0.149422348941924,1000
sp9,133,species.linf.sp14,0.000454261581249449,0.0209834962450559,0.0275544676041497,1000
sp9,134,species.linf.sp15,-0.000498819955884759,0.0220137743047479,0.0280387141423026,1000
sp9,135,species.accessibility2fish.sp16,-0.000824134605014919,0.0202596265727455,0.0271118923010137,1000
sp9,136,species.accessibility2fish.sp17,-3.76441583836918e-05,0.0203794363704789,0.0263010389105698,1000
sp9,137,species.accessibility2fish.sp18,-0.000516405397242312,0.0200817689901921,0.0263632499705256,1000
sp9,138,species.accessibility2fish.sp19,0.000909099111725721,0.0204837904969521,0.0272621206430239,1000
sp9,139,species.accessibility2fish.sp20,-0.000147028550835267,0.0199062881011549,0.0259106788784269,1000
sp9,140,species.accessibility2fish.sp21,-0.0021230776222417,0.0834984682196807,0.145040642184471,1000
sp9,141,species.accessibility2fish.sp22,0.0014772041545096,0.0203139042015443,0.027102045536148,1000
sp9,142,species.accessibility2fish.sp23,-0.000268277091049557,0.0206764980013084,0.0270399838926482,1000
sp9,143,species.accessibility2fish.sp24,-0.000701395020373921,0.0238282502180827,0.0310934357009964,1000
sp9,144,species.accessibility2fish.sp25,-7.54224530128956e-05,0.0199059751416232,0.0262204441406368,1000
sp9,145,species.accessibility2fish.sp26,0.000128335236835676,0.0208162660381585,0.02743785357,1000
sp9,146,species.maturity.size.ratio.sp0,9.75393665744676e-05,0.0283945383088162,0.0417546881718792,1000
sp9,147,species.maturity.size.ratio.sp1,-0.000138368398920393,0.0200424561702837,0.026669558959111,1000
sp9,148,species.maturity.size.ratio.sp2,-0.000206695072864535,0.0212512982327697,0.0287061097535694,1000
sp9,149,species.maturity.size.ratio.sp3,0.00221025749944365,0.0228810660457263,0.0302917059691233,1000
sp9,150,species.maturity.size.ratio.sp4,0.0014896764435714,0.0330127841398364,0.0420378910601057,1000
sp9,151,species.maturity.size.ratio.sp5,-0.000658211169121083,0.0199212676729659,0.0264115238673704,1000
sp9,152,species.maturity.size.ratio.sp6,-6.9010470287077e-05,0.0223358080230063,0.0290474478249932,1000
sp9,153,species.maturity.size.ratio.sp7,0.00082916416111959,0.0203552218442717,0.0270537407087411,1000
sp9,154,species.maturity.size.ratio.sp8,0.00164641447656087,0.0206148573746316,0.0269786696075418,1000
sp9,155,species.maturity.size.ratio.sp9,0.00129285680226185,0.0323257067016214,0.040730467559582,1000
sp9,156,species.maturity.size.ratio.sp10,0.00141854151571934,0.0326723390812655,0.0433997107116269,1000
sp9,157,species.maturity.size.ratio.sp11,-0.0016563322314604,0.0499997396981161,0.0594914760793587,1000
sp9,158,species.maturity.size.ratio.sp12,-0.000514765934257644,0.0209899314317411,0.0277178817952571,1000
sp9,159,species.maturity.size.ratio.sp13,0.00030438306550348,0.175243693019096,0.222750013181791,1000
sp9,160,species.maturity.size.ratio.sp14,0.000325813179928206,0.0204955157877651,0.0263599753781594,1000
sp9,161,species.maturity.size.ratio.sp15,6.65447710758702e-05,0.0203265541566479,0.0270816981114094,1000
sp9,162,predation.predPrey.sizeRatio.teta.sp0.stage1,-0.000222210072755181,0.0191852966244968,0.0251584179076121,1000
sp9,163,predation.predPrey.sizeRatio.alpha.sp0.stage1,0.00150996211239019,0.0255353945707775,0.0361211537822068,1000
sp9,164,predation.predPrey.sizeRatio.teta.sp1.stage1,-0.000636184633268098,0.0203911556580768,0.0272447921770907,1000
sp9,165,predation.predPrey.sizeRatio.alpha.sp1.stage1,-0.000560269075425762,0.0196802696156297,0.0255158128650332,1000
sp9,166,predation.predPrey.sizeRatio.teta.sp2.stage1,-0.000219767019779388,0.020936798918906,0.0274077059985008,1000
sp9,167,predation.predPrey.sizeRatio.alpha.sp2.stage1,-0.00122612594880619,0.0334139476213971,0.0449397607273718,1000
sp9,168,predation.predPrey.sizeRatio.teta.sp3.stage1,0.00171512354114796,0.0217131060215767,0.028937481489797,1000
sp9,169,predation.predPrey.sizeRatio.alpha.sp3.stage1,0.000155098038756023,0.0497516500600278,0.0675549596578931,1000
sp9,170,predation.predPrey.sizeRatio.teta.sp4.stage1,-0.000473453348550035,0.0222963351252269,0.028956713043206,1000
sp9,171,predation.predPrey.sizeRatio.alpha.sp4.stage1,0.00258479808709168,0.0366108212516296,0.0494616524844144,1000
sp9,172,predation.predPrey.sizeRatio.teta.sp5.stage1,-0.00129784280676315,0.0203677797707563,0.0268588524834593,1000
sp9,173,predation.predPrey.sizeRatio.teta.sp5.stage2,-0.000744715846525491,0.0250553550559255,0.0327539122420958,1000
sp9,174,predation.predPrey.sizeRatio.alpha.sp5.stage1,-0.000355861911769722,0.0205609873480002,0.0272471591848192,1000
sp9,175,predation.predPrey.sizeRatio.alpha.sp5.stage2,-0.00166951933817587,0.022468314135483,0.0287224864594974,1000
sp9,176,predation.predPrey.sizeRatio.teta.sp6.stage1,0.000732790081105092,0.0202443390411746,0.0263955039326487,1000
sp9,177,predation.predPrey.sizeRatio.alpha.sp6.stage1,-0.00127508552393411,0.0207011227061465,0.0270105480906576,1000
sp9,178,predation.predPrey.sizeRatio.teta.sp7.stage1,-0.00020940078107384,0.0197377071202488,0.0262660668424656,1000
sp9,179,predation.predPrey.sizeRatio.alpha.sp7.stage1,0.000460477885170689,0.0199396484866423,0.0261283289090975,1000
sp9,180,predation.predPrey.sizeRatio.teta.sp8.stage1,-0.00102046692875182,0.0204454132326989,0.0276348150332853,1000
sp9,181,predation.predPrey.sizeRatio.alpha.sp8.stage1,0.000152397937304412,0.0218609537302285,0.0281417018242988,1000
sp9,182,predation.predPrey.sizeRatio.teta.sp9.stage1,-0.00126842842898094,0.0244386453676839,0.0323689248981853,1000
sp9,183,predation.predPrey.sizeRatio.alpha.sp9.stage1,0.00800260281894884,0.231685755782513,0.256178936967628,1000
sp9,184,predation.predPrey.sizeRatio.teta.sp10.stage1,0.000332616924352506,0.0203861741112505,0.027231784566166,1000
sp9,185,predation.predPrey.sizeRatio.alpha.sp10.stage1,-0.000240796838577857,0.0298157279371867,0.0398235932907853,1000
sp9,186,predation.predPrey.sizeRatio.teta.sp11.stage1,-0.00171200170720822,0.0210244540109815,0.0271664718640886,1000
sp9,187,predation.predPrey.sizeRatio.alpha.sp11.stage1,-0.00095618156061557,0.0228482359018763,0.0292342565221748,1000
sp9,188,predation.predPrey.sizeRatio.teta.sp12.stage1,-2.1722506648473e-06,0.0292389642096575,0.0370794240048642,1000
sp9,189,predation.predPrey.sizeRatio.alpha.sp12.stage1,0.00113699159972302,0.0293807163548136,0.0382076852072863,1000
sp9,190,predation.predPrey.sizeRatio.teta.sp13.stage1,-0.000147648129167951,0.0199775395844156,0.0264816134943884,1000
sp9,191,predation.predPrey.sizeRatio.alpha.sp13.stage1,-0.00719943833017548,0.101502278827252,0.121873042368871,1000
sp9,192,predation.predPrey.sizeRatio.teta.sp14.stage1,-0.000436157627701324,0.0198529305315218,0.0263557699387523,1000
sp9,193,predation.predPrey.sizeRatio.alpha.sp14.stage1,-0.00196072997218616,0.019791781252306,0.0260862539166872,1000
sp9,194,predation.predPrey.sizeRatio.teta.sp15.stage1,0.00186691006017144,0.0206026042459342,0.0270564628465767,1000
sp9,195,predation.predPrey.sizeRatio.alpha.sp15.stage1,-0.000102718101458955,0.0207575376974511,0.0265037899729429,1000
sp10,1,mortality.additional.rate.sp0,0.00313981252391055,0.0700909983777355,0.105685309665012,1000
sp10,2,mortality.additional.rate.sp1,-0.00286135262316315,0.0726210099935075,0.107783939961628,1000
sp10,3,mortality.additional.rate.sp2,-0.0020633033069487,0.0726245639918195,0.109321331483206,1000
sp10,4,mortality.additional.rate.sp3,0.00325968657651826,0.0794142232778471,0.119372926173331,1000
sp10,5,mortality.additional.rate.sp4,-0.00125379219322787,0.0718036915874228,0.10604017090106,1000
sp10,6,mortality.additional.rate.sp5,0.00341445721655689,0.075077271526434,0.109843632482577,1000
sp10,7,mortality.additional.rate.sp6,0.00657158195916386,0.0726228260222337,0.109109965114521,1000
sp10,8,mortality.additional.rate.sp7,0.00507123509301792,0.0698195594841597,0.105064794107815,1000
sp10,9,mortality.additional.rate.sp8,0.000795116901947222,0.0722137744088124,0.108678274632139,1000
sp10,10,mortality.additional.rate.sp9,0.00035144111354465,0.0722104949442895,0.109121678410479,1000
sp10,11,mortality.additional.rate.sp10,-0.00889965181486987,0.0749454652640529,0.11241463036535,1000
sp10,12,mortality.additional.rate.sp11,0.000574022002722446,0.0695145376071481,0.106124051208008,1000
sp10,13,mortality.additional.rate.sp12,-0.00366056168251373,0.0718857900973507,0.109476620669689,1000
sp10,14,mortality.additional.rate.sp13,-0.00633054718688162,0.077037958740467,0.11220110067424,1000
sp10,15,mortality.additional.rate.sp14,-0.00257167310524122,0.0699458350063515,0.105315577213355,1000
sp10,16,mortality.additional.rate.sp15,0.0013470048376989,0.07209044844722,0.107147190544331,1000
sp10,17,fisheries.rate.base.fsh0,0.0101676496283277,0.180214551497674,0.236686436937755,1000
sp10,18,fisheries.rate.base.fsh1,0.00497208957326926,0.252081412104024,0.3094181475722,1000
sp10,19,fisheries.rate.base.fsh2,-0.00193897139880341,0.0722538559865645,0.108751037815696,1000
sp10,20,fisheries.rate.base.fsh3,0.00131180556691168,0.0763907873577922,0.11315090464678,1000
sp10,21,species.catchability.fsh0.sp0,0.00599271491274786,0.0729629138515626,0.110255863063619,1000
sp10,22,species.catchability.fsh0.sp1,-0.00137382921772904,0.0719242208600318,0.108804059827392,1000
sp10,23,species.catchability.fsh0.sp2,-0.00367861531929617,0.0732462848806607,0.111775841868647,1000
sp10,24,species.catchability.fsh0.sp3,-0.00187404778080002,0.077082507357239,0.115384033756583,1000
sp10,25,species.catchability.fsh0.sp5,-0.00143190174121039,0.0721110799195309,0.109992879817635,1000
sp10,26,species.catchability.fsh0.sp7,-0.00380591510330599,0.0688014959415928,0.10501433953359,1000
sp10,27,species.catchability.fsh0.sp8,3.09922426717684e-06,0.0688482777557765,0.105215228412418,1000
sp10,28,species.catchability.fsh0.sp9,0.000388576230428503,0.0702064087438676,0.103088515867976,1000
sp10,29,species.catchability.fsh0.sp10,-0.00114074463373845,0.235484355341406,0.289464650441453,1000
sp10,30,species.catchability.fsh0.sp13,0.00787904941876407,0.0696413788599478,0.104948554621201,1000
sp10,31,species.catchability.fsh0.sp14,0.00329697397456232,0.0753068258621838,0.112090634070197,1000
sp10,32,species.catchability.fsh0.sp15,0.00152036593928397,0.0766377186963221,0.115545709125887,1000
sp10,33,species.catchability.fsh1.sp9,-0.00278962608094764,0.0738863634124981,0.108709745850385,1000
sp10,34,species.catchability.fsh1.sp10,0.00878490694566473,0.326699449117885,0.398282382846378,1000
sp10,35,species.catchability.fsh1.sp11,-0.00349485353199023,0.0744149853566186,0.109934253436945,1000
sp10,36,species.catchability.fsh1.sp12,0.000154548508568743,0.0746413016798812,0.115169987265311,1000
sp10,37,species.catchability.fsh2.sp0,0.000149226481330331,0.072329166922375,0.10654348086478,1000
sp10,38,species.catchability.fsh2.sp5,0.00295878223368961,0.0720277350829467,0.107169980520712,1000
sp10,39,species.catchability.fsh2.sp7,0.00222306320216492,0.0710566496985321,0.10679343037259,1000
sp10,40,species.catchability.fsh2.sp8,0.00434814837361182,0.0750783012482793,0.110258276723883,1000
sp10,41,species.catchability.fsh3.sp0,0.00175388998224287,0.0685075096770102,0.104455408751331,1000
sp10,42,species.catchability.fsh3.sp1,0.0022454448807422,0.0705740636972826,0.104524464459355,1000
sp10,43,species.catchability.fsh3.sp2,0.00105774357236597,0.0746456556760482,0.113740208771691,1000
sp10,44,species.catchability.fsh3.sp3,0.000945558709279306,0.0772749176457253,0.11376273950112,1000
sp10,45,species.catchability.fsh3.sp5,-0.000226556717913473,0.0708600662696881,0.108787182846974,1000
sp10,46,species.catchability.fsh3.sp7,-0.000564555341609816,0.0698839142419352,0.105405452595885,1000
sp10,47,species.catchability.fsh3.sp8,-0.0015606274768453,0.0713222218434559,0.10830095619651,1000
sp10,48,species.catchability.fsh3.sp9,-0.00161227123342384,0.0706274929587952,0.105257898730914,1000
sp10,49,species.catchability.fsh3.sp10,-0.00380764575089758,0.0770014318276892,0.114255541840798,1000
sp10,50,species.catchability.fsh3.sp11,-0.00370097446508687,0.0725043191720443,0.10902631784699,1000
sp10,51,species.catchability.fsh3.sp12,0.00136234170656612,0.0744624504211341,0.109350277203945,1000
sp10,52,species.catchability.fsh3.sp13,0.00170972557109255,0.0701993657350498,0.103458396294023,1000
sp10,53,species.catchability.fsh3.sp14,0.00402468596441189,0.0683095073371238,0.103356500976321,1000
sp10,54,species.catchability.fsh3.sp15,-0.00556713586932129,0.0718210404410229,0.109131288331593,1000
sp10,55,species.length2weight.condition.factor.sp0,0.00157877211958457,0.0785188975380063,0.11884883036231,1000
sp10,56,species.length2weight.condition.factor.sp1,0.00265481780868643,0.075887611826135,0.113299790669771,1000
sp10,57,species.length2weight.condition.factor.sp2,-0.00664379230867239,0.0864578531678098,0.130924048054332,1000
sp10,58,species.length2weight.condition.factor.sp3,-0.00498012150650092,0.0885983752044687,0.135375430063016,1000
sp10,59,species.length2weight.condition.factor.sp4,0.000775567766343729,0.081274995243567,0.125136563833529,1000
sp10,60,species.length2weight.condition.factor.sp5,-0.00387311952983492,0.0740240429332186,0.110679208541014,1000
sp10,61,species.length2weight.condition.factor.sp6,0.00377775081177242,0.0728344809747167,0.110267179917477,1000
sp10,62,species.length2weight.condition.factor.sp7,-0.00535796757172492,0.0685426506734385,0.102699664371665,1000
sp10,63,species.length2weight.condition.factor.sp8,0.00205237924445709,0.0734312169419621,0.108183030307478,1000
sp10,64,species.length2weight.condition.factor.sp9,0.00248561664237442,0.0880584053898725,0.128854121107321,1000
sp10,65,species.length2weight.condition.factor.sp10,0.011511166388483,0.261100071439184,0.330261757445131,1000
sp10,66,species.length2weight.condition.factor.sp11,-0.000432640264758431,0.0744088522579231,0.108639568898534,1000
sp10,67,species.length2weight.condition.factor.sp12,-0.00410633038393037,0.0748433917846385,0.112677785975833,1000
sp10,68,species.length2weight.condition.factor.sp13,0.000729165019981116,0.0717704144400574,0.107778184473291,1000
sp10,69,species.length2weight.condition.factor.sp14,0.00506236081499695,0.0720443894650816,0.107448456104526,1000
sp10,70,species.length2weight.condition.factor.sp15,0.00362000837300537,0.0718703206258047,0.10919572281449,1000
sp10,71,species.k.sp0,0.00249195375580747,0.109228016378725,0.190695274705782,1000
sp10,72,species.k.sp1,0.00262155043812393,0.0737617441045874,0.110852869748581,1000
sp10,73,species.k.sp2,0.00426394252837294,0.142071691184189,0.219434177046032,1000
sp10,74,species.k.sp3,-0.00365554960842261,0.130539685820716,0.215178647020957,1000
sp10,75,species.k.sp4,-0.00169143374888356,0.104574738561878,0.155817116523193,1000
sp10,76,species.k.sp5,-0.000435179337014933,0.0744013377757787,0.110061316208045,1000
sp10,77,species.k.sp6,0.00244609237781714,0.0732594988913625,0.111595252696367,1000
sp10,78,species.k.sp7,0.00759217356274091,0.0733635312076864,0.110656824655819,1000
sp10,79,species.k.sp8,-0.00601821607658847,0.070442284457416,0.103086089045816,1000
sp10,80,species.k.sp9,-0.0165791662401347,0.306697316099899,0.397834514240225,1000
sp10,81,species.k.sp10,0.0330358858921894,0.677512905385415,0.828424954072981,1000
sp10,82,species.k.sp11,0.000493611785352408,0.117081372805316,0.16352913879218,1000
sp10,83,species.k.sp12,-0.000141336139305594,0.0705263255523172,0.109493910484187,1000
sp10,84,species.k.sp13,0.0137645043019678,0.297992194636238,0.480595613493558,1000
sp10,85,species.k.sp14,-0.00336247970470608,0.0711905807210376,0.110149915898371,1000
sp10,86,species.k.sp15,-0.000949815645156716,0.0696466901693297,0.105329099368708,1000
sp10,87,species.l0.sp0,-0.000320432374401172,0.0783793620494049,0.119437504596544,1000
sp10,88,species.l0.sp1,0.000345035972132061,0.0767772065607954,0.116685574493139,1000
sp10,89,species.l0.sp2,-0.0108105547085103,0.147707068378631,0.22726054346826,1000
sp10,90,species.l0.sp3,0.00303402868766819,0.0786938497857578,0.119992171861227,1000
sp10,91,species.l0.sp4,0.00597196759681113,0.0919544344966981,0.134972573124702,1000
sp10,92,species.l0.sp5,0.00181767499982228,0.0682964035667452,0.102600592928163,1000
sp10,93,species.l0.sp6,0.00153291609267588,0.0743839329495593,0.111097745768125,1000
sp10,94,species.l0.sp7,-0.00106045522286985,0.0685620976414655,0.101128160365132,1000
sp10,95,species.l0.sp8,0.00165981985744787,0.0690766932154769,0.102742449848025,1000
sp10,96,species.l0.sp9,0.000928413452242529,0.244379290496085,0.33617598703622,1000
sp10,97,species.l0.sp10,0.00570922990874898,1.11691920837671,1.3542045639242,1000
sp10,98,species.l0.sp11,-0.00253199969289193,0.0853723423053991,0.125512343672387,1000
sp10,99,species.l0.sp12,0.00185349248562255,0.0788325878068197,0.116576767028599,1000
sp10,100,species.l0.sp13,0.00196912290563024,0.0675051695817777,0.0994759462622126,1000
sp10,101,species.l0.sp14,0.000268449312845418,0.0716525635407556,0.107909951447767,1000
sp10,102,species.l0.sp15,0.00397629124298518,0.07322365838615,0.108761026853646,1000
sp10,103,mortality.additional.larva.rate.sp0,0.00442720221184005,0.121852917185912,0.209354747394532,1000
sp10,104,mortality.additional.larva.rate.sp1,0.000895587450086666,0.0776953157222116,0.119081657875267,1000
sp10,105,mortality.additional.larva.rate.sp2,0.0150689680926807,0.459323879881714,0.685465307700985,1000
sp10,106,mortality.additional.larva.rate.sp3,0.0383348282825288,0.291593111196174,0.481461587257969,1000
sp10,107,mortality.additional.larva.rate.sp4,-0.00765253204470478,0.0711308539815691,0.107799317538075,1000
sp10,108,mortality.additional.larva.rate.sp5,-0.00120176134831811,0.0747947133527409,0.110022557372531,1000
sp10,109,mortality.additional.larva.rate.sp6,0.00435062758735145,0.0708802884319349,0.108722072615143,1000
sp10,110,mortality.additional.larva.rate.sp9,0.0237209129666855,0.392911526559189,0.540681790948086,1000
sp10,111,mortality.additional.larva.rate.sp10,-0.00263300730382243,1.8304181106292,2.15340876701432,1000
sp10,112,mortality.additional.larva.rate.sp11,0.0074962041678723,0.0758228775615912,0.11433358820626,1000
sp10,113,mortality.additional.larva.rate.sp12,0.00928107927623992,0.118023440712912,0.177699082004833,1000
sp10,114,mortality.additional.larva.rate.sp13,0.00450589829820242,0.0736384168375632,0.111556214422129,1000
sp10,115,mortality.additional.larva.rate.sp14,0.00358640856243559,0.0709898706500376,0.108763895115515,1000
sp10,116,mortality.additional.larva.rate.sp15,-0.000737505270083133,0.0751119337825876,0.112430736755695,1000
sp10,117,mortality.additional.larva.rate.mean.sp7,0.00177309812497064,0.0693411849629331,0.104016356208731,1000
sp10,118,mortality.additional.larva.rate.mean.sp8,0.00130289753288223,0.0710160211828258,0.105197945402939,1000
sp10,119,species.linf.sp0,-0.00784967771350146,0.124043168259995,0.227590123699815,1000
sp10,120,species.linf.sp1,-0.00567443775517492,0.0890015250199249,0.133175799969887,1000
sp10,121,species.linf.sp2,0.012148026438255,0.391047152464749,0.591537039129776,1000
sp10,122,species.linf.sp3,-0.0102897273330254,0.276863333309827,0.449337059888729,1000
sp10,123,species.linf.sp4,-0.0110955854188817,0.233191245216424,0.332364358719728,1000
sp10,124,species.linf.sp5,0.000514871268998263,0.106226304332648,0.150863897367819,1000
sp10,125,species.linf.sp6,0.00183544794845337,0.0749904899517124,0.111695111205968,1000
sp10,126,species.linf.sp7,-0.00236657323444068,0.0727844001171271,0.108660828837943,1000
sp10,127,species.linf.sp8,-0.00260228551183533,0.069763003534352,0.105440050852448,1000
sp10,128,species.linf.sp9,0.00728953079431993,0.818197627106162,1.0193543608138,1000
sp10,129,species.linf.sp10,0.0462016910347404,2.40892706156831,2.78747397725487,1000
sp10,130,species.linf.sp11,0.00062574152817778,0.130779753123857,0.187893614553159,1000
sp10,131,species.linf.sp12,0.016956346767904,0.184275715077517,0.285979875253972,1000
sp10,132,species.linf.sp13,-0.00200626577141612,0.175430117391349,0.273790346987151,1000
sp10,133,species.linf.sp14,-0.00281227005407733,0.0703059740630671,0.103262146975455,1000
sp10,134,species.linf.sp15,-0.00318371228505761,0.0759061540519707,0.115552621967938,1000
sp10,135,species.accessibility2fish.sp16,0.0025453256429127,0.0696284155180744,0.105462167962856,1000
sp10,136,species.accessibility2fish.sp17,0.00142434591127263,0.0705321808609621,0.108269658611599,1000
sp10,137,species.accessibility2fish.sp18,0.000160860187669278,0.071071742849759,0.111187118213923,1000
sp10,138,species.accessibility2fish.sp19,-0.00266232333454356,0.0757052169316584,0.115290924783129,1000
sp10,139,species.accessibility2fish.sp20,-0.000370161522136995,0.0708506088501504,0.106167738325062,1000
sp10,140,species.accessibility2fish.sp21,0.00702268524538311,0.188408989677914,0.376636866242733,1000
sp10,141,species.accessibility2fish.sp22,4.98003679084914e-05,0.0671636260281008,0.100916755136586,1000
sp10,142,species.accessibility2fish.sp23,0.00122704585143858,0.0714367777635316,0.106029734356823,1000
sp10,143,species.accessibility2fish.sp24,0.00417548168167122,0.0832474062067736,0.125569147804927,1000
sp10,144,species.accessibility2fish.sp25,0.000290634884457565,0.0678975616702488,0.101919067379749,1000
sp10,145,species.accessibility2fish.sp26,-0.00296363138255942,0.0680226299450763,0.102334517037885,1000
sp10,146,species.maturity.size.ratio.sp0,0.0032644698438017,0.119567759931045,0.20655748321753,1000
sp10,147,species.maturity.size.ratio.sp1,-0.00363077451790743,0.0723612374403217,0.10809208477091,1000
sp10,148,species.maturity.size.ratio.sp2,0.00435695505147312,0.0780001982882502,0.115552510525179,1000
sp10,149,species.maturity.size.ratio.sp3,0.00430013148535136,0.0739311673564774,0.113102953729925,1000
sp10,150,species.maturity.size.ratio.sp4,0.00310259586969536,0.0864139558070904,0.135859475440916,1000
sp10,151,species.maturity.size.ratio.sp5,-0.00247277077592274,0.0705417083218476,0.10571196553042,1000
sp10,152,species.maturity.size.ratio.sp6,0.00309582810829582,0.0701084719736052,0.104789190973633,1000
sp10,153,species.maturity.size.ratio.sp7,0.00278890509506629,0.0681193237934317,0.101689075636297,1000
sp10,154,species.maturity.size.ratio.sp8,-0.00563099145867157,0.0726726517097982,0.106320057964395,1000
sp10,155,species.maturity.size.ratio.sp9,0.000613058386375875,0.078662676877503,0.117323303069151,1000
sp10,156,species.maturity.size.ratio.sp10,-0.00575107348313067,0.415587310876647,0.571938077949626,1000
sp10,157,species.maturity.size.ratio.sp11,-0.0160754495989033,0.224177497682143,0.296309268598978,1000
sp10,158,species.maturity.size.ratio.sp12,0.00216206321941191,0.0784878299007262,0.116912071890885,1000
sp10,159,species.maturity.size.ratio.sp13,-0.00744086914737333,0.425265989920293,0.652478933915255,1000
sp10,160,species.maturity.size.ratio.sp14,0.00473856305540944,0.072374458514592,0.107247198006926,1000
sp10,161,species.maturity.size.ratio.sp15,-0.000608708460387225,0.0738504959311484,0.111434021792748,1000
sp10,162,predation.predPrey.sizeRatio.teta.sp0.stage1,-0.00426934307954095,0.0690049843998262,0.103244497634321,1000
sp10,163,predation.predPrey.sizeRatio.alpha.sp0.stage1,-0.00452043596612165,0.0829741321558039,0.123109033030559,1000
sp10,164,predation.predPrey.sizeRatio.teta.sp1.stage1,-0.000785455994554511,0.0742526732684366,0.112268070772503,1000
sp10,165,predation.predPrey.sizeRatio.alpha.sp1.stage1,-0.00428492907719442,0.0724514458965438,0.111915386778873,1000
sp10,166,predation.predPrey.sizeRatio.teta.sp2.stage1,-0.000184013543393115,0.076250078019786,0.11912751082065,1000
sp10,167,predation.predPrey.sizeRatio.alpha.sp2.stage1,-0.00175729560466155,0.103021372905674,0.167389865911154,1000
sp10,168,predation.predPrey.sizeRatio.teta.sp3.stage1,-0.00756490263553589,0.0749869580251055,0.111992179126455,1000
sp10,169,predation.predPrey.sizeRatio.alpha.sp3.stage1,-0.00578111474256745,0.12224665636131,0.185566323072956,1000
sp10,170,predation.predPrey.sizeRatio.teta.sp4.stage1,0.0031967423927305,0.0755594654288873,0.112691110507559,1000
sp10,171,predation.predPrey.sizeRatio.alpha.sp4.stage1,0.00490322252592578,0.0972207079459477,0.152949084458207,1000
sp10,172,predation.predPrey.sizeRatio.teta.sp5.stage1,-0.000225386815207579,0.0707623414198484,0.104722696223375,1000
sp10,173,predation.predPrey.sizeRatio.teta.sp5.stage2,-0.00192990398201093,0.0887510703651161,0.127380307344196,1000
sp10,174,predation.predPrey.sizeRatio.alpha.sp5.stage1,-0.00264937930108184,0.0741835267416692,0.109845604659691,1000
sp10,175,predation.predPrey.sizeRatio.alpha.sp5.stage2,-0.0040984941972266,0.0784341754470274,0.115078005672708,1000
sp10,176,predation.predPrey.sizeRatio.teta.sp6.stage1,0.00279470178807666,0.0756724469648807,0.113582092904199,1000
sp10,177,predation.predPrey.sizeRatio.alpha.sp6.stage1,0.00509916817886423,0.0718355787923995,0.106747446062643,1000
sp10,178,predation.predPrey.sizeRatio.teta.sp7.stage1,0.000285494077693285,0.0695088612154427,0.104187952064052,1000
sp10,179,predation.predPrey.sizeRatio.alpha.sp7.stage1,0.00166378723654006,0.0672023391868412,0.102003579277296,1000
sp10,180,predation.predPrey.sizeRatio.teta.sp8.stage1,-0.000960004111755437,0.0725791869080797,0.108596452769956,1000
sp10,181,predation.predPrey.sizeRatio.alpha.sp8.stage1,0.000915271507522331,0.0708146941473491,0.107605084740642,1000
sp10,182,predation.predPrey.sizeRatio.teta.sp9.stage1,0.000178515220304836,0.0737918629137987,0.11149451378469,1000
sp10,183,predation.predPrey.sizeRatio.alpha.sp9.stage1,-0.0212416978065626,0.299579095896078,0.379823459933824,1000
sp10,184,predation.predPrey.sizeRatio.teta.sp10.stage1,-0.000690869924426544,0.0797344622220581,0.123106224313304,1000
sp10,185,predation.predPrey.sizeRatio.alpha.sp10.stage1,-0.00725284967534191,0.514096151745528,0.722212809730381,1000
sp10,186,predation.predPrey.sizeRatio.teta.sp11.stage1,0.000126828682405353,0.0687551694204568,0.105625179307196,1000
sp10,187,predation.predPrey.sizeRatio.alpha.sp11.stage1,-0.00334461043846292,0.077943151244219,0.115694154734576,1000
sp10,188,predation.predPrey.sizeRatio.teta.sp12.stage1,-0.00424935377666262,0.089197067035303,0.135895043698599,1000
sp10,189,predation.predPrey.sizeRatio.alpha.sp12.stage1,-0.00141631417156496,0.120126833405147,0.178707079932691,1000
sp10,190,predation.predPrey.sizeRatio.teta.sp13.stage1,0.00141539254356645,0.072524876750214,0.107962043949052,1000
sp10,191,predation.predPrey.sizeRatio.alpha.sp13.stage1,-0.00739401297871291,0.128639942928557,0.203968313269789,1000
sp10,192,predation.predPrey.sizeRatio.teta.sp14.stage1,-0.00185976193170547,0.0714563058531616,0.108730486054754,1000
sp10,193,predation.predPrey.sizeRatio.alpha.sp14.stage1,-0.000436805558340453,0.0689099049867039,0.106026189048662,1000
sp10,194,predation.predPrey.sizeRatio.teta.sp15.stage1,0.000199022378468231,0.0706989159989433,0.105732791554263,1000
sp10,195,predation.predPrey.sizeRatio.alpha.sp15.stage1,-0.00439792960915368,0.0715690285964167,0.105844707850596,1000
sp11,1,mortality.additional.rate.sp0,0.00747286637654899,0.0386193242763623,0.10678472390434,1000
sp11,2,mortality.additional.rate.sp1,0.00211136489787513,0.0372157849960414,0.0713000940538738,1000
sp11,3,mortality.additional.rate.sp2,0.00190712541750563,0.0345804624322386,0.0643336782242055,1000
sp11,4,mortality.additional.rate.sp3,0.00254830726528068,0.0351612922826963,0.0655581315805502,1000
sp11,5,mortality.additional.rate.sp4,-0.000854625977433402,0.0341744637184282,0.0641963522473144,1000
sp11,6,mortality.additional.rate.sp5,-0.00363041574617671,0.0393074114017994,0.0918114058164667,1000
sp11,7,mortality.additional.rate.sp6,-0.00177615682915784,0.0351237792221696,0.0610758101108871,1000
sp11,8,mortality.additional.rate.sp7,0.00024643722247112,0.0400648673644627,0.0870468421103964,1000
sp11,9,mortality.additional.rate.sp8,-0.00140789603341889,0.037283498336999,0.0787776956759469,1000
sp11,10,mortality.additional.rate.sp9,0.00343220896734349,0.0372915734709986,0.0744139020873904,1000
sp11,11,mortality.additional.rate.sp10,0.00186276011241907,0.0350957491206861,0.06204171034609,1000
sp11,12,mortality.additional.rate.sp11,0.0028642718713978,0.0372151067092048,0.0800120263752912,1000
sp11,13,mortality.additional.rate.sp12,0.00227835908099438,0.0360140662821766,0.067621504831157,1000
sp11,14,mortality.additional.rate.sp13,0.00012681262438306,0.036727724420316,0.0804072867840525,1000
sp11,15,mortality.additional.rate.sp14,-0.000795126193439164,0.0387148977916407,0.0782209352253541,1000
sp11,16,mortality.additional.rate.sp15,-0.00223247883766094,0.0360214182915792,0.0679365170057882,1000
sp11,17,fisheries.rate.base.fsh0,0.00256955872667172,0.0386569156429385,0.0689480911297216,1000
sp11,18,fisheries.rate.base.fsh1,-0.0056530780676463,0.126802776614421,0.224376729449546,1000
sp11,19,fisheries.rate.base.fsh2,0.000492045104039164,0.0347934337998144,0.0675254194857696,1000
sp11,20,fisheries.rate.base.fsh3,0.00092343657561469,0.039578322813272,0.0928568034474164,1000
sp11,21,species.catchability.fsh0.sp0,0.00091457728311664,0.0354508155398154,0.063256074128052,1000
sp11,22,species.catchability.fsh0.sp1,0.00280176323851669,0.0355753590576208,0.062564478104783,1000
sp11,23,species.catchability.fsh0.sp2,-0.00772704468081544,0.0379053266635235,0.0884522375912592,1000
sp11,24,species.catchability.fsh0.sp3,-0.00218366234359017,0.0432536513067307,0.0851884426818269,1000
sp11,25,species.catchability.fsh0.sp5,-0.00124945238579562,0.0360102111423476,0.0737843648671773,1000
sp11,26,species.catchability.fsh0.sp7,3.42951440053832e-06,0.0365874475449515,0.0733606191827221,1000
sp11,27,species.catchability.fsh0.sp8,-0.00540852518749283,0.0383022696154332,0.0992104421473836,1000
sp11,28,species.catchability.fsh0.sp9,0.0033851874907209,0.0366337438440163,0.068758444515961,1000
sp11,29,species.catchability.fsh0.sp10,0.000962173600231728,0.0389804490473752,0.0715379871834338,1000
sp11,30,species.catchability.fsh0.sp13,-0.00105894220948018,0.0384217348822823,0.0899699247767267,1000
sp11,31,species.catchability.fsh0.sp14,0.00269653723703159,0.0370993356443715,0.0739894943672862,1000
sp11,32,species.catchability.fsh0.sp15,0.000121047579427132,0.0354790726998282,0.0797586352259791,1000
sp11,33,species.catchability.fsh1.sp9,0.000396467737405618,0.0380977978524408,0.0791251509328435,1000
sp11,34,species.catchability.fsh1.sp10,-0.00435819705988857,0.0375000942068401,0.0912605044892612,1000
sp11,35,species.catchability.fsh1.sp11,0.00233480595640997,0.160491526652406,0.275896276983829,1000
sp11,36,species.catchability.fsh1.sp12,-0.00250058419935009,0.0365130709889448,0.0706627746349448,1000
sp11,37,species.catchability.fsh2.sp0,-0.000666710732216882,0.0363220819243388,0.0822462540619172,1000
sp11,38,species.catchability.fsh2.sp5,0.00118497528016595,0.0354339740427604,0.0609976799299817,1000
sp11,39,species.catchability.fsh2.sp7,0.000945975252651444,0.0345936784607956,0.063868673073101,1000
sp11,40,species.catchability.fsh2.sp8,-0.00371578079206335,0.0363493863210234,0.0751328306371143,1000
sp11,41,species.catchability.fsh3.sp0,-0.00090149988260059,0.0339526185026258,0.06291476083274,1000
sp11,42,species.catchability.fsh3.sp1,0.00220058149500693,0.0369618378812024,0.069662067795862,1000
sp11,43,species.catchability.fsh3.sp2,0.00406392700071029,0.0358068117784378,0.0818317468936088,1000
sp11,44,species.catchability.fsh3.sp3,-0.00236711676619186,0.0386429009149956,0.0873218404799363,1000
sp11,45,species.catchability.fsh3.sp5,0.00290671783540487,0.0376383239542962,0.0757765009659914,1000
sp11,46,species.catchability.fsh3.sp7,-0.00221253759873685,0.036035905366257,0.0654541275690184,1000
sp11,47,species.catchability.fsh3.sp8,0.00377329893954762,0.0402747464046207,0.0988265626943305,1000
sp11,48,species.catchability.fsh3.sp9,-0.000947417631713535,0.0380157734938954,0.0966847784780428,1000
sp11,49,species.catchability.fsh3.sp10,0.00362950450335531,0.0377839061455585,0.0849314047048032,1000
sp11,50,species.catchability.fsh3.sp11,-0.000827051364335454,0.0362800878896666,0.0630948617057068,1000
sp11,51,species.catchability.fsh3.sp12,-0.000347463255819923,0.0386710134902097,0.073615550596729,1000
sp11,52,species.catchability.fsh3.sp13,0.0038399331607062,0.0383288065404781,0.0766852258784668,1000
sp11,53,species.catchability.fsh3.sp14,-0.000399526378396876,0.0363063168318428,0.0673972576974001,1000
sp11,54,species.catchability.fsh3.sp15,0.000711182957349904,0.0339297884659247,0.0613132455096392,1000
sp11,55,species.length2weight.condition.factor.sp0,-0.00195293434934849,0.0398273937912906,0.0704928012202195,1000
sp11,56,species.length2weight.condition.factor.sp1,0.00250284390655758,0.0367190233505445,0.0707529496203393,1000
sp11,57,species.length2weight.condition.factor.sp2,0.00356595831248594,0.0368143491095328,0.0770484357899512,1000
sp11,58,species.length2weight.condition.factor.sp3,-0.00233273633204765,0.0387670264231936,0.0755118902741542,1000
sp11,59,species.length2weight.condition.factor.sp4,0.000162391871826091,0.0356230101485511,0.0660020572100152,1000
sp11,60,species.length2weight.condition.factor.sp5,0.000917405031238799,0.038324161581275,0.0866729767504037,1000
sp11,61,species.length2weight.condition.factor.sp6,0.00439751798340402,0.0386619658718075,0.084982598492526,1000
sp11,62,species.length2weight.condition.factor.sp7,0.00108328927454133,0.0376485087820017,0.0835123779788964,1000
sp11,63,species.length2weight.condition.factor.sp8,0.00154138022785857,0.0339642000512301,0.0707904667468119,1000
sp11,64,species.length2weight.condition.factor.sp9,-0.00131869115646897,0.0397069037819259,0.0793205071284372,1000
sp11,65,species.length2weight.condition.factor.sp10,0.00145356054273426,0.0404710087132688,0.0873685662545481,1000
sp11,66,species.length2weight.condition.factor.sp11,-0.0123377184323578,0.263143837286584,0.445302718923351,1000
sp11,67,species.length2weight.condition.factor.sp12,-0.00353013825499402,0.036136360350891,0.067039648217059,1000
sp11,68,species.length2weight.condition.factor.sp13,-0.00296453748084287,0.0388214250992071,0.0839789405927816,1000
sp11,69,species.length2weight.condition.factor.sp14,0.00223768354116915,0.0349026330977667,0.0763274046735333,1000
sp11,70,species.length2weight.condition.factor.sp15,-0.00577504224718654,0.0392125056132926,0.0955061017652841,1000
sp11,71,species.k.sp0,-0.000435209728538398,0.0582786232759733,0.113173480081284,1000
sp11,72,species.k.sp1,0.000646447350291364,0.0334073631627836,0.0625187944799988,1000
sp11,73,species.k.sp2,-0.00166762102802152,0.0450126345428484,0.080628859346947,1000
sp11,74,species.k.sp3,-0.00109049445812657,0.0549162881929544,0.099615980778202,1000
sp11,75,species.k.sp4,0.00209429511315704,0.0762606268635505,0.12305953787562,1000
sp11,76,species.k.sp5,-0.000569025819040195,0.0388759836325173,0.0739071543409063,1000
sp11,77,species.k.sp6,-0.000583486715343195,0.0373522892746505,0.0875298274741925,1000
sp11,78,species.k.sp7,0.00142355648680311,0.036834050799878,0.0801384750948506,1000
sp11,79,species.k.sp8,-0.00214660749295189,0.0369789977497242,0.0686336599380698,1000
sp11,80,species.k.sp9,-0.000202195498892559,0.0507524937947235,0.11802167023273,1000
sp11,81,species.k.sp10,0.00159085030946567,0.039539920802341,0.0796707883620788,1000
sp11,82,species.k.sp11,0.0346409034160246,1.02263288820152,1.66548513418238,1000
sp11,83,species.k.sp12,-0.00726403300769205,0.0472423341014705,0.0950709078880107,1000
sp11,84,species.k.sp13,-0.00148756094512539,0.058523889171138,0.132860228301724,1000
sp11,85,species.k.sp14,-0.000262906331802414,0.0356013397938572,0.098071834480218,1000
sp11,86,species.k.sp15,0.00200757516499752,0.0341388251896569,0.0585248579307657,1000
sp11,87,species.l0.sp0,0.00578909300155297,0.0410189909285098,0.0873803990334636,1000
sp11,88,species.l0.sp1,-0.00145630252481349,0.0365440764932783,0.07067916683838,1000
sp11,89,species.l0.sp2,-0.000342660744358714,0.046307545713318,0.0922870401500747,1000
sp11,90,species.l0.sp3,0.000786595561634181,0.0370336082431382,0.0701201669444232,1000
sp11,91,species.l0.sp4,-0.00120861337646567,0.0570397758610425,0.0915288015343145,1000
sp11,92,species.l0.sp5,0.000291733403809254,0.0357200865549419,0.0654031696308113,1000
sp11,93,species.l0.sp6,-0.00147559099866976,0.0362547715674535,0.0706168269089309,1000
sp11,94,species.l0.sp7,0.00359665146640963,0.0405839430945228,0.0785865715398229,1000
sp11,95,species.l0.sp8,0.000408122641733463,0.0361864349713906,0.0700984096965604,1000
sp11,96,species.l0.sp9,-0.00289731811637441,0.0486913922402909,0.0820441415103574,1000
sp11,97,species.l0.sp10,-7.8870200030963e-05,0.0483391620276809,0.0873612613575554,1000
sp11,98,species.l0.sp11,0.0502603731390322,0.763087762505688,1.36046070813639,1000
sp11,99,species.l0.sp12,0.00313573185643578,0.0387043119997403,0.0890243536265559,1000
sp11,100,species.l0.sp13,-0.000488407586220773,0.0336683427786647,0.0556844648700056,1000
sp11,101,species.l0.sp14,-0.00214944013654032,0.0374716749209761,0.0754046363790983,1000
sp11,102,species.l0.sp15,0.00127231153915138,0.0370313190252291,0.0776984119164533,1000
sp11,103,mortality.additional.larva.rate.sp0,0.000501615773738723,0.0713475165747476,0.135060472605691,1000
sp11,104,mortality.additional.larva.rate.sp1,0.00218928253438288,0.0369472148623781,0.0701957908516633,1000
sp11,105,mortality.additional.larva.rate.sp2,0.00218919083011898,0.0962383218539497,0.160836509055502,1000
sp11,106,mortality.additional.larva.rate.sp3,-0.00821169020152044,0.097469405678656,0.177977842873477,1000
sp11,107,mortality.additional.larva.rate.sp4,0.000287045375034649,0.0384197725137176,0.0744464816149398,1000
sp11,108,mortality.additional.larva.rate.sp5,-0.00294825615268346,0.0363571624815859,0.0706930271100154,1000
sp11,109,mortality.additional.larva.rate.sp6,0.00250084246792212,0.038340876392481,0.0806264799098264,1000
sp11,110,mortality.additional.larva.rate.sp9,0.00562623566408081,0.105772551168145,0.163797469041865,1000
sp11,111,mortality.additional.larva.rate.sp10,-0.00325921810813266,0.0699363965546621,0.119216597541621,1000
sp11,112,mortality.additional.larva.rate.sp11,-0.00272846208260293,0.0353211889913103,0.0643343877895456,1000
sp11,113,mortality.additional.larva.rate.sp12,0.00231252459693132,0.0422162646102009,0.0774225904766811,1000
sp11,114,mortality.additional.larva.rate.sp13,-0.00335056955311143,0.0351867351426956,0.0627749305686361,1000
sp11,115,mortality.additional.larva.rate.sp14,-0.00357592576000134,0.0335573579183747,0.0624607537359814,1000
sp11,116,mortality.additional.larva.rate.sp15,-0.0016007321647033,0.0406265964013905,0.0813605208777483,1000
sp11,117,mortality.additional.larva.rate.mean.sp7,-0.000348264372137767,0.0368199678365775,0.0763503070543029,1000
sp11,118,mortality.additional.larva.rate.mean.sp8,0.00338737036888376,0.0390545555158264,0.0816219820709012,1000
sp11,119,species.linf.sp0,-0.00225795065246429,0.0651074511596922,0.121434222321478,1000
sp11,120,species.linf.sp1,-0.000265325868287046,0.0368613852023421,0.0719629704080803,1000
sp11,121,species.linf.sp2,-0.00020116467943035,0.0786714347476,0.149381365122026,1000
sp11,122,species.linf.sp3,0.0108714358845172,0.178741728703627,0.272972385691493,1000
sp11,123,species.linf.sp4,0.000716077136479175,0.184583664859534,0.254893418706292,1000
sp11,124,species.linf.sp5,-0.00124371514843782,0.0439683891240894,0.0843888551818059,1000
sp11,125,species.linf.sp6,0.000265887774187244,0.0410574754245002,0.0969039610410051,1000
sp11,126,species.linf.sp7,0.00222479269838793,0.0387475565776277,0.0961125977770956,1000
sp11,127,species.linf.sp8,-0.00368308055768437,0.0401305396235927,0.0888863505099319,1000
sp11,128,species.linf.sp9,-0.000966201775621989,0.10929629667184,0.168256839781997,1000
sp11,129,species.linf.sp10,0.00334519975147664,0.0619374359820836,0.117260792551057,1000
sp11,130,species.linf.sp11,-0.0411159223989629,0.760845825377247,1.35030378140215,1000
sp11,131,species.linf.sp12,-0.0024154062036145,0.0730892301384522,0.123951294977749,1000
sp11,132,species.linf.sp13,-0.00128167464621341,0.0581986240617893,0.145920090245731,1000
sp11,133,species.linf.sp14,-0.000886142280435995,0.0371766409026406,0.0676938113988548,1000
sp11,134,species.linf.sp15,-0.00180718043876433,0.0394640201029373,0.0779037485272139,1000
sp11,135,species.accessibility2fish.sp16,-0.00077218635862209,0.0358812703730481,0.0739474440305968,1000
sp11,136,species.accessibility2fish.sp17,-0.00253931287896514,0.0378835745731574,0.072602286473554,1000
sp11,137,species.accessibility2fish.sp18,0.00377942634134164,0.0402937577546378,0.08523764040615,1000
sp11,138,species.accessibility2fish.sp19,0.00014736937512537,0.0719677735820579,0.159139745906462,1000
sp11,139,species.accessibility2fish.sp20,0.0019567645787597,0.0361047295008241,0.0649247183032343,1000
sp11,140,species.accessibility2fish.sp21,-0.000425053639595064,0.0954670369805357,0.22895246877829,1000
sp11,141,species.accessibility2fish.sp22,-0.00198515050456806,0.0378152306196572,0.076647483048829,1000
sp11,142,species.accessibility2fish.sp23,-0.00110163276042936,0.0392805638956816,0.0810234305250665,1000
sp11,143,species.accessibility2fish.sp24,0.00120945535838267,0.0390760124109775,0.0845873424335982,1000
sp11,144,species.accessibility2fish.sp25,-0.000475055427566695,0.0348377711268462,0.0685068129134516,1000
sp11,145,species.accessibility2fish.sp26,-0.00377674039810959,0.0370696748903911,0.0679548779620985,1000
sp11,146,species.maturity.size.ratio.sp0,0.00714721963310327,0.0687712882343761,0.126766149549078,1000
sp11,147,species.maturity.size.ratio.sp1,-0.00243354251910744,0.0364296489949234,0.0792973120823922,1000
sp11,148,species.maturity.size.ratio.sp2,-0.00801742705136716,0.0362748146856783,0.0728809498560053,1000
sp11,149,species.maturity.size.ratio.sp3,-0.000489190664104498,0.0387061338402019,0.0750014371840523,1000
sp11,150,species.maturity.size.ratio.sp4,0.00254642853456167,0.0437678847128878,0.0903152391343712,1000
sp11,151,species.maturity.size.ratio.sp5,0.000755401465366005,0.0358150336143624,0.0747115994385465,1000
sp11,152,species.maturity.size.ratio.sp6,0.000905949406706927,0.0343928879968869,0.064475170095584,1000
sp11,153,species.maturity.size.ratio.sp7,-0.000705345762250782,0.0342332795848135,0.0603069165116008,1000
sp11,154,species.maturity.size.ratio.sp8,0.00275700479505558,0.0374874033387102,0.0870271845038521,1000
sp11,155,species.maturity.size.ratio.sp9,0.000435184492025109,0.0387352614221338,0.0867153324330309,1000
sp11,156,species.maturity.size.ratio.sp10,-0.0015307221595324,0.0417735215732942,0.0724790643778755,1000
sp11,157,species.maturity.size.ratio.sp11,0.120977017327475,2.47393680093586,3.33891367630285,1000
sp11,158,species.maturity.size.ratio.sp12,0.000445351376288487,0.0342165009088732,0.0603429611806712,1000
sp11,159,species.maturity.size.ratio.sp13,0.00407376428317789,0.0765267957668097,0.167578665403643,1000
sp11,160,species.maturity.size.ratio.sp14,-0.00348449756061681,0.0364185963171386,0.0643423321690523,1000
sp11,161,species.maturity.size.ratio.sp15,0.000675306802459469,0.0399199914876715,0.0772504282460448,1000
sp11,162,predation.predPrey.sizeRatio.teta.sp0.stage1,0.00207048312332028,0.0399399342790492,0.0924291312537444,1000
sp11,163,predation.predPrey.sizeRatio.alpha.sp0.stage1,0.00547863223727473,0.0478191135113406,0.0833553880798362,1000
sp11,164,predation.predPrey.sizeRatio.teta.sp1.stage1,0.000847435512473179,0.0359910431907325,0.0707945109026176,1000
sp11,165,predation.predPrey.sizeRatio.alpha.sp1.stage1,-0.00104599998870383,0.0375325678851077,0.0810308635232413,1000
sp11,166,predation.predPrey.sizeRatio.teta.sp2.stage1,-0.00183890447652016,0.0364820463059771,0.0677596706847169,1000
sp11,167,predation.predPrey.sizeRatio.alpha.sp2.stage1,0.00124722047783584,0.0431645653604187,0.0892593367119778,1000
sp11,168,predation.predPrey.sizeRatio.teta.sp3.stage1,-0.00254599286740457,0.0364285782154597,0.0870108335534132,1000
sp11,169,predation.predPrey.sizeRatio.alpha.sp3.stage1,-0.00337311972306377,0.1174563916548,0.186848691969603,1000
sp11,170,predation.predPrey.sizeRatio.teta.sp4.stage1,0.00362254623200567,0.041124741792523,0.0856488371340995,1000
sp11,171,predation.predPrey.sizeRatio.alpha.sp4.stage1,-0.000537114998850486,0.0668320204875935,0.124149120916284,1000
sp11,172,predation.predPrey.sizeRatio.teta.sp5.stage1,0.00405531088949774,0.0404557125641669,0.105063378525705,1000
sp11,173,predation.predPrey.sizeRatio.teta.sp5.stage2,0.000122115308100234,0.0386965154049944,0.0807207072865186,1000
sp11,174,predation.predPrey.sizeRatio.alpha.sp5.stage1,0.00315161501693901,0.0362787866091556,0.0786158990332701,1000
sp11,175,predation.predPrey.sizeRatio.alpha.sp5.stage2,-0.000862825518411409,0.0362245943346523,0.0671570965425136,1000
sp11,176,predation.predPrey.sizeRatio.teta.sp6.stage1,-0.00074536941952025,0.0339790278254518,0.0644014758831813,1000
sp11,177,predation.predPrey.sizeRatio.alpha.sp6.stage1,0.00459763010963845,0.03854011937435,0.0858984515366792,1000
sp11,178,predation.predPrey.sizeRatio.teta.sp7.stage1,0.000645880784773578,0.0364864739582688,0.0718894997722393,1000
sp11,179,predation.predPrey.sizeRatio.alpha.sp7.stage1,-0.00126524469455778,0.0387390833046638,0.071754490267883,1000
sp11,180,predation.predPrey.sizeRatio.teta.sp8.stage1,-0.00307326222538307,0.0363797143777076,0.0788595297131296,1000
sp11,181,predation.predPrey.sizeRatio.alpha.sp8.stage1,-0.00190603444683094,0.0402648107944332,0.0858371212947827,1000
sp11,182,predation.predPrey.sizeRatio.teta.sp9.stage1,-0.00180882853547774,0.0467360621623429,0.087324963365996,1000
sp11,183,predation.predPrey.sizeRatio.alpha.sp9.stage1,0.00122192359569157,0.0614182510985894,0.108280160000244,1000
sp11,184,predation.predPrey.sizeRatio.teta.sp10.stage1,-0.00394071905058629,0.0379457931435222,0.115166136253006,1000
sp11,185,predation.predPrey.sizeRatio.alpha.sp10.stage1,-0.00090287555449753,0.0421783057354606,0.093184632131068,1000
sp11,186,predation.predPrey.sizeRatio.teta.sp11.stage1,-0.00908984616454667,0.131123894097655,0.233123175733315,1000
sp11,187,predation.predPrey.sizeRatio.alpha.sp11.stage1,0.0130829958168324,0.158605024177943,0.34458427543915,1000
sp11,188,predation.predPrey.sizeRatio.teta.sp12.stage1,-0.000351092498930946,0.0450917565858151,0.0698414371725554,1000
sp11,189,predation.predPrey.sizeRatio.alpha.sp12.stage1,-0.000674741453439694,0.0440798404986734,0.1037127836441,1000
sp11,190,predation.predPrey.sizeRatio.teta.sp13.stage1,-0.000605049331412028,0.0369629153830889,0.072265569642704,1000
sp11,191,predation.predPrey.sizeRatio.alpha.sp13.stage1,0.0100593328348511,0.0676379146984746,0.132429897250004,1000
sp11,192,predation.predPrey.sizeRatio.teta.sp14.stage1,-0.0028846132916399,0.0357726100548327,0.0741687630402455,1000
sp11,193,predation.predPrey.sizeRatio.alpha.sp14.stage1,0.00205802549255421,0.0378720844865639,0.0799586472919942,1000
sp11,194,predation.predPrey.sizeRatio.teta.sp15.stage1,-0.00138722535360341,0.0382115413802888,0.0748041658895849,1000
sp11,195,predation.predPrey.sizeRatio.alpha.sp15.stage1,-0.000568236100008907,0.0384169122102284,0.0782172225392131,1000
sp12,1,mortality.additional.rate.sp0,0.000246057892958009,0.0145897419988597,0.0191438483436836,1000
sp12,2,mortality.additional.rate.sp1,0.000288214172586855,0.0145069785176948,0.0184847899657721,1000
sp12,3,mortality.additional.rate.sp2,-0.00101601666948599,0.0143868217027064,0.0184402049142488,1000
sp12,4,mortality.additional.rate.sp3,-0.00171194580185785,0.0182102714730827,0.0228374158298205,1000
sp12,5,mortality.additional.rate.sp4,0.00060849531987036,0.0145789692915087,0.0189360625121702,1000
sp12,6,mortality.additional.rate.sp5,-0.000577760229837525,0.0155336809326169,0.0203531207206579,1000
sp12,7,mortality.additional.rate.sp6,-0.000454340176872876,0.0137665602172584,0.0179176633136733,1000
sp12,8,mortality.additional.rate.sp7,-0.000557291222033009,0.0141716186118556,0.0182591560870076,1000
sp12,9,mortality.additional.rate.sp8,0.00102801094948748,0.0144936856890415,0.0185704600749284,1000
sp12,10,mortality.additional.rate.sp9,8.55270358842336e-05,0.0140234322686893,0.0183410973324216,1000
sp12,11,mortality.additional.rate.sp10,-0.000632005775017302,0.0139832123499184,0.0182374477182436,1000
sp12,12,mortality.additional.rate.sp11,0.000762767309933316,0.0149547636087969,0.0195824655195065,1000
sp12,13,mortality.additional.rate.sp12,-0.000844100956449163,0.0155786064083611,0.020351478634841,1000
sp12,14,mortality.additional.rate.sp13,-0.000151891073899738,0.0147965277178752,0.0188749838966783,1000
sp12,15,mortality.additional.rate.sp14,0.00062398625700799,0.0139736703706072,0.0180396635148094,1000
sp12,16,mortality.additional.rate.sp15,0.000399412917544165,0.0150344308094536,0.0191555678533426,1000
sp12,17,fisheries.rate.base.fsh0,-0.000683294718652876,0.0300823286572628,0.0352043826585294,1000
sp12,18,fisheries.rate.base.fsh1,-0.000767659719411385,0.036519626049092,0.0415909258183625,1000
sp12,19,fisheries.rate.base.fsh2,0.000291789611889323,0.0141619615725025,0.018144938369764,1000
sp12,20,fisheries.rate.base.fsh3,0.00116506971741577,0.0145004790007079,0.0188739013424169,1000
sp12,21,species.catchability.fsh0.sp0,0.00162489981106611,0.0165556169025212,0.0215902845298371,1000
sp12,22,species.catchability.fsh0.sp1,0.000469448981406376,0.0146213791584776,0.0190423389953633,1000
sp12,23,species.catchability.fsh0.sp2,-0.000447691559122387,0.0143187128312952,0.0184746810936698,1000
sp12,24,species.catchability.fsh0.sp3,-0.00113059812415078,0.0199673393648876,0.0251754671985148,1000
sp12,25,species.catchability.fsh0.sp5,-7.36102460440643e-05,0.0143044400508309,0.0181154509608968,1000
sp12,26,species.catchability.fsh0.sp7,-0.000135108084302285,0.0148530239756951,0.0186921437570632,1000
sp12,27,species.catchability.fsh0.sp8,0.00158015120111151,0.0143272656316493,0.018198780087712,1000
sp12,28,species.catchability.fsh0.sp9,-0.000385758194748773,0.0144299315013962,0.0187332330227589,1000
sp12,29,species.catchability.fsh0.sp10,0.000438692912515988,0.0150565274489732,0.0193445006146741,1000
sp12,30,species.catchability.fsh0.sp13,0.000559833450035955,0.0144516928238065,0.0186898425180461,1000
sp12,31,species.catchability.fsh0.sp14,0.000362896741874345,0.0138244969955091,0.0176359169187784,1000
sp12,32,species.catchability.fsh0.sp15,-0.000841381863041348,0.014627189674229,0.0188757090935314,1000
sp12,33,species.catchability.fsh1.sp9,0.000313990832121831,0.0146548162034218,0.0190589604399516,1000
sp12,34,species.catchability.fsh1.sp10,-0.000344274720635271,0.0165840043172403,0.021499480575455,1000
sp12,35,species.catchability.fsh1.sp11,0.000236756835996857,0.0157993133095961,0.0205545462280514,1000
sp12,36,species.catchability.fsh1.sp12,-0.00225617960909212,0.0512596853377861,0.054995705338382,1000
sp12,37,species.catchability.fsh2.sp0,-0.000446320424644372,0.0145044814258624,0.0188008295349882,1000
sp12,38,species.catchability.fsh2.sp5,-4.42176464278734e-05,0.0147011866351729,0.0189362515425405,1000
sp12,39,species.catchability.fsh2.sp7,-0.000107290786350774,0.014674061623361,0.0192514603083889,1000
sp12,40,species.catchability.fsh2.sp8,0.000957943474923833,0.0142403311294497,0.018159044726914,1000
sp12,41,species.catchability.fsh3.sp0,-0.000928290923618122,0.0141318397393024,0.0181182137578318,1000
sp12,42,species.catchability.fsh3.sp1,-0.000985889753553055,0.0143599996301582,0.0186031513918415,1000
sp12,43,species.catchability.fsh3.sp2,-0.000234403625607473,0.0143501339264816,0.0183468235641641,1000
sp12,44,species.catchability.fsh3.sp3,-0.000398215778588544,0.0150765642741773,0.0192233826121196,1000
sp12,45,species.catchability.fsh3.sp5,0.000350643069231364,0.0152064619132608,0.019132172967363,1000
sp12,46,species.catchability.fsh3.sp7,0.000110612111328017,0.0141485283246821,0.0181566552073421,1000
sp12,47,species.catchability.fsh3.sp8,-0.000159630802575356,0.0145203942807399,0.0188712593348768,1000
sp12,48,species.catchability.fsh3.sp9,0.000258927518022478,0.0144467650464288,0.0192194812933427,1000
sp12,49,species.catchability.fsh3.sp10,0.000617220518118699,0.0141370851288062,0.0180748578728398,1000
sp12,50,species.catchability.fsh3.sp11,-0.000518202022624463,0.0147569535305162,0.0190322774071217,1000
sp12,51,species.catchability.fsh3.sp12,0.000429561233512381,0.015190450141254,0.0195123577216746,1000
sp12,52,species.catchability.fsh3.sp13,-0.000488183633316582,0.0148693262799214,0.0192971536927616,1000
sp12,53,species.catchability.fsh3.sp14,-0.000840128543798928,0.0145255311974843,0.0184929653171414,1000
sp12,54,species.catchability.fsh3.sp15,0.000717943425361028,0.0143317588698065,0.0183778712443672,1000
sp12,55,species.length2weight.condition.factor.sp0,-0.000210711919465612,0.0171021994539167,0.0220830664413246,1000
sp12,56,species.length2weight.condition.factor.sp1,0.000159290266017271,0.0150238103336121,0.0192112100277165,1000
sp12,57,species.length2weight.condition.factor.sp2,-5.87810029735158e-05,0.0144440574756434,0.0188257439439934,1000
sp12,58,species.length2weight.condition.factor.sp3,0.00109921299836326,0.016630111689,0.0217661285317144,1000
sp12,59,species.length2weight.condition.factor.sp4,0.000383994525833585,0.0167075545091215,0.0211114943710461,1000
sp12,60,species.length2weight.condition.factor.sp5,-0.000383282994924179,0.0148217182274171,0.0190754936684659,1000
sp12,61,species.length2weight.condition.factor.sp6,-0.000979334375368969,0.014494170227599,0.0186983686736478,1000
sp12,62,species.length2weight.condition.factor.sp7,-0.000265271693530654,0.0145147953020158,0.0186400829441967,1000
sp12,63,species.length2weight.condition.factor.sp8,0.000627032840467901,0.0140467484977073,0.0181250166741913,1000
sp12,64,species.length2weight.condition.factor.sp9,-5.69412120833692e-05,0.0161886013266621,0.0205019998196764,1000
sp12,65,species.length2weight.condition.factor.sp10,-0.000540730226572385,0.0158611110955249,0.0205833569853258,1000
sp12,66,species.length2weight.condition.factor.sp11,0.000179782143875072,0.0161215540433358,0.0206241425077931,1000
sp12,67,species.length2weight.condition.factor.sp12,-0.000358594304410553,0.0214266187907861,0.0268638907170499,1000
sp12,68,species.length2weight.condition.factor.sp13,-0.000602451723799377,0.0156298711869565,0.0201462709720272,1000
sp12,69,species.length2weight.condition.factor.sp14,0.000115823020175736,0.0149724641419003,0.0190863991507683,1000
sp12,70,species.length2weight.condition.factor.sp15,-8.10275976677446e-06,0.0147910836600934,0.019129421601213,1000
sp12,71,species.k.sp0,0.00178658692399922,0.0407778427616172,0.059694805824036,1000
sp12,72,species.k.sp1,0.000922634386545584,0.0152160706745397,0.0193478307403323,1000
sp12,73,species.k.sp2,0.00121918673801203,0.015545567930417,0.019932475182196,1000
sp12,74,species.k.sp3,-0.000351126873549327,0.0305845361637269,0.0403776032336783,1000
sp12,75,species.k.sp4,-0.00117209833623146,0.0404379156820765,0.0458369617590336,1000
sp12,76,species.k.sp5,-0.000712064472589179,0.014887008206819,0.0192215389118183,1000
sp12,77,species.k.sp6,-0.000448097752594426,0.015343131581582,0.020249127400966,1000
sp12,78,species.k.sp7,0.000654637498686117,0.0145808277150246,0.0185503518464504,1000
sp12,79,species.k.sp8,-0.000693529386332221,0.0144248926803307,0.0185263159641676,1000
sp12,80,species.k.sp9,-0.000457094663317588,0.0298323197109059,0.0364250340676091,1000
sp12,81,species.k.sp10,-0.00106234067601133,0.0218114340263127,0.0281195687500092,1000
sp12,82,species.k.sp11,0.00130883583943257,0.0253880842350156,0.0302044613842867,1000
sp12,83,species.k.sp12,0.00358192188680223,0.083319411114659,0.0906625574787975,1000
sp12,84,species.k.sp13,0.00038956830353439,0.138730751019938,0.167339314020947,1000
sp12,85,species.k.sp14,0.000239175404730843,0.0145100986947808,0.0188701584388521,1000
sp12,86,species.k.sp15,0.000630161962578815,0.017088830411204,0.022598953567981,1000
sp12,87,species.l0.sp0,0.000403020180645956,0.0156920482005944,0.0203327768126548,1000
sp12,88,species.l0.sp1,-0.000627122457444129,0.014144010510471,0.0181934426732257,1000
sp12,89,species.l0.sp2,-0.000722043789086408,0.0161635196428277,0.0210957127795786,1000
sp12,90,species.l0.sp3,0.000237484102203691,0.0167038193867725,0.0215214851272615,1000
sp12,91,species.l0.sp4,0.00073108038118987,0.0369079642321457,0.0421631302569,1000
sp12,92,species.l0.sp5,0.000108722647244383,0.0144618534035788,0.0188124165581865,1000
sp12,93,species.l0.sp6,-5.86679662583269e-05,0.0140729493145087,0.0183908362007301,1000
sp12,94,species.l0.sp7,-0.000130161848720849,0.0143692268721313,0.0185909208749635,1000
sp12,95,species.l0.sp8,-0.00034977136817655,0.0148976355543726,0.0189497852328427,1000
sp12,96,species.l0.sp9,-0.00075379647439518,0.0311232360381613,0.0366797673857663,1000
sp12,97,species.l0.sp10,0.000572377304387129,0.0326491426895486,0.0397941841463311,1000
sp12,98,species.l0.sp11,-7.48950113853228e-06,0.0216369435065856,0.0265744919671814,1000
sp12,99,species.l0.sp12,-0.00223212011847597,0.0382281043090708,0.0445567790305993,1000
sp12,100,species.l0.sp13,0.000110826450008137,0.0139292130023589,0.0182096289415635,1000
sp12,101,species.l0.sp14,-0.000298915534046545,0.0139424532776761,0.0179397315516517,1000
sp12,102,species.l0.sp15,-0.000459394701942451,0.0146756371661384,0.018811625156652,1000
sp12,103,mortality.additional.larva.rate.sp0,0.00185207508573428,0.0323066973968306,0.0472844603660975,1000
sp12,104,mortality.additional.larva.rate.sp1,-0.000129332858473597,0.0140959445674935,0.0180157883257763,1000
sp12,105,mortality.additional.larva.rate.sp2,0.000191093828800548,0.0231125878949774,0.0297135357656628,1000
sp12,106,mortality.additional.larva.rate.sp3,0.00164730142814944,0.0548980349566377,0.0784541835514818,1000
sp12,107,mortality.additional.larva.rate.sp4,-2.59290725202854e-05,0.014850849489074,0.0194178357674914,1000
sp12,108,mortality.additional.larva.rate.sp5,-0.000659255666314467,0.0141611318836696,0.0187020196902346,1000
sp12,109,mortality.additional.larva.rate.sp6,0.000814662991861857,0.0146174941909937,0.0187598311462497,1000
sp12,110,mortality.additional.larva.rate.sp9,0.00339978808207167,0.0503011767416165,0.056932492643396,1000
sp12,111,mortality.additional.larva.rate.sp10,-0.00103063429601323,0.0524914607220929,0.0640389572045174,1000
sp12,112,mortality.additional.larva.rate.sp11,0.000541547198761946,0.0153259371697013,0.0198025376912494,1000
sp12,113,mortality.additional.larva.rate.sp12,0.00513005772595711,0.103605663856259,0.11454312342467,1000
sp12,114,mortality.additional.larva.rate.sp13,0.000120332627705408,0.0146603373848223,0.0188827509386322,1000
sp12,115,mortality.additional.larva.rate.sp14,-0.000323260197126138,0.0149364290631606,0.0190937326465888,1000
sp12,116,mortality.additional.larva.rate.sp15,-0.000514850903298688,0.0179120656916111,0.0235143620958786,1000
sp12,117,mortality.additional.larva.rate.mean.sp7,0.000291106951405077,0.0149419186826512,0.0195946687606677,1000
sp12,118,mortality.additional.larva.rate.mean.sp8,-0.000573048495345094,0.0148791919067753,0.0193033458677301,1000
sp12,119,species.linf.sp0,-0.00611994566646754,0.0530225860993119,0.0782101097498053,1000
sp12,120,species.linf.sp1,-0.000963135230316746,0.0157882465050204,0.020151487488215,1000
sp12,121,species.linf.sp2,-0.00021646589595446,0.0197327910699885,0.0257266295872132,1000
sp12,122,species.linf.sp3,-0.00679774187177719,0.123114670920147,0.154168451206666,1000
sp12,123,species.linf.sp4,0.00370913733618855,0.0994468017986928,0.106661775236393,1000
sp12,124,species.linf.sp5,-0.000207986358465929,0.0214847574302626,0.0277155133306879,1000
sp12,125,species.linf.sp6,4.16995034041063e-05,0.0155362145794442,0.0200045822773087,1000
sp12,126,species.linf.sp7,-0.000140661621745582,0.0147730596086285,0.019104848544518,1000
sp12,127,species.linf.sp8,-0.000691594798774938,0.0152881806764071,0.0197762494286811,1000
sp12,128,species.linf.sp9,3.93728659435873e-05,0.0762454488115121,0.0881595183055859,1000
sp12,129,species.linf.sp10,-0.000283409958289551,0.0575116153695499,0.0714238880010114,1000
sp12,130,species.linf.sp11,0.000177916278184655,0.0219062333178604,0.0273297073362753,1000
sp12,131,species.linf.sp12,-0.0247917143159562,0.408172986569018,0.411697747396812,1000
sp12,132,species.linf.sp13,0.00130721992964268,0.0651073227321539,0.0819802792427685,1000
sp12,133,species.linf.sp14,3.22826836151567e-05,0.0149617094083474,0.0200756268157614,1000
sp12,134,species.linf.sp15,-0.00208119803512143,0.0247586055483997,0.0320270161202055,1000
sp12,135,species.accessibility2fish.sp16,5.84108001900837e-05,0.0151702733017725,0.019388604247852,1000
sp12,136,species.accessibility2fish.sp17,0.000151922802921247,0.0144116790982423,0.0185442220384051,1000
sp12,137,species.accessibility2fish.sp18,8.79660300708064e-05,0.0141875055303161,0.0183080303430367,1000
sp12,138,species.accessibility2fish.sp19,-0.00234414672776114,0.057644726820685,0.0934800630032234,1000
sp12,139,species.accessibility2fish.sp20,-0.000307879132740675,0.0145664453957749,0.0184939181164914,1000
sp12,140,species.accessibility2fish.sp21,-0.00160058960837894,0.068317402366073,0.114556033747054,1000
sp12,141,species.accessibility2fish.sp22,0.000618520510625174,0.0148475751000197,0.01911666594221,1000
sp12,142,species.accessibility2fish.sp23,-0.000260932825091061,0.0143911988081586,0.0188499874800897,1000
sp12,143,species.accessibility2fish.sp24,-0.00074684521569385,0.0160401338934039,0.0203555772629158,1000
sp12,144,species.accessibility2fish.sp25,0.000140012793478209,0.0149447127971236,0.0188890683948025,1000
sp12,145,species.accessibility2fish.sp26,0.000469441532562741,0.0145447522565754,0.0186070434083891,1000
sp12,146,species.maturity.size.ratio.sp0,0.00202734068406153,0.0362566859567373,0.0564462106883812,1000
sp12,147,species.maturity.size.ratio.sp1,-0.000110028932536014,0.0148554003992104,0.0195025327906615,1000
sp12,148,species.maturity.size.ratio.sp2,-0.000612535510456862,0.0157356261532072,0.0200884027444499,1000
sp12,149,species.maturity.size.ratio.sp3,-0.000100068343442307,0.014514820427499,0.0182860770083872,1000
sp12,150,species.maturity.size.ratio.sp4,-0.000411104784754124,0.018126831300512,0.0228078191713713,1000
sp12,151,species.maturity.size.ratio.sp5,-0.000407886054901084,0.0138115600979473,0.0176083755718812,1000
sp12,152,species.maturity.size.ratio.sp6,-0.00101223150355344,0.0148246151838977,0.0192468169932247,1000
sp12,153,species.maturity.size.ratio.sp7,0.00023697642824072,0.0148162875322811,0.0193893840777311,1000
sp12,154,species.maturity.size.ratio.sp8,0.000355925149804959,0.0143509107257031,0.0186064071444202,1000
sp12,155,species.maturity.size.ratio.sp9,0.000184878640510907,0.0148191260831842,0.0190934838967395,1000
sp12,156,species.maturity.size.ratio.sp10,-0.0001191826348769,0.0204085461541432,0.0267524763470366,1000
sp12,157,species.maturity.size.ratio.sp11,-0.00387781865102216,0.0731191392205626,0.0785159957921197,1000
sp12,158,species.maturity.size.ratio.sp12,0.00111671047698958,0.0378482975035072,0.0473853029038439,1000
sp12,159,species.maturity.size.ratio.sp13,0.00310419844388369,0.210540760014637,0.239311039600468,1000
sp12,160,species.maturity.size.ratio.sp14,0.000848734009965651,0.0144361251133049,0.018485420838601,1000
sp12,161,species.maturity.size.ratio.sp15,-0.000902313832091423,0.0195530278408923,0.0274965876156461,1000
sp12,162,predation.predPrey.sizeRatio.teta.sp0.stage1,-0.000201797880590697,0.0146820117209499,0.0188313501820279,1000
sp12,163,predation.predPrey.sizeRatio.alpha.sp0.stage1,0.000363846236533386,0.0359115520735493,0.050040698614074,1000
sp12,164,predation.predPrey.sizeRatio.teta.sp1.stage1,0.000490004452868966,0.0144711932259484,0.0186577610624146,1000
sp12,165,predation.predPrey.sizeRatio.alpha.sp1.stage1,7.09878569152896e-06,0.014876997764082,0.0189436499786856,1000
sp12,166,predation.predPrey.sizeRatio.teta.sp2.stage1,-0.00048773729675906,0.0143482256400884,0.0185858244288792,1000
sp12,167,predation.predPrey.sizeRatio.alpha.sp2.stage1,-0.000192252830266709,0.0167220499666615,0.0212537377801361,1000
sp12,168,predation.predPrey.sizeRatio.teta.sp3.stage1,-0.000134620600065753,0.0146978889695084,0.0191148543268207,1000
sp12,169,predation.predPrey.sizeRatio.alpha.sp3.stage1,0.00208706209507956,0.0918543510294863,0.117140667686528,1000
sp12,170,predation.predPrey.sizeRatio.teta.sp4.stage1,-0.000119254935087196,0.0155500142195695,0.019804457673747,1000
sp12,171,predation.predPrey.sizeRatio.alpha.sp4.stage1,-0.00226192789403856,0.0319054759145439,0.0381736259697393,1000
sp12,172,predation.predPrey.sizeRatio.teta.sp5.stage1,0.000381959160603256,0.0150451622874295,0.0191872861074002,1000
sp12,173,predation.predPrey.sizeRatio.teta.sp5.stage2,0.000878219880569848,0.0229355710886449,0.0284959285528753,1000
sp12,174,predation.predPrey.sizeRatio.alpha.sp5.stage1,0.000380001677598899,0.0145357797628744,0.018842496404998,1000
sp12,175,predation.predPrey.sizeRatio.alpha.sp5.stage2,0.000151627133975188,0.0172090030481878,0.0219152121177388,1000
sp12,176,predation.predPrey.sizeRatio.teta.sp6.stage1,0.00139333255890878,0.0147901281509549,0.0190316550825139,1000
sp12,177,predation.predPrey.sizeRatio.alpha.sp6.stage1,-0.000565623514941009,0.0143176982537757,0.0186644923079397,1000
sp12,178,predation.predPrey.sizeRatio.teta.sp7.stage1,-0.00021609875953471,0.0146545076066024,0.018931738479771,1000
sp12,179,predation.predPrey.sizeRatio.alpha.sp7.stage1,0.00127441749834574,0.0144960071157743,0.0188300821619923,1000
sp12,180,predation.predPrey.sizeRatio.teta.sp8.stage1,-0.000495363758123397,0.0148279709759365,0.0190781966701465,1000
sp12,181,predation.predPrey.sizeRatio.alpha.sp8.stage1,-0.000411721514892346,0.0154233701054677,0.0198314452051838,1000
sp12,182,predation.predPrey.sizeRatio.teta.sp9.stage1,-0.000786832880950229,0.0174984194425913,0.0220167740660009,1000
sp12,183,predation.predPrey.sizeRatio.alpha.sp9.stage1,0.000357162068124979,0.0249859393839142,0.0337628612528644,1000
sp12,184,predation.predPrey.sizeRatio.teta.sp10.stage1,0.000683729711883533,0.0151238773214367,0.0193472771499562,1000
sp12,185,predation.predPrey.sizeRatio.alpha.sp10.stage1,-0.000650313881651267,0.0177201135985308,0.0239190587879192,1000
sp12,186,predation.predPrey.sizeRatio.teta.sp11.stage1,1.34533863745097e-05,0.019144416781242,0.0242603247260868,1000
sp12,187,predation.predPrey.sizeRatio.alpha.sp11.stage1,-0.00035860004776654,0.0144970281889728,0.0189378677691017,1000
sp12,188,predation.predPrey.sizeRatio.teta.sp12.stage1,0.000779495653515944,0.0285248621383987,0.0355924548280784,1000
sp12,189,predation.predPrey.sizeRatio.alpha.sp12.stage1,-0.00314147466734142,0.123832249585202,0.129471423724464,1000
sp12,190,predation.predPrey.sizeRatio.teta.sp13.stage1,-0.000180373803934804,0.0151226098174568,0.0195321121978189,1000
sp12,191,predation.predPrey.sizeRatio.alpha.sp13.stage1,-0.00362135236162541,0.0574032395434407,0.0735013985226387,1000
sp12,192,predation.predPrey.sizeRatio.teta.sp14.stage1,0.000781361422248275,0.0143378407140479,0.0183679543007248,1000
sp12,193,predation.predPrey.sizeRatio.alpha.sp14.stage1,8.36502829290714e-05,0.0144340938340372,0.0183903056425902,1000
sp12,194,predation.predPrey.sizeRatio.teta.sp15.stage1,0.000489806703737051,0.0148012183498437,0.0192091998169482,1000
sp12,195,predation.predPrey.sizeRatio.alpha.sp15.stage1,0.00046056905420822,0.019549521396504,0.0245121118046567,1000
sp13,1,mortality.additional.rate.sp0,-0.000383353851482606,0.0104246805992365,0.0167546983152571,1000
sp13,2,mortality.additional.rate.sp1,0.000428861476913454,0.0105421040117574,0.0169853894351937,1000
sp13,3,mortality.additional.rate.sp2,0.000260459192761515,0.0102472725095962,0.0162997372650685,1000
sp13,4,mortality.additional.rate.sp3,0.00060583918908661,0.0100836498451693,0.0156780096122327,1000
sp13,5,mortality.additional.rate.sp4,-0.000812345396384152,0.00980262274243099,0.0162477033649082,1000
sp13,6,mortality.additional.rate.sp5,0.000612395162238901,0.0115523141561198,0.0187259251127897,1000
sp13,7,mortality.additional.rate.sp6,-0.000531894444690386,0.00965436675038563,0.0154821254129141,1000
sp13,8,mortality.additional.rate.sp7,-0.000174080192637036,0.00960525734491945,0.0158383295694922,1000
sp13,9,mortality.additional.rate.sp8,-0.000937209289331643,0.0100732815990747,0.0163086287073465,1000
sp13,10,mortality.additional.rate.sp9,0.00030360449708074,0.00997124177294499,0.0157377939195685,1000
sp13,11,mortality.additional.rate.sp10,0.000304912817417276,0.00994489120166181,0.0159368289995169,1000
sp13,12,mortality.additional.rate.sp11,-0.000262501876923709,0.010246424702356,0.016240779736425,1000
sp13,13,mortality.additional.rate.sp12,0.00101297896469792,0.00992764800357909,0.0166845781437684,1000
sp13,14,mortality.additional.rate.sp13,-0.00016457767502429,0.00977851958896383,0.0156079014356442,1000
sp13,15,mortality.additional.rate.sp14,-0.000258492412146297,0.00925785169025268,0.0145014152235916,1000
sp13,16,mortality.additional.rate.sp15,-0.000116811741039713,0.0104126159502658,0.0166411518163796,1000
sp13,17,fisheries.rate.base.fsh0,-0.00104320140199122,0.0114902219435262,0.0172376790659258,1000
sp13,18,fisheries.rate.base.fsh1,6.23137438468364e-05,0.0109009493310956,0.0166183686132217,1000
sp13,19,fisheries.rate.base.fsh2,0.000627354359017159,0.00944204278950191,0.015271037291326,1000
sp13,20,fisheries.rate.base.fsh3,-0.0010355240539768,0.00991591017902576,0.0162087414300939,1000
sp13,21,species.catchability.fsh0.sp0,0.000226253599765799,0.0113646382698018,0.0179206834179647,1000
sp13,22,species.catchability.fsh0.sp1,-0.00036001112362177,0.0104563571418228,0.017269432896788,1000
sp13,23,species.catchability.fsh0.sp2,-0.000162676338860382,0.0104792152459833,0.0167877925875907,1000
sp13,24,species.catchability.fsh0.sp3,0.000100059872736278,0.0104829246874424,0.0162278114495429,1000
sp13,25,species.catchability.fsh0.sp5,0.000411499740436675,0.00948274261157033,0.014532921530633,1000
sp13,26,species.catchability.fsh0.sp7,-0.00062830354060681,0.0106099098698076,0.0170863231696441,1000
sp13,27,species.catchability.fsh0.sp8,-0.000894531495528062,0.0097090501801172,0.0151394003488753,1000
sp13,28,species.catchability.fsh0.sp9,2.61788287243455e-05,0.00999900792411226,0.0164983041875837,1000
sp13,29,species.catchability.fsh0.sp10,-0.000137276384711524,0.00997741205003874,0.0162790804375631,1000
sp13,30,species.catchability.fsh0.sp13,-0.000771472508332843,0.0100703403394897,0.0158854276817287,1000
sp13,31,species.catchability.fsh0.sp14,-9.0855936943708e-05,0.0101991823439428,0.0159003116540602,1000
sp13,32,species.catchability.fsh0.sp15,3.52595433487208e-05,0.0103321426881867,0.0167101909302033,1000
sp13,33,species.catchability.fsh1.sp9,8.60055843959406e-06,0.0102392309745429,0.0161839692644232,1000
sp13,34,species.catchability.fsh1.sp10,0.000119236921659063,0.010499983795116,0.0168565726019451,1000
sp13,35,species.catchability.fsh1.sp11,-0.000242835356092989,0.010396123243304,0.0170685539154469,1000
sp13,36,species.catchability.fsh1.sp12,-9.31671809502132e-07,0.00991184782846718,0.015984890197261,1000
sp13,37,species.catchability.fsh2.sp0,0.000584539058092395,0.0100098766637259,0.0162207710478726,1000
sp13,38,species.catchability.fsh2.sp5,-0.000770273408205536,0.0101238372309207,0.0165775436209763,1000
sp13,39,species.catchability.fsh2.sp7,-0.000674811985328152,0.010168512196989,0.0166168812225619,1000
sp13,40,species.catchability.fsh2.sp8,-0.000833412189621687,0.00916306053585073,0.0146585675318976,1000
sp13,41,species.catchability.fsh3.sp0,0.000468688471070904,0.00995313554492157,0.015657744696023,1000
sp13,42,species.catchability.fsh3.sp1,0.000324841944331756,0.0100760362398616,0.0166401578297442,1000
sp13,43,species.catchability.fsh3.sp2,-0.000299955785676747,0.0105135480206235,0.0169408072906749,1000
sp13,44,species.catchability.fsh3.sp3,0.00050571400034129,0.0100631749952137,0.0163983344582365,1000
sp13,45,species.catchability.fsh3.sp5,0.000437300344708505,0.0105750178213635,0.0161822488543441,1000
sp13,46,species.catchability.fsh3.sp7,0.000149148388054346,0.00968439861237908,0.0155723365923102,1000
sp13,47,species.catchability.fsh3.sp8,0.000797489336469356,0.00982645459022675,0.0156959248012176,1000
sp13,48,species.catchability.fsh3.sp9,-4.7932116741051e-05,0.0099488387438699,0.0163362036356089,1000
sp13,49,species.catchability.fsh3.sp10,-0.000362825222619593,0.0101506673961636,0.0162769845406664,1000
sp13,50,species.catchability.fsh3.sp11,0.00024960369723033,0.0100744464423411,0.0157658339205974,1000
sp13,51,species.catchability.fsh3.sp12,-0.000345524636018423,0.00982166663600275,0.0161546553032073,1000
sp13,52,species.catchability.fsh3.sp13,0.000372296407425229,0.0100256162988832,0.016474657177271,1000
sp13,53,species.catchability.fsh3.sp14,0.000588348522896759,0.0102919568302427,0.0158690582079529,1000
sp13,54,species.catchability.fsh3.sp15,9.48058565065079e-07,0.00948402257874579,0.0154734278536302,1000
sp13,55,species.length2weight.condition.factor.sp0,0.00016531137227155,0.0124971913527438,0.01907625388672,1000
sp13,56,species.length2weight.condition.factor.sp1,-0.000982301455199818,0.0104949390044569,0.016536693905385,1000
sp13,57,species.length2weight.condition.factor.sp2,0.000435913525855298,0.0101546870608448,0.0160375967065222,1000
sp13,58,species.length2weight.condition.factor.sp3,0.000306333261415462,0.0100475884055209,0.0157586622606978,1000
sp13,59,species.length2weight.condition.factor.sp4,-0.000998247293241483,0.0122746801669122,0.018653824260188,1000
sp13,60,species.length2weight.condition.factor.sp5,0.000625576097403918,0.010649371108019,0.0170350639547694,1000
sp13,61,species.length2weight.condition.factor.sp6,0.000288386231743772,0.0101797708099717,0.0156988707117042,1000
sp13,62,species.length2weight.condition.factor.sp7,9.1523078124188e-05,0.0101359115275285,0.0163773473924937,1000
sp13,63,species.length2weight.condition.factor.sp8,8.73248748986338e-05,0.00953712004466487,0.0156664217621556,1000
sp13,64,species.length2weight.condition.factor.sp9,-6.29690289149151e-05,0.0104051260061137,0.0169915871174825,1000
sp13,65,species.length2weight.condition.factor.sp10,9.52770977202973e-05,0.00994250387402122,0.0165362710045925,1000
sp13,66,species.length2weight.condition.factor.sp11,-0.000146734448672392,0.00968936756853968,0.0155831031480694,1000
sp13,67,species.length2weight.condition.factor.sp12,0.000262070377682717,0.0105288177745548,0.0167228223105448,1000
sp13,68,species.length2weight.condition.factor.sp13,-0.000315259113766186,0.0116298277881907,0.0174598439888061,1000
sp13,69,species.length2weight.condition.factor.sp14,-0.000113249121716643,0.0102503894203579,0.016623914666369,1000
sp13,70,species.length2weight.condition.factor.sp15,-0.000319974511234631,0.0105015895554561,0.0166884420453273,1000
sp13,71,species.k.sp0,-2.12166069464091e-06,0.0224490476547565,0.0374178202406017,1000
sp13,72,species.k.sp1,-3.47637198528885e-05,0.0101765151868637,0.016167601505669,1000
sp13,73,species.k.sp2,-0.00054954993331,0.0112702911303412,0.0179297656579352,1000
sp13,74,species.k.sp3,-0.000333417415572845,0.0122885930285573,0.0200320398547844,1000
sp13,75,species.k.sp4,-0.000349879823543825,0.0124462834299758,0.0193470119995818,1000
sp13,76,species.k.sp5,0.00080042972644985,0.0114307621421142,0.0182389946136609,1000
sp13,77,species.k.sp6,0.000682555923026569,0.0102276085937278,0.0167290028079363,1000
sp13,78,species.k.sp7,-6.09430854170497e-05,0.0095356948967395,0.0155857412961642,1000
sp13,79,species.k.sp8,-0.000600029061469042,0.00997079531086682,0.015465932974999,1000
sp13,80,species.k.sp9,-0.0021436263057854,0.0221114127948656,0.030231673318457,1000
sp13,81,species.k.sp10,0.000637345116697771,0.00974492059157513,0.0155806875500176,1000
sp13,82,species.k.sp11,-0.000221716566185517,0.00976831012359333,0.015491281102302,1000
sp13,83,species.k.sp12,0.000688846398012444,0.0107617808700461,0.0171620916748293,1000
sp13,84,species.k.sp13,-0.00329880925560909,0.191657861353324,0.232126389099819,1000
sp13,85,species.k.sp14,-0.000537004694440774,0.0104362163146323,0.0165614305875449,1000
sp13,86,species.k.sp15,-0.000203158845735746,0.00995844124089651,0.0161916878695103,1000
sp13,87,species.l0.sp0,-8.52897699325562e-05,0.0115743389026469,0.0185665959661569,1000
sp13,88,species.l0.sp1,0.000575715711298684,0.0101023145828191,0.0160437926628312,1000
sp13,89,species.l0.sp2,0.000624187910570798,0.0116673740513105,0.0178924837582118,1000
sp13,90,species.l0.sp3,-0.00060710452030046,0.0113059891469153,0.0180837600632987,1000
sp13,91,species.l0.sp4,-0.000318562961387455,0.0124461293593037,0.0189997319020668,1000
sp13,92,species.l0.sp5,-0.000703388838481039,0.01030603566763,0.0165916564735187,1000
sp13,93,species.l0.sp6,-0.00069741576776327,0.0097963643189351,0.0160869643451095,1000
sp13,94,species.l0.sp7,-0.000598450105487396,0.00980552752920857,0.015604927637199,1000
sp13,95,species.l0.sp8,0.00021340327748746,0.0101257647390559,0.0162838395531829,1000
sp13,96,species.l0.sp9,3.51133791392111e-05,0.0153641374690022,0.0230266207772785,1000
sp13,97,species.l0.sp10,-0.00011097092803562,0.00996190751312508,0.0154668332117729,1000
sp13,98,species.l0.sp11,-0.000317875188459663,0.00973028335312412,0.0159427839102401,1000
sp13,99,species.l0.sp12,0.00022205268713215,0.0104088906927073,0.0166887100984444,1000
sp13,100,species.l0.sp13,0.000200827682004929,0.00992263190886545,0.0158110180857951,1000
sp13,101,species.l0.sp14,0.000535525421086078,0.00966901574359235,0.0151637670199345,1000
sp13,102,species.l0.sp15,1.7530621731289e-05,0.00961698422652323,0.0165083220194629,1000
sp13,103,mortality.additional.larva.rate.sp0,-0.00114184616586539,0.0232511444677202,0.0395958186341283,1000
sp13,104,mortality.additional.larva.rate.sp1,-9.99839602726241e-05,0.00976200310781961,0.0155754555382511,1000
sp13,105,mortality.additional.larva.rate.sp2,0.000730997053726708,0.0211796575891239,0.0317064410541867,1000
sp13,106,mortality.additional.larva.rate.sp3,0.000100726789727767,0.0196160198994727,0.0303821786045646,1000
sp13,107,mortality.additional.larva.rate.sp4,-0.000220536894033523,0.00997351198607522,0.0162474155681489,1000
sp13,108,mortality.additional.larva.rate.sp5,0.000709863350612696,0.00987927627232528,0.0161456292356736,1000
sp13,109,mortality.additional.larva.rate.sp6,-0.000858187392239667,0.0106188029090544,0.0168785862465361,1000
sp13,110,mortality.additional.larva.rate.sp9,0.000973740540848316,0.0188740174385099,0.0268444677065197,1000
sp13,111,mortality.additional.larva.rate.sp10,0.000343143148484856,0.0107793946813205,0.0170519032780705,1000
sp13,112,mortality.additional.larva.rate.sp11,-0.000735114816050238,0.011317810593702,0.0189283230786839,1000
sp13,113,mortality.additional.larva.rate.sp12,0.000402879703108662,0.0123180891418579,0.0187940585628416,1000
sp13,114,mortality.additional.larva.rate.sp13,0.000110785225793105,0.0101350134229189,0.0166905183471563,1000
sp13,115,mortality.additional.larva.rate.sp14,-0.000750703083962122,0.0103505913758018,0.0165099620857329,1000
sp13,116,mortality.additional.larva.rate.sp15,-0.000578809740506511,0.0104844792234723,0.016751824342598,1000
sp13,117,mortality.additional.larva.rate.mean.sp7,-7.0333942335203e-05,0.0106193262313224,0.0169101789482697,1000
sp13,118,mortality.additional.larva.rate.mean.sp8,0.000336726724814913,0.00987687618863638,0.0164192273217349,1000
sp13,119,species.linf.sp0,-0.00143164389898023,0.0257682080775575,0.0453274301523997,1000
sp13,120,species.linf.sp1,0.0014637023857681,0.0103185408007084,0.0163158410733911,1000
sp13,121,species.linf.sp2,-0.000507462559081618,0.0210925749703104,0.0318789908402555,1000
sp13,122,species.linf.sp3,-0.00113573424013752,0.0187375444754847,0.0290299730316,1000
sp13,123,species.linf.sp4,-0.000505876125132073,0.0168877860499066,0.0268243480995514,1000
sp13,124,species.linf.sp5,-0.00089133058770384,0.0147661587810128,0.0221505252212684,1000
sp13,125,species.linf.sp6,-0.000154406417527163,0.0097097320949944,0.0160389747667224,1000
sp13,126,species.linf.sp7,0.000523011885068231,0.0107926149535695,0.0174062107414912,1000
sp13,127,species.linf.sp8,0.000700180014992153,0.0103064640366239,0.0160909965714996,1000
sp13,128,species.linf.sp9,-0.000115896585563066,0.0537520178496117,0.0678050257068717,1000
sp13,129,species.linf.sp10,-4.37928921798843e-05,0.0109526488793295,0.0178663067109161,1000
sp13,130,species.linf.sp11,-0.000423089273368632,0.011041124950399,0.0176192700331723,1000
sp13,131,species.linf.sp12,0.000540593009378924,0.0108966441945328,0.0175334683162452,1000
sp13,132,species.linf.sp13,-0.000323564670916719,0.0972065824263093,0.123979175487037,1000
sp13,133,species.linf.sp14,-9.62931773233672e-07,0.0104878873800719,0.0175241893457758,1000
sp13,134,species.linf.sp15,0.00113865706603112,0.0104582680872351,0.0168407742483621,1000
sp13,135,species.accessibility2fish.sp16,0.000429560601009109,0.0105925300965928,0.0167383423582049,1000
sp13,136,species.accessibility2fish.sp17,9.71587136080539e-06,0.0097086839086953,0.0153708211204915,1000
sp13,137,species.accessibility2fish.sp18,0.000527649242568576,0.00988389994972761,0.0160005394715105,1000
sp13,138,species.accessibility2fish.sp19,2.93176937542651e-05,0.0101627677427014,0.0162886952478384,1000
sp13,139,species.accessibility2fish.sp20,-0.000157649422488109,0.0102004652372035,0.0160170142005516,1000
sp13,140,species.accessibility2fish.sp21,0.00175405281144376,0.0196170472260998,0.037100699343009,1000
sp13,141,species.accessibility2fish.sp22,-0.000315915376980883,0.0101124392697488,0.01579730934232,1000
sp13,142,species.accessibility2fish.sp23,-0.00035727735787545,0.0101914768896184,0.0171125439131304,1000
sp13,143,species.accessibility2fish.sp24,0.000119092756257842,0.0104951964037635,0.0162784966752462,1000
sp13,144,species.accessibility2fish.sp25,0.000475034181822834,0.00951455130596509,0.0151145067165821,1000
sp13,145,species.accessibility2fish.sp26,0.000125890587081165,0.00998134242400653,0.0162194016233595,1000
sp13,146,species.maturity.size.ratio.sp0,0.000406284036289609,0.024942361533234,0.0438572449109004,1000
sp13,147,species.maturity.size.ratio.sp1,0.000731819044014412,0.0103510668292812,0.0170061188685135,1000
sp13,148,species.maturity.size.ratio.sp2,0.000436586060147424,0.0104036086254081,0.0170386712929153,1000
sp13,149,species.maturity.size.ratio.sp3,-0.00110042027175113,0.0103371340959161,0.0159874796582538,1000
sp13,150,species.maturity.size.ratio.sp4,-0.000118850106438509,0.0116567876611437,0.0175467808701698,1000
sp13,151,species.maturity.size.ratio.sp5,0.000147557665484893,0.00989843733884531,0.0156169881838633,1000
sp13,152,species.maturity.size.ratio.sp6,0.000441920726735357,0.00975459477156069,0.0156082925450164,1000
sp13,153,species.maturity.size.ratio.sp7,-0.00106213016195463,0.0105876116949294,0.0171609575121138,1000
sp13,154,species.maturity.size.ratio.sp8,6.3075483168798e-05,0.010350357620287,0.0164711330296893,1000
sp13,155,species.maturity.size.ratio.sp9,-0.000388998972754119,0.0100897854291777,0.0159438460736727,1000
sp13,156,species.maturity.size.ratio.sp10,-1.0357723652854e-05,0.0110454781434406,0.0178534725925198,1000
sp13,157,species.maturity.size.ratio.sp11,8.69166453810929e-05,0.0106960482612643,0.0165663733993806,1000
sp13,158,species.maturity.size.ratio.sp12,-6.53968755945823e-05,0.0104548721642504,0.0171533063389093,1000
sp13,159,species.maturity.size.ratio.sp13,-0.0028718447607661,0.279708951188672,0.321309969710667,1000
sp13,160,species.maturity.size.ratio.sp14,-0.00158735149652776,0.0103306433613602,0.0156840992541898,1000
sp13,161,species.maturity.size.ratio.sp15,0.000740675604039678,0.0102234896344749,0.01617372080394,1000
sp13,162,predation.predPrey.sizeRatio.teta.sp0.stage1,0.000145315186685454,0.00992983833357051,0.0151641684219314,1000
sp13,163,predation.predPrey.sizeRatio.alpha.sp0.stage1,0.000114507392183152,0.0121173250368797,0.0191155930662236,1000
sp13,164,predation.predPrey.sizeRatio.teta.sp1.stage1,0.000164896779782978,0.00934682233370659,0.0161847119246012,1000
sp13,165,predation.predPrey.sizeRatio.alpha.sp1.stage1,0.000120140357333741,0.00972947320512118,0.0154194150477647,1000
sp13,166,predation.predPrey.sizeRatio.teta.sp2.stage1,0.000372041281419967,0.0100569436389609,0.0160926022885245,1000
sp13,167,predation.predPrey.sizeRatio.alpha.sp2.stage1,7.13581678654429e-05,0.0113523555873626,0.0184008171498775,1000
sp13,168,predation.predPrey.sizeRatio.teta.sp3.stage1,1.86810054287042e-05,0.0100353927346221,0.0162914978752824,1000
sp13,169,predation.predPrey.sizeRatio.alpha.sp3.stage1,-0.000121006070234064,0.0128139375067495,0.0196648733782567,1000
sp13,170,predation.predPrey.sizeRatio.teta.sp4.stage1,0.000239925428033297,0.0101404704234732,0.0161930195666984,1000
sp13,171,predation.predPrey.sizeRatio.alpha.sp4.stage1,-3.17033578847646e-05,0.0129762245229784,0.020375826684855,1000
sp13,172,predation.predPrey.sizeRatio.teta.sp5.stage1,-7.5630756592624e-05,0.00987337969481978,0.015742991552824,1000
sp13,173,predation.predPrey.sizeRatio.teta.sp5.stage2,0.000291039856474665,0.0109855213166928,0.0170923860039406,1000
sp13,174,predation.predPrey.sizeRatio.alpha.sp5.stage1,0.0002020370433057,0.0100103839920809,0.0164916401947945,1000
sp13,175,predation.predPrey.sizeRatio.alpha.sp5.stage2,0.00029319986954219,0.0102645892183456,0.0162398370141636,1000
sp13,176,predation.predPrey.sizeRatio.teta.sp6.stage1,-0.000819779957208048,0.00998437594856499,0.0162975732121625,1000
sp13,177,predation.predPrey.sizeRatio.alpha.sp6.stage1,0.000403843931528051,0.0102758108210505,0.0166900896084697,1000
sp13,178,predation.predPrey.sizeRatio.teta.sp7.stage1,0.00020291956792183,0.00991949562599584,0.0160045334015637,1000
sp13,179,predation.predPrey.sizeRatio.alpha.sp7.stage1,-0.000158869786353761,0.0097152830973947,0.0160829104123878,1000
sp13,180,predation.predPrey.sizeRatio.teta.sp8.stage1,0.000451933659866781,0.0106723963436349,0.0177025514570009,1000
sp13,181,predation.predPrey.sizeRatio.alpha.sp8.stage1,7.94131909597953e-05,0.0108963973510215,0.0169666166350755,1000
sp13,182,predation.predPrey.sizeRatio.teta.sp9.stage1,0.000192494653871056,0.0102632320215339,0.0163186985278727,1000
sp13,183,predation.predPrey.sizeRatio.alpha.sp9.stage1,-0.000976197651380031,0.0178375992766968,0.025632122330167,1000
sp13,184,predation.predPrey.sizeRatio.teta.sp10.stage1,6.50530551838672e-05,0.010123892926365,0.0161324530764191,1000
sp13,185,predation.predPrey.sizeRatio.alpha.sp10.stage1,0.000888567013592238,0.0106317273815476,0.0176152493923943,1000
sp13,186,predation.predPrey.sizeRatio.teta.sp11.stage1,0.000187816045064278,0.00981140386256895,0.0155720064489401,1000
sp13,187,predation.predPrey.sizeRatio.alpha.sp11.stage1,0.000772971010745298,0.0107899949316614,0.0170625060818888,1000
sp13,188,predation.predPrey.sizeRatio.teta.sp12.stage1,-0.000412024381909607,0.0104832113234062,0.0168295724401357,1000
sp13,189,predation.predPrey.sizeRatio.alpha.sp12.stage1,-0.000236495132344714,0.0111468131167784,0.0183357647153677,1000
sp13,190,predation.predPrey.sizeRatio.teta.sp13.stage1,0.000261711493056807,0.0131989971153707,0.0201124295852426,1000
sp13,191,predation.predPrey.sizeRatio.alpha.sp13.stage1,0.00679964905519188,0.0867906300762508,0.114539268263217,1000
sp13,192,predation.predPrey.sizeRatio.teta.sp14.stage1,-0.000282777459856329,0.0101148035845305,0.0158050274802966,1000
sp13,193,predation.predPrey.sizeRatio.alpha.sp14.stage1,0.000474777227244288,0.0107297058750286,0.0167560845086545,1000
sp13,194,predation.predPrey.sizeRatio.teta.sp15.stage1,-0.000804085856045253,0.0107449413012818,0.01705853951065,1000
sp13,195,predation.predPrey.sizeRatio.alpha.sp15.stage1,5.38393908940708e-06,0.00979248862259339,0.0153358673317392,1000
sp14,1,mortality.additional.rate.sp0,-1.16504570326069e-06,0.00702661632723969,0.00918941778268582,1000
sp14,2,mortality.additional.rate.sp1,0.000338796890487186,0.00691174472523989,0.00892882557632092,1000
sp14,3,mortality.additional.rate.sp2,0.00055621011985005,0.00925715933354812,0.012532586642371,1000
sp14,4,mortality.additional.rate.sp3,0.000136730131135786,0.00765852411607532,0.0101682050418882,1000
sp14,5,mortality.additional.rate.sp4,-6.61860909889738e-05,0.00723356563824107,0.00946452835335011,1000
sp14,6,mortality.additional.rate.sp5,0.000787430303639968,0.0103956888592198,0.0140359329469968,1000
sp14,7,mortality.additional.rate.sp6,-0.000342277590648822,0.0068303250576549,0.00885141449475808,1000
sp14,8,mortality.additional.rate.sp7,0.00010941454654127,0.00711284112206658,0.00923542825025386,1000
sp14,9,mortality.additional.rate.sp8,0.000373074689772367,0.00695577754101478,0.00901984155751469,1000
sp14,10,mortality.additional.rate.sp9,0.000200502098756119,0.00709886614074425,0.00924300838683621,1000
sp14,11,mortality.additional.rate.sp10,0.000272831449518921,0.00698262251932007,0.00903086723031425,1000
sp14,12,mortality.additional.rate.sp11,-0.000442539776628537,0.00689841697907207,0.00896031130900783,1000
sp14,13,mortality.additional.rate.sp12,0.000381705613810376,0.0069876467321364,0.00903572982550836,1000
sp14,14,mortality.additional.rate.sp13,-0.000293679260043162,0.00717768432748374,0.00935688998239566,1000
sp14,15,mortality.additional.rate.sp14,-0.000894475039407491,0.0113717961435004,0.0142107518300275,1000
sp14,16,mortality.additional.rate.sp15,-7.7798597293334e-05,0.00694184205422647,0.009060918652781,1000
sp14,17,fisheries.rate.base.fsh0,-0.000739624951176086,0.0174957232800011,0.0218491795873075,1000
sp14,18,fisheries.rate.base.fsh1,-0.000348377177266804,0.00944557850122123,0.0121385358592865,1000
sp14,19,fisheries.rate.base.fsh2,0.000305175781218881,0.00729831188737193,0.00960372198878041,1000
sp14,20,fisheries.rate.base.fsh3,-0.00011969991404193,0.0073866607878332,0.00947442814271897,1000
sp14,21,species.catchability.fsh0.sp0,0.00116856426577831,0.0170788447631912,0.0227695749734575,1000
sp14,22,species.catchability.fsh0.sp1,-0.000629678178741954,0.007266534293952,0.00948846100784065,1000
sp14,23,species.catchability.fsh0.sp2,-0.000272881458183514,0.00744147180167018,0.00961523953794405,1000
sp14,24,species.catchability.fsh0.sp3,2.53068109857506e-05,0.00838589391552272,0.0109867062888293,1000
sp14,25,species.catchability.fsh0.sp5,0.000248185321705795,0.00808129055364786,0.0105316383900316,1000
sp14,26,species.catchability.fsh0.sp7,-0.000897249199856681,0.00729719719288556,0.0095153261966981,1000
sp14,27,species.catchability.fsh0.sp8,0.000106809700214316,0.00751532657569284,0.00993012859363725,1000
sp14,28,species.catchability.fsh0.sp9,-0.000235656792441713,0.0068234014233116,0.00889512669631572,1000
sp14,29,species.catchability.fsh0.sp10,7.70263856953629e-05,0.00711169232904039,0.00936641345851881,1000
sp14,30,species.catchability.fsh0.sp13,-0.000132868827552299,0.00697725987207278,0.00927008118359631,1000
sp14,31,species.catchability.fsh0.sp14,0.000265941745840905,0.00701850464834205,0.00923415680966234,1000
sp14,32,species.catchability.fsh0.sp15,-0.000429898422174962,0.00682054409076822,0.00896555331513379,1000
sp14,33,species.catchability.fsh1.sp9,-0.000282801486641781,0.00725214997802738,0.00956907120414191,1000
sp14,34,species.catchability.fsh1.sp10,7.30534550338949e-05,0.00732719638515705,0.00958826190940911,1000
sp14,35,species.catchability.fsh1.sp11,4.00999197885866e-05,0.00694290247451788,0.0091051410362689,1000
sp14,36,species.catchability.fsh1.sp12,0.00020114223048785,0.00734717476164758,0.00950781978906144,1000
sp14,37,species.catchability.fsh2.sp0,0.00014487533045069,0.00741769279752595,0.00964804753341983,1000
sp14,38,species.catchability.fsh2.sp5,-0.00010673236723458,0.00755986380677402,0.00975846681584007,1000
sp14,39,species.catchability.fsh2.sp7,-0.000163365168536713,0.00677641041969741,0.00884188408353204,1000
sp14,40,species.catchability.fsh2.sp8,-7.33054270412933e-05,0.00679720602502991,0.00896302006318624,1000
sp14,41,species.catchability.fsh3.sp0,0.000214351150792024,0.00741709412896816,0.00960953680282095,1000
sp14,42,species.catchability.fsh3.sp1,-0.000539162473373278,0.00707157533757562,0.00912336063046026,1000
sp14,43,species.catchability.fsh3.sp2,-0.000189328423959743,0.00706643360829325,0.00927654120828204,1000
sp14,44,species.catchability.fsh3.sp3,-4.88954033475021e-05,0.00708438079184029,0.00918526638735285,1000
sp14,45,species.catchability.fsh3.sp5,-0.000487965598515433,0.00689951107962784,0.00907992042588088,1000
sp14,46,species.catchability.fsh3.sp7,-0.000621263994044391,0.00711700398765454,0.00916605121961979,1000
sp14,47,species.catchability.fsh3.sp8,0.000297101339420405,0.00711108055864576,0.00903208466385864,1000
sp14,48,species.catchability.fsh3.sp9,-0.000211232843642787,0.00732348073275777,0.00960656902553508,1000
sp14,49,species.catchability.fsh3.sp10,-6.90130483230761e-05,0.00690478519834418,0.00896668438235082,1000
sp14,50,species.catchability.fsh3.sp11,-0.000154300153133004,0.0069510272267118,0.00921159640627191,1000
sp14,51,species.catchability.fsh3.sp12,0.000233003818503419,0.00705653184414471,0.00909300125602392,1000
sp14,52,species.catchability.fsh3.sp13,0.000237639747522529,0.00703201673634067,0.00908743285285629,1000
sp14,53,species.catchability.fsh3.sp14,0.000220481114379448,0.0069268441477027,0.00903699326432345,1000
sp14,54,species.catchability.fsh3.sp15,2.81241803863894e-05,0.00719859198763445,0.00939900996658375,1000
sp14,55,species.length2weight.condition.factor.sp0,-0.000223202194406274,0.0227044276673395,0.0317203965022714,1000
sp14,56,species.length2weight.condition.factor.sp1,-0.000410918876322554,0.00723811951989818,0.00924984043769198,1000
sp14,57,species.length2weight.condition.factor.sp2,-0.000385665696930864,0.00994949426015949,0.0138303701151294,1000
sp14,58,species.length2weight.condition.factor.sp3,0.000549680835790764,0.011466574675401,0.0152889208939574,1000
sp14,59,species.length2weight.condition.factor.sp4,-0.000195699155922752,0.00798374252669601,0.0102899280932537,1000
sp14,60,species.length2weight.condition.factor.sp5,-9.35179448210068e-05,0.00675612327596389,0.00882055113179789,1000
sp14,61,species.length2weight.condition.factor.sp6,0.000325978676468998,0.00703801320357354,0.00916007701850839,1000
sp14,62,species.length2weight.condition.factor.sp7,0.000103726765171953,0.00682378466479483,0.00888227658201642,1000
sp14,63,species.length2weight.condition.factor.sp8,0.000680023165288342,0.00713931412677448,0.00920395680757601,1000
sp14,64,species.length2weight.condition.factor.sp9,-0.000271450559511847,0.00776003445175499,0.0100175304958329,1000
sp14,65,species.length2weight.condition.factor.sp10,0.000197257997734642,0.00749587086277134,0.00975790907838478,1000
sp14,66,species.length2weight.condition.factor.sp11,0.000121940377889725,0.00698872130811836,0.0090132974203302,1000
sp14,67,species.length2weight.condition.factor.sp12,0.000244890827061498,0.00723636961935298,0.00945905543163376,1000
sp14,68,species.length2weight.condition.factor.sp13,0.000113839392208619,0.00729711597669476,0.00944929334663252,1000
sp14,69,species.length2weight.condition.factor.sp14,0.00045144454305974,0.0247102493865915,0.0326025696037903,1000
sp14,70,species.length2weight.condition.factor.sp15,-0.00027861434856852,0.00750601514718207,0.00980338835348348,1000
sp14,71,species.k.sp0,-0.00113073479380359,0.0681514383828807,0.0940823714056069,1000
sp14,72,species.k.sp1,0.0001609764305939,0.00796826765367894,0.0103782466113875,1000
sp14,73,species.k.sp2,-9.28657894729154e-05,0.0181656128099611,0.0243393798594132,1000
sp14,74,species.k.sp3,0.000191537671286469,0.0208803719776254,0.027512405794702,1000
sp14,75,species.k.sp4,-0.00206842718793635,0.0420686169307898,0.0465935774563013,1000
sp14,76,species.k.sp5,0.000369863012521858,0.0109254193825258,0.0146266816819299,1000
sp14,77,species.k.sp6,0.000746415518947068,0.0127089356899417,0.0152077855907502,1000
sp14,78,species.k.sp7,-0.000430113725292131,0.00689308141225916,0.00911401320575127,1000
sp14,79,species.k.sp8,-0.000245472108898802,0.0118764991641197,0.0149115846526476,1000
sp14,80,species.k.sp9,-9.94579162048704e-06,0.0159627369886815,0.019252447522435,1000
sp14,81,species.k.sp10,0.000674478823172971,0.00864362352216656,0.0112477001350052,1000
sp14,82,species.k.sp11,0.000135317125023468,0.00757711819184343,0.00986361717334598,1000
sp14,83,species.k.sp12,-0.000313033883794179,0.00786137640271058,0.0102307170999407,1000
sp14,84,species.k.sp13,-0.000441489810686783,0.0364510320596967,0.0467639886357831,1000
sp14,85,species.k.sp14,-0.0034204263774174,0.136118901643345,0.146509248296192,1000
sp14,86,species.k.sp15,0.00024238465533454,0.00779137178134047,0.0103889269907464,1000
sp14,87,species.l0.sp0,0.000690191462361835,0.0167751026047703,0.0249833595286864,1000
sp14,88,species.l0.sp1,0.000424854695789653,0.00687599713320179,0.00887477797977832,1000
sp14,89,species.l0.sp2,-0.000145828326534486,0.0166046355084661,0.0227587922092596,1000
sp14,90,species.l0.sp3,0.000172209749175941,0.0107771303698349,0.0144115841598453,1000
sp14,91,species.l0.sp4,-0.000272050146368239,0.0221445082380852,0.0253673029969582,1000
sp14,92,species.l0.sp5,-0.000629004844047479,0.00744631737857068,0.00968090707299124,1000
sp14,93,species.l0.sp6,-0.000829882139010742,0.00877735657438747,0.0110785538884847,1000
sp14,94,species.l0.sp7,0.000492715823357818,0.00722857517301887,0.00933271459478304,1000
sp14,95,species.l0.sp8,0.000522178886206894,0.00794294847954678,0.0104006134409434,1000
sp14,96,species.l0.sp9,-9.27373549309188e-05,0.0117624049343714,0.0149075798582501,1000
sp14,97,species.l0.sp10,0.000151981470864799,0.0114489650935391,0.0150206226344214,1000
sp14,98,species.l0.sp11,-0.000668515584811457,0.00736229866304653,0.0094816923119837,1000
sp14,99,species.l0.sp12,-1.06409358478526e-05,0.00714181005683997,0.00948611941589921,1000
sp14,100,species.l0.sp13,0.000226610064778045,0.00673325423787023,0.00876796117715501,1000
sp14,101,species.l0.sp14,0.000320870700283388,0.00664292546481197,0.00865483891342344,1000
sp14,102,species.l0.sp15,6.10284563665732e-06,0.00713170072434576,0.00941311629522182,1000
sp14,103,mortality.additional.larva.rate.sp0,-7.94858255792154e-07,0.0713621023689606,0.101599146993517,1000
sp14,104,mortality.additional.larva.rate.sp1,-0.00044601627154831,0.00732667913367876,0.00968554995930266,1000
sp14,105,mortality.additional.larva.rate.sp2,0.000904823216647427,0.0637672059857046,0.0810150499797417,1000
sp14,106,mortality.additional.larva.rate.sp3,0.00287635579128712,0.0597225958805489,0.0799603145441617,1000
sp14,107,mortality.additional.larva.rate.sp4,-0.000393518914578201,0.00726755659561999,0.00944600738212076,1000
sp14,108,mortality.additional.larva.rate.sp5,0.000369117072800192,0.00717392435611021,0.00942964636096818,1000
sp14,109,mortality.additional.larva.rate.sp6,-0.000303124761669662,0.00730087555556488,0.00951660363919762,1000
sp14,110,mortality.additional.larva.rate.sp9,-0.00114577990298956,0.0178304489232161,0.0211212970751026,1000
sp14,111,mortality.additional.larva.rate.sp10,0.000358985869435368,0.0149081380149999,0.0200406959205314,1000
sp14,112,mortality.additional.larva.rate.sp11,-9.42294639544792e-05,0.00739407727686965,0.00970696038972044,1000
sp14,113,mortality.additional.larva.rate.sp12,0.00054750015658553,0.00929375851165457,0.0117551430851048,1000
sp14,114,mortality.additional.larva.rate.sp13,0.000262531184593907,0.00717649723668799,0.00939660778812968,1000
sp14,115,mortality.additional.larva.rate.sp14,0.00125793037889579,0.0400887124110575,0.0527489059910766,1000
sp14,116,mortality.additional.larva.rate.sp15,-0.000659087462426697,0.00932779399921254,0.0129088519100798,1000
sp14,117,mortality.additional.larva.rate.mean.sp7,-0.000111566861598315,0.00688838935332078,0.0090092329589207,1000
sp14,118,mortality.additional.larva.rate.mean.sp8,-0.000142904252883007,0.00826106778007582,0.010998151890734,1000
sp14,119,species.linf.sp0,-0.00551087337605587,0.0771143275489443,0.113322363289015,1000
sp14,120,species.linf.sp1,-0.000188549195434708,0.0107909656909514,0.0138902769932946,1000
sp14,121,species.linf.sp2,0.000551594846118458,0.0530226493509317,0.068962722133627,1000
sp14,122,species.linf.sp3,-0.0019237268004677,0.0442153816619699,0.0594130510404087,1000
sp14,123,species.linf.sp4,0.000832822625404001,0.118131757246831,0.127912251437676,1000
sp14,124,species.linf.sp5,-0.000374703278331654,0.0237427512359427,0.0325054860470321,1000
sp14,125,species.linf.sp6,-0.000165613421337843,0.028408023632999,0.0310221040386103,1000
sp14,126,species.linf.sp7,7.73192248090916e-05,0.00750369356310403,0.00977079512158755,1000
sp14,127,species.linf.sp8,0.000457158566770144,0.0335731287039846,0.0385472845353368,1000
sp14,128,species.linf.sp9,-0.000685768694193504,0.0421171742678577,0.0487697424226772,1000
sp14,129,species.linf.sp10,0.000222260363834501,0.0195185031496392,0.025612726576463,1000
sp14,130,species.linf.sp11,-4.25534110090725e-05,0.00809044034617584,0.010518302835688,1000
sp14,131,species.linf.sp12,-0.00101960756184774,0.0161782968210649,0.0193204308480731,1000
sp14,132,species.linf.sp13,-0.000227237052656211,0.0184915234725042,0.0244699549447095,1000
sp14,133,species.linf.sp14,-0.0108876425118165,0.312357061136374,0.322728167088015,1000
sp14,134,species.linf.sp15,-0.000284468041354296,0.00928366510589011,0.0126689243971073,1000
sp14,135,species.accessibility2fish.sp16,0.000303403720135491,0.00703148586220216,0.00894012502829272,1000
sp14,136,species.accessibility2fish.sp17,0.000500894564931364,0.00680335107855273,0.00877472228441402,1000
sp14,137,species.accessibility2fish.sp18,4.76049704960279e-05,0.00729334811110285,0.0096635872719538,1000
sp14,138,species.accessibility2fish.sp19,0.00041581916402683,0.00703367488702081,0.00920220794776781,1000
sp14,139,species.accessibility2fish.sp20,0.000187495222907085,0.00724792056104037,0.00935059840255402,1000
sp14,140,species.accessibility2fish.sp21,0.000132475749331196,0.0091973813247844,0.012123153877128,1000
sp14,141,species.accessibility2fish.sp22,-0.000722159217123684,0.025488176926449,0.0436078761184866,1000
sp14,142,species.accessibility2fish.sp23,-0.00123333715704644,0.036833463345032,0.039537408642746,1000
sp14,143,species.accessibility2fish.sp24,-0.00181084185404226,0.0642243074925833,0.0741098508245574,1000
sp14,144,species.accessibility2fish.sp25,-0.000255796625904713,0.00689817841452762,0.00895223831726868,1000
sp14,145,species.accessibility2fish.sp26,0.000642521526715801,0.00723524654029625,0.00929742482084728,1000
sp14,146,species.maturity.size.ratio.sp0,0.00192361603901025,0.0738370303132725,0.108816094831781,1000
sp14,147,species.maturity.size.ratio.sp1,0.000273535474641952,0.00694868974249861,0.00904351112318644,1000
sp14,148,species.maturity.size.ratio.sp2,0.000281845339100072,0.00704276495035844,0.00923719767676432,1000
sp14,149,species.maturity.size.ratio.sp3,-0.000137859228489558,0.00752587956718754,0.00978326716337757,1000
sp14,150,species.maturity.size.ratio.sp4,-0.000443445152366674,0.00741112251733376,0.00955858852093827,1000
sp14,151,species.maturity.size.ratio.sp5,-0.000144146616106999,0.00682611895276814,0.00884553905744812,1000
sp14,152,species.maturity.size.ratio.sp6,6.86584981189517e-05,0.00792459740715155,0.0103237660309302,1000
sp14,153,species.maturity.size.ratio.sp7,-4.34660753797242e-05,0.00666456786331167,0.00866884359049338,1000
sp14,154,species.maturity.size.ratio.sp8,-1.56740096254384e-05,0.00732012370715491,0.00972884229841254,1000
sp14,155,species.maturity.size.ratio.sp9,-7.11773393367356e-05,0.00762664691279764,0.0100115664988753,1000
sp14,156,species.maturity.size.ratio.sp10,-0.000243964989695236,0.00824753900194687,0.0108615251318763,1000
sp14,157,species.maturity.size.ratio.sp11,8.91834091452323e-05,0.00851008994579316,0.0112002616880609,1000
sp14,158,species.maturity.size.ratio.sp12,-0.000329175956702917,0.00749778065009397,0.00991746666567107,1000
sp14,159,species.maturity.size.ratio.sp13,-0.00155297914065044,0.0529160262540221,0.0634461277013339,1000
sp14,160,species.maturity.size.ratio.sp14,0.000422438298726555,0.0202595209537043,0.0280829127636113,1000
sp14,161,species.maturity.size.ratio.sp15,-0.000150771794090492,0.00967954050721022,0.0131252784511944,1000
sp14,162,predation.predPrey.sizeRatio.teta.sp0.stage1,0.000291293275233149,0.00706245529996324,0.00921091202901766,1000
sp14,163,predation.predPrey.sizeRatio.alpha.sp0.stage1,0.000369490220125836,0.0162616129292486,0.0261288469513529,1000
sp14,164,predation.predPrey.sizeRatio.teta.sp1.stage1,-4.67988754170215e-05,0.00721099796902493,0.00929699192113547,1000
sp14,165,predation.predPrey.sizeRatio.alpha.sp1.stage1,0.000725205560536856,0.00965693516122228,0.0124464625162013,1000
sp14,166,predation.predPrey.sizeRatio.teta.sp2.stage1,-0.000218838680623133,0.00719237716437518,0.00928154327950802,1000
sp14,167,predation.predPrey.sizeRatio.alpha.sp2.stage1,-0.000273286632611154,0.0132461731256051,0.0190928257864651,1000
sp14,168,predation.predPrey.sizeRatio.teta.sp3.stage1,-6.70066252395507e-05,0.00823285887972304,0.0107923306068524,1000
sp14,169,predation.predPrey.sizeRatio.alpha.sp3.stage1,-0.0016373513574251,0.0196398339523554,0.0269839416156265,1000
sp14,170,predation.predPrey.sizeRatio.teta.sp4.stage1,-0.000239498311239772,0.00811517512570898,0.010615591829933,1000
sp14,171,predation.predPrey.sizeRatio.alpha.sp4.stage1,-0.00243858301850216,0.0431030970517766,0.0510015095898004,1000
sp14,172,predation.predPrey.sizeRatio.teta.sp5.stage1,-0.000122320668534768,0.00733617478937874,0.0095482603675249,1000
sp14,173,predation.predPrey.sizeRatio.teta.sp5.stage2,-9.05498003200044e-05,0.0108407632651269,0.0150637664788419,1000
sp14,174,predation.predPrey.sizeRatio.alpha.sp5.stage1,2.91990905705772e-05,0.00715718054452539,0.00934424897320733,1000
sp14,175,predation.predPrey.sizeRatio.alpha.sp5.stage2,-0.00022301248256009,0.00959371259169445,0.0129767215303472,1000
sp14,176,predation.predPrey.sizeRatio.teta.sp6.stage1,-0.000375865061008948,0.00789967576409578,0.0102695946265021,1000
sp14,177,predation.predPrey.sizeRatio.alpha.sp6.stage1,0.000620355848301429,0.00935946664060967,0.0120210749345085,1000
sp14,178,predation.predPrey.sizeRatio.teta.sp7.stage1,0.00043358458665732,0.00705221289390213,0.00923626490053042,1000
sp14,179,predation.predPrey.sizeRatio.alpha.sp7.stage1,0.000193586417534215,0.00741486151923169,0.00974645718022363,1000
sp14,180,predation.predPrey.sizeRatio.teta.sp8.stage1,0.00041304987279792,0.0072657923013831,0.00971045431158427,1000
sp14,181,predation.predPrey.sizeRatio.alpha.sp8.stage1,0.000668560265693876,0.0227797468028446,0.0267093164283138,1000
sp14,182,predation.predPrey.sizeRatio.teta.sp9.stage1,0.000236101169639237,0.00779604947181319,0.0100835329148565,1000
sp14,183,predation.predPrey.sizeRatio.alpha.sp9.stage1,0.00050446789057294,0.0205272693608238,0.0266797654017313,1000
sp14,184,predation.predPrey.sizeRatio.teta.sp10.stage1,7.26216792088874e-05,0.00725421797360213,0.00943852360258115,1000
sp14,185,predation.predPrey.sizeRatio.alpha.sp10.stage1,0.000256418266737677,0.0092601781545,0.0124190012046358,1000
sp14,186,predation.predPrey.sizeRatio.teta.sp11.stage1,-0.000223958559309349,0.00702496417569254,0.00912369752789933,1000
sp14,187,predation.predPrey.sizeRatio.alpha.sp11.stage1,0.000529977145645083,0.00754906857176372,0.009735972033792,1000
sp14,188,predation.predPrey.sizeRatio.teta.sp12.stage1,-0.000177202947237632,0.00746971747703664,0.00980224569280016,1000
sp14,189,predation.predPrey.sizeRatio.alpha.sp12.stage1,-0.000587208048836725,0.00893158941059372,0.0115077356390618,1000
sp14,190,predation.predPrey.sizeRatio.teta.sp13.stage1,0.000489635683019839,0.00722957175497289,0.00947051270559842,1000
sp14,191,predation.predPrey.sizeRatio.alpha.sp13.stage1,0.0014627752274084,0.0185298585778534,0.0253458829624168,1000
sp14,192,predation.predPrey.sizeRatio.teta.sp14.stage1,-0.00106917407347832,0.0238998779971171,0.0280059694850791,1000
sp14,193,predation.predPrey.sizeRatio.alpha.sp14.stage1,0.00290162788236929,0.230504980640014,0.243696895735324,1000
sp14,194,predation.predPrey.sizeRatio.teta.sp15.stage1,0.000741386583405372,0.00731313497012636,0.00943942993322449,1000
sp14,195,predation.predPrey.sizeRatio.alpha.sp15.stage1,0.000783658625052224,0.0077501645285091,0.0102315451472544,1000
sp15,1,mortality.additional.rate.sp0,-0.000142028906033044,0.00237013761363025,0.00405059787046501,1000
sp15,2,mortality.additional.rate.sp1,-0.000146735054363933,0.00239782357184109,0.00434552438830217,1000
sp15,3,mortality.additional.rate.sp2,6.22743858093148e-06,0.00351707325464036,0.00647890937523305,1000
sp15,4,mortality.additional.rate.sp3,-0.000257949610516453,0.00363210112737008,0.00671572581661912,1000
sp15,5,mortality.additional.rate.sp4,-3.78477538490003e-05,0.00219409883753139,0.00367804486667238,1000
sp15,6,mortality.additional.rate.sp5,7.48979252167575e-05,0.00333403107442443,0.00628519251972728,1000
sp15,7,mortality.additional.rate.sp6,-0.000229753921567681,0.00208471466496035,0.00320740748800178,1000
sp15,8,mortality.additional.rate.sp7,0.000158336085621802,0.00227481779663755,0.00386493564279232,1000
sp15,9,mortality.additional.rate.sp8,9.02037065919257e-05,0.00236550066203976,0.00396348367263247,1000
sp15,10,mortality.additional.rate.sp9,0.000191251201682139,0.0023893376086643,0.00428473522758858,1000
sp15,11,mortality.additional.rate.sp10,-1.80675742240357e-05,0.00239502904783816,0.00444087147223816,1000
sp15,12,mortality.additional.rate.sp11,-5.3305636625316e-05,0.00226050461020684,0.00383597256223094,1000
sp15,13,mortality.additional.rate.sp12,0.000111283750253274,0.00240396606109524,0.00430656781623105,1000
sp15,14,mortality.additional.rate.sp13,4.83929219240133e-05,0.00226906600792598,0.00385621201928026,1000
sp15,15,mortality.additional.rate.sp14,-7.40493358940652e-06,0.00228737895578191,0.0039819053540278,1000
sp15,16,mortality.additional.rate.sp15,0.00203872725057124,0.055083198094811,0.0687531025886098,1000
sp15,17,fisheries.rate.base.fsh0,0.00496295568098058,0.0997540272324542,0.122349749479236,1000
sp15,18,fisheries.rate.base.fsh1,5.72282197612597e-05,0.00265111498594538,0.00468144814451691,1000
sp15,19,fisheries.rate.base.fsh2,3.54301827581884e-05,0.00235736091373158,0.00418109222780769,1000
sp15,20,fisheries.rate.base.fsh3,0.00157545144556849,0.18274716749169,0.233128081463555,1000
sp15,21,species.catchability.fsh0.sp0,-0.000201248974177949,0.00417896130573358,0.0111392517935401,1000
sp15,22,species.catchability.fsh0.sp1,-2.85275142756785e-05,0.00239091346583974,0.00426619324544698,1000
sp15,23,species.catchability.fsh0.sp2,-5.0304560456534e-05,0.00224380229462051,0.00355858123254103,1000
sp15,24,species.catchability.fsh0.sp3,-0.000171314069375071,0.00406537250720954,0.00783293964526183,1000
sp15,25,species.catchability.fsh0.sp5,-0.000114875159591724,0.00281323239582588,0.00630047696970909,1000
sp15,26,species.catchability.fsh0.sp7,-0.000205871376528453,0.00219203979200149,0.00380424437363778,1000
sp15,27,species.catchability.fsh0.sp8,0.000301309816749816,0.00515145507301908,0.00850669811393461,1000
sp15,28,species.catchability.fsh0.sp9,-0.00015346145407894,0.00213188397886315,0.00349010946246393,1000
sp15,29,species.catchability.fsh0.sp10,-5.09996853333151e-05,0.00225052809328925,0.00383325081614876,1000
sp15,30,species.catchability.fsh0.sp13,0.00022938541974709,0.00227791674812577,0.00436961859874717,1000
sp15,31,species.catchability.fsh0.sp14,-7.54038862171833e-06,0.00214066896725217,0.00356835744114904,1000
sp15,32,species.catchability.fsh0.sp15,0.000311513447004375,0.111073550622279,0.136989846783578,1000
sp15,33,species.catchability.fsh1.sp9,0.00020253305987497,0.00233340737890972,0.0043322367248433,1000
sp15,34,species.catchability.fsh1.sp10,4.26895882467847e-06,0.0023555201664571,0.00415887931187038,1000
sp15,35,species.catchability.fsh1.sp11,1.89414597390402e-05,0.00234789968538228,0.00411059107137455,1000
sp15,36,species.catchability.fsh1.sp12,-0.000202638550295094,0.00233758002864603,0.00392012852706992,1000
sp15,37,species.catchability.fsh2.sp0,0.000223494565040137,0.00225483585642231,0.00391988244330948,1000
sp15,38,species.catchability.fsh2.sp5,-0.000172616667007318,0.00217817415461256,0.00420423288064227,1000
sp15,39,species.catchability.fsh2.sp7,7.83158299539038e-05,0.00222470141989263,0.00391977098682573,1000
sp15,40,species.catchability.fsh2.sp8,3.56441168949211e-05,0.00234502572073615,0.00410741535599399,1000
sp15,41,species.catchability.fsh3.sp0,0.000139562935604342,0.00242599956570149,0.00427793661905639,1000
sp15,42,species.catchability.fsh3.sp1,9.62117842639097e-05,0.00237939086412703,0.00425993667792276,1000
sp15,43,species.catchability.fsh3.sp2,-0.000154425050057918,0.00236276075407606,0.00432237444565821,1000
sp15,44,species.catchability.fsh3.sp3,-8.34017858863189e-05,0.00222981790485848,0.00363655661604413,1000
sp15,45,species.catchability.fsh3.sp5,-2.63902164525071e-05,0.00230914821917887,0.0040121972758545,1000
sp15,46,species.catchability.fsh3.sp7,-0.000128364178857506,0.00235991616395032,0.00420669358352743,1000
sp15,47,species.catchability.fsh3.sp8,-8.50844954047157e-05,0.00228875593520164,0.00364510664350157,1000
sp15,48,species.catchability.fsh3.sp9,0.000407285181117004,0.00239430760707564,0.00465447022815688,1000
sp15,49,species.catchability.fsh3.sp10,-0.000133943620120459,0.00235639801606966,0.00424802602042747,1000
sp15,50,species.catchability.fsh3.sp11,0.00012311720164863,0.00224383473528207,0.00378037470162968,1000
sp15,51,species.catchability.fsh3.sp12,9.69792444144011e-05,0.00226689282206994,0.0038340806316732,1000
sp15,52,species.catchability.fsh3.sp13,0.000343337409331752,0.00225085112656548,0.00421312894148625,1000
sp15,53,species.catchability.fsh3.sp14,0.000159975629946707,0.00229641297233649,0.00395062990434312,1000
sp15,54,species.catchability.fsh3.sp15,0.00759345726766829,0.17547710098448,0.217590220187516,1000
sp15,55,species.length2weight.condition.factor.sp0,-0.000114951507647875,0.00592709546411019,0.0203863550025676,1000
sp15,56,species.length2weight.condition.factor.sp1,-5.95123959937116e-06,0.00233158610598361,0.00433486096247604,1000
sp15,57,species.length2weight.condition.factor.sp2,-7.40919252499268e-05,0.00357658984205419,0.00796657317612864,1000
sp15,58,species.length2weight.condition.factor.sp3,-0.000177924448217617,0.00510744205713799,0.00949612132871923,1000
sp15,59,species.length2weight.condition.factor.sp4,0.000110585387262734,0.00286620624612498,0.0048861457710403,1000
sp15,60,species.length2weight.condition.factor.sp5,-6.28903840116616e-05,0.0021479592593136,0.0035175688115676,1000
sp15,61,species.length2weight.condition.factor.sp6,-0.000123576789895639,0.00244156121118682,0.00447759670089544,1000
sp15,62,species.length2weight.condition.factor.sp7,3.82615781758051e-05,0.00220785033241648,0.00383907222441609,1000
sp15,63,species.length2weight.condition.factor.sp8,0.000272992439157151,0.00225297204112602,0.00388486682636003,1000
sp15,64,species.length2weight.condition.factor.sp9,-0.000134132884897098,0.00236332986347518,0.00398085131051539,1000
sp15,65,species.length2weight.condition.factor.sp10,2.40364499091961e-05,0.00235465252908813,0.00396827930715001,1000
sp15,66,species.length2weight.condition.factor.sp11,6.82602016718041e-06,0.00227590896079708,0.00393076486396957,1000
sp15,67,species.length2weight.condition.factor.sp12,-3.65285333407002e-05,0.0022692545674565,0.00395386480967319,1000
sp15,68,species.length2weight.condition.factor.sp13,-0.00020396610454638,0.00234182823573401,0.00403350827261049,1000
sp15,69,species.length2weight.condition.factor.sp14,0.000278276138459504,0.00288677636061341,0.0048778242370978,1000
sp15,70,species.length2weight.condition.factor.sp15,-0.0088176454697383,0.390298583944616,0.603443723901776,1000
sp15,71,species.k.sp0,0.0020657241711817,0.0155675240243307,0.0591928636960621,1000
sp15,72,species.k.sp1,-6.94876074767467e-05,0.00261554919070029,0.00466905154415468,1000
sp15,73,species.k.sp2,-0.000816580998065405,0.00800290749075452,0.0155175150581479,1000
sp15,74,species.k.sp3,0.000754522107212667,0.0130321267921468,0.0254526940714723,1000
sp15,75,species.k.sp4,0.000122671720501718,0.00474704568694138,0.00911056759882236,1000
sp15,76,species.k.sp5,0.000869469680805391,0.00411618333684459,0.011461164879847,1000
sp15,77,species.k.sp6,0.00015338952069059,0.00254043194984443,0.00451747187833246,1000
sp15,78,species.k.sp7,0.000119450610381502,0.00237597453591554,0.00453475981770633,1000
sp15,79,species.k.sp8,-0.0006703633379775,0.0116749480018935,0.0216183763667225,1000
sp15,80,species.k.sp9,-0.000446283187360232,0.00306239565200501,0.00560270471285702,1000
sp15,81,species.k.sp10,-0.000195542274877601,0.00287410761007788,0.00542571359422796,1000
sp15,82,species.k.sp11,-0.00021772726619324,0.00242946987714771,0.00398094352663609,1000
sp15,83,species.k.sp12,-5.83172943148815e-05,0.0024975638424701,0.00460465595494614,1000
sp15,84,species.k.sp13,-0.00048537347407154,0.00556570240627153,0.0116046762665184,1000
sp15,85,species.k.sp14,0.000234533072803509,0.00494073948357822,0.00892006294881619,1000
sp15,86,species.k.sp15,-0.0154909334654028,0.647860390342444,1.04088482869661,1000
sp15,87,species.l0.sp0,0.000325095246818245,0.00332371749829949,0.00641438913248846,1000
sp15,88,species.l0.sp1,-0.000223250007766755,0.00250111228379623,0.004812791556265,1000
sp15,89,species.l0.sp2,-0.000168898458877705,0.0062342739792112,0.0119227621174603,1000
sp15,90,species.l0.sp3,4.6592163034939e-05,0.00495588311688011,0.00987794200451697,1000
sp15,91,species.l0.sp4,0.00037143590458241,0.00473433164235645,0.00803232137014703,1000
sp15,92,species.l0.sp5,-0.000276824691397975,0.00222020133098909,0.00389653934426321,1000
sp15,93,species.l0.sp6,-4.21231570935311e-05,0.00245414914850056,0.00447978082965183,1000
sp15,94,species.l0.sp7,-0.000123393543434782,0.00219713687283342,0.00369306125827514,1000
sp15,95,species.l0.sp8,5.5192003035688e-05,0.00304507351529003,0.00569273844364177,1000
sp15,96,species.l0.sp9,-0.000332175041159739,0.00294255329842268,0.00567878354889377,1000
sp15,97,species.l0.sp10,4.99560420391153e-05,0.00365283678648999,0.00829637980150099,1000
sp15,98,species.l0.sp11,-0.000140964123304834,0.00235121901747281,0.00416895824831757,1000
sp15,99,species.l0.sp12,6.18126980577126e-05,0.00242177002905919,0.00481098430263465,1000
sp15,100,species.l0.sp13,-0.000102995667311815,0.00224850729292574,0.0042627250809246,1000
sp15,101,species.l0.sp14,-9.40268490352574e-05,0.00228503154839805,0.00437062449672649,1000
sp15,102,species.l0.sp15,-0.00851136161427645,0.156107166674716,0.300861493987062,1000
sp15,103,mortality.additional.larva.rate.sp0,0.000236381049065185,0.0125733981633518,0.0441090194833301,1000
sp15,104,mortality.additional.larva.rate.sp1,0.000132225911204385,0.00247951274490249,0.00465355748789948,1000
sp15,105,mortality.additional.larva.rate.sp2,0.00190046738905437,0.0197206548438381,0.0393684159969535,1000
sp15,106,mortality.additional.larva.rate.sp3,0.00167444220481479,0.0297683363477004,0.0583094889720198,1000
sp15,107,mortality.additional.larva.rate.sp4,-0.00012916390796089,0.00216884409478235,0.00350828592428776,1000
sp15,108,mortality.additional.larva.rate.sp5,0.000142198478690919,0.00223325649804694,0.00380846523693371,1000
sp15,109,mortality.additional.larva.rate.sp6,0.000118785368156038,0.00216602319424791,0.00363079728481275,1000
sp15,110,mortality.additional.larva.rate.sp9,-0.000368773727648818,0.00519919042635239,0.0101145627621696,1000
sp15,111,mortality.additional.larva.rate.sp10,0.000146386495757969,0.00505441795645265,0.00981165329666399,1000
sp15,112,mortality.additional.larva.rate.sp11,1.39941684445783e-05,0.00224095827789083,0.00376298532912903,1000
sp15,113,mortality.additional.larva.rate.sp12,0.000220158962135707,0.00306957179945089,0.00528298320545967,1000
sp15,114,mortality.additional.larva.rate.sp13,0.000136601276338653,0.00216555324732321,0.00362580034874898,1000
sp15,115,mortality.additional.larva.rate.sp14,-0.000106593353320925,0.00419061808053689,0.00758585905626868,1000
sp15,116,mortality.additional.larva.rate.sp15,0.015875318840401,1.02974126851313,1.44586552939546,1000
sp15,117,mortality.additional.larva.rate.mean.sp7,4.97158053303261e-05,0.00230786948159276,0.00408395848431472,1000
sp15,118,mortality.additional.larva.rate.mean.sp8,4.29005618940039e-05,0.00351680886983461,0.00655637435048445,1000
sp15,119,species.linf.sp0,-0.00422049979868272,0.0152910630990392,0.0545266436914994,1000
sp15,120,species.linf.sp1,-0.000243269476023898,0.00349579029252665,0.00598491516040733,1000
sp15,121,species.linf.sp2,0.000928982596478408,0.0238283967271346,0.0457190417770107,1000
sp15,122,species.linf.sp3,-0.00320417657154088,0.031903618832974,0.064841004555042,1000
sp15,123,species.linf.sp4,0.00026316544958001,0.00902084884726003,0.01701398070288,1000
sp15,124,species.linf.sp5,-3.39340240034177e-05,0.00960130231618579,0.0194338378511089,1000
sp15,125,species.linf.sp6,9.45494122565391e-05,0.00256148778773266,0.00480556158016358,1000
sp15,126,species.linf.sp7,0.000320715583886268,0.00245736398815329,0.00457400209342541,1000
sp15,127,species.linf.sp8,-0.00024182554639635,0.0304418618849473,0.0445391665250269,1000
sp15,128,species.linf.sp9,-0.000141783498069312,0.00535226010720458,0.00989403760345872,1000
sp15,129,species.linf.sp10,0.000463493659006556,0.00529703266342322,0.0110970285030946,1000
sp15,130,species.linf.sp11,-0.000220097954947897,0.00342968848845137,0.0067226697595457,1000
sp15,131,species.linf.sp12,-0.000320287318808742,0.00421117382910841,0.00758755108317948,1000
sp15,132,species.linf.sp13,0.000271130083780383,0.00329510198670343,0.00594427173334777,1000
sp15,133,species.linf.sp14,0.000236261756093578,0.0159924684541629,0.0269796628784377,1000
sp15,134,species.linf.sp15,0.0872761996161693,1.25341334597218,1.74842917884456,1000
sp15,135,species.accessibility2fish.sp16,-9.33620482897785e-05,0.00240117208925574,0.00412483919154408,1000
sp15,136,species.accessibility2fish.sp17,-5.30025071010818e-06,0.00225534160790122,0.00366326806870851,1000
sp15,137,species.accessibility2fish.sp18,-3.27166081183397e-05,0.00231449909173873,0.00393657678089879,1000
sp15,138,species.accessibility2fish.sp19,-0.000116582841698993,0.00238133927352038,0.00460123591766671,1000
sp15,139,species.accessibility2fish.sp20,-7.34522666902602e-05,0.00223123539214498,0.00361293513009215,1000
sp15,140,species.accessibility2fish.sp21,0.000113786035676804,0.0034933153634859,0.00699786650502906,1000
sp15,141,species.accessibility2fish.sp22,6.50266078968388e-05,0.00254810344713137,0.00472628042738521,1000
sp15,142,species.accessibility2fish.sp23,-3.78178596492442e-05,0.00296900047371139,0.00548298287086543,1000
sp15,143,species.accessibility2fish.sp24,-0.00149294982026747,0.0158724646788045,0.0240575729428912,1000
sp15,144,species.accessibility2fish.sp25,4.18592539562905e-05,0.00234004834149227,0.00406304556787814,1000
sp15,145,species.accessibility2fish.sp26,0.000232460633800506,0.00451634198250475,0.0107320404723427,1000
sp15,146,species.maturity.size.ratio.sp0,0.000301405785258486,0.0149977986905495,0.0522424262406506,1000
sp15,147,species.maturity.size.ratio.sp1,7.78566660952149e-05,0.00204506285036118,0.00366051898845699,1000
sp15,148,species.maturity.size.ratio.sp2,-7.79690685476184e-05,0.00250652459459728,0.00441859961096121,1000
sp15,149,species.maturity.size.ratio.sp3,0.00012410353147086,0.00270177807704414,0.00480296136528175,1000
sp15,150,species.maturity.size.ratio.sp4,-0.000314135169853875,0.00300566418135857,0.00516330566745173,1000
sp15,151,species.maturity.size.ratio.sp5,-0.000211088284925308,0.00238037450316507,0.00447454915917294,1000
sp15,152,species.maturity.size.ratio.sp6,3.50803963891557e-05,0.00229976626901937,0.00393576430908653,1000
sp15,153,species.maturity.size.ratio.sp7,-0.000246946789975236,0.00228364770096206,0.00387542351575432,1000
sp15,154,species.maturity.size.ratio.sp8,1.50288152478865e-06,0.00225420660623158,0.00399994472870883,1000
sp15,155,species.maturity.size.ratio.sp9,3.47116327821525e-05,0.00233970472752808,0.00376140092953065,1000
sp15,156,species.maturity.size.ratio.sp10,3.02663689609013e-05,0.00249585407491436,0.00454290265378038,1000
sp15,157,species.maturity.size.ratio.sp11,-0.000106639685093918,0.00335999911149204,0.00674837706068029,1000
sp15,158,species.maturity.size.ratio.sp12,-6.36495358257082e-05,0.00237137630416494,0.00404739378835688,1000
sp15,159,species.maturity.size.ratio.sp13,-0.000222360800636285,0.00893057870091554,0.0169688389677606,1000
sp15,160,species.maturity.size.ratio.sp14,-4.00067965738473e-05,0.00228568434814711,0.00393674828852994,1000
sp15,161,species.maturity.size.ratio.sp15,-0.0206835520511452,1.07357079800253,1.71993991809353,1000
sp15,162,predation.predPrey.sizeRatio.teta.sp0.stage1,-0.000359995046286326,0.00285366775701053,0.00555591919682518,1000
sp15,163,predation.predPrey.sizeRatio.alpha.sp0.stage1,0.000125481833020829,0.00567037669700327,0.0212733867729206,1000
sp15,164,predation.predPrey.sizeRatio.teta.sp1.stage1,4.37287718672899e-05,0.00241492921013996,0.00411620408737083,1000
sp15,165,predation.predPrey.sizeRatio.alpha.sp1.stage1,0.000411617588269604,0.00490958526300857,0.00844940731557352,1000
sp15,166,predation.predPrey.sizeRatio.teta.sp2.stage1,-6.74078896633313e-05,0.00294561246741749,0.00512433038897744,1000
sp15,167,predation.predPrey.sizeRatio.alpha.sp2.stage1,-0.00102011071291684,0.0113258773315573,0.0238919265811415,1000
sp15,168,predation.predPrey.sizeRatio.teta.sp3.stage1,-0.000173536102252136,0.002966324312685,0.00628036146221107,1000
sp15,169,predation.predPrey.sizeRatio.alpha.sp3.stage1,-0.000118782270141229,0.00804202599351374,0.0186431863996373,1000
sp15,170,predation.predPrey.sizeRatio.teta.sp4.stage1,0.000179543148286381,0.00255840967508932,0.00447267014652148,1000
sp15,171,predation.predPrey.sizeRatio.alpha.sp4.stage1,-0.000491473696930003,0.0051997483048044,0.0119675059683652,1000
sp15,172,predation.predPrey.sizeRatio.teta.sp5.stage1,-6.02538770601262e-05,0.00230105089399508,0.00430315594476169,1000
sp15,173,predation.predPrey.sizeRatio.teta.sp5.stage2,0.000412876167378359,0.00413656471263685,0.00852318656200962,1000
sp15,174,predation.predPrey.sizeRatio.alpha.sp5.stage1,7.41044822207549e-05,0.00226483494002787,0.00380522120172266,1000
sp15,175,predation.predPrey.sizeRatio.alpha.sp5.stage2,-7.49406930122984e-05,0.00280739268838924,0.00454528230402004,1000
sp15,176,predation.predPrey.sizeRatio.teta.sp6.stage1,0.00013582210014102,0.00241867613485942,0.00424088898708645,1000
sp15,177,predation.predPrey.sizeRatio.alpha.sp6.stage1,7.15902396188574e-05,0.00255055639040317,0.00458621455105975,1000
sp15,178,predation.predPrey.sizeRatio.teta.sp7.stage1,0.000149556765202197,0.00248973541343671,0.00467908377973973,1000
sp15,179,predation.predPrey.sizeRatio.alpha.sp7.stage1,8.04527340745984e-05,0.00302475921594645,0.00554721182687204,1000
sp15,180,predation.predPrey.sizeRatio.teta.sp8.stage1,-0.000265885493532995,0.00406110953040558,0.00649406599406432,1000
sp15,181,predation.predPrey.sizeRatio.alpha.sp8.stage1,-3.57993462048597e-06,0.02813758118724,0.0415914978436635,1000
sp15,182,predation.predPrey.sizeRatio.teta.sp9.stage1,0.000102651357604199,0.00243843560506442,0.00441446079088856,1000
sp15,183,predation.predPrey.sizeRatio.alpha.sp9.stage1,-0.000157569623651604,0.00404153698176779,0.0086154812277426,1000
sp15,184,predation.predPrey.sizeRatio.teta.sp10.stage1,2.51806562714267e-05,0.00222640458227438,0.00368745489985584,1000
sp15,185,predation.predPrey.sizeRatio.alpha.sp10.stage1,-0.000107644009547693,0.00264945697515308,0.00542485483167854,1000
sp15,186,predation.predPrey.sizeRatio.teta.sp11.stage1,-0.000151381658858056,0.00212214726522527,0.00371268909004975,1000
sp15,187,predation.predPrey.sizeRatio.alpha.sp11.stage1,-6.9256732848763e-07,0.0023000294970024,0.00415833992066588,1000
sp15,188,predation.predPrey.sizeRatio.teta.sp12.stage1,-2.5032683730928e-05,0.00247844143104222,0.00414150625414466,1000
sp15,189,predation.predPrey.sizeRatio.alpha.sp12.stage1,-0.00021377333659298,0.00365867258191249,0.00647627397248331,1000
sp15,190,predation.predPrey.sizeRatio.teta.sp13.stage1,5.09832888064964e-05,0.00232961043081314,0.00398582815642344,1000
sp15,191,predation.predPrey.sizeRatio.alpha.sp13.stage1,-0.000366845656096448,0.00331294752182214,0.00629875291121441,1000
sp15,192,predation.predPrey.sizeRatio.teta.sp14.stage1,0.000259108629224864,0.00266462468752532,0.00427640997021117,1000
sp15,193,predation.predPrey.sizeRatio.alpha.sp14.stage1,-0.000889815009130457,0.0202547722352243,0.0347619330501297,1000
sp15,194,predation.predPrey.sizeRatio.teta.sp15.stage1,5.39200148964479e-05,0.00375112183974256,0.00640365701631026,1000
sp15,195,predation.predPrey.sizeRatio.alpha.sp15.stage1,-0.000784117822089874,0.0369830849244289,0.0853599802702088,1000
