species,param_id,param_name,mu,mu_star,sigma,n_ee
sp0,1,mortality.additional.rate.sp0,-7.48297020925776e-06,0.00197553593386325,0.00503181131682871,1000
sp0,2,mortality.additional.rate.sp1,4.57710559071524e-05,0.00168937793514027,0.00396704743762358,1000
sp0,3,mortality.additional.rate.sp2,0.000275848102868774,0.00186426940781168,0.00322701821621088,1000
sp0,4,mortality.additional.rate.sp3,7.50978601863979e-05,0.00245643940172748,0.00403483846143286,1000
sp0,5,mortality.additional.rate.sp4,-0.000111399598441989,0.00155187973314653,0.00292041162631464,1000
sp0,6,mortality.additional.rate.sp5,0.000560194343187025,0.00901973762211654,0.0105927250958647,1000
sp0,7,mortality.additional.rate.sp6,0.000106091914291378,0.00175009343265005,0.00435608146820848,1000
sp0,8,mortality.additional.rate.sp7,-0.000288362330543991,0.00173145265384836,0.00605797595875915,1000
sp0,9,mortality.additional.rate.sp8,0.000158495492884383,0.00175050110566571,0.00504035395730411,1000
sp0,10,mortality.additional.rate.sp9,7.49474739295525e-05,0.00173020016116987,0.00534572048293322,1000
sp0,11,mortality.additional.rate.sp10,-4.13874158469237e-05,0.00159037673176868,0.00248249923164487,1000
sp0,12,mortality.additional.rate.sp11,-0.000296822627638581,0.00168150377692721,0.00384723321994225,1000
sp0,13,mortality.additional.rate.sp12,0.000136675124915979,0.00153129963019862,0.00218869914553932,1000
sp0,14,mortality.additional.rate.sp13,-0.000180791540786052,0.00187554940191265,0.00584752974820416,1000
sp0,15,mortality.additional.rate.sp14,-4.71249687209576e-05,0.0017307922500195,0.00289297446093815,1000
sp0,16,mortality.additional.rate.sp15,-0.000158723243526817,0.00158198471269782,0.00303139420575616,1000
sp0,17,fisheries.rate.base.fsh0,-4.32212019706e-05,0.0111914489883738,0.0136659379151475,1000
sp0,18,fisheries.rate.base.fsh1,-0.000233678508687125,0.00200125730155672,0.00530080413989643,1000
sp0,19,fisheries.rate.base.fsh2,1.0932810390326e-05,0.0145541213442781,0.0155479961749851,1000
sp0,20,fisheries.rate.base.fsh3,-0.000122929423973237,0.00198510642012239,0.00313394410732225,1000
sp0,21,species.catchability.fsh0.sp0,0.000537333078601151,0.0172044060742168,0.0195232883543561,1000
sp0,22,species.catchability.fsh0.sp1,-0.000170985738251023,0.00171916777045006,0.00324709358015895,1000
sp0,23,species.catchability.fsh0.sp2,7.69599840733792e-06,0.00154020453565093,0.00227472914612036,1000
sp0,24,species.catchability.fsh0.sp3,-4.21872904737726e-05,0.00353259351578709,0.00591117625591137,1000
sp0,25,species.catchability.fsh0.sp5,0.000118344448260728,0.00481554843387537,0.00895985805118541,1000
sp0,26,species.catchability.fsh0.sp7,-0.000128417691993264,0.00150414573410668,0.00252757760645772,1000
sp0,27,species.catchability.fsh0.sp8,0.000221625624084452,0.00168362229500114,0.00313343847806978,1000
sp0,28,species.catchability.fsh0.sp9,-8.67573371441246e-05,0.00157999529520498,0.0030092179752473,1000
sp0,29,species.catchability.fsh0.sp10,0.000123398023302299,0.00203571642164534,0.00565553816901553,1000
sp0,30,species.catchability.fsh0.sp13,5.20829946697545e-05,0.00168634587371644,0.00298916312899211,1000
sp0,31,species.catchability.fsh0.sp14,-5.6244198818036e-05,0.00178479631539645,0.00548063735594985,1000
sp0,32,species.catchability.fsh0.sp15,-2.46014358457363e-05,0.00150443206566109,0.00278197655167752,1000
sp0,33,species.catchability.fsh1.sp9,5.37203962075737e-05,0.00161554863029179,0.00252367946467242,1000
sp0,34,species.catchability.fsh1.sp10,-0.000112258262070658,0.00183742766518782,0.00309511556162922,1000
sp0,35,species.catchability.fsh1.sp11,4.77722932660839e-05,0.00169027214316241,0.00373385258207797,1000
sp0,36,species.catchability.fsh1.sp12,7.04254509068213e-05,0.00157522400915285,0.00248690268686998,1000
sp0,37,species.catchability.fsh2.sp0,0.000334277326453431,0.0143677204167771,0.0153986816805205,1000
sp0,38,species.catchability.fsh2.sp5,3.94622086202546e-05,0.0016654926429243,0.00321022402719574,1000
sp0,39,species.catchability.fsh2.sp7,0.000171461100554059,0.00160105552936947,0.00473225317778125,1000
sp0,40,species.catchability.fsh2.sp8,5.95008703828934e-05,0.00153778222146995,0.00247210558028951,1000
sp0,41,species.catchability.fsh3.sp0,-3.8390538835284e-05,0.00249654523255745,0.00372648602020978,1000
sp0,42,species.catchability.fsh3.sp1,6.73857167997275e-05,0.0016056820894263,0.00235105158686316,1000
sp0,43,species.catchability.fsh3.sp2,9.24604413164982e-05,0.00174539379349772,0.00451611755125162,1000
sp0,44,species.catchability.fsh3.sp3,-8.9218898975903e-05,0.00161722185812937,0.00239354064140862,1000
sp0,45,species.catchability.fsh3.sp5,-0.000135352814921443,0.00172403229864923,0.00251691867081625,1000
sp0,46,species.catchability.fsh3.sp7,2.81239630004941e-05,0.00159380099056147,0.00261160710048047,1000
sp0,47,species.catchability.fsh3.sp8,7.45894044803095e-05,0.00163108446183291,0.00270934744234485,1000
sp0,48,species.catchability.fsh3.sp9,0.000110915696246457,0.0017383321664871,0.00443085937346589,1000
sp0,49,species.catchability.fsh3.sp10,2.77286140143986e-05,0.00164357666908074,0.0028672471075094,1000
sp0,50,species.catchability.fsh3.sp11,6.10406899578954e-05,0.00156427062627168,0.00426544232295541,1000
sp0,51,species.catchability.fsh3.sp12,-3.77126503963967e-05,0.00162629059857969,0.00363842198433319,1000
sp0,52,species.catchability.fsh3.sp13,0.000102775511513937,0.00148986384776324,0.00243887426234907,1000
sp0,53,species.catchability.fsh3.sp14,9.5348771953847e-05,0.00151847225577278,0.00230101546105361,1000
sp0,54,species.catchability.fsh3.sp15,-0.000176793824132541,0.00166737611511921,0.00339616055912429,1000
sp0,55,species.length2weight.condition.factor.sp0,-0.00180629821052276,0.0370470720460507,0.041841513939714,1000
sp0,56,species.length2weight.condition.factor.sp1,4.37676292458958e-05,0.00163032964210372,0.00369805718352099,1000
sp0,57,species.length2weight.condition.factor.sp2,-0.000126166937776512,0.00213737403746825,0.00461862165742883,1000
sp0,58,species.length2weight.condition.factor.sp3,-7.82458094822779e-05,0.00246600419819422,0.00440153126035638,1000
sp0,59,species.length2weight.condition.factor.sp4,-9.35954270464001e-06,0.00176421027580921,0.00411870327714891,1000
sp0,60,species.length2weight.condition.factor.sp5,8.87311090544255e-05,0.00152938705392627,0.00232671028320111,1000
sp0,61,species.length2weight.condition.factor.sp6,1.3240523265369e-05,0.00159402435849934,0.00253760931188659,1000
sp0,62,species.length2weight.condition.factor.sp7,7.77911011363478e-05,0.00155751332252933,0.00221666516647047,1000
sp0,63,species.length2weight.condition.factor.sp8,-0.000149747206077177,0.00162909289730569,0.00284345650887132,1000
sp0,64,species.length2weight.condition.factor.sp9,-4.80296308977509e-05,0.00174054099317538,0.00264199692707894,1000
sp0,65,species.length2weight.condition.factor.sp10,9.3022116571222e-05,0.0017110058198486,0.00272590207233048,1000
sp0,66,species.length2weight.condition.factor.sp11,7.37823105095923e-05,0.00176255641306773,0.00561200327193172,1000
sp0,67,species.length2weight.condition.factor.sp12,-2.93190934698718e-05,0.00166761282766765,0.00312841718795246,1000
sp0,68,species.length2weight.condition.factor.sp13,0.000192165570989322,0.00175682596370449,0.00439218262114277,1000
sp0,69,species.length2weight.condition.factor.sp14,-8.03051394876253e-06,0.00162337944919512,0.0027213852949928,1000
sp0,70,species.length2weight.condition.factor.sp15,9.36224678424619e-06,0.00162846940985933,0.00271950975882454,1000
sp0,71,species.k.sp0,-0.000263392953009231,0.0398550108988605,0.0487908477290006,1000
sp0,72,species.k.sp1,-6.48212758265124e-05,0.00181781113119359,0.00421475503945026,1000
sp0,73,species.k.sp2,-0.000273911573602703,0.00313988039145891,0.00512947018415595,1000
sp0,74,species.k.sp3,0.000298284837846045,0.00476345025681928,0.00892714729606655,1000
sp0,75,species.k.sp4,2.80043862991752e-06,0.00208332455500515,0.00381023963953692,1000
sp0,76,species.k.sp5,0.000321586513950997,0.00683560979881246,0.00870788410473182,1000
sp0,77,species.k.sp6,-2.01993570571433e-05,0.00168991299050778,0.00250489752437901,1000
sp0,78,species.k.sp7,-9.74078248738149e-05,0.00156267226872973,0.00254724919512799,1000
sp0,79,species.k.sp8,0.000185928555767281,0.0019389294154157,0.00385868595602651,1000
sp0,80,species.k.sp9,-9.89748698289958e-05,0.00289946251990187,0.00578048974783412,1000
sp0,81,species.k.sp10,-8.97057912737796e-05,0.00217731231667645,0.00461793881074373,1000
sp0,82,species.k.sp11,0.000151870257302464,0.00173612371769499,0.00373972092235636,1000
sp0,83,species.k.sp12,-0.00033279516937258,0.00187415625149496,0.00524910282950719,1000
sp0,84,species.k.sp13,-5.4527938120454e-05,0.00266402226947098,0.00459147104321194,1000
sp0,85,species.k.sp14,-1.51272506879435e-05,0.00174809888990492,0.00254359773609342,1000
sp0,86,species.k.sp15,3.64362759514571e-05,0.00162644480577964,0.0023789186687257,1000
sp0,87,species.l0.sp0,0.0013131586128636,0.0286479218506096,0.0394971553263825,1000
sp0,88,species.l0.sp1,-0.00013280763181426,0.0016833880123447,0.00241811482705038,1000
sp0,89,species.l0.sp2,-0.000228524565314956,0.00318653536221167,0.00665536937389264,1000
sp0,90,species.l0.sp3,4.29325609677192e-05,0.00224648143885487,0.00351529179079142,1000
sp0,91,species.l0.sp4,3.19797417870859e-05,0.00166769651008107,0.00326533922843376,1000
sp0,92,species.l0.sp5,1.00442328129804e-06,0.00167731385575531,0.00294477793988089,1000
sp0,93,species.l0.sp6,-5.4574963179238e-05,0.00167451256602695,0.00315724349163631,1000
sp0,94,species.l0.sp7,4.04895887549252e-05,0.00185877478023429,0.00578873330411456,1000
sp0,95,species.l0.sp8,2.89211235523759e-05,0.00167050738069853,0.00297618769623947,1000
sp0,96,species.l0.sp9,-0.000120238931799846,0.00228719739621605,0.00349391198784595,1000
sp0,97,species.l0.sp10,5.61016732189775e-05,0.00190733060397651,0.00307694829625198,1000
sp0,98,species.l0.sp11,-0.000140128503357375,0.00159435244585862,0.00224907444492286,1000
sp0,99,species.l0.sp12,-4.99406558212006e-05,0.00157235358829645,0.00239604570721192,1000
sp0,100,species.l0.sp13,7.43650141233737e-06,0.00159670580907718,0.00323147851538002,1000
sp0,101,species.l0.sp14,-0.000165297624905419,0.00179647873227331,0.00447875838515339,1000
sp0,102,species.l0.sp15,5.13482612363252e-05,0.00188931072683646,0.00503116233453345,1000
sp0,103,mortality.additional.larva.rate.sp0,-0.000981348404611937,0.124055066755605,0.135859305264324,1000
sp0,104,mortality.additional.larva.rate.sp1,0.000213118021799209,0.00193711814184332,0.00529806461733368,1000
sp0,105,mortality.additional.larva.rate.sp2,-0.000313196173473202,0.00945185561633362,0.0129019659468391,1000
sp0,106,mortality.additional.larva.rate.sp3,-3.27575694689042e-05,0.00896555495819619,0.0134549359075457,1000
sp0,107,mortality.additional.larva.rate.sp4,-0.000159654418641875,0.00169356584253877,0.00457137659071727,1000
sp0,108,mortality.additional.larva.rate.sp5,-4.37508845363426e-05,0.00156828333174959,0.00292158557749764,1000
sp0,109,mortality.additional.larva.rate.sp6,-8.84635683911349e-05,0.00149409292958232,0.00227483157604017,1000
sp0,110,mortality.additional.larva.rate.sp9,0.000480276194733193,0.0046792934093293,0.00884418243634693,1000
sp0,111,mortality.additional.larva.rate.sp10,0.000127993772959626,0.0023583568870785,0.00407521966951652,1000
sp0,112,mortality.additional.larva.rate.sp11,9.18458940422432e-05,0.00161697806735272,0.0027266782360319,1000
sp0,113,mortality.additional.larva.rate.sp12,-0.000193789698821306,0.00172132638744738,0.00427892144075391,1000
sp0,114,mortality.additional.larva.rate.sp13,-6.31229443800993e-05,0.00163459483855205,0.0024849009777527,1000
sp0,115,mortality.additional.larva.rate.sp14,3.50798256104223e-05,0.00154084522720689,0.00219586532836611,1000
sp0,116,mortality.additional.larva.rate.sp15,-0.000128648382500375,0.0016862359756642,0.00268620205729786,1000
sp0,117,mortality.additional.larva.rate.mean.sp7,6.84734997526885e-05,0.00170289300565585,0.00298990364036691,1000
sp0,118,mortality.additional.larva.rate.mean.sp8,0.000175756958544156,0.0019095853644126,0.00463552532527818,1000
sp0,119,species.linf.sp0,0.00126351667879465,0.104279085285075,0.118961877544855,1000
sp0,120,species.linf.sp1,-7.64050139105239e-06,0.00252126230246037,0.00441864378892985,1000
sp0,121,species.linf.sp2,-0.000280874785012665,0.00841693976858788,0.0118883159049243,1000
sp0,122,species.linf.sp3,0.00148912101121925,0.0192769374809101,0.0353804842840635,1000
sp0,123,species.linf.sp4,-0.000339505174015147,0.00442413272610296,0.0075940225822698,1000
sp0,124,species.linf.sp5,-0.000209165164380794,0.0198299304894555,0.0248700274944908,1000
sp0,125,species.linf.sp6,0.000113087944182332,0.00221126760976685,0.00410275010350069,1000
sp0,126,species.linf.sp7,-5.93264077900323e-05,0.00180515042750392,0.00262107077217213,1000
sp0,127,species.linf.sp8,2.92059542605713e-06,0.00299608421022574,0.00411286999074568,1000
sp0,128,species.linf.sp9,-0.000136646731401085,0.00802485890285626,0.0161804356527547,1000
sp0,129,species.linf.sp10,-0.000142683845019581,0.00472046833632501,0.0112459042338033,1000
sp0,130,species.linf.sp11,-8.75615145174102e-05,0.00193694103459936,0.00274719353804175,1000
sp0,131,species.linf.sp12,-7.65684218834102e-05,0.00238349829892987,0.00424162138961072,1000
sp0,132,species.linf.sp13,5.86438859500191e-05,0.00213894439204324,0.00357693720660106,1000
sp0,133,species.linf.sp14,-0.000178545442087787,0.00208674634416575,0.00483610212153803,1000
sp0,134,species.linf.sp15,0.000120134507409842,0.0017306397362045,0.00319589613726655,1000
sp0,135,species.accessibility2fish.sp16,0.000122627565265257,0.00164387068615886,0.002663993013884,1000
sp0,136,species.accessibility2fish.sp17,-0.000102155129921756,0.00160637984592565,0.00304808793419696,1000
sp0,137,species.accessibility2fish.sp18,0.000132350766752981,0.00164913301443334,0.00439830656852685,1000
sp0,138,species.accessibility2fish.sp19,1.74090168743792e-05,0.00156130741824224,0.00243024707414387,1000
sp0,139,species.accessibility2fish.sp20,-0.00015638060154324,0.0018148061067406,0.00421933487943445,1000
sp0,140,species.accessibility2fish.sp21,-3.6426830365425e-05,0.00200364301732012,0.00428829761695256,1000
sp0,141,species.accessibility2fish.sp22,0.000111508760952887,0.00186993199222321,0.00391402633339695,1000
sp0,142,species.accessibility2fish.sp23,-5.37384726628133e-05,0.00192665007551129,0.00286840556850415,1000
sp0,143,species.accessibility2fish.sp24,0.000136872745421694,0.00232938120156896,0.00334931846955303,1000
sp0,144,species.accessibility2fish.sp25,-8.32455708560056e-06,0.00161782560874364,0.0028241758927174,1000
sp0,145,species.accessibility2fish.sp26,-9.19620742823412e-05,0.00197387777757759,0.00392762637779753,1000
sp0,146,species.maturity.size.ratio.sp0,-0.000393305111449749,0.0952795532080786,0.112139497550173,1000
sp0,147,species.maturity.size.ratio.sp1,1.26455849341285e-05,0.00163460234494925,0.00251444713592435,1000
sp0,148,species.maturity.size.ratio.sp2,0.000113983572064646,0.00176934720595129,0.00431527093186136,1000
sp0,149,species.maturity.size.ratio.sp3,-0.000202603727248688,0.0017815325146403,0.0034495367822361,1000
sp0,150,species.maturity.size.ratio.sp4,8.63398390413339e-05,0.00170195254761421,0.00289669038167435,1000
sp0,151,species.maturity.size.ratio.sp5,-3.40980673851294e-05,0.00172061737212063,0.00374905662313535,1000
sp0,152,species.maturity.size.ratio.sp6,-6.11721755903183e-06,0.00171436177706645,0.00313354961705278,1000
sp0,153,species.maturity.size.ratio.sp7,4.60418191371231e-05,0.00168099535672675,0.00284301170454309,1000
sp0,154,species.maturity.size.ratio.sp8,2.78551784210473e-06,0.00159617151121735,0.00276920066652928,1000
sp0,155,species.maturity.size.ratio.sp9,8.72482773760999e-05,0.00163605285427026,0.00297444463847252,1000
sp0,156,species.maturity.size.ratio.sp10,-6.4945031929574e-05,0.0018077060081164,0.00383454099889438,1000
sp0,157,species.maturity.size.ratio.sp11,0.000211427812598844,0.00206721553903898,0.00327974334260828,1000
sp0,158,species.maturity.size.ratio.sp12,0.000134693626658812,0.00165435145840928,0.00297931509231368,1000
sp0,159,species.maturity.size.ratio.sp13,1.17290274516302e-05,0.00356642926113476,0.00526438838199257,1000
sp0,160,species.maturity.size.ratio.sp14,0.000106803962919143,0.00158720405916148,0.00281457110006984,1000
sp0,161,species.maturity.size.ratio.sp15,5.06410793302145e-05,0.00166764421306177,0.00362861600568475,1000
sp0,162,predation.predPrey.sizeRatio.teta.sp0.stage1,-0.000148550371019758,0.00275076067982514,0.00469111389286813,1000
sp0,163,predation.predPrey.sizeRatio.alpha.sp0.stage1,0.00109517772511265,0.0137924107007249,0.0221007956100616,1000
sp0,164,predation.predPrey.sizeRatio.teta.sp1.stage1,-0.000104940183193243,0.001661588192224,0.00287596198411476,1000
sp0,165,predation.predPrey.sizeRatio.alpha.sp1.stage1,3.34809765454283e-05,0.00196610003505888,0.00376367886100732,1000
sp0,166,predation.predPrey.sizeRatio.teta.sp2.stage1,1.72791382988733e-05,0.00169220273111517,0.00301133850251778,1000
sp0,167,predation.predPrey.sizeRatio.alpha.sp2.stage1,-0.000365722203332243,0.00376780525898047,0.00679365663935781,1000
sp0,168,predation.predPrey.sizeRatio.teta.sp3.stage1,3.33017938964616e-05,0.00204617992453618,0.0032615804174759,1000
sp0,169,predation.predPrey.sizeRatio.alpha.sp3.stage1,-8.80006222870236e-05,0.0210477240272025,0.0391166354141144,1000
sp0,170,predation.predPrey.sizeRatio.teta.sp4.stage1,2.92858217652253e-05,0.0018499078934142,0.00562813757292866,1000
sp0,171,predation.predPrey.sizeRatio.alpha.sp4.stage1,-0.000203956810193083,0.00299651680758825,0.00649674995836808,1000
sp0,172,predation.predPrey.sizeRatio.teta.sp5.stage1,6.75330023197723e-05,0.00161363960117813,0.00286808595778907,1000
sp0,173,predation.predPrey.sizeRatio.teta.sp5.stage2,-0.000220787048120105,0.013792546507671,0.0197663126952937,1000
sp0,174,predation.predPrey.sizeRatio.alpha.sp5.stage1,-0.000184830586490736,0.00163833720071393,0.00356097775728292,1000
sp0,175,predation.predPrey.sizeRatio.alpha.sp5.stage2,-0.000776774588951102,0.0147160937855554,0.0181747878016762,1000
sp0,176,predation.predPrey.sizeRatio.teta.sp6.stage1,-0.000169534303516673,0.00174927311692585,0.00308455926001822,1000
sp0,177,predation.predPrey.sizeRatio.alpha.sp6.stage1,-1.02358240093713e-05,0.00184629818228463,0.00386084416337779,1000
sp0,178,predation.predPrey.sizeRatio.teta.sp7.stage1,0.000114886964319396,0.00168697768159884,0.00247754709760417,1000
sp0,179,predation.predPrey.sizeRatio.alpha.sp7.stage1,-8.21091848322916e-06,0.00188150846953834,0.00327943164977692,1000
sp0,180,predation.predPrey.sizeRatio.teta.sp8.stage1,3.22069166262169e-05,0.0017965702392671,0.00508714482913064,1000
sp0,181,predation.predPrey.sizeRatio.alpha.sp8.stage1,0.000122177837305684,0.00279754188631697,0.00470146221458485,1000
sp0,182,predation.predPrey.sizeRatio.teta.sp9.stage1,-5.39618970718525e-05,0.0018441818420179,0.00434956689201142,1000
sp0,183,predation.predPrey.sizeRatio.alpha.sp9.stage1,0.000478761443013426,0.0102431173586912,0.0216666543801337,1000
sp0,184,predation.predPrey.sizeRatio.teta.sp10.stage1,9.52512585031063e-05,0.00169762397779759,0.00341238692429035,1000
sp0,185,predation.predPrey.sizeRatio.alpha.sp10.stage1,-0.00021153570193892,0.00436954334837594,0.0104984192688853,1000
sp0,186,predation.predPrey.sizeRatio.teta.sp11.stage1,0.000134354815068499,0.00175004625596854,0.0045188158502602,1000
sp0,187,predation.predPrey.sizeRatio.alpha.sp11.stage1,-5.45864700063845e-05,0.00159871243358545,0.00251785660842478,1000
sp0,188,predation.predPrey.sizeRatio.teta.sp12.stage1,-7.18550291987013e-05,0.00183869571689706,0.00414731442020547,1000
sp0,189,predation.predPrey.sizeRatio.alpha.sp12.stage1,7.2412034166124e-05,0.00193491479420081,0.00353620163591694,1000
sp0,190,predation.predPrey.sizeRatio.teta.sp13.stage1,-2.09628802652169e-05,0.00159658058219928,0.00277216935296967,1000
sp0,191,predation.predPrey.sizeRatio.alpha.sp13.stage1,-0.000189937040767662,0.00186394825928294,0.00298858490679498,1000
sp0,192,predation.predPrey.sizeRatio.teta.sp14.stage1,-1.75490292774094e-05,0.0016885634215978,0.00281880850976521,1000
sp0,193,predation.predPrey.sizeRatio.alpha.sp14.stage1,6.7884886161411e-05,0.00182455224360813,0.00332371167326943,1000
sp0,194,predation.predPrey.sizeRatio.teta.sp15.stage1,-7.07237117594672e-05,0.00148285992120937,0.00241759018747845,1000
sp0,195,predation.predPrey.sizeRatio.alpha.sp15.stage1,-2.18342141029254e-06,0.00178820597494919,0.00405790575490232,1000
sp1,1,mortality.additional.rate.sp0,-0.00016254281427005,0.00578553692092394,0.00773651575735383,1000
sp1,2,mortality.additional.rate.sp1,-0.000146851991575422,0.00574540113647206,0.00775262270451178,1000
sp1,3,mortality.additional.rate.sp2,0.000158808790695063,0.00562838740732704,0.0072807334434016,1000
sp1,4,mortality.additional.rate.sp3,0.000286440766431379,0.00725079425639866,0.00968348470649971,1000
sp1,5,mortality.additional.rate.sp4,-0.000116603768941932,0.0057957352025089,0.00772646531208837,1000
sp1,6,mortality.additional.rate.sp5,0.000205076726030884,0.0066947718874749,0.00891757985369316,1000
sp1,7,mortality.additional.rate.sp6,-0.000104097743208605,0.00562318494536647,0.00734995132936041,1000
sp1,8,mortality.additional.rate.sp7,-0.000531300665345298,0.00605338056294115,0.00791503660350567,1000
sp1,9,mortality.additional.rate.sp8,-0.000199567689844493,0.00579486215176897,0.00767543731683393,1000
sp1,10,mortality.additional.rate.sp9,3.75965132602507e-05,0.00602525451493271,0.00789169094949086,1000
sp1,11,mortality.additional.rate.sp10,0.0001006750188097,0.00587246452827987,0.00783857700473728,1000
sp1,12,mortality.additional.rate.sp11,0.000118662237834882,0.00588365239730208,0.00773055331109837,1000
sp1,13,mortality.additional.rate.sp12,0.000114482976482445,0.00588823244339871,0.00778229395705724,1000
sp1,14,mortality.additional.rate.sp13,-5.52042687626058e-05,0.00589160255221453,0.00768157721248884,1000
sp1,15,mortality.additional.rate.sp14,0.000151624574162359,0.00572963441530768,0.00745800486168208,1000
sp1,16,mortality.additional.rate.sp15,0.000198507091536417,0.00580293397296266,0.0074864333307849,1000
sp1,17,fisheries.rate.base.fsh0,0.000585855756477428,0.0140874255594678,0.0176495067534265,1000
sp1,18,fisheries.rate.base.fsh1,0.000115336814087157,0.00621702718735403,0.00821873566905744,1000
sp1,19,fisheries.rate.base.fsh2,-8.79322727507316e-05,0.00570379287777246,0.00755136241850005,1000
sp1,20,fisheries.rate.base.fsh3,-6.50258386022736e-05,0.00606908262427005,0.00794624170186585,1000
sp1,21,species.catchability.fsh0.sp0,5.16240868974138e-05,0.0060537446717549,0.00808888299226669,1000
sp1,22,species.catchability.fsh0.sp1,-0.000387805602511022,0.00806608200846042,0.0103663260278594,1000
sp1,23,species.catchability.fsh0.sp2,8.47790148372731e-06,0.00585327700197853,0.00782064159307721,1000
sp1,24,species.catchability.fsh0.sp3,0.00032842874138441,0.00980783741371881,0.0135475009763705,1000
sp1,25,species.catchability.fsh0.sp5,-1.23596572448765e-05,0.00577005938391518,0.00744955878730819,1000
sp1,26,species.catchability.fsh0.sp7,-0.000135178405183452,0.00571780572953105,0.0075493273574283,1000
sp1,27,species.catchability.fsh0.sp8,0.00032221405769781,0.00597910202706249,0.00792123024789509,1000
sp1,28,species.catchability.fsh0.sp9,-0.000382984361772004,0.00591552923430895,0.00792163634810657,1000
sp1,29,species.catchability.fsh0.sp10,-6.64049901936141e-05,0.00587831363200243,0.00782363355939037,1000
sp1,30,species.catchability.fsh0.sp13,5.58576774813656e-05,0.00569139255092846,0.00768649610339246,1000
sp1,31,species.catchability.fsh0.sp14,9.67948175257909e-05,0.00585534001489894,0.00778299660862815,1000
sp1,32,species.catchability.fsh0.sp15,-0.0001743117684247,0.00576244097240573,0.00766107031016597,1000
sp1,33,species.catchability.fsh1.sp9,-5.60522157634798e-05,0.00572016320156911,0.00745085637940699,1000
sp1,34,species.catchability.fsh1.sp10,-0.000160005991385627,0.00599069638809926,0.00787208171753457,1000
sp1,35,species.catchability.fsh1.sp11,-0.000151401241311809,0.00564007668183161,0.00758805692580758,1000
sp1,36,species.catchability.fsh1.sp12,-0.000134416093657588,0.0056020501742581,0.00749195853810849,1000
sp1,37,species.catchability.fsh2.sp0,0.000357333395742512,0.00580309682069395,0.00784156913564478,1000
sp1,38,species.catchability.fsh2.sp5,0.000206713188018437,0.00556295662840965,0.00729132670134732,1000
sp1,39,species.catchability.fsh2.sp7,-0.000154266743369537,0.00578339440876137,0.007589050748565,1000
sp1,40,species.catchability.fsh2.sp8,-3.57086038234277e-05,0.00563038714380242,0.00754895986507763,1000
sp1,41,species.catchability.fsh3.sp0,-0.000124799215865356,0.0056462080472901,0.00745820932111307,1000
sp1,42,species.catchability.fsh3.sp1,4.06496677502631e-05,0.00564270256419766,0.00744157825294737,1000
sp1,43,species.catchability.fsh3.sp2,-0.000479740029951838,0.00567974362207828,0.00761680021040994,1000
sp1,44,species.catchability.fsh3.sp3,-9.24789461744622e-05,0.00592212287125136,0.00781058169172993,1000
sp1,45,species.catchability.fsh3.sp5,0.000435517521755332,0.00610086669449776,0.008028237384113,1000
sp1,46,species.catchability.fsh3.sp7,-7.11537705669228e-05,0.00617785895954597,0.00828798764522477,1000
sp1,47,species.catchability.fsh3.sp8,6.51586685801622e-05,0.00565467755404336,0.00740895078744428,1000
sp1,48,species.catchability.fsh3.sp9,0.000287497064002282,0.00549381958219028,0.00730135523605047,1000
sp1,49,species.catchability.fsh3.sp10,-0.000691909714592819,0.00587932730729755,0.00794421614999803,1000
sp1,50,species.catchability.fsh3.sp11,-1.09553002583345e-05,0.00590754736510431,0.00778241651934311,1000
sp1,51,species.catchability.fsh3.sp12,0.000178756760442192,0.00576586744601789,0.00752274955980343,1000
sp1,52,species.catchability.fsh3.sp13,-0.000102958146427673,0.00567973591914851,0.00752205447341524,1000
sp1,53,species.catchability.fsh3.sp14,0.000353304703430109,0.00570303612949084,0.00756604844821752,1000
sp1,54,species.catchability.fsh3.sp15,-0.000242342418053924,0.00570245361027179,0.00761899604596926,1000
sp1,55,species.length2weight.condition.factor.sp0,-0.000138240752555289,0.00602355201886046,0.00795159898445113,1000
sp1,56,species.length2weight.condition.factor.sp1,-0.000345413066535546,0.00619336488208986,0.00825357747415052,1000
sp1,57,species.length2weight.condition.factor.sp2,-2.64002820239802e-05,0.00590616372993308,0.0077604024237296,1000
sp1,58,species.length2weight.condition.factor.sp3,-0.000250633181494195,0.00676834693318592,0.00949326297471205,1000
sp1,59,species.length2weight.condition.factor.sp4,-0.000183988896746035,0.00585620969530323,0.00769214390943119,1000
sp1,60,species.length2weight.condition.factor.sp5,0.00046295207806509,0.00604548661837157,0.00781433148964382,1000
sp1,61,species.length2weight.condition.factor.sp6,0.000181435357325944,0.00571768642689835,0.00774227061391599,1000
sp1,62,species.length2weight.condition.factor.sp7,0.000383485588654347,0.00586550170478463,0.00770490193947269,1000
sp1,63,species.length2weight.condition.factor.sp8,-3.78190471684203e-05,0.00589612156559651,0.00780683589613306,1000
sp1,64,species.length2weight.condition.factor.sp9,-0.000513659906453489,0.0058495228117498,0.00772236375943502,1000
sp1,65,species.length2weight.condition.factor.sp10,8.01689359081087e-05,0.00603148667026428,0.00805089342413123,1000
sp1,66,species.length2weight.condition.factor.sp11,-0.000380343587139765,0.00576636639277877,0.00757261964335078,1000
sp1,67,species.length2weight.condition.factor.sp12,-0.000190587461949341,0.00590020448798878,0.00792218824152105,1000
sp1,68,species.length2weight.condition.factor.sp13,2.82582564305581e-05,0.00579008392196349,0.00768417098583473,1000
sp1,69,species.length2weight.condition.factor.sp14,-5.23811888395628e-06,0.00608600467515284,0.00800625252169464,1000
sp1,70,species.length2weight.condition.factor.sp15,-0.000215504602232732,0.00555215467364782,0.00722612016821182,1000
sp1,71,species.k.sp0,-0.000167620377279623,0.00677021560680749,0.00975746797058908,1000
sp1,72,species.k.sp1,0.00243332963549156,0.0658157749762501,0.0740592492728619,1000
sp1,73,species.k.sp2,-0.000135067103075887,0.0061189854754651,0.0081156137074547,1000
sp1,74,species.k.sp3,8.49873922807198e-05,0.0113739964129157,0.0182206704051391,1000
sp1,75,species.k.sp4,-0.000404280411134214,0.00659595071207717,0.00848283584369231,1000
sp1,76,species.k.sp5,5.83947588838179e-05,0.00688841946395788,0.00877477677243531,1000
sp1,77,species.k.sp6,-0.000537107636519574,0.00639132442199525,0.00852713407337956,1000
sp1,78,species.k.sp7,7.55360804112776e-05,0.00572009576548937,0.00760581221188763,1000
sp1,79,species.k.sp8,2.36839139608725e-05,0.00639632754754194,0.00862940572689871,1000
sp1,80,species.k.sp9,0.000405348439953196,0.00645469489764366,0.00831119757950202,1000
sp1,81,species.k.sp10,-0.000291685420827131,0.00582323573145492,0.00787180489974387,1000
sp1,82,species.k.sp11,0.000670078940238931,0.00576715665858459,0.00765204571441734,1000
sp1,83,species.k.sp12,1.44882852552537e-05,0.0059497575502054,0.00788726844711141,1000
sp1,84,species.k.sp13,7.13597330522542e-05,0.00830669133562042,0.0107757102577881,1000
sp1,85,species.k.sp14,2.84983449864195e-05,0.00739755524491705,0.00960824619342673,1000
sp1,86,species.k.sp15,9.72584331712792e-05,0.0059439197451575,0.00784519802134093,1000
sp1,87,species.l0.sp0,-0.000431206595149815,0.00601697055226339,0.00795999914106862,1000
sp1,88,species.l0.sp1,-0.00151910080963248,0.0338332556874913,0.0380839671980269,1000
sp1,89,species.l0.sp2,0.000221851689067463,0.00610923519205672,0.00814912109013902,1000
sp1,90,species.l0.sp3,-0.000431157435803645,0.00642226211344585,0.00879992774099676,1000
sp1,91,species.l0.sp4,1.79762142245205e-06,0.00648231277306946,0.00839076169736679,1000
sp1,92,species.l0.sp5,-0.00012398742412897,0.0056108177095691,0.00745713637142305,1000
sp1,93,species.l0.sp6,5.29054425680382e-05,0.00599918159356715,0.00794731929797192,1000
sp1,94,species.l0.sp7,-0.000339500360795683,0.00604151703411056,0.00782635968579257,1000
sp1,95,species.l0.sp8,-9.37534712317599e-05,0.00625882231057167,0.0081550163250935,1000
sp1,96,species.l0.sp9,0.000231271906958926,0.00593056802313665,0.0078602655226842,1000
sp1,97,species.l0.sp10,-7.14180004442042e-05,0.00629618237396836,0.00836627127723254,1000
sp1,98,species.l0.sp11,0.000398763142363683,0.00582141032583691,0.00758600690590544,1000
sp1,99,species.l0.sp12,0.000160381830618704,0.00566146196350608,0.00747922035369374,1000
sp1,100,species.l0.sp13,5.6312411751996e-05,0.00588858901473431,0.00774167383419799,1000
sp1,101,species.l0.sp14,6.64414206261872e-05,0.00563444661052694,0.00744884150482342,1000
sp1,102,species.l0.sp15,-5.62936280462219e-05,0.00589927449248489,0.00772037465141261,1000
sp1,103,mortality.additional.larva.rate.sp0,-0.000189021481624543,0.00697526528665998,0.00978020791833875,1000
sp1,104,mortality.additional.larva.rate.sp1,-2.29985814572802e-05,0.00937490146002274,0.0121549928484323,1000
sp1,105,mortality.additional.larva.rate.sp2,0.000247809795070466,0.00918881850342666,0.013011317569752,1000
sp1,106,mortality.additional.larva.rate.sp3,-0.000135980718900008,0.0198707806399207,0.0344746450919798,1000
sp1,107,mortality.additional.larva.rate.sp4,0.00016545823342209,0.00571597000661935,0.00763889575877098,1000
sp1,108,mortality.additional.larva.rate.sp5,0.000173512515620123,0.00579563286152229,0.00769127228646355,1000
sp1,109,mortality.additional.larva.rate.sp6,-1.6051415076446e-05,0.00564615472919877,0.00742070648603266,1000
sp1,110,mortality.additional.larva.rate.sp9,0.000168906056078062,0.0070239481803737,0.00910477832473141,1000
sp1,111,mortality.additional.larva.rate.sp10,0.000228696397403186,0.00748564883748416,0.00976915174244709,1000
sp1,112,mortality.additional.larva.rate.sp11,4.82350274569906e-05,0.00556868507291167,0.00728092075241391,1000
sp1,113,mortality.additional.larva.rate.sp12,4.48075353538614e-05,0.00634647329501029,0.00837553008013049,1000
sp1,114,mortality.additional.larva.rate.sp13,2.47433745783441e-05,0.00556381060891647,0.00739786834080954,1000
sp1,115,mortality.additional.larva.rate.sp14,0.000101019771567164,0.00626163193547058,0.00810392131362828,1000
sp1,116,mortality.additional.larva.rate.sp15,-0.000255747310199815,0.00584102511650455,0.00778647280045591,1000
sp1,117,mortality.additional.larva.rate.mean.sp7,0.00027545714496323,0.00549859623062264,0.00717086257917522,1000
sp1,118,mortality.additional.larva.rate.mean.sp8,3.66463516812942e-05,0.00653919119592884,0.00849734007509129,1000
sp1,119,species.linf.sp0,0.000255380426195606,0.00758930987712274,0.0111956661004657,1000
sp1,120,species.linf.sp1,0.00660434801633114,0.251493078667032,0.260252616369565,1000
sp1,121,species.linf.sp2,0.000213393717062247,0.00933202687312236,0.0132711987259803,1000
sp1,122,species.linf.sp3,0.0029532920148783,0.0434279428905128,0.0646634556056365,1000
sp1,123,species.linf.sp4,0.000706084554447007,0.0101457312910235,0.0127278258435628,1000
sp1,124,species.linf.sp5,7.81181181583097e-06,0.0137453481373871,0.0184970915016068,1000
sp1,125,species.linf.sp6,-0.000692782297291029,0.010248726641521,0.0125492722482922,1000
sp1,126,species.linf.sp7,0.00030145903719119,0.00592900876195415,0.00786518770068005,1000
sp1,127,species.linf.sp8,-0.000335892124943325,0.00979856095678279,0.0126945154185701,1000
sp1,128,species.linf.sp9,-0.000248174738334354,0.00953012228659471,0.0117600925704272,1000
sp1,129,species.linf.sp10,-2.25319945153268e-05,0.00793826403146447,0.0105092752941543,1000
sp1,130,species.linf.sp11,4.75826447478703e-05,0.00598503747094547,0.00785834392057286,1000
sp1,131,species.linf.sp12,0.000139598864330433,0.00832483189879156,0.0107079825145019,1000
sp1,132,species.linf.sp13,-0.000669800171808224,0.00709854323812418,0.00915862690432468,1000
sp1,133,species.linf.sp14,-0.000137461642781699,0.00724737485736118,0.00938470417487028,1000
sp1,134,species.linf.sp15,2.34425510388821e-05,0.00680690899329889,0.00904284538949576,1000
sp1,135,species.accessibility2fish.sp16,-1.28591434640973e-05,0.00569300302072044,0.00752958058879659,1000
sp1,136,species.accessibility2fish.sp17,0.000188607538654641,0.00569072536252367,0.00745845181905996,1000
sp1,137,species.accessibility2fish.sp18,0.000174306031597409,0.00586728101407463,0.00772658800504455,1000
sp1,138,species.accessibility2fish.sp19,7.66351894764026e-05,0.00584733674785741,0.00774796337086408,1000
sp1,139,species.accessibility2fish.sp20,-3.17069270496014e-05,0.00552726709933523,0.00718876089965023,1000
sp1,140,species.accessibility2fish.sp21,0.000216586842356832,0.00576233571114524,0.00758728987436862,1000
sp1,141,species.accessibility2fish.sp22,-0.000188345929866888,0.00718105219856106,0.0095530050319881,1000
sp1,142,species.accessibility2fish.sp23,5.50178255537165e-05,0.00886901025022985,0.0111723531617386,1000
sp1,143,species.accessibility2fish.sp24,-7.5597865079191e-05,0.0117540561926636,0.0152115860277694,1000
sp1,144,species.accessibility2fish.sp25,0.000195664696962126,0.00573325451741683,0.00751187232098332,1000
sp1,145,species.accessibility2fish.sp26,-0.000154865847319865,0.00595978967921564,0.00795769907358779,1000
sp1,146,species.maturity.size.ratio.sp0,-0.000670284602604021,0.00669535326929789,0.00950859427594854,1000
sp1,147,species.maturity.size.ratio.sp1,6.04246640300291e-05,0.00584642428683533,0.0076079972403192,1000
sp1,148,species.maturity.size.ratio.sp2,-0.000443575633826077,0.00591429881098641,0.00772610909409218,1000
sp1,149,species.maturity.size.ratio.sp3,0.000583845483771704,0.00604762970514139,0.00807876425860881,1000
sp1,150,species.maturity.size.ratio.sp4,-0.000376456230820911,0.00586842768354799,0.0076299572569665,1000
sp1,151,species.maturity.size.ratio.sp5,0.000808147721297779,0.00604554490215824,0.00786126017402006,1000
sp1,152,species.maturity.size.ratio.sp6,-1.30488117139925e-05,0.00603635345160204,0.00795125566216064,1000
sp1,153,species.maturity.size.ratio.sp7,4.43199309028082e-05,0.00589386064081073,0.00786488301184238,1000
sp1,154,species.maturity.size.ratio.sp8,0.000298791855593884,0.00574655741247539,0.00765720551367697,1000
sp1,155,species.maturity.size.ratio.sp9,0.000168457449801734,0.00581462240327208,0.00767470212242239,1000
sp1,156,species.maturity.size.ratio.sp10,-0.000209762526315423,0.00558982545550063,0.00744068697329896,1000
sp1,157,species.maturity.size.ratio.sp11,-0.000351437430467656,0.0065375740346707,0.00858830211371214,1000
sp1,158,species.maturity.size.ratio.sp12,9.16680033640772e-05,0.00571389076672844,0.00746926336035013,1000
sp1,159,species.maturity.size.ratio.sp13,-0.000793253916647485,0.014768677910463,0.0180997217287069,1000
sp1,160,species.maturity.size.ratio.sp14,-0.000104754026371902,0.00567379189686955,0.0074483037096898,1000
sp1,161,species.maturity.size.ratio.sp15,-0.000133513337986062,0.00593086496965352,0.00781559505759295,1000
sp1,162,predation.predPrey.sizeRatio.teta.sp0.stage1,-0.000291309391624244,0.00592364202522824,0.00761232410778445,1000
sp1,163,predation.predPrey.sizeRatio.alpha.sp0.stage1,-0.00030430320726279,0.00717658342990205,0.0100764370067973,1000
sp1,164,predation.predPrey.sizeRatio.teta.sp1.stage1,0.00130691017931905,0.030339503334175,0.0342510823127893,1000
sp1,165,predation.predPrey.sizeRatio.alpha.sp1.stage1,-0.019579698560064,0.324228569481963,0.331884789889762,1000
sp1,166,predation.predPrey.sizeRatio.teta.sp2.stage1,0.000200064396654073,0.00608522046296631,0.0080344956586851,1000
sp1,167,predation.predPrey.sizeRatio.alpha.sp2.stage1,0.000103722811068834,0.00710880261744817,0.00957082078761216,1000
sp1,168,predation.predPrey.sizeRatio.teta.sp3.stage1,0.000311332208982527,0.00705626033919922,0.0094489701317851,1000
sp1,169,predation.predPrey.sizeRatio.alpha.sp3.stage1,-0.00050849635236708,0.0422778537255585,0.0580444891767985,1000
sp1,170,predation.predPrey.sizeRatio.teta.sp4.stage1,0.00010014585916928,0.00579655027954039,0.00759064108895254,1000
sp1,171,predation.predPrey.sizeRatio.alpha.sp4.stage1,-0.000218698057779021,0.00614252749598744,0.00824377641533402,1000
sp1,172,predation.predPrey.sizeRatio.teta.sp5.stage1,-0.00044123436496555,0.00543854116870536,0.0073019220470564,1000
sp1,173,predation.predPrey.sizeRatio.teta.sp5.stage2,-0.00044617570346818,0.0164235032917787,0.0221605133709323,1000
sp1,174,predation.predPrey.sizeRatio.alpha.sp5.stage1,0.000168371508824284,0.00588488229540618,0.00787418461412009,1000
sp1,175,predation.predPrey.sizeRatio.alpha.sp5.stage2,1.46316326558089e-06,0.0156286978077384,0.0197020149392812,1000
sp1,176,predation.predPrey.sizeRatio.teta.sp6.stage1,8.74597073256014e-05,0.00581853730646227,0.0077303737474061,1000
sp1,177,predation.predPrey.sizeRatio.alpha.sp6.stage1,7.58457861055193e-05,0.00635134968324217,0.0083006269768888,1000
sp1,178,predation.predPrey.sizeRatio.teta.sp7.stage1,-0.000276431844878875,0.00552552251990431,0.00737079926016433,1000
sp1,179,predation.predPrey.sizeRatio.alpha.sp7.stage1,-0.000217796514966985,0.00976589229871087,0.0122220666211452,1000
sp1,180,predation.predPrey.sizeRatio.teta.sp8.stage1,0.000215653827919293,0.00574617797707132,0.00758090952426009,1000
sp1,181,predation.predPrey.sizeRatio.alpha.sp8.stage1,0.000580957796912396,0.00775617755292383,0.0101958207517546,1000
sp1,182,predation.predPrey.sizeRatio.teta.sp9.stage1,0.00048068846164153,0.00600226680176568,0.00793101764114121,1000
sp1,183,predation.predPrey.sizeRatio.alpha.sp9.stage1,-0.000344715826454247,0.00653099240903943,0.00866009147121093,1000
sp1,184,predation.predPrey.sizeRatio.teta.sp10.stage1,0.000389091868044481,0.00582770689684017,0.00767385236996557,1000
sp1,185,predation.predPrey.sizeRatio.alpha.sp10.stage1,7.62559270897355e-05,0.00577433346996991,0.00769980928755849,1000
sp1,186,predation.predPrey.sizeRatio.teta.sp11.stage1,0.000319732995101004,0.00598929422674964,0.00772862246432094,1000
sp1,187,predation.predPrey.sizeRatio.alpha.sp11.stage1,0.000193405999117441,0.00585606167101293,0.00790296764194231,1000
sp1,188,predation.predPrey.sizeRatio.teta.sp12.stage1,-0.00056640748733894,0.00619280396834372,0.00808632892880306,1000
sp1,189,predation.predPrey.sizeRatio.alpha.sp12.stage1,0.000367545978165033,0.00597921940034265,0.0077921138321226,1000
sp1,190,predation.predPrey.sizeRatio.teta.sp13.stage1,-0.000189206431941468,0.00581515313772805,0.00758778651324758,1000
sp1,191,predation.predPrey.sizeRatio.alpha.sp13.stage1,0.000420890217991217,0.00656985501823372,0.00854459654978279,1000
sp1,192,predation.predPrey.sizeRatio.teta.sp14.stage1,0.00027668085928463,0.00563143478664167,0.00733701342244574,1000
sp1,193,predation.predPrey.sizeRatio.alpha.sp14.stage1,-0.000119500910735345,0.00964742495634298,0.0119393200597255,1000
sp1,194,predation.predPrey.sizeRatio.teta.sp15.stage1,-0.000151712887804522,0.00577153944587744,0.0075265751107574,1000
sp1,195,predation.predPrey.sizeRatio.alpha.sp15.stage1,-0.000218599146378133,0.00698056959319638,0.00914277608336102,1000
sp2,1,mortality.additional.rate.sp0,-2.3932543185319e-05,0.000532676238556457,0.00193478235163912,1000
sp2,2,mortality.additional.rate.sp1,2.75448173638956e-05,0.000686665953143054,0.00276902402817544,1000
sp2,3,mortality.additional.rate.sp2,-0.000417365049747571,0.0028037735201218,0.0118244339808791,1000
sp2,4,mortality.additional.rate.sp3,1.06456546648853e-05,0.000690051475803514,0.00272810784988202,1000
sp2,5,mortality.additional.rate.sp4,-0.000184042250622125,0.000625404528758404,0.00259314406699511,1000
sp2,6,mortality.additional.rate.sp5,0.000115203374933917,0.000758865209636129,0.00292618094701361,1000
sp2,7,mortality.additional.rate.sp6,-7.42382662045833e-05,0.000568982890146497,0.00216390458539767,1000
sp2,8,mortality.additional.rate.sp7,-0.000116415765684083,0.000719545880148093,0.0026577891917786,1000
sp2,9,mortality.additional.rate.sp8,2.91727420105979e-05,0.000683325402198707,0.00318040427458026,1000
sp2,10,mortality.additional.rate.sp9,-0.000111657562568828,0.000567674989071794,0.00231368648172033,1000
sp2,11,mortality.additional.rate.sp10,-1.51314596341874e-05,0.000602858052508242,0.00224353143449885,1000
sp2,12,mortality.additional.rate.sp11,5.69880084597455e-05,0.000648424239224845,0.00247223944580775,1000
sp2,13,mortality.additional.rate.sp12,0.000129915198775351,0.000654779596231941,0.00236102333322756,1000
sp2,14,mortality.additional.rate.sp13,-7.84372220069231e-05,0.000706618025997416,0.00268711722494129,1000
sp2,15,mortality.additional.rate.sp14,8.86310215916719e-05,0.000568969218534406,0.00233517313960689,1000
sp2,16,mortality.additional.rate.sp15,0.000120575485124324,0.000612626323130459,0.00263417966105038,1000
sp2,17,fisheries.rate.base.fsh0,1.43787341035575e-05,0.000747742122892629,0.00298608269229243,1000
sp2,18,fisheries.rate.base.fsh1,-1.60276515198582e-05,0.000895939010256407,0.00357987835150801,1000
sp2,19,fisheries.rate.base.fsh2,-0.000170795875749672,0.000620548242562071,0.00227658002679457,1000
sp2,20,fisheries.rate.base.fsh3,3.12930638656579e-05,0.000595988438072032,0.0024192053689635,1000
sp2,21,species.catchability.fsh0.sp0,6.49749038659529e-05,0.000738174287703158,0.00311733143212719,1000
sp2,22,species.catchability.fsh0.sp1,-4.51022918320123e-06,0.000613839678029267,0.00262178833916704,1000
sp2,23,species.catchability.fsh0.sp2,-0.000278916564245426,0.00111049978394072,0.00437500961338787,1000
sp2,24,species.catchability.fsh0.sp3,5.48324406282256e-05,0.000797461833143803,0.00302040905580546,1000
sp2,25,species.catchability.fsh0.sp5,2.31212382500144e-06,0.000540348870617394,0.00225413018718613,1000
sp2,26,species.catchability.fsh0.sp7,-4.63684145226139e-05,0.000647348182937671,0.00246824431443848,1000
sp2,27,species.catchability.fsh0.sp8,9.84090799605637e-06,0.000589156155930445,0.00272870160280007,1000
sp2,28,species.catchability.fsh0.sp9,1.85275349193043e-05,0.000789576317675724,0.00314294226998373,1000
sp2,29,species.catchability.fsh0.sp10,5.36607388991825e-05,0.00069200242502608,0.00282346473430082,1000
sp2,30,species.catchability.fsh0.sp13,0.000117873994484203,0.000659603874000053,0.00243775185712435,1000
sp2,31,species.catchability.fsh0.sp14,7.97224670850854e-05,0.000555014408801373,0.00203723276955315,1000
sp2,32,species.catchability.fsh0.sp15,-1.82497388460486e-05,0.000550216677333871,0.00206470696078746,1000
sp2,33,species.catchability.fsh1.sp9,4.97037743728943e-05,0.000606013884047931,0.00224813837316275,1000
sp2,34,species.catchability.fsh1.sp10,-0.000192595681708528,0.000919323107448301,0.00395312906489947,1000
sp2,35,species.catchability.fsh1.sp11,7.46943278063298e-05,0.000713922217213953,0.00276807568812996,1000
sp2,36,species.catchability.fsh1.sp12,0.000127635450025267,0.000777650778653666,0.00301888576662457,1000
sp2,37,species.catchability.fsh2.sp0,1.74132476101872e-05,0.000557506492668352,0.00227537929649622,1000
sp2,38,species.catchability.fsh2.sp5,-0.000110881694833438,0.000682641699902201,0.00238201522868286,1000
sp2,39,species.catchability.fsh2.sp7,5.53929668588861e-05,0.000624956226481339,0.002552608538816,1000
sp2,40,species.catchability.fsh2.sp8,4.9387454895143e-05,0.000742575113013322,0.00297875152169989,1000
sp2,41,species.catchability.fsh3.sp0,8.65480112731454e-06,0.000610937378763316,0.00241698892398197,1000
sp2,42,species.catchability.fsh3.sp1,-8.09439670429726e-06,0.000597113765413516,0.00234940335275531,1000
sp2,43,species.catchability.fsh3.sp2,3.79386365912951e-05,0.00065223537705265,0.00274584984034786,1000
sp2,44,species.catchability.fsh3.sp3,-6.88089831368739e-05,0.00058193209421866,0.00205457156378247,1000
sp2,45,species.catchability.fsh3.sp5,4.42556884153323e-05,0.000637024757438293,0.00222010023637226,1000
sp2,46,species.catchability.fsh3.sp7,9.39517658306415e-05,0.000680504645891901,0.00268484431147389,1000
sp2,47,species.catchability.fsh3.sp8,-0.000115641218406962,0.000602709244576387,0.00229573000002779,1000
sp2,48,species.catchability.fsh3.sp9,-5.82603024447125e-05,0.000644177159329276,0.00248618449614381,1000
sp2,49,species.catchability.fsh3.sp10,-1.35878617351256e-05,0.000588533408423386,0.00233615027172387,1000
sp2,50,species.catchability.fsh3.sp11,-3.76716522554494e-05,0.00055900028036042,0.00225206001801893,1000
sp2,51,species.catchability.fsh3.sp12,3.01223445640087e-06,0.000612240203805711,0.00231639381079804,1000
sp2,52,species.catchability.fsh3.sp13,-2.90261447774227e-05,0.000604670382086497,0.0021399641646945,1000
sp2,53,species.catchability.fsh3.sp14,-0.000113864770367922,0.000626290784408838,0.00250474675852705,1000
sp2,54,species.catchability.fsh3.sp15,9.87889795771818e-05,0.000550367380367215,0.002322254227324,1000
sp2,55,species.length2weight.condition.factor.sp0,0.000219812416407961,0.000910934646057074,0.00393727992273195,1000
sp2,56,species.length2weight.condition.factor.sp1,4.59625474771957e-06,0.000715278553332533,0.00268928031071963,1000
sp2,57,species.length2weight.condition.factor.sp2,0.000197184337778808,0.00619315007038275,0.0240378346323997,1000
sp2,58,species.length2weight.condition.factor.sp3,-0.000118911520026159,0.00089007541802087,0.00322053358947259,1000
sp2,59,species.length2weight.condition.factor.sp4,3.14959276466997e-07,0.000640112989233568,0.00252438806340695,1000
sp2,60,species.length2weight.condition.factor.sp5,3.77063124841844e-05,0.000747804828993672,0.00324429503543417,1000
sp2,61,species.length2weight.condition.factor.sp6,0.000135773807152235,0.000635258807874539,0.00254257132935774,1000
sp2,62,species.length2weight.condition.factor.sp7,-9.41193356529069e-05,0.000553983378203671,0.00217925735038248,1000
sp2,63,species.length2weight.condition.factor.sp8,-3.24719761984076e-05,0.000619185471790968,0.00255587458608822,1000
sp2,64,species.length2weight.condition.factor.sp9,-6.98739199062039e-05,0.000680794623708162,0.00282034478663754,1000
sp2,65,species.length2weight.condition.factor.sp10,9.21881709971862e-05,0.000686928972358544,0.00237447676225639,1000
sp2,66,species.length2weight.condition.factor.sp11,9.26492484826543e-05,0.000683586558114384,0.00300530151319907,1000
sp2,67,species.length2weight.condition.factor.sp12,-4.34901224181903e-05,0.000623348341785779,0.00252863994763064,1000
sp2,68,species.length2weight.condition.factor.sp13,-0.000110349190460036,0.000630917248907254,0.00237364057109011,1000
sp2,69,species.length2weight.condition.factor.sp14,0.00011874049244747,0.00060581457189913,0.00236564188673524,1000
sp2,70,species.length2weight.condition.factor.sp15,4.26522260324328e-05,0.000640014994259578,0.00250035492239836,1000
sp2,71,species.k.sp0,0.000102468011505669,0.000976590727740842,0.005079210721691,1000
sp2,72,species.k.sp1,0.00012710476151879,0.000639293152232976,0.00272631624869596,1000
sp2,73,species.k.sp2,0.000196058640357411,0.0151565036288891,0.0504411522460524,1000
sp2,74,species.k.sp3,-0.000168143574630728,0.00109114697757594,0.00440818863356887,1000
sp2,75,species.k.sp4,-5.13507875725118e-05,0.000791671807813865,0.00294744396575402,1000
sp2,76,species.k.sp5,9.9931663163274e-06,0.000581706612562655,0.00220910203495175,1000
sp2,77,species.k.sp6,-4.36224770969429e-05,0.000701570039203444,0.00249918750652924,1000
sp2,78,species.k.sp7,2.70084401244707e-05,0.000701204510758099,0.00274556746741799,1000
sp2,79,species.k.sp8,-0.000115179893139562,0.000752568441990371,0.00264256854972491,1000
sp2,80,species.k.sp9,0.000110423030832808,0.000769384080397991,0.00368360847494889,1000
sp2,81,species.k.sp10,0.000286065836990603,0.00120633646786451,0.00523870964174871,1000
sp2,82,species.k.sp11,3.8620355601809e-05,0.00077533995183661,0.00323910269719938,1000
sp2,83,species.k.sp12,5.43830271069784e-05,0.00071718262366093,0.00265305776456977,1000
sp2,84,species.k.sp13,-4.41827753396311e-05,0.000989663408081101,0.00383324112814732,1000
sp2,85,species.k.sp14,-8.97772277988195e-05,0.000634172364890513,0.00226705732613276,1000
sp2,86,species.k.sp15,-1.92322425293469e-05,0.000668526449347536,0.00251751602929912,1000
sp2,87,species.l0.sp0,-2.14685531283695e-06,0.000685475242510047,0.00258111163113526,1000
sp2,88,species.l0.sp1,-0.000120479270103777,0.000498998630202575,0.00181175856700865,1000
sp2,89,species.l0.sp2,-0.000474876730045475,0.00446499433943474,0.0194051281509629,1000
sp2,90,species.l0.sp3,7.87393406323584e-05,0.000619341576013991,0.00227741261944508,1000
sp2,91,species.l0.sp4,-3.22681589524579e-05,0.000724550363976452,0.00278764339373319,1000
sp2,92,species.l0.sp5,-2.20897876663011e-05,0.000551747588497769,0.00202882136326401,1000
sp2,93,species.l0.sp6,-0.000225517235183893,0.000741171921353156,0.00310302576855385,1000
sp2,94,species.l0.sp7,2.34399484920197e-07,0.000665556040482286,0.00272205180717039,1000
sp2,95,species.l0.sp8,3.55425364055834e-05,0.000579925567748945,0.00229514666827294,1000
sp2,96,species.l0.sp9,-0.000124297155026451,0.00102137994959946,0.00422957671813648,1000
sp2,97,species.l0.sp10,0.00020463948345431,0.00188474453090566,0.00779558431057309,1000
sp2,98,species.l0.sp11,-5.05235946803695e-05,0.000754104924139849,0.00375396225157498,1000
sp2,99,species.l0.sp12,-1.94050446033415e-05,0.000604659284013685,0.00234786933454922,1000
sp2,100,species.l0.sp13,-9.84855837805547e-06,0.000548512930017668,0.00198634340659191,1000
sp2,101,species.l0.sp14,-9.62942948609008e-05,0.000556783291082091,0.00223183978833141,1000
sp2,102,species.l0.sp15,6.13226030292797e-06,0.000648265808190813,0.00271144039427417,1000
sp2,103,mortality.additional.larva.rate.sp0,0.000274429036318242,0.00150976249460973,0.00789695099285228,1000
sp2,104,mortality.additional.larva.rate.sp1,4.46226981870803e-05,0.000649678448207656,0.00269742345818949,1000
sp2,105,mortality.additional.larva.rate.sp2,0.00909115600419421,0.0438091561649955,0.125644706930658,1000
sp2,106,mortality.additional.larva.rate.sp3,0.000267045125479385,0.00265513271793199,0.0117807159795106,1000
sp2,107,mortality.additional.larva.rate.sp4,4.91160119607878e-05,0.000636605994504349,0.00227309752230092,1000
sp2,108,mortality.additional.larva.rate.sp5,9.85225730736528e-05,0.000747184461733625,0.00274348323924368,1000
sp2,109,mortality.additional.larva.rate.sp6,8.07141235367593e-05,0.000515027563117283,0.00190274341831998,1000
sp2,110,mortality.additional.larva.rate.sp9,-8.22437830898117e-05,0.0013644416562222,0.00528702452897292,1000
sp2,111,mortality.additional.larva.rate.sp10,0.000255793691395575,0.00220661611479302,0.00909743327199329,1000
sp2,112,mortality.additional.larva.rate.sp11,0.000100273866505981,0.00070678010870648,0.00296377298009446,1000
sp2,113,mortality.additional.larva.rate.sp12,7.25649354146438e-05,0.000570502452950507,0.00229092736954173,1000
sp2,114,mortality.additional.larva.rate.sp13,7.31339599659519e-05,0.000620929460745271,0.00284454967781666,1000
sp2,115,mortality.additional.larva.rate.sp14,-7.55761202415851e-05,0.000631495458562732,0.00226893053983973,1000
sp2,116,mortality.additional.larva.rate.sp15,-0.000127893324289633,0.000544113862496266,0.00226442682585969,1000
sp2,117,mortality.additional.larva.rate.mean.sp7,-2.95261123747712e-05,0.000537979428784224,0.00205939787968805,1000
sp2,118,mortality.additional.larva.rate.mean.sp8,-8.9646145939922e-05,0.000707523971329475,0.00293441710067031,1000
sp2,119,species.linf.sp0,-0.00027000581546002,0.001087491818637,0.00567042806599704,1000
sp2,120,species.linf.sp1,-2.70919162367492e-05,0.000703756715428475,0.00259413185350988,1000
sp2,121,species.linf.sp2,-0.00711342001790861,0.0475139365571987,0.126226162203663,1000
sp2,122,species.linf.sp3,-0.000114056927192524,0.00246921660463267,0.0104526979803948,1000
sp2,123,species.linf.sp4,4.92898907504131e-05,0.00141260955779485,0.00532191881645353,1000
sp2,124,species.linf.sp5,-0.000193892244038328,0.00145664634518734,0.00576557068593151,1000
sp2,125,species.linf.sp6,-6.93105685861214e-05,0.000646588398242044,0.00260224019039107,1000
sp2,126,species.linf.sp7,-4.99183947483349e-05,0.000620441711096004,0.00230452137855335,1000
sp2,127,species.linf.sp8,-6.31372010652092e-06,0.00132444213522753,0.00449306999504251,1000
sp2,128,species.linf.sp9,-0.000527517102629992,0.00205015402486778,0.00826545706818591,1000
sp2,129,species.linf.sp10,0.00011736351739254,0.00390531056502242,0.0143133093403351,1000
sp2,130,species.linf.sp11,-0.000103356996800475,0.000806903931576842,0.00295977713291381,1000
sp2,131,species.linf.sp12,-0.000176806288470477,0.00106909798907278,0.00443020076350066,1000
sp2,132,species.linf.sp13,0.00011066637694219,0.000721553669820952,0.00335136926434375,1000
sp2,133,species.linf.sp14,1.72488091786056e-05,0.000600554554991049,0.00210380910587407,1000
sp2,134,species.linf.sp15,-0.000113603918113497,0.000764827012650821,0.00280199588082545,1000
sp2,135,species.accessibility2fish.sp16,-6.00066280820015e-05,0.000602859223801509,0.0024015020591091,1000
sp2,136,species.accessibility2fish.sp17,3.62267390187535e-05,0.000583605117879189,0.0022799267172419,1000
sp2,137,species.accessibility2fish.sp18,-2.40424360205216e-05,0.000652759827778112,0.00256195404742392,1000
sp2,138,species.accessibility2fish.sp19,0.000113775766897527,0.000639949175000827,0.00270582095905097,1000
sp2,139,species.accessibility2fish.sp20,-2.14365124958182e-05,0.00063940436349706,0.00314655636240077,1000
sp2,140,species.accessibility2fish.sp21,-0.000134156751677933,0.000519957091859667,0.00204595244177998,1000
sp2,141,species.accessibility2fish.sp22,1.63562034803746e-05,0.000470779568545118,0.00172928826015499,1000
sp2,142,species.accessibility2fish.sp23,-8.03841745712731e-05,0.00060274311825639,0.00228280851723678,1000
sp2,143,species.accessibility2fish.sp24,-1.68401297693445e-05,0.00106311956519831,0.00313107815149424,1000
sp2,144,species.accessibility2fish.sp25,-0.000155969045399512,0.000627236727895946,0.00272504253943598,1000
sp2,145,species.accessibility2fish.sp26,-5.81196011287095e-05,0.000707811357476955,0.002665781506145,1000
sp2,146,species.maturity.size.ratio.sp0,0.000164903544980603,0.00109621125511751,0.00553241752161483,1000
sp2,147,species.maturity.size.ratio.sp1,-5.45868451551548e-05,0.000692996785867921,0.00252603390611768,1000
sp2,148,species.maturity.size.ratio.sp2,-7.09378735885811e-05,0.000899448096555606,0.00352242087121258,1000
sp2,149,species.maturity.size.ratio.sp3,-0.000104182872193863,0.00066731410284161,0.00292161071490651,1000
sp2,150,species.maturity.size.ratio.sp4,-0.000114734968652996,0.000584255021433052,0.00225484999217056,1000
sp2,151,species.maturity.size.ratio.sp5,-2.27884479790592e-05,0.000753483308913246,0.00311754642811302,1000
sp2,152,species.maturity.size.ratio.sp6,0.000146706743920651,0.000578543165998448,0.00248353935956639,1000
sp2,153,species.maturity.size.ratio.sp7,-0.00021435412000682,0.000678669872000779,0.00262010532468628,1000
sp2,154,species.maturity.size.ratio.sp8,-3.80006901353059e-05,0.000500699331367303,0.00212973530704202,1000
sp2,155,species.maturity.size.ratio.sp9,-9.51235278503698e-06,0.000619175162566452,0.00252095613626641,1000
sp2,156,species.maturity.size.ratio.sp10,-0.000132045200569509,0.000898021236441824,0.00369644632704377,1000
sp2,157,species.maturity.size.ratio.sp11,-2.64493232749082e-05,0.00124849574135275,0.0050963203910882,1000
sp2,158,species.maturity.size.ratio.sp12,3.52939791045635e-06,0.000627610059023572,0.00263530635025086,1000
sp2,159,species.maturity.size.ratio.sp13,-1.00164372528727e-05,0.00107558702052853,0.00483957069113494,1000
sp2,160,species.maturity.size.ratio.sp14,8.19227333955701e-05,0.000629628735639906,0.00249572320702668,1000
sp2,161,species.maturity.size.ratio.sp15,3.29448303053078e-05,0.000581852329631817,0.00233257366869333,1000
sp2,162,predation.predPrey.sizeRatio.teta.sp0.stage1,6.43931169531395e-05,0.000624416962438974,0.00262288342940162,1000
sp2,163,predation.predPrey.sizeRatio.alpha.sp0.stage1,4.70862183634624e-05,0.000805159821819065,0.00322598860486626,1000
sp2,164,predation.predPrey.sizeRatio.teta.sp1.stage1,-7.45158839668174e-05,0.000516784306214247,0.001967013864861,1000
sp2,165,predation.predPrey.sizeRatio.alpha.sp1.stage1,4.73448024025108e-05,0.00073336040922117,0.00273407420900126,1000
sp2,166,predation.predPrey.sizeRatio.teta.sp2.stage1,-6.35256106042692e-05,0.000781993890017974,0.00308490755490172,1000
sp2,167,predation.predPrey.sizeRatio.alpha.sp2.stage1,-0.000161265116988593,0.00210337066693405,0.00606505938960342,1000
sp2,168,predation.predPrey.sizeRatio.teta.sp3.stage1,4.52506648329362e-05,0.000699263156916495,0.00258485926955778,1000
sp2,169,predation.predPrey.sizeRatio.alpha.sp3.stage1,-0.000159373822743423,0.00170746945239862,0.00719630104962019,1000
sp2,170,predation.predPrey.sizeRatio.teta.sp4.stage1,0.000246545178166126,0.000882471542680342,0.00397180586830394,1000
sp2,171,predation.predPrey.sizeRatio.alpha.sp4.stage1,5.12879300165115e-07,0.000971905436974273,0.00393465352499589,1000
sp2,172,predation.predPrey.sizeRatio.teta.sp5.stage1,-7.21105048751844e-07,0.000506918853395777,0.00203176780571651,1000
sp2,173,predation.predPrey.sizeRatio.teta.sp5.stage2,0.000127146565567493,0.000969804687851882,0.00391657038186956,1000
sp2,174,predation.predPrey.sizeRatio.alpha.sp5.stage1,7.66238283137641e-05,0.000556279719975976,0.00224136703284592,1000
sp2,175,predation.predPrey.sizeRatio.alpha.sp5.stage2,3.21026352616717e-05,0.000800844783185116,0.00315984199116581,1000
sp2,176,predation.predPrey.sizeRatio.teta.sp6.stage1,-5.00715426373528e-06,0.000624273595492808,0.0025247245860905,1000
sp2,177,predation.predPrey.sizeRatio.alpha.sp6.stage1,5.77595061335211e-06,0.000581438011966773,0.00222067467925412,1000
sp2,178,predation.predPrey.sizeRatio.teta.sp7.stage1,2.0225461562876e-05,0.000567165932184421,0.00215061077293264,1000
sp2,179,predation.predPrey.sizeRatio.alpha.sp7.stage1,0.000136272583204887,0.000700167467227571,0.00273368154690324,1000
sp2,180,predation.predPrey.sizeRatio.teta.sp8.stage1,-4.34745574745803e-05,0.000567001342752266,0.00228966602571819,1000
sp2,181,predation.predPrey.sizeRatio.alpha.sp8.stage1,-0.000151808931028677,0.000925320601158795,0.00296369792616224,1000
sp2,182,predation.predPrey.sizeRatio.teta.sp9.stage1,5.04203488470758e-05,0.000652522829745298,0.00257022023766943,1000
sp2,183,predation.predPrey.sizeRatio.alpha.sp9.stage1,-8.1189390220107e-05,0.00117288769256732,0.00445586627071854,1000
sp2,184,predation.predPrey.sizeRatio.teta.sp10.stage1,2.65960216360233e-05,0.000575783451768812,0.00228620904082203,1000
sp2,185,predation.predPrey.sizeRatio.alpha.sp10.stage1,-0.000258550093011755,0.0015587582992004,0.00687304867899016,1000
sp2,186,predation.predPrey.sizeRatio.teta.sp11.stage1,-3.10421438051554e-05,0.000705124641236366,0.00283689735281859,1000
sp2,187,predation.predPrey.sizeRatio.alpha.sp11.stage1,-1.39314404599972e-05,0.000546094821119264,0.0021473230054549,1000
sp2,188,predation.predPrey.sizeRatio.teta.sp12.stage1,-4.08988539196439e-05,0.00061773267573787,0.00243395718793919,1000
sp2,189,predation.predPrey.sizeRatio.alpha.sp12.stage1,0.000103074139788222,0.000933245814194009,0.00371278598182457,1000
sp2,190,predation.predPrey.sizeRatio.teta.sp13.stage1,4.10223709555504e-05,0.000564107832299461,0.00196592686414904,1000
sp2,191,predation.predPrey.sizeRatio.alpha.sp13.stage1,8.8770875023518e-06,0.000872758431087747,0.00362747235922077,1000
sp2,192,predation.predPrey.sizeRatio.teta.sp14.stage1,8.15385096785172e-05,0.000683790298890372,0.00252151040965722,1000
sp2,193,predation.predPrey.sizeRatio.alpha.sp14.stage1,7.9575196889569e-05,0.000641894871085222,0.00265999303073275,1000
sp2,194,predation.predPrey.sizeRatio.teta.sp15.stage1,0.000121911487356441,0.000694200303910626,0.00272306971497314,1000
sp2,195,predation.predPrey.sizeRatio.alpha.sp15.stage1,5.14521470506897e-05,0.0005683314883855,0.00231583497003795,1000
sp3,1,mortality.additional.rate.sp0,0.000294693689716594,0.00317891983067575,0.0064058856931795,1000
sp3,2,mortality.additional.rate.sp1,6.74582901804768e-05,0.00296198140586637,0.00569711129409394,1000
sp3,3,mortality.additional.rate.sp2,-0.000168956813315199,0.00336459363809003,0.0066218640596269,1000
sp3,4,mortality.additional.rate.sp3,0.000600383488483735,0.00607489745502747,0.00982336189575366,1000
sp3,5,mortality.additional.rate.sp4,-0.00034161694112173,0.00338777894705165,0.0068016706620575,1000
sp3,6,mortality.additional.rate.sp5,-0.000193185057380561,0.00346846469575106,0.00686618428212878,1000
sp3,7,mortality.additional.rate.sp6,-8.85923169064861e-05,0.00297277499683116,0.00602309077325959,1000
sp3,8,mortality.additional.rate.sp7,-2.34270546996016e-05,0.00324084268392127,0.0063494439748075,1000
sp3,9,mortality.additional.rate.sp8,-0.000471668289555369,0.00308909467216228,0.00582314395306992,1000
sp3,10,mortality.additional.rate.sp9,-9.60805430644407e-07,0.00309718107682291,0.00611190498628194,1000
sp3,11,mortality.additional.rate.sp10,0.000156505266426671,0.00299078892017676,0.00575328563586516,1000
sp3,12,mortality.additional.rate.sp11,0.00014954907699118,0.00317959828244482,0.00648100013225358,1000
sp3,13,mortality.additional.rate.sp12,0.000249264238407503,0.00300334074317038,0.00588299274300456,1000
sp3,14,mortality.additional.rate.sp13,-0.000119906228901513,0.00312261325573334,0.00623289756051309,1000
sp3,15,mortality.additional.rate.sp14,-0.000267832540488012,0.00308479101574692,0.00611812815263752,1000
sp3,16,mortality.additional.rate.sp15,0.000380832116596744,0.00302773413533055,0.00586036070093732,1000
sp3,17,fisheries.rate.base.fsh0,0.000748609139497441,0.0158287022602762,0.0240798244447205,1000
sp3,18,fisheries.rate.base.fsh1,-0.00015063518064194,0.00414430774486915,0.00746750774475544,1000
sp3,19,fisheries.rate.base.fsh2,0.000329132803374726,0.00311776638494711,0.00609415459965958,1000
sp3,20,fisheries.rate.base.fsh3,0.000132448507479048,0.00434217341871447,0.00761429092635194,1000
sp3,21,species.catchability.fsh0.sp0,8.71621397612328e-05,0.00296823654215971,0.00591499717229814,1000
sp3,22,species.catchability.fsh0.sp1,-7.84652918344583e-06,0.00325110810333334,0.0063475675258702,1000
sp3,23,species.catchability.fsh0.sp2,-4.03523743887339e-05,0.00323185001193595,0.00631621774303412,1000
sp3,24,species.catchability.fsh0.sp3,0.000962392914917931,0.0123707138332556,0.0187138724565144,1000
sp3,25,species.catchability.fsh0.sp5,0.000210721009765487,0.00315282321919618,0.00661862892498602,1000
sp3,26,species.catchability.fsh0.sp7,-0.000251697295422527,0.00295903356322053,0.00574836363995427,1000
sp3,27,species.catchability.fsh0.sp8,-3.61858820617641e-05,0.00312723411962899,0.00655004244599953,1000
sp3,28,species.catchability.fsh0.sp9,0.000133803945218711,0.00337682567972911,0.00693289573923876,1000
sp3,29,species.catchability.fsh0.sp10,-0.000410003696642977,0.0033258989612299,0.00697182699309059,1000
sp3,30,species.catchability.fsh0.sp13,0.00026973822063963,0.00325835670029416,0.00660376911895623,1000
sp3,31,species.catchability.fsh0.sp14,0.000241376025892099,0.00316322049355733,0.00627536151945852,1000
sp3,32,species.catchability.fsh0.sp15,-5.08982402524761e-05,0.00292486653394545,0.00567927497866791,1000
sp3,33,species.catchability.fsh1.sp9,0.000266069410947704,0.00346092372440887,0.00696549665334725,1000
sp3,34,species.catchability.fsh1.sp10,6.87072863867991e-05,0.0039136360517134,0.0080037167191163,1000
sp3,35,species.catchability.fsh1.sp11,-0.000139658307459333,0.00310347128952461,0.0058818111503876,1000
sp3,36,species.catchability.fsh1.sp12,-5.730403411739e-05,0.00347124512874301,0.00676825840656048,1000
sp3,37,species.catchability.fsh2.sp0,2.81741160743551e-05,0.00308330103244802,0.00639235818019572,1000
sp3,38,species.catchability.fsh2.sp5,-0.000144595065883789,0.00299675325974067,0.00541699269032312,1000
sp3,39,species.catchability.fsh2.sp7,0.000153340355325073,0.00303249981559362,0.00576263891469987,1000
sp3,40,species.catchability.fsh2.sp8,0.000248432207526026,0.00299726022270419,0.00583129669805813,1000
sp3,41,species.catchability.fsh3.sp0,-0.000425029565400311,0.00342974630223702,0.00674186553322337,1000
sp3,42,species.catchability.fsh3.sp1,0.000168097003652722,0.00312158914246313,0.00574095440443609,1000
sp3,43,species.catchability.fsh3.sp2,0.000111617084517044,0.00318345040630496,0.00615473549002452,1000
sp3,44,species.catchability.fsh3.sp3,0.000103328960057108,0.00364618648506002,0.00628614284534585,1000
sp3,45,species.catchability.fsh3.sp5,-3.54061349194211e-05,0.00299099332380897,0.00599315734475403,1000
sp3,46,species.catchability.fsh3.sp7,0.000188627618043423,0.00315940156617802,0.00634097674032973,1000
sp3,47,species.catchability.fsh3.sp8,0.000190997535950156,0.00316461770006686,0.00630517280255455,1000
sp3,48,species.catchability.fsh3.sp9,7.24529914350532e-05,0.0030223011410529,0.00581459688271973,1000
sp3,49,species.catchability.fsh3.sp10,-6.00145508054455e-05,0.00333202774887392,0.00676855779471638,1000
sp3,50,species.catchability.fsh3.sp11,-5.07224209009383e-05,0.00320094304326257,0.00654572590116606,1000
sp3,51,species.catchability.fsh3.sp12,-0.000195421442207107,0.00328986295207186,0.00621161753867681,1000
sp3,52,species.catchability.fsh3.sp13,-0.000174264894628798,0.00332366797027993,0.00659638125286382,1000
sp3,53,species.catchability.fsh3.sp14,0.000317659883567251,0.00306383537263476,0.00623381372382829,1000
sp3,54,species.catchability.fsh3.sp15,-0.000163615016170969,0.00306429846329967,0.00603279272188563,1000
sp3,55,species.length2weight.condition.factor.sp0,1.79249516129613e-05,0.0032533606985871,0.00601202770751742,1000
sp3,56,species.length2weight.condition.factor.sp1,-0.000103981649590636,0.00296038049656253,0.00566061638799582,1000
sp3,57,species.length2weight.condition.factor.sp2,7.77442573682354e-05,0.00346427389934248,0.00694937854328501,1000
sp3,58,species.length2weight.condition.factor.sp3,0.00132748879567558,0.0129323369072989,0.0243744058643116,1000
sp3,59,species.length2weight.condition.factor.sp4,-0.000315334745661036,0.00327135312450481,0.00670547414269248,1000
sp3,60,species.length2weight.condition.factor.sp5,-9.41194169119555e-05,0.00308546748255004,0.00607735697044419,1000
sp3,61,species.length2weight.condition.factor.sp6,-3.50304398823068e-05,0.00315789344173272,0.00618765907039463,1000
sp3,62,species.length2weight.condition.factor.sp7,-0.000119041468333118,0.00302923653822467,0.00611022728055913,1000
sp3,63,species.length2weight.condition.factor.sp8,9.25998678122473e-05,0.00312458565678147,0.00612319779109386,1000
sp3,64,species.length2weight.condition.factor.sp9,0.000266124233406424,0.00326061519011834,0.00621950299547718,1000
sp3,65,species.length2weight.condition.factor.sp10,-2.53962715050894e-05,0.00348369393354996,0.00680328019289586,1000
sp3,66,species.length2weight.condition.factor.sp11,-0.00010322180102879,0.00309642046564193,0.00627100303449785,1000
sp3,67,species.length2weight.condition.factor.sp12,-0.000124517203510144,0.00324023191280876,0.00671112294141085,1000
sp3,68,species.length2weight.condition.factor.sp13,-8.0047217618463e-06,0.00301169555897817,0.00619229222139959,1000
sp3,69,species.length2weight.condition.factor.sp14,0.000207934159586474,0.00293501379392823,0.0055658764801985,1000
sp3,70,species.length2weight.condition.factor.sp15,0.000151055111845594,0.0031838433363166,0.00632854082353647,1000
sp3,71,species.k.sp0,-2.93933928011893e-05,0.00410297305362448,0.00941789044344493,1000
sp3,72,species.k.sp1,4.98599829584267e-05,0.00297813976942901,0.00577958892346422,1000
sp3,73,species.k.sp2,0.00030568671540114,0.00534832245762801,0.0107798855799862,1000
sp3,74,species.k.sp3,0.00590953252744768,0.112468820186511,0.152192549803527,1000
sp3,75,species.k.sp4,-0.000351003400996485,0.00311645349017774,0.00600661458125702,1000
sp3,76,species.k.sp5,-0.000329415422554604,0.00429765431912115,0.00872745590827026,1000
sp3,77,species.k.sp6,5.30173690914259e-05,0.00313550789054864,0.00585378879210909,1000
sp3,78,species.k.sp7,0.000250482105920183,0.00304189951030929,0.00565829378734831,1000
sp3,79,species.k.sp8,-0.000240894244861728,0.00346984994568973,0.00689330464444927,1000
sp3,80,species.k.sp9,0.000188792895037723,0.00525546687404255,0.00927091799044972,1000
sp3,81,species.k.sp10,0.000272731407587292,0.00454791510292577,0.00993576871552269,1000
sp3,82,species.k.sp11,0.00027482068340475,0.00386531232013283,0.00815689003669741,1000
sp3,83,species.k.sp12,2.212324538255e-05,0.00339995374854185,0.00702264173383779,1000
sp3,84,species.k.sp13,-9.57534483261828e-05,0.00466686799511899,0.00930202056696727,1000
sp3,85,species.k.sp14,0.000260583408083681,0.00325833388634979,0.00660946655277744,1000
sp3,86,species.k.sp15,-0.000117513325840638,0.00308023256600203,0.00651736598590914,1000
sp3,87,species.l0.sp0,0.00012089720164519,0.00312960765710412,0.00598005302264481,1000
sp3,88,species.l0.sp1,-0.000156267229718098,0.00319420153560095,0.0058004228620639,1000
sp3,89,species.l0.sp2,0.000135640224417443,0.00496381968385008,0.00943431535633974,1000
sp3,90,species.l0.sp3,-0.00340716742377689,0.0380008788469281,0.0627995403081262,1000
sp3,91,species.l0.sp4,-0.000253145616973707,0.00329998809483736,0.00654757113225542,1000
sp3,92,species.l0.sp5,0.000234213144247522,0.00322669182227159,0.00640828977658474,1000
sp3,93,species.l0.sp6,3.50957362153086e-08,0.00337705945870781,0.0067751153005717,1000
sp3,94,species.l0.sp7,-0.000379682594237714,0.00320032574803771,0.00624176199461139,1000
sp3,95,species.l0.sp8,6.71189096908077e-05,0.00314617668152347,0.00632852011223075,1000
sp3,96,species.l0.sp9,7.16997029867952e-05,0.00536897664327033,0.0101231901987268,1000
sp3,97,species.l0.sp10,-0.000470228314498323,0.00641112888728614,0.0136640658138632,1000
sp3,98,species.l0.sp11,-0.000518243100737367,0.00326651357069158,0.00660163110907822,1000
sp3,99,species.l0.sp12,0.000255761707130337,0.00302372507159294,0.00590023741988203,1000
sp3,100,species.l0.sp13,-5.43045480909294e-05,0.00283069093391857,0.00550768328625605,1000
sp3,101,species.l0.sp14,-2.44439029562796e-05,0.00299673964050167,0.00561408332191294,1000
sp3,102,species.l0.sp15,-4.79775770554936e-05,0.00306058919132398,0.0059700958560209,1000
sp3,103,mortality.additional.larva.rate.sp0,0.000190288133498749,0.00385275269358186,0.00825652225066083,1000
sp3,104,mortality.additional.larva.rate.sp1,-2.50065275384039e-06,0.00324219221335254,0.00686776271886823,1000
sp3,105,mortality.additional.larva.rate.sp2,-0.00106436281446461,0.0110018568083873,0.0211781734933527,1000
sp3,106,mortality.additional.larva.rate.sp3,0.0034410657566714,0.0814766457772026,0.126126673887021,1000
sp3,107,mortality.additional.larva.rate.sp4,0.000262308538176078,0.00316822106648985,0.00613397856695772,1000
sp3,108,mortality.additional.larva.rate.sp5,-5.88345744229345e-05,0.00302435792228473,0.00591492397806059,1000
sp3,109,mortality.additional.larva.rate.sp6,-0.000214489189153717,0.00302180121544305,0.00618088888651807,1000
sp3,110,mortality.additional.larva.rate.sp9,-1.81761720938987e-05,0.0049990637709978,0.00889566543846846,1000
sp3,111,mortality.additional.larva.rate.sp10,-3.86959843485903e-05,0.0087284958650112,0.0179909003123308,1000
sp3,112,mortality.additional.larva.rate.sp11,-0.000250159888961089,0.00313502332490417,0.00598584140426859,1000
sp3,113,mortality.additional.larva.rate.sp12,0.000106259761308933,0.0033481651959967,0.00700861602573627,1000
sp3,114,mortality.additional.larva.rate.sp13,-3.57325595689843e-05,0.0031197271470951,0.00623171294480788,1000
sp3,115,mortality.additional.larva.rate.sp14,-6.60091343553786e-05,0.00325385215058963,0.00635635020836907,1000
sp3,116,mortality.additional.larva.rate.sp15,2.68353810148713e-05,0.00311126321724444,0.00619450277656893,1000
sp3,117,mortality.additional.larva.rate.mean.sp7,-6.22094847293603e-05,0.00300114508886824,0.00595181225138904,1000
sp3,118,mortality.additional.larva.rate.mean.sp8,0.000142019980066188,0.00317743916189728,0.00593226449253124,1000
sp3,119,species.linf.sp0,0.000135864337639709,0.00468715550195017,0.00988350994496108,1000
sp3,120,species.linf.sp1,6.1600533000378e-05,0.00303193747338161,0.00589388563400403,1000
sp3,121,species.linf.sp2,-0.000287447018471655,0.0141390092691607,0.0256965499409537,1000
sp3,122,species.linf.sp3,0.00323957207596813,0.118297893908004,0.164784105752905,1000
sp3,123,species.linf.sp4,-0.00016618971381632,0.00373655699150239,0.00675265558687171,1000
sp3,124,species.linf.sp5,0.000186624801772577,0.0101231850149482,0.0241854138802992,1000
sp3,125,species.linf.sp6,-3.80389434278426e-05,0.00334745254766209,0.00649715576496846,1000
sp3,126,species.linf.sp7,8.43126526149054e-05,0.00318058798251671,0.0060871467745253,1000
sp3,127,species.linf.sp8,0.00021495397491099,0.00392508935755223,0.00711313001199489,1000
sp3,128,species.linf.sp9,-3.68003918809598e-05,0.0122753765979308,0.0210152190263121,1000
sp3,129,species.linf.sp10,0.000544996806835854,0.0121623248449108,0.0253270837711174,1000
sp3,130,species.linf.sp11,0.00026554497932161,0.00373713362244143,0.00734272681631841,1000
sp3,131,species.linf.sp12,-0.000726193143763153,0.00529880138543416,0.00994452089910454,1000
sp3,132,species.linf.sp13,9.70258361757745e-05,0.00362740828419433,0.00738041986316805,1000
sp3,133,species.linf.sp14,0.000145565399119787,0.0031766117724284,0.0063192819831852,1000
sp3,134,species.linf.sp15,0.000121111531221915,0.00322825277107696,0.00599577951838613,1000
sp3,135,species.accessibility2fish.sp16,-0.00031895894392065,0.00308431041734388,0.0061225515682468,1000
sp3,136,species.accessibility2fish.sp17,-0.000251466692263425,0.00298403317807898,0.00574313285026419,1000
sp3,137,species.accessibility2fish.sp18,-3.90752691810557e-05,0.00339592950648455,0.00698885996451638,1000
sp3,138,species.accessibility2fish.sp19,4.15605386948456e-05,0.00303312889091059,0.00598425847038911,1000
sp3,139,species.accessibility2fish.sp20,-0.000163779048552857,0.00342343065093616,0.00671458572341443,1000
sp3,140,species.accessibility2fish.sp21,-0.000574281784966631,0.00308287356724149,0.00557151071898684,1000
sp3,141,species.accessibility2fish.sp22,5.59852183318397e-05,0.00324661026172182,0.00648203264457656,1000
sp3,142,species.accessibility2fish.sp23,-0.000181871271822535,0.00331582622964339,0.00655982734828473,1000
sp3,143,species.accessibility2fish.sp24,0.000589855002777158,0.00760019032285415,0.0126142313487652,1000
sp3,144,species.accessibility2fish.sp25,0.000267885194816894,0.00284460718376842,0.00540336469722536,1000
sp3,145,species.accessibility2fish.sp26,-1.10848944114258e-05,0.00311173994573357,0.00608424674150118,1000
sp3,146,species.maturity.size.ratio.sp0,-4.04762382504057e-06,0.00455315864009369,0.00972304798872462,1000
sp3,147,species.maturity.size.ratio.sp1,0.000320378090860302,0.00300728337281136,0.00603224841496769,1000
sp3,148,species.maturity.size.ratio.sp2,-5.0505928011377e-05,0.00330684137574233,0.00685876493798758,1000
sp3,149,species.maturity.size.ratio.sp3,7.22882296174245e-05,0.00337281976341377,0.00676918472437436,1000
sp3,150,species.maturity.size.ratio.sp4,6.2068621065515e-06,0.00330601765212487,0.00634745098679129,1000
sp3,151,species.maturity.size.ratio.sp5,-0.000422663617100829,0.00305807400923899,0.00633598277565855,1000
sp3,152,species.maturity.size.ratio.sp6,-3.60801215171908e-05,0.00317411197469285,0.00646307753686978,1000
sp3,153,species.maturity.size.ratio.sp7,8.59978038539278e-05,0.00290558160846671,0.00569378352477297,1000
sp3,154,species.maturity.size.ratio.sp8,-0.000264694366955117,0.00301055926977594,0.00597338312257738,1000
sp3,155,species.maturity.size.ratio.sp9,0.000195888112405728,0.00297628369440964,0.00561021627558824,1000
sp3,156,species.maturity.size.ratio.sp10,0.00029775865144983,0.00375605056624262,0.00800931772998103,1000
sp3,157,species.maturity.size.ratio.sp11,-0.000167911350033592,0.00528659291308515,0.0111901489068226,1000
sp3,158,species.maturity.size.ratio.sp12,-1.72079246982008e-05,0.003060998476914,0.00605501214760549,1000
sp3,159,species.maturity.size.ratio.sp13,-0.000725846490158275,0.0057393210679245,0.0112645843876468,1000
sp3,160,species.maturity.size.ratio.sp14,-0.000457690503625875,0.00323955097791876,0.00618733652292296,1000
sp3,161,species.maturity.size.ratio.sp15,7.35021553329298e-05,0.00317339143538225,0.00670886538272172,1000
sp3,162,predation.predPrey.sizeRatio.teta.sp0.stage1,0.000238408035168016,0.0030796309539202,0.00605265613488428,1000
sp3,163,predation.predPrey.sizeRatio.alpha.sp0.stage1,0.000156677777952285,0.00343806577907377,0.00710159156434188,1000
sp3,164,predation.predPrey.sizeRatio.teta.sp1.stage1,7.98919554843365e-05,0.00333821526910511,0.00665180769736185,1000
sp3,165,predation.predPrey.sizeRatio.alpha.sp1.stage1,0.000282148911658161,0.00320206091837324,0.00584919022222756,1000
sp3,166,predation.predPrey.sizeRatio.teta.sp2.stage1,-0.000375018102155507,0.00319446155007637,0.00647801974478363,1000
sp3,167,predation.predPrey.sizeRatio.alpha.sp2.stage1,0.000213662570323887,0.00656189488467255,0.013089212075861,1000
sp3,168,predation.predPrey.sizeRatio.teta.sp3.stage1,3.47578356938401e-05,0.00320152380777309,0.00634039594814818,1000
sp3,169,predation.predPrey.sizeRatio.alpha.sp3.stage1,-0.000199953618494418,0.0123640273531678,0.0190976690061115,1000
sp3,170,predation.predPrey.sizeRatio.teta.sp4.stage1,-0.000212685574421081,0.00290169078574294,0.0055060996725255,1000
sp3,171,predation.predPrey.sizeRatio.alpha.sp4.stage1,0.000191656356278448,0.00342634978355286,0.00688558664026715,1000
sp3,172,predation.predPrey.sizeRatio.teta.sp5.stage1,0.000484028971728133,0.00337863474884236,0.00704921694022707,1000
sp3,173,predation.predPrey.sizeRatio.teta.sp5.stage2,0.000719124850566439,0.0116010452122207,0.0255993225159919,1000
sp3,174,predation.predPrey.sizeRatio.alpha.sp5.stage1,6.55550492140863e-06,0.00310785331208785,0.00600433163145882,1000
sp3,175,predation.predPrey.sizeRatio.alpha.sp5.stage2,-0.000161059993517749,0.01022722670899,0.0232777083671112,1000
sp3,176,predation.predPrey.sizeRatio.teta.sp6.stage1,0.000159179389594118,0.00294724411336638,0.00565109266038997,1000
sp3,177,predation.predPrey.sizeRatio.alpha.sp6.stage1,-0.0001474407044123,0.00326046119286422,0.00662341815489691,1000
sp3,178,predation.predPrey.sizeRatio.teta.sp7.stage1,-0.000303965788143018,0.00311085313288296,0.00579870049474823,1000
sp3,179,predation.predPrey.sizeRatio.alpha.sp7.stage1,-0.000123036936441837,0.00324609688493821,0.00649527209553213,1000
sp3,180,predation.predPrey.sizeRatio.teta.sp8.stage1,0.000115118553915539,0.00316112480832403,0.0065612712140523,1000
sp3,181,predation.predPrey.sizeRatio.alpha.sp8.stage1,-6.04430667117606e-05,0.0040074157133763,0.00739926505903258,1000
sp3,182,predation.predPrey.sizeRatio.teta.sp9.stage1,4.33446747484102e-05,0.00347841458839821,0.00695840049962087,1000
sp3,183,predation.predPrey.sizeRatio.alpha.sp9.stage1,-6.87906649115948e-05,0.00646901065231121,0.012799230122208,1000
sp3,184,predation.predPrey.sizeRatio.teta.sp10.stage1,-8.82658723602986e-05,0.00312662490167077,0.00609179358885695,1000
sp3,185,predation.predPrey.sizeRatio.alpha.sp10.stage1,-3.90629810758037e-05,0.00477234493400164,0.0106155659934978,1000
sp3,186,predation.predPrey.sizeRatio.teta.sp11.stage1,0.000148407441593909,0.00318014429446993,0.00610093003008623,1000
sp3,187,predation.predPrey.sizeRatio.alpha.sp11.stage1,-0.000251455606347685,0.00327355715351403,0.00648751248294824,1000
sp3,188,predation.predPrey.sizeRatio.teta.sp12.stage1,-2.60428967087535e-05,0.00369857731712961,0.00747106193136926,1000
sp3,189,predation.predPrey.sizeRatio.alpha.sp12.stage1,-3.83662326234024e-05,0.00360998127223419,0.00651319240158416,1000
sp3,190,predation.predPrey.sizeRatio.teta.sp13.stage1,6.30574707188831e-05,0.00293689456980057,0.00579071803209595,1000
sp3,191,predation.predPrey.sizeRatio.alpha.sp13.stage1,-4.69822657790263e-06,0.00341419137038465,0.00717686147222349,1000
sp3,192,predation.predPrey.sizeRatio.teta.sp14.stage1,0.000117587310105471,0.00295776819248321,0.00582643441627713,1000
sp3,193,predation.predPrey.sizeRatio.alpha.sp14.stage1,0.000115003483333346,0.00308403454945985,0.00623954788285375,1000
sp3,194,predation.predPrey.sizeRatio.teta.sp15.stage1,-1.33080932248675e-06,0.0030708963351351,0.00584127557096395,1000
sp3,195,predation.predPrey.sizeRatio.alpha.sp15.stage1,-0.000372864109952913,0.00325531285764013,0.0065066759749105,1000
sp4,1,mortality.additional.rate.sp0,,,,0
sp4,2,mortality.additional.rate.sp1,,,,0
sp4,3,mortality.additional.rate.sp2,,,,0
sp4,4,mortality.additional.rate.sp3,,,,0
sp4,5,mortality.additional.rate.sp4,,,,0
sp4,6,mortality.additional.rate.sp5,,,,0
sp4,7,mortality.additional.rate.sp6,,,,0
sp4,8,mortality.additional.rate.sp7,,,,0
sp4,9,mortality.additional.rate.sp8,,,,0
sp4,10,mortality.additional.rate.sp9,,,,0
sp4,11,mortality.additional.rate.sp10,,,,0
sp4,12,mortality.additional.rate.sp11,,,,0
sp4,13,mortality.additional.rate.sp12,,,,0
sp4,14,mortality.additional.rate.sp13,,,,0
sp4,15,mortality.additional.rate.sp14,,,,0
sp4,16,mortality.additional.rate.sp15,,,,0
sp4,17,fisheries.rate.base.fsh0,,,,0
sp4,18,fisheries.rate.base.fsh1,,,,0
sp4,19,fisheries.rate.base.fsh2,,,,0
sp4,20,fisheries.rate.base.fsh3,,,,0
sp4,21,species.catchability.fsh0.sp0,,,,0
sp4,22,species.catchability.fsh0.sp1,,,,0
sp4,23,species.catchability.fsh0.sp2,,,,0
sp4,24,species.catchability.fsh0.sp3,,,,0
sp4,25,species.catchability.fsh0.sp5,,,,0
sp4,26,species.catchability.fsh0.sp7,,,,0
sp4,27,species.catchability.fsh0.sp8,,,,0
sp4,28,species.catchability.fsh0.sp9,,,,0
sp4,29,species.catchability.fsh0.sp10,,,,0
sp4,30,species.catchability.fsh0.sp13,,,,0
sp4,31,species.catchability.fsh0.sp14,,,,0
sp4,32,species.catchability.fsh0.sp15,,,,0
sp4,33,species.catchability.fsh1.sp9,,,,0
sp4,34,species.catchability.fsh1.sp10,,,,0
sp4,35,species.catchability.fsh1.sp11,,,,0
sp4,36,species.catchability.fsh1.sp12,,,,0
sp4,37,species.catchability.fsh2.sp0,,,,0
sp4,38,species.catchability.fsh2.sp5,,,,0
sp4,39,species.catchability.fsh2.sp7,,,,0
sp4,40,species.catchability.fsh2.sp8,,,,0
sp4,41,species.catchability.fsh3.sp0,,,,0
sp4,42,species.catchability.fsh3.sp1,,,,0
sp4,43,species.catchability.fsh3.sp2,,,,0
sp4,44,species.catchability.fsh3.sp3,,,,0
sp4,45,species.catchability.fsh3.sp5,,,,0
sp4,46,species.catchability.fsh3.sp7,,,,0
sp4,47,species.catchability.fsh3.sp8,,,,0
sp4,48,species.catchability.fsh3.sp9,,,,0
sp4,49,species.catchability.fsh3.sp10,,,,0
sp4,50,species.catchability.fsh3.sp11,,,,0
sp4,51,species.catchability.fsh3.sp12,,,,0
sp4,52,species.catchability.fsh3.sp13,,,,0
sp4,53,species.catchability.fsh3.sp14,,,,0
sp4,54,species.catchability.fsh3.sp15,,,,0
sp4,55,species.length2weight.condition.factor.sp0,,,,0
sp4,56,species.length2weight.condition.factor.sp1,,,,0
sp4,57,species.length2weight.condition.factor.sp2,,,,0
sp4,58,species.length2weight.condition.factor.sp3,,,,0
sp4,59,species.length2weight.condition.factor.sp4,,,,0
sp4,60,species.length2weight.condition.factor.sp5,,,,0
sp4,61,species.length2weight.condition.factor.sp6,,,,0
sp4,62,species.length2weight.condition.factor.sp7,,,,0
sp4,63,species.length2weight.condition.factor.sp8,,,,0
sp4,64,species.length2weight.condition.factor.sp9,,,,0
sp4,65,species.length2weight.condition.factor.sp10,,,,0
sp4,66,species.length2weight.condition.factor.sp11,,,,0
sp4,67,species.length2weight.condition.factor.sp12,,,,0
sp4,68,species.length2weight.condition.factor.sp13,,,,0
sp4,69,species.length2weight.condition.factor.sp14,,,,0
sp4,70,species.length2weight.condition.factor.sp15,,,,0
sp4,71,species.k.sp0,,,,0
sp4,72,species.k.sp1,,,,0
sp4,73,species.k.sp2,,,,0
sp4,74,species.k.sp3,,,,0
sp4,75,species.k.sp4,,,,0
sp4,76,species.k.sp5,,,,0
sp4,77,species.k.sp6,,,,0
sp4,78,species.k.sp7,,,,0
sp4,79,species.k.sp8,,,,0
sp4,80,species.k.sp9,,,,0
sp4,81,species.k.sp10,,,,0
sp4,82,species.k.sp11,,,,0
sp4,83,species.k.sp12,,,,0
sp4,84,species.k.sp13,,,,0
sp4,85,species.k.sp14,,,,0
sp4,86,species.k.sp15,,,,0
sp4,87,species.l0.sp0,,,,0
sp4,88,species.l0.sp1,,,,0
sp4,89,species.l0.sp2,,,,0
sp4,90,species.l0.sp3,,,,0
sp4,91,species.l0.sp4,,,,0
sp4,92,species.l0.sp5,,,,0
sp4,93,species.l0.sp6,,,,0
sp4,94,species.l0.sp7,,,,0
sp4,95,species.l0.sp8,,,,0
sp4,96,species.l0.sp9,,,,0
sp4,97,species.l0.sp10,,,,0
sp4,98,species.l0.sp11,,,,0
sp4,99,species.l0.sp12,,,,0
sp4,100,species.l0.sp13,,,,0
sp4,101,species.l0.sp14,,,,0
sp4,102,species.l0.sp15,,,,0
sp4,103,mortality.additional.larva.rate.sp0,,,,0
sp4,104,mortality.additional.larva.rate.sp1,,,,0
sp4,105,mortality.additional.larva.rate.sp2,,,,0
sp4,106,mortality.additional.larva.rate.sp3,,,,0
sp4,107,mortality.additional.larva.rate.sp4,,,,0
sp4,108,mortality.additional.larva.rate.sp5,,,,0
sp4,109,mortality.additional.larva.rate.sp6,,,,0
sp4,110,mortality.additional.larva.rate.sp9,,,,0
sp4,111,mortality.additional.larva.rate.sp10,,,,0
sp4,112,mortality.additional.larva.rate.sp11,,,,0
sp4,113,mortality.additional.larva.rate.sp12,,,,0
sp4,114,mortality.additional.larva.rate.sp13,,,,0
sp4,115,mortality.additional.larva.rate.sp14,,,,0
sp4,116,mortality.additional.larva.rate.sp15,,,,0
sp4,117,mortality.additional.larva.rate.mean.sp7,,,,0
sp4,118,mortality.additional.larva.rate.mean.sp8,,,,0
sp4,119,species.linf.sp0,,,,0
sp4,120,species.linf.sp1,,,,0
sp4,121,species.linf.sp2,,,,0
sp4,122,species.linf.sp3,,,,0
sp4,123,species.linf.sp4,,,,0
sp4,124,species.linf.sp5,,,,0
sp4,125,species.linf.sp6,,,,0
sp4,126,species.linf.sp7,,,,0
sp4,127,species.linf.sp8,,,,0
sp4,128,species.linf.sp9,,,,0
sp4,129,species.linf.sp10,,,,0
sp4,130,species.linf.sp11,,,,0
sp4,131,species.linf.sp12,,,,0
sp4,132,species.linf.sp13,,,,0
sp4,133,species.linf.sp14,,,,0
sp4,134,species.linf.sp15,,,,0
sp4,135,species.accessibility2fish.sp16,,,,0
sp4,136,species.accessibility2fish.sp17,,,,0
sp4,137,species.accessibility2fish.sp18,,,,0
sp4,138,species.accessibility2fish.sp19,,,,0
sp4,139,species.accessibility2fish.sp20,,,,0
sp4,140,species.accessibility2fish.sp21,,,,0
sp4,141,species.accessibility2fish.sp22,,,,0
sp4,142,species.accessibility2fish.sp23,,,,0
sp4,143,species.accessibility2fish.sp24,,,,0
sp4,144,species.accessibility2fish.sp25,,,,0
sp4,145,species.accessibility2fish.sp26,,,,0
sp4,146,species.maturity.size.ratio.sp0,,,,0
sp4,147,species.maturity.size.ratio.sp1,,,,0
sp4,148,species.maturity.size.ratio.sp2,,,,0
sp4,149,species.maturity.size.ratio.sp3,,,,0
sp4,150,species.maturity.size.ratio.sp4,,,,0
sp4,151,species.maturity.size.ratio.sp5,,,,0
sp4,152,species.maturity.size.ratio.sp6,,,,0
sp4,153,species.maturity.size.ratio.sp7,,,,0
sp4,154,species.maturity.size.ratio.sp8,,,,0
sp4,155,species.maturity.size.ratio.sp9,,,,0
sp4,156,species.maturity.size.ratio.sp10,,,,0
sp4,157,species.maturity.size.ratio.sp11,,,,0
sp4,158,species.maturity.size.ratio.sp12,,,,0
sp4,159,species.maturity.size.ratio.sp13,,,,0
sp4,160,species.maturity.size.ratio.sp14,,,,0
sp4,161,species.maturity.size.ratio.sp15,,,,0
sp4,162,predation.predPrey.sizeRatio.teta.sp0.stage1,,,,0
sp4,163,predation.predPrey.sizeRatio.alpha.sp0.stage1,,,,0
sp4,164,predation.predPrey.sizeRatio.teta.sp1.stage1,,,,0
sp4,165,predation.predPrey.sizeRatio.alpha.sp1.stage1,,,,0
sp4,166,predation.predPrey.sizeRatio.teta.sp2.stage1,,,,0
sp4,167,predation.predPrey.sizeRatio.alpha.sp2.stage1,,,,0
sp4,168,predation.predPrey.sizeRatio.teta.sp3.stage1,,,,0
sp4,169,predation.predPrey.sizeRatio.alpha.sp3.stage1,,,,0
sp4,170,predation.predPrey.sizeRatio.teta.sp4.stage1,,,,0
sp4,171,predation.predPrey.sizeRatio.alpha.sp4.stage1,,,,0
sp4,172,predation.predPrey.sizeRatio.teta.sp5.stage1,,,,0
sp4,173,predation.predPrey.sizeRatio.teta.sp5.stage2,,,,0
sp4,174,predation.predPrey.sizeRatio.alpha.sp5.stage1,,,,0
sp4,175,predation.predPrey.sizeRatio.alpha.sp5.stage2,,,,0
sp4,176,predation.predPrey.sizeRatio.teta.sp6.stage1,,,,0
sp4,177,predation.predPrey.sizeRatio.alpha.sp6.stage1,,,,0
sp4,178,predation.predPrey.sizeRatio.teta.sp7.stage1,,,,0
sp4,179,predation.predPrey.sizeRatio.alpha.sp7.stage1,,,,0
sp4,180,predation.predPrey.sizeRatio.teta.sp8.stage1,,,,0
sp4,181,predation.predPrey.sizeRatio.alpha.sp8.stage1,,,,0
sp4,182,predation.predPrey.sizeRatio.teta.sp9.stage1,,,,0
sp4,183,predation.predPrey.sizeRatio.alpha.sp9.stage1,,,,0
sp4,184,predation.predPrey.sizeRatio.teta.sp10.stage1,,,,0
sp4,185,predation.predPrey.sizeRatio.alpha.sp10.stage1,,,,0
sp4,186,predation.predPrey.sizeRatio.teta.sp11.stage1,,,,0
sp4,187,predation.predPrey.sizeRatio.alpha.sp11.stage1,,,,0
sp4,188,predation.predPrey.sizeRatio.teta.sp12.stage1,,,,0
sp4,189,predation.predPrey.sizeRatio.alpha.sp12.stage1,,,,0
sp4,190,predation.predPrey.sizeRatio.teta.sp13.stage1,,,,0
sp4,191,predation.predPrey.sizeRatio.alpha.sp13.stage1,,,,0
sp4,192,predation.predPrey.sizeRatio.teta.sp14.stage1,,,,0
sp4,193,predation.predPrey.sizeRatio.alpha.sp14.stage1,,,,0
sp4,194,predation.predPrey.sizeRatio.teta.sp15.stage1,,,,0
sp4,195,predation.predPrey.sizeRatio.alpha.sp15.stage1,,,,0
sp5,1,mortality.additional.rate.sp0,-1.11461857388519e-05,0.000418337498083297,0.000621807706483873,1000
sp5,2,mortality.additional.rate.sp1,-3.35648510785134e-05,0.000440355656841728,0.000739666986943637,1000
sp5,3,mortality.additional.rate.sp2,-1.00023298279305e-05,0.000431785104425252,0.000608156541433172,1000
sp5,4,mortality.additional.rate.sp3,-1.34824828698804e-05,0.000420312600026768,0.000589452719820314,1000
sp5,5,mortality.additional.rate.sp4,-5.64969612407398e-06,0.00042176413249683,0.00058412235906255,1000
sp5,6,mortality.additional.rate.sp5,-1.06286948591219e-05,0.000555876372570513,0.000800941726315376,1000
sp5,7,mortality.additional.rate.sp6,3.38450374166839e-05,0.000429423453621911,0.000664335951867122,1000
sp5,8,mortality.additional.rate.sp7,4.87698369476738e-05,0.000421780497034979,0.000669143822282346,1000
sp5,9,mortality.additional.rate.sp8,-3.31721685903317e-05,0.000417541822497773,0.000610782667943578,1000
sp5,10,mortality.additional.rate.sp9,5.08976545709158e-06,0.000440659525950168,0.000629639671854999,1000
sp5,11,mortality.additional.rate.sp10,3.60470762836158e-05,0.000434874703308317,0.000705146263455784,1000
sp5,12,mortality.additional.rate.sp11,-1.59725317402702e-05,0.000431044945349959,0.000596302009236412,1000
sp5,13,mortality.additional.rate.sp12,1.88868439307111e-05,0.000423254225771293,0.000617784320860259,1000
sp5,14,mortality.additional.rate.sp13,-1.84255684201251e-05,0.000432855555147262,0.00063390246729275,1000
sp5,15,mortality.additional.rate.sp14,-4.1523369410656e-05,0.000457357831282218,0.000693442727426639,1000
sp5,16,mortality.additional.rate.sp15,-3.27505329128006e-05,0.000431607929179577,0.00061015772719934,1000
sp5,17,fisheries.rate.base.fsh0,2.08120579396409e-05,0.00145126734230176,0.00168019307938209,1000
sp5,18,fisheries.rate.base.fsh1,-1.85247554533713e-06,0.00040689065533128,0.000635167974893066,1000
sp5,19,fisheries.rate.base.fsh2,9.03460614847102e-06,0.00182135349500142,0.00199226428297253,1000
sp5,20,fisheries.rate.base.fsh3,-1.32194245865684e-05,0.000464426665794544,0.000667124835781569,1000
sp5,21,species.catchability.fsh0.sp0,-9.06898952740978e-06,0.000417549808359484,0.000632421816957624,1000
sp5,22,species.catchability.fsh0.sp1,-2.63036644339593e-06,0.000446258561551146,0.000684565997668453,1000
sp5,23,species.catchability.fsh0.sp2,2.14926625046518e-05,0.00045180061087801,0.000775882532193368,1000
sp5,24,species.catchability.fsh0.sp3,-5.98386626272596e-06,0.000460373984948266,0.000817809820398686,1000
sp5,25,species.catchability.fsh0.sp5,-2.26352451110737e-06,0.00143049717152902,0.0016329417739131,1000
sp5,26,species.catchability.fsh0.sp7,-9.3568625234057e-06,0.000435875937188652,0.000655344206453182,1000
sp5,27,species.catchability.fsh0.sp8,3.66170769118925e-05,0.00041258353864812,0.000573811348495077,1000
sp5,28,species.catchability.fsh0.sp9,-4.68262511520234e-06,0.000425678098008,0.000609791116386411,1000
sp5,29,species.catchability.fsh0.sp10,-1.77867898886747e-05,0.000423438083369021,0.000593023223333078,1000
sp5,30,species.catchability.fsh0.sp13,1.24206066015221e-05,0.00041233938668558,0.000581409948515502,1000
sp5,31,species.catchability.fsh0.sp14,1.27506219085258e-06,0.000417340976790753,0.000649868828437651,1000
sp5,32,species.catchability.fsh0.sp15,9.22176598522975e-06,0.000430156701108305,0.000604646084479292,1000
sp5,33,species.catchability.fsh1.sp9,1.76656086496068e-05,0.00042930482255057,0.000633676637300179,1000
sp5,34,species.catchability.fsh1.sp10,3.75216880507301e-05,0.00043281129537952,0.000636343096847355,1000
sp5,35,species.catchability.fsh1.sp11,8.42744229266765e-06,0.000402677870038869,0.000591140004816578,1000
sp5,36,species.catchability.fsh1.sp12,-4.06924961554861e-06,0.00040197008147888,0.000587363858629315,1000
sp5,37,species.catchability.fsh2.sp0,1.59143348377039e-05,0.000449545541247811,0.000743741760977683,1000
sp5,38,species.catchability.fsh2.sp5,8.55351415176881e-05,0.00180970493083964,0.0019715836282353,1000
sp5,39,species.catchability.fsh2.sp7,7.58325213912531e-07,0.000442688973626241,0.000681919364843445,1000
sp5,40,species.catchability.fsh2.sp8,-1.04320961804498e-05,0.000404408086716329,0.000563590780725376,1000
sp5,41,species.catchability.fsh3.sp0,2.41005745280357e-06,0.000401395067812009,0.000601355314029081,1000
sp5,42,species.catchability.fsh3.sp1,-4.46314028849837e-06,0.000447062549083119,0.000846768232853854,1000
sp5,43,species.catchability.fsh3.sp2,5.40346332590902e-06,0.00042157956705353,0.000608448150476014,1000
sp5,44,species.catchability.fsh3.sp3,-2.01045858048911e-05,0.000450471751312708,0.000821487028052311,1000
sp5,45,species.catchability.fsh3.sp5,4.69699445279509e-06,0.000483126463252437,0.000646708422908834,1000
sp5,46,species.catchability.fsh3.sp7,-2.68557571362971e-06,0.00044113276847236,0.000642338367521436,1000
sp5,47,species.catchability.fsh3.sp8,-2.65768953772416e-05,0.000428237138188061,0.000610532110423071,1000
sp5,48,species.catchability.fsh3.sp9,1.54697722187433e-05,0.000437230288511791,0.000699608477763917,1000
sp5,49,species.catchability.fsh3.sp10,4.95920939322118e-05,0.00046221407602262,0.000962138427403206,1000
sp5,50,species.catchability.fsh3.sp11,2.76750061261943e-06,0.000403392552298189,0.00056079329214851,1000
sp5,51,species.catchability.fsh3.sp12,-1.06879525283948e-06,0.000419664905265987,0.000706208163246375,1000
sp5,52,species.catchability.fsh3.sp13,-8.62506133223473e-08,0.000412125584466333,0.000567355092579186,1000
sp5,53,species.catchability.fsh3.sp14,8.91294842757684e-06,0.000415473265612658,0.000644915354816096,1000
sp5,54,species.catchability.fsh3.sp15,5.17645867805917e-05,0.000453924779405365,0.000718292814202951,1000
sp5,55,species.length2weight.condition.factor.sp0,2.39453837509103e-05,0.000429608149528585,0.000604895496952313,1000
sp5,56,species.length2weight.condition.factor.sp1,3.70628792072603e-06,0.000428161577237243,0.000662090955701902,1000
sp5,57,species.length2weight.condition.factor.sp2,2.35844711660968e-06,0.000376669572929724,0.000551145508586037,1000
sp5,58,species.length2weight.condition.factor.sp3,-2.97334885717708e-05,0.000414978970364568,0.000637543037118687,1000
sp5,59,species.length2weight.condition.factor.sp4,3.95623569658387e-07,0.000434941246835878,0.000635902553726767,1000
sp5,60,species.length2weight.condition.factor.sp5,3.07723305186564e-05,0.000427320393803047,0.000609178204510159,1000
sp5,61,species.length2weight.condition.factor.sp6,1.74622185041906e-06,0.000440957668728667,0.000620499703454407,1000
sp5,62,species.length2weight.condition.factor.sp7,-2.56028000226309e-05,0.000425190389001993,0.000685922446162639,1000
sp5,63,species.length2weight.condition.factor.sp8,-7.80540006256381e-07,0.000419543515262551,0.000581785527532273,1000
sp5,64,species.length2weight.condition.factor.sp9,-2.24179900823971e-05,0.000428353321292484,0.000716295018397196,1000
sp5,65,species.length2weight.condition.factor.sp10,1.58977957103853e-05,0.00046181875385958,0.000954626908770661,1000
sp5,66,species.length2weight.condition.factor.sp11,-5.85780047381602e-05,0.000418719735988997,0.000575807399487971,1000
sp5,67,species.length2weight.condition.factor.sp12,-1.81815088759583e-05,0.000441926044956044,0.000641707860711803,1000
sp5,68,species.length2weight.condition.factor.sp13,-1.35204937083438e-05,0.000440178353261061,0.000694197947459143,1000
sp5,69,species.length2weight.condition.factor.sp14,-7.94716023070988e-06,0.000430177849791376,0.000628476169393035,1000
sp5,70,species.length2weight.condition.factor.sp15,2.26706686995876e-05,0.000436385727095017,0.000679225907162016,1000
sp5,71,species.k.sp0,-2.36610330787354e-05,0.000439526254176179,0.000638335089226659,1000
sp5,72,species.k.sp1,-4.64460273360276e-06,0.000425976735576557,0.000717360625105142,1000
sp5,73,species.k.sp2,-8.60758094034197e-06,0.000452694773391199,0.00066550451055223,1000
sp5,74,species.k.sp3,-9.31364531869541e-06,0.000463024529358332,0.000757106032862236,1000
sp5,75,species.k.sp4,1.94270237558485e-05,0.000446306713253601,0.00068234506309431,1000
sp5,76,species.k.sp5,0.00202991614425833,0.0299429260603793,0.0303188823241069,1000
sp5,77,species.k.sp6,2.42449620276176e-05,0.000451271837909453,0.000735718906335951,1000
sp5,78,species.k.sp7,-1.52641943596893e-05,0.000405748042656546,0.000639232276254604,1000
sp5,79,species.k.sp8,5.97943147163504e-06,0.000414721822286065,0.000709512442421494,1000
sp5,80,species.k.sp9,1.97719998066676e-05,0.000457268823873225,0.000899369240927745,1000
sp5,81,species.k.sp10,2.04771493900777e-05,0.00041113883856302,0.000574735922963788,1000
sp5,82,species.k.sp11,1.15006741354453e-05,0.00041506032768397,0.000565566968239689,1000
sp5,83,species.k.sp12,8.52137847813508e-06,0.000440178541515773,0.000623227623681414,1000
sp5,84,species.k.sp13,1.97527239344312e-05,0.000427433211954047,0.000608251469486302,1000
sp5,85,species.k.sp14,2.24061461642326e-05,0.000438520228508641,0.000620014206939703,1000
sp5,86,species.k.sp15,-9.64233395648578e-07,0.000446167886811889,0.000698376168727027,1000
sp5,87,species.l0.sp0,-6.36689913873445e-06,0.000454368240946062,0.000784765233983851,1000
sp5,88,species.l0.sp1,6.12228605867293e-07,0.000403459094839397,0.000562642670752775,1000
sp5,89,species.l0.sp2,-3.09184272265353e-06,0.000445615663758771,0.000632742028181769,1000
sp5,90,species.l0.sp3,-1.71070134688066e-05,0.000445590486988554,0.000645033946525499,1000
sp5,91,species.l0.sp4,6.84824497021086e-06,0.000430879353025828,0.000637680452486504,1000
sp5,92,species.l0.sp5,-9.49887350888584e-05,0.00133840839664622,0.00150745707320127,1000
sp5,93,species.l0.sp6,-2.68644442287692e-05,0.000437238198209085,0.000877049078106822,1000
sp5,94,species.l0.sp7,1.50665286222995e-05,0.000422136360075671,0.000623489071609428,1000
sp5,95,species.l0.sp8,-1.56093435940753e-05,0.000448194898231165,0.000668402653639301,1000
sp5,96,species.l0.sp9,1.09985078860311e-06,0.000418985012403069,0.000647053557710347,1000
sp5,97,species.l0.sp10,-2.77052271556738e-05,0.000465889137598871,0.000790421291537071,1000
sp5,98,species.l0.sp11,-4.02617449361594e-05,0.000424474073034128,0.00061047669057863,1000
sp5,99,species.l0.sp12,-1.2831321817761e-05,0.000387396819121235,0.000524273158380853,1000
sp5,100,species.l0.sp13,-6.00128189236829e-06,0.000429398061296481,0.000613691757396769,1000
sp5,101,species.l0.sp14,-1.07817487939184e-05,0.000416791347031627,0.000621134151732438,1000
sp5,102,species.l0.sp15,-1.00560989052057e-05,0.000425940064218595,0.000616120698111791,1000
sp5,103,mortality.additional.larva.rate.sp0,4.907764157842e-05,0.000449809644084895,0.000804624080851752,1000
sp5,104,mortality.additional.larva.rate.sp1,-9.05077573954005e-06,0.00044180894503238,0.00064536433476279,1000
sp5,105,mortality.additional.larva.rate.sp2,5.75237660068728e-08,0.000498035693500874,0.000731419583975015,1000
sp5,106,mortality.additional.larva.rate.sp3,-1.69791753701834e-05,0.00049425181012763,0.00090736342413124,1000
sp5,107,mortality.additional.larva.rate.sp4,1.01380025653255e-05,0.000428470017972236,0.000633539871667314,1000
sp5,108,mortality.additional.larva.rate.sp5,-2.05964109095642e-05,0.00055667171902681,0.00210810670009254,1000
sp5,109,mortality.additional.larva.rate.sp6,-1.14448243440096e-05,0.000423846938115143,0.000626542272686694,1000
sp5,110,mortality.additional.larva.rate.sp9,-2.36669651775566e-05,0.000417694028880878,0.000582996110978488,1000
sp5,111,mortality.additional.larva.rate.sp10,-3.14874689599479e-05,0.000428573055511344,0.000596796425624014,1000
sp5,112,mortality.additional.larva.rate.sp11,2.12972357708992e-05,0.000411353254575667,0.000634081429561531,1000
sp5,113,mortality.additional.larva.rate.sp12,-3.39381450672436e-05,0.000429431436222868,0.000635397169738573,1000
sp5,114,mortality.additional.larva.rate.sp13,8.53816739646327e-06,0.000407675468409334,0.000546947893924149,1000
sp5,115,mortality.additional.larva.rate.sp14,1.18964549099266e-05,0.000427574382469454,0.000621513543509984,1000
sp5,116,mortality.additional.larva.rate.sp15,1.02744901269793e-05,0.000412651935555503,0.000583921924954227,1000
sp5,117,mortality.additional.larva.rate.mean.sp7,-4.75687254750901e-06,0.000438210406612399,0.000653747380256521,1000
sp5,118,mortality.additional.larva.rate.mean.sp8,1.30972818307375e-05,0.000424512038037925,0.000611364032610376,1000
sp5,119,species.linf.sp0,1.17007205781655e-06,0.000428884867320064,0.000592658059566525,1000
sp5,120,species.linf.sp1,3.44605581940682e-06,0.000427146240400181,0.000629933044271636,1000
sp5,121,species.linf.sp2,-5.08846529396778e-06,0.000488854056211466,0.000976352152104036,1000
sp5,122,species.linf.sp3,4.1975928358835e-05,0.000610566848501576,0.000975606595747212,1000
sp5,123,species.linf.sp4,-2.41474838101616e-06,0.000499333105744163,0.000868267819872692,1000
sp5,124,species.linf.sp5,0.000304965733748735,0.0651457951216429,0.0658849804988277,1000
sp5,125,species.linf.sp6,6.65426325706022e-05,0.000420340860074046,0.000714311197315023,1000
sp5,126,species.linf.sp7,-6.76595161264637e-06,0.000429583672033394,0.000787670042184436,1000
sp5,127,species.linf.sp8,-7.5827390268681e-06,0.000453295087955542,0.000828706600458514,1000
sp5,128,species.linf.sp9,-7.93056341351739e-07,0.00044950587566989,0.000642768570068488,1000
sp5,129,species.linf.sp10,8.17522460170694e-07,0.000515307607328753,0.00110233167048532,1000
sp5,130,species.linf.sp11,-1.13691128875147e-05,0.000477234163558531,0.000781211546078417,1000
sp5,131,species.linf.sp12,-1.84548069937504e-05,0.000469605720876243,0.000769794594588694,1000
sp5,132,species.linf.sp13,-4.79334898186509e-06,0.000439359494807446,0.00063826744517242,1000
sp5,133,species.linf.sp14,-1.62597173431727e-05,0.000432325220344427,0.00061283828192226,1000
sp5,134,species.linf.sp15,1.07395029213715e-05,0.000413577105048733,0.000613412877618751,1000
sp5,135,species.accessibility2fish.sp16,1.5393687755695e-05,0.000437826951337596,0.000686261240126501,1000
sp5,136,species.accessibility2fish.sp17,-6.40602040245908e-06,0.000413633512309009,0.000565595992714898,1000
sp5,137,species.accessibility2fish.sp18,-1.70111235516201e-05,0.000442037030446193,0.000780034496713303,1000
sp5,138,species.accessibility2fish.sp19,-1.47505601827173e-05,0.000446052122448389,0.000652411559185332,1000
sp5,139,species.accessibility2fish.sp20,-3.66432707486237e-05,0.000425106636720359,0.00066190184160604,1000
sp5,140,species.accessibility2fish.sp21,2.52164359495997e-05,0.000492770060351777,0.000757056921535454,1000
sp5,141,species.accessibility2fish.sp22,-4.67575506503587e-07,0.000433747019828975,0.000610192491371304,1000
sp5,142,species.accessibility2fish.sp23,9.99716782938689e-06,0.000458497931675621,0.000683786066875876,1000
sp5,143,species.accessibility2fish.sp24,7.66497161793792e-06,0.000554155761572106,0.000766960602816237,1000
sp5,144,species.accessibility2fish.sp25,9.41999670127847e-06,0.000413248956489717,0.000593995035214649,1000
sp5,145,species.accessibility2fish.sp26,-3.57819109029223e-05,0.000519779204896165,0.000766927638476889,1000
sp5,146,species.maturity.size.ratio.sp0,-5.33963115863499e-05,0.000475239968655021,0.00105757765189443,1000
sp5,147,species.maturity.size.ratio.sp1,-8.82894370862808e-07,0.000442805126831601,0.00061102969319108,1000
sp5,148,species.maturity.size.ratio.sp2,-3.13829074341238e-05,0.00043843970100566,0.000676253334779681,1000
sp5,149,species.maturity.size.ratio.sp3,-8.87828252468948e-06,0.000413158598070557,0.000604050356087713,1000
sp5,150,species.maturity.size.ratio.sp4,-9.90220007591719e-06,0.000413482962437695,0.000579754987300022,1000
sp5,151,species.maturity.size.ratio.sp5,-6.79540834571446e-06,0.00042721530743538,0.000620064813284077,1000
sp5,152,species.maturity.size.ratio.sp6,-1.53394530771897e-05,0.000414935862740263,0.00057277463681443,1000
sp5,153,species.maturity.size.ratio.sp7,2.04740730126488e-05,0.00043689368363718,0.000628511533352688,1000
sp5,154,species.maturity.size.ratio.sp8,-1.54206327646688e-05,0.000422302092894325,0.000679913487694556,1000
sp5,155,species.maturity.size.ratio.sp9,2.21123185573505e-05,0.000411633677171255,0.000613861460952837,1000
sp5,156,species.maturity.size.ratio.sp10,1.22412739183894e-06,0.000447424176156753,0.000634614793494121,1000
sp5,157,species.maturity.size.ratio.sp11,8.27862804468338e-06,0.00044318781339491,0.000722225796193282,1000
sp5,158,species.maturity.size.ratio.sp12,-2.50055023996904e-06,0.000427530619036019,0.000671913430116406,1000
sp5,159,species.maturity.size.ratio.sp13,6.06078101219259e-05,0.000446375247380495,0.000626779149169995,1000
sp5,160,species.maturity.size.ratio.sp14,-2.51965349608049e-05,0.000448788680970472,0.000689140223309269,1000
sp5,161,species.maturity.size.ratio.sp15,2.0226100725847e-05,0.000417018491147823,0.000566703299304819,1000
sp5,162,predation.predPrey.sizeRatio.teta.sp0.stage1,2.6530287861388e-06,0.000424084499637125,0.000710683413410618,1000
sp5,163,predation.predPrey.sizeRatio.alpha.sp0.stage1,1.41352050401438e-05,0.000425369927366858,0.000607389624420731,1000
sp5,164,predation.predPrey.sizeRatio.teta.sp1.stage1,-2.15345680755644e-05,0.000399948204031212,0.000544412861413636,1000
sp5,165,predation.predPrey.sizeRatio.alpha.sp1.stage1,1.77458961000413e-05,0.000433949380984422,0.000758105313110502,1000
sp5,166,predation.predPrey.sizeRatio.teta.sp2.stage1,-2.09578436234401e-05,0.000424844816940342,0.000635995049118765,1000
sp5,167,predation.predPrey.sizeRatio.alpha.sp2.stage1,-1.23896707703754e-05,0.000412276105309066,0.000575513046380976,1000
sp5,168,predation.predPrey.sizeRatio.teta.sp3.stage1,-4.86187071428981e-05,0.000539548330506345,0.000785736539651464,1000
sp5,169,predation.predPrey.sizeRatio.alpha.sp3.stage1,-7.69357362735639e-05,0.00404739929779798,0.00520785024904081,1000
sp5,170,predation.predPrey.sizeRatio.teta.sp4.stage1,1.80505682524814e-05,0.000460425951999464,0.000813992213238858,1000
sp5,171,predation.predPrey.sizeRatio.alpha.sp4.stage1,9.89189414019478e-06,0.000447329066027258,0.000859346273353635,1000
sp5,172,predation.predPrey.sizeRatio.teta.sp5.stage1,2.07878371038238e-05,0.000521707213766625,0.00123301505291,1000
sp5,173,predation.predPrey.sizeRatio.teta.sp5.stage2,0.000215315180600761,0.00586448009743823,0.00689343029216356,1000
sp5,174,predation.predPrey.sizeRatio.alpha.sp5.stage1,4.02377748565866e-05,0.000533767513147389,0.00115483216865857,1000
sp5,175,predation.predPrey.sizeRatio.alpha.sp5.stage2,6.78506363864244e-05,0.00490887119005831,0.0056659729287344,1000
sp5,176,predation.predPrey.sizeRatio.teta.sp6.stage1,5.25762696853759e-05,0.000443175938043215,0.000870929488063583,1000
sp5,177,predation.predPrey.sizeRatio.alpha.sp6.stage1,-1.72983110360774e-05,0.000425656456278482,0.000632154306140853,1000
sp5,178,predation.predPrey.sizeRatio.teta.sp7.stage1,-5.06372230173624e-06,0.000424467262978825,0.00058136389017585,1000
sp5,179,predation.predPrey.sizeRatio.alpha.sp7.stage1,-2.0868418284215e-06,0.000433813900264075,0.000677802208483082,1000
sp5,180,predation.predPrey.sizeRatio.teta.sp8.stage1,1.23759671245841e-05,0.000411793206839326,0.000565431067378156,1000
sp5,181,predation.predPrey.sizeRatio.alpha.sp8.stage1,9.7472876743831e-06,0.000488265303685275,0.000725717297132249,1000
sp5,182,predation.predPrey.sizeRatio.teta.sp9.stage1,2.78317233849447e-05,0.00043820428513664,0.000645702068595698,1000
sp5,183,predation.predPrey.sizeRatio.alpha.sp9.stage1,-1.66735480812711e-05,0.000445540947981041,0.000655843775887091,1000
sp5,184,predation.predPrey.sizeRatio.teta.sp10.stage1,2.27118842790139e-06,0.000418969829471225,0.000636574379541061,1000
sp5,185,predation.predPrey.sizeRatio.alpha.sp10.stage1,1.66344105703743e-05,0.000452515528349312,0.000707552407652517,1000
sp5,186,predation.predPrey.sizeRatio.teta.sp11.stage1,-1.00457581221743e-05,0.000418974860632237,0.000607923246372791,1000
sp5,187,predation.predPrey.sizeRatio.alpha.sp11.stage1,2.25693083955848e-05,0.000437091520674982,0.000704378962021352,1000
sp5,188,predation.predPrey.sizeRatio.teta.sp12.stage1,-2.86226558572542e-06,0.00042498632816526,0.000644286818266481,1000
sp5,189,predation.predPrey.sizeRatio.alpha.sp12.stage1,-6.7118568725032e-06,0.000440413879238207,0.000648248634092574,1000
sp5,190,predation.predPrey.sizeRatio.teta.sp13.stage1,-2.18934895925754e-05,0.00043530269245944,0.000624619176366641,1000
sp5,191,predation.predPrey.sizeRatio.alpha.sp13.stage1,7.27828585431811e-05,0.000955021048429287,0.00115940595824896,1000
sp5,192,predation.predPrey.sizeRatio.teta.sp14.stage1,4.0896224643614e-06,0.000399243707877815,0.000547693035222608,1000
sp5,193,predation.predPrey.sizeRatio.alpha.sp14.stage1,4.31684698097057e-06,0.000451331645033885,0.000680274753982207,1000
sp5,194,predation.predPrey.sizeRatio.teta.sp15.stage1,-7.12743851259329e-07,0.00044222441424447,0.000779070429173312,1000
sp5,195,predation.predPrey.sizeRatio.alpha.sp15.stage1,4.8812413123818e-06,0.00142326813644877,0.00164934147272885,1000
sp6,1,mortality.additional.rate.sp0,,,,0
sp6,2,mortality.additional.rate.sp1,,,,0
sp6,3,mortality.additional.rate.sp2,,,,0
sp6,4,mortality.additional.rate.sp3,,,,0
sp6,5,mortality.additional.rate.sp4,,,,0
sp6,6,mortality.additional.rate.sp5,,,,0
sp6,7,mortality.additional.rate.sp6,,,,0
sp6,8,mortality.additional.rate.sp7,,,,0
sp6,9,mortality.additional.rate.sp8,,,,0
sp6,10,mortality.additional.rate.sp9,,,,0
sp6,11,mortality.additional.rate.sp10,,,,0
sp6,12,mortality.additional.rate.sp11,,,,0
sp6,13,mortality.additional.rate.sp12,,,,0
sp6,14,mortality.additional.rate.sp13,,,,0
sp6,15,mortality.additional.rate.sp14,,,,0
sp6,16,mortality.additional.rate.sp15,,,,0
sp6,17,fisheries.rate.base.fsh0,,,,0
sp6,18,fisheries.rate.base.fsh1,,,,0
sp6,19,fisheries.rate.base.fsh2,,,,0
sp6,20,fisheries.rate.base.fsh3,,,,0
sp6,21,species.catchability.fsh0.sp0,,,,0
sp6,22,species.catchability.fsh0.sp1,,,,0
sp6,23,species.catchability.fsh0.sp2,,,,0
sp6,24,species.catchability.fsh0.sp3,,,,0
sp6,25,species.catchability.fsh0.sp5,,,,0
sp6,26,species.catchability.fsh0.sp7,,,,0
sp6,27,species.catchability.fsh0.sp8,,,,0
sp6,28,species.catchability.fsh0.sp9,,,,0
sp6,29,species.catchability.fsh0.sp10,,,,0
sp6,30,species.catchability.fsh0.sp13,,,,0
sp6,31,species.catchability.fsh0.sp14,,,,0
sp6,32,species.catchability.fsh0.sp15,,,,0
sp6,33,species.catchability.fsh1.sp9,,,,0
sp6,34,species.catchability.fsh1.sp10,,,,0
sp6,35,species.catchability.fsh1.sp11,,,,0
sp6,36,species.catchability.fsh1.sp12,,,,0
sp6,37,species.catchability.fsh2.sp0,,,,0
sp6,38,species.catchability.fsh2.sp5,,,,0
sp6,39,species.catchability.fsh2.sp7,,,,0
sp6,40,species.catchability.fsh2.sp8,,,,0
sp6,41,species.catchability.fsh3.sp0,,,,0
sp6,42,species.catchability.fsh3.sp1,,,,0
sp6,43,species.catchability.fsh3.sp2,,,,0
sp6,44,species.catchability.fsh3.sp3,,,,0
sp6,45,species.catchability.fsh3.sp5,,,,0
sp6,46,species.catchability.fsh3.sp7,,,,0
sp6,47,species.catchability.fsh3.sp8,,,,0
sp6,48,species.catchability.fsh3.sp9,,,,0
sp6,49,species.catchability.fsh3.sp10,,,,0
sp6,50,species.catchability.fsh3.sp11,,,,0
sp6,51,species.catchability.fsh3.sp12,,,,0
sp6,52,species.catchability.fsh3.sp13,,,,0
sp6,53,species.catchability.fsh3.sp14,,,,0
sp6,54,species.catchability.fsh3.sp15,,,,0
sp6,55,species.length2weight.condition.factor.sp0,,,,0
sp6,56,species.length2weight.condition.factor.sp1,,,,0
sp6,57,species.length2weight.condition.factor.sp2,,,,0
sp6,58,species.length2weight.condition.factor.sp3,,,,0
sp6,59,species.length2weight.condition.factor.sp4,,,,0
sp6,60,species.length2weight.condition.factor.sp5,,,,0
sp6,61,species.length2weight.condition.factor.sp6,,,,0
sp6,62,species.length2weight.condition.factor.sp7,,,,0
sp6,63,species.length2weight.condition.factor.sp8,,,,0
sp6,64,species.length2weight.condition.factor.sp9,,,,0
sp6,65,species.length2weight.condition.factor.sp10,,,,0
sp6,66,species.length2weight.condition.factor.sp11,,,,0
sp6,67,species.length2weight.condition.factor.sp12,,,,0
sp6,68,species.length2weight.condition.factor.sp13,,,,0
sp6,69,species.length2weight.condition.factor.sp14,,,,0
sp6,70,species.length2weight.condition.factor.sp15,,,,0
sp6,71,species.k.sp0,,,,0
sp6,72,species.k.sp1,,,,0
sp6,73,species.k.sp2,,,,0
sp6,74,species.k.sp3,,,,0
sp6,75,species.k.sp4,,,,0
sp6,76,species.k.sp5,,,,0
sp6,77,species.k.sp6,,,,0
sp6,78,species.k.sp7,,,,0
sp6,79,species.k.sp8,,,,0
sp6,80,species.k.sp9,,,,0
sp6,81,species.k.sp10,,,,0
sp6,82,species.k.sp11,,,,0
sp6,83,species.k.sp12,,,,0
sp6,84,species.k.sp13,,,,0
sp6,85,species.k.sp14,,,,0
sp6,86,species.k.sp15,,,,0
sp6,87,species.l0.sp0,,,,0
sp6,88,species.l0.sp1,,,,0
sp6,89,species.l0.sp2,,,,0
sp6,90,species.l0.sp3,,,,0
sp6,91,species.l0.sp4,,,,0
sp6,92,species.l0.sp5,,,,0
sp6,93,species.l0.sp6,,,,0
sp6,94,species.l0.sp7,,,,0
sp6,95,species.l0.sp8,,,,0
sp6,96,species.l0.sp9,,,,0
sp6,97,species.l0.sp10,,,,0
sp6,98,species.l0.sp11,,,,0
sp6,99,species.l0.sp12,,,,0
sp6,100,species.l0.sp13,,,,0
sp6,101,species.l0.sp14,,,,0
sp6,102,species.l0.sp15,,,,0
sp6,103,mortality.additional.larva.rate.sp0,,,,0
sp6,104,mortality.additional.larva.rate.sp1,,,,0
sp6,105,mortality.additional.larva.rate.sp2,,,,0
sp6,106,mortality.additional.larva.rate.sp3,,,,0
sp6,107,mortality.additional.larva.rate.sp4,,,,0
sp6,108,mortality.additional.larva.rate.sp5,,,,0
sp6,109,mortality.additional.larva.rate.sp6,,,,0
sp6,110,mortality.additional.larva.rate.sp9,,,,0
sp6,111,mortality.additional.larva.rate.sp10,,,,0
sp6,112,mortality.additional.larva.rate.sp11,,,,0
sp6,113,mortality.additional.larva.rate.sp12,,,,0
sp6,114,mortality.additional.larva.rate.sp13,,,,0
sp6,115,mortality.additional.larva.rate.sp14,,,,0
sp6,116,mortality.additional.larva.rate.sp15,,,,0
sp6,117,mortality.additional.larva.rate.mean.sp7,,,,0
sp6,118,mortality.additional.larva.rate.mean.sp8,,,,0
sp6,119,species.linf.sp0,,,,0
sp6,120,species.linf.sp1,,,,0
sp6,121,species.linf.sp2,,,,0
sp6,122,species.linf.sp3,,,,0
sp6,123,species.linf.sp4,,,,0
sp6,124,species.linf.sp5,,,,0
sp6,125,species.linf.sp6,,,,0
sp6,126,species.linf.sp7,,,,0
sp6,127,species.linf.sp8,,,,0
sp6,128,species.linf.sp9,,,,0
sp6,129,species.linf.sp10,,,,0
sp6,130,species.linf.sp11,,,,0
sp6,131,species.linf.sp12,,,,0
sp6,132,species.linf.sp13,,,,0
sp6,133,species.linf.sp14,,,,0
sp6,134,species.linf.sp15,,,,0
sp6,135,species.accessibility2fish.sp16,,,,0
sp6,136,species.accessibility2fish.sp17,,,,0
sp6,137,species.accessibility2fish.sp18,,,,0
sp6,138,species.accessibility2fish.sp19,,,,0
sp6,139,species.accessibility2fish.sp20,,,,0
sp6,140,species.accessibility2fish.sp21,,,,0
sp6,141,species.accessibility2fish.sp22,,,,0
sp6,142,species.accessibility2fish.sp23,,,,0
sp6,143,species.accessibility2fish.sp24,,,,0
sp6,144,species.accessibility2fish.sp25,,,,0
sp6,145,species.accessibility2fish.sp26,,,,0
sp6,146,species.maturity.size.ratio.sp0,,,,0
sp6,147,species.maturity.size.ratio.sp1,,,,0
sp6,148,species.maturity.size.ratio.sp2,,,,0
sp6,149,species.maturity.size.ratio.sp3,,,,0
sp6,150,species.maturity.size.ratio.sp4,,,,0
sp6,151,species.maturity.size.ratio.sp5,,,,0
sp6,152,species.maturity.size.ratio.sp6,,,,0
sp6,153,species.maturity.size.ratio.sp7,,,,0
sp6,154,species.maturity.size.ratio.sp8,,,,0
sp6,155,species.maturity.size.ratio.sp9,,,,0
sp6,156,species.maturity.size.ratio.sp10,,,,0
sp6,157,species.maturity.size.ratio.sp11,,,,0
sp6,158,species.maturity.size.ratio.sp12,,,,0
sp6,159,species.maturity.size.ratio.sp13,,,,0
sp6,160,species.maturity.size.ratio.sp14,,,,0
sp6,161,species.maturity.size.ratio.sp15,,,,0
sp6,162,predation.predPrey.sizeRatio.teta.sp0.stage1,,,,0
sp6,163,predation.predPrey.sizeRatio.alpha.sp0.stage1,,,,0
sp6,164,predation.predPrey.sizeRatio.teta.sp1.stage1,,,,0
sp6,165,predation.predPrey.sizeRatio.alpha.sp1.stage1,,,,0
sp6,166,predation.predPrey.sizeRatio.teta.sp2.stage1,,,,0
sp6,167,predation.predPrey.sizeRatio.alpha.sp2.stage1,,,,0
sp6,168,predation.predPrey.sizeRatio.teta.sp3.stage1,,,,0
sp6,169,predation.predPrey.sizeRatio.alpha.sp3.stage1,,,,0
sp6,170,predation.predPrey.sizeRatio.teta.sp4.stage1,,,,0
sp6,171,predation.predPrey.sizeRatio.alpha.sp4.stage1,,,,0
sp6,172,predation.predPrey.sizeRatio.teta.sp5.stage1,,,,0
sp6,173,predation.predPrey.sizeRatio.teta.sp5.stage2,,,,0
sp6,174,predation.predPrey.sizeRatio.alpha.sp5.stage1,,,,0
sp6,175,predation.predPrey.sizeRatio.alpha.sp5.stage2,,,,0
sp6,176,predation.predPrey.sizeRatio.teta.sp6.stage1,,,,0
sp6,177,predation.predPrey.sizeRatio.alpha.sp6.stage1,,,,0
sp6,178,predation.predPrey.sizeRatio.teta.sp7.stage1,,,,0
sp6,179,predation.predPrey.sizeRatio.alpha.sp7.stage1,,,,0
sp6,180,predation.predPrey.sizeRatio.teta.sp8.stage1,,,,0
sp6,181,predation.predPrey.sizeRatio.alpha.sp8.stage1,,,,0
sp6,182,predation.predPrey.sizeRatio.teta.sp9.stage1,,,,0
sp6,183,predation.predPrey.sizeRatio.alpha.sp9.stage1,,,,0
sp6,184,predation.predPrey.sizeRatio.teta.sp10.stage1,,,,0
sp6,185,predation.predPrey.sizeRatio.alpha.sp10.stage1,,,,0
sp6,186,predation.predPrey.sizeRatio.teta.sp11.stage1,,,,0
sp6,187,predation.predPrey.sizeRatio.alpha.sp11.stage1,,,,0
sp6,188,predation.predPrey.sizeRatio.teta.sp12.stage1,,,,0
sp6,189,predation.predPrey.sizeRatio.alpha.sp12.stage1,,,,0
sp6,190,predation.predPrey.sizeRatio.teta.sp13.stage1,,,,0
sp6,191,predation.predPrey.sizeRatio.alpha.sp13.stage1,,,,0
sp6,192,predation.predPrey.sizeRatio.teta.sp14.stage1,,,,0
sp6,193,predation.predPrey.sizeRatio.alpha.sp14.stage1,,,,0
sp6,194,predation.predPrey.sizeRatio.teta.sp15.stage1,,,,0
sp6,195,predation.predPrey.sizeRatio.alpha.sp15.stage1,,,,0
sp7,1,mortality.additional.rate.sp0,-4.01337901095093e-05,0.00646032604100715,0.00988510076696732,1000
sp7,2,mortality.additional.rate.sp1,-0.000312704246233737,0.00662868986872807,0.0102602776790864,1000
sp7,3,mortality.additional.rate.sp2,0.000348842878169164,0.00638900725888147,0.00994876199530299,1000
sp7,4,mortality.additional.rate.sp3,0.00011149167806672,0.00670141962499241,0.0100461015081429,1000
sp7,5,mortality.additional.rate.sp4,-0.000170212174820293,0.00651707303001247,0.0102596814949564,1000
sp7,6,mortality.additional.rate.sp5,0.000519995279973199,0.00796688882249695,0.0122546160354915,1000
sp7,7,mortality.additional.rate.sp6,-0.000353863711052905,0.0067122777935422,0.0103727519536242,1000
sp7,8,mortality.additional.rate.sp7,-3.79176519179928e-05,0.0143694052142454,0.021383775419532,1000
sp7,9,mortality.additional.rate.sp8,0.000447436019759719,0.00648473062638906,0.00993644268463885,1000
sp7,10,mortality.additional.rate.sp9,-0.000128295772008272,0.00664967556719799,0.0100337815497467,1000
sp7,11,mortality.additional.rate.sp10,1.10914437450685e-05,0.00636115357382798,0.00974491927796487,1000
sp7,12,mortality.additional.rate.sp11,-0.000269153027785409,0.00638313131280672,0.00984242164718934,1000
sp7,13,mortality.additional.rate.sp12,0.000159472198503215,0.00663366408656291,0.010241140533037,1000
sp7,14,mortality.additional.rate.sp13,-0.000638002168671072,0.00649510386379572,0.00990628454908169,1000
sp7,15,mortality.additional.rate.sp14,-8.31463653229733e-06,0.00656644151853331,0.0102062228542983,1000
sp7,16,mortality.additional.rate.sp15,-0.000276733707873914,0.00647105509284208,0.00974601724205266,1000
sp7,17,fisheries.rate.base.fsh0,-0.000403679966775331,0.00715608354621384,0.0108123404592311,1000
sp7,18,fisheries.rate.base.fsh1,-0.000658700119276827,0.00671413303990793,0.0104356902545325,1000
sp7,19,fisheries.rate.base.fsh2,3.78929632713897e-05,0.00773261505511068,0.0117952662018215,1000
sp7,20,fisheries.rate.base.fsh3,6.87481849225605e-05,0.00620834480540948,0.00965008282677464,1000
sp7,21,species.catchability.fsh0.sp0,0.000429365711756111,0.00644929256632296,0.00994426857913481,1000
sp7,22,species.catchability.fsh0.sp1,-3.28930657164875e-05,0.00672042275939019,0.0104880965262595,1000
sp7,23,species.catchability.fsh0.sp2,-2.64801923137739e-05,0.00653344739938091,0.0100884649640084,1000
sp7,24,species.catchability.fsh0.sp3,-0.000400834080608225,0.00717144936600966,0.0106985026093758,1000
sp7,25,species.catchability.fsh0.sp5,0.00021914802099611,0.0067109878961699,0.0105850008116262,1000
sp7,26,species.catchability.fsh0.sp7,-0.000370636482957345,0.00652429600210133,0.00998729551692101,1000
sp7,27,species.catchability.fsh0.sp8,-0.000237757956854367,0.00681441132642117,0.0105537120447256,1000
sp7,28,species.catchability.fsh0.sp9,-0.000271283310423777,0.00656420881900948,0.00987867753196178,1000
sp7,29,species.catchability.fsh0.sp10,-0.000171911650846086,0.00652402500236212,0.00987321243290481,1000
sp7,30,species.catchability.fsh0.sp13,0.000393855406501201,0.00673029987818149,0.0103422083335761,1000
sp7,31,species.catchability.fsh0.sp14,0.000599787616239337,0.00644710771310772,0.00982356207564202,1000
sp7,32,species.catchability.fsh0.sp15,-0.000216436001186455,0.00665619488328693,0.0103161077006889,1000
sp7,33,species.catchability.fsh1.sp9,2.36773927226252e-05,0.00635789835067927,0.00957639147686951,1000
sp7,34,species.catchability.fsh1.sp10,0.000462578317572082,0.00622617471749684,0.00931202770603177,1000
sp7,35,species.catchability.fsh1.sp11,0.000356183364857862,0.00664667941747497,0.0101822737868522,1000
sp7,36,species.catchability.fsh1.sp12,-0.000300234021587609,0.00658060999496565,0.0100910548064675,1000
sp7,37,species.catchability.fsh2.sp0,-2.6265022524812e-05,0.00633456902321678,0.00949639293340888,1000
sp7,38,species.catchability.fsh2.sp5,0.000103484413162047,0.00663488277766255,0.0100339600489656,1000
sp7,39,species.catchability.fsh2.sp7,-5.75925317358544e-05,0.00784293912785917,0.0119752712603185,1000
sp7,40,species.catchability.fsh2.sp8,-0.000113611376002988,0.00662743004573555,0.0102749256741868,1000
sp7,41,species.catchability.fsh3.sp0,-0.000348004141385328,0.00633158123015525,0.00958800266424362,1000
sp7,42,species.catchability.fsh3.sp1,-0.00079836232213026,0.00665670580839241,0.0103552858982786,1000
sp7,43,species.catchability.fsh3.sp2,0.000431835528062333,0.00618554537133725,0.00962516895395866,1000
sp7,44,species.catchability.fsh3.sp3,0.000270386337630167,0.00636037173386206,0.00983817268118644,1000
sp7,45,species.catchability.fsh3.sp5,-0.0001237088588373,0.00663498677560617,0.0102645462513606,1000
sp7,46,species.catchability.fsh3.sp7,0.000304494286076759,0.00666321835947289,0.0101996947349476,1000
sp7,47,species.catchability.fsh3.sp8,3.28273535771705e-05,0.00652348343647981,0.0100258360793811,1000
sp7,48,species.catchability.fsh3.sp9,0.000310691983514729,0.00616262377219373,0.00958235741499088,1000
sp7,49,species.catchability.fsh3.sp10,0.000468928860031556,0.00643845163940052,0.00967687853808291,1000
sp7,50,species.catchability.fsh3.sp11,0.00037622913181024,0.00652453616748638,0.0102413315337422,1000
sp7,51,species.catchability.fsh3.sp12,-0.000574421364352344,0.00648646690343218,0.00981406619113985,1000
sp7,52,species.catchability.fsh3.sp13,-4.85847409028641e-05,0.0062700676335554,0.00976261784115142,1000
sp7,53,species.catchability.fsh3.sp14,-0.00013432324739284,0.0061521233160976,0.00937251014354887,1000
sp7,54,species.catchability.fsh3.sp15,-8.54406232264483e-05,0.00646755663601701,0.00990527718894115,1000
sp7,55,species.length2weight.condition.factor.sp0,-0.000140992112201034,0.00659748509540288,0.0102143873538661,1000
sp7,56,species.length2weight.condition.factor.sp1,-0.000109712016721279,0.00655046642290977,0.00964049487128879,1000
sp7,57,species.length2weight.condition.factor.sp2,-0.000156082288597741,0.00648032070784488,0.0100939369654837,1000
sp7,58,species.length2weight.condition.factor.sp3,0.000224964888804289,0.00748051488023748,0.0111665356319134,1000
sp7,59,species.length2weight.condition.factor.sp4,0.000206451397513955,0.00656228040572644,0.00985622713109113,1000
sp7,60,species.length2weight.condition.factor.sp5,0.000143573806381141,0.00656332191107806,0.0102829609615144,1000
sp7,61,species.length2weight.condition.factor.sp6,-2.08631959305793e-05,0.00703315399979473,0.0104073382397554,1000
sp7,62,species.length2weight.condition.factor.sp7,2.94851063523931e-05,0.00765900536220014,0.0119899841281344,1000
sp7,63,species.length2weight.condition.factor.sp8,0.000174105370492077,0.00656156071338607,0.0103218987819218,1000
sp7,64,species.length2weight.condition.factor.sp9,-0.000100482147187907,0.00670951812507279,0.0100671413897221,1000
sp7,65,species.length2weight.condition.factor.sp10,-0.000102524629154356,0.00656390520640386,0.00994314105013298,1000
sp7,66,species.length2weight.condition.factor.sp11,0.000426577086097479,0.00689271419146599,0.0105329009011644,1000
sp7,67,species.length2weight.condition.factor.sp12,-0.00012927678369998,0.00674507634149293,0.0102021450566952,1000
sp7,68,species.length2weight.condition.factor.sp13,-8.88404906661041e-05,0.00606921404473996,0.00927579303264302,1000
sp7,69,species.length2weight.condition.factor.sp14,-0.000659556922041002,0.00660864842959937,0.0102581368992696,1000
sp7,70,species.length2weight.condition.factor.sp15,6.24910045554458e-05,0.00651021824570191,0.0102335458924864,1000
sp7,71,species.k.sp0,0.000183047932567652,0.00729977340779934,0.0113162882619982,1000
sp7,72,species.k.sp1,0.000256494189496372,0.0072020857693281,0.0109877303723923,1000
sp7,73,species.k.sp2,-0.00108263627455862,0.00758448132745584,0.0117773103671456,1000
sp7,74,species.k.sp3,0.000313316690264005,0.0102169765320429,0.0156784348819921,1000
sp7,75,species.k.sp4,-2.40801810883503e-05,0.00753801105353208,0.0116414303122609,1000
sp7,76,species.k.sp5,2.36939532801242e-05,0.00740579167567436,0.0115300161504538,1000
sp7,77,species.k.sp6,-6.18292961259012e-06,0.00677364962570472,0.00995911049758344,1000
sp7,78,species.k.sp7,0.00174946735157727,0.0501424574749649,0.0714251001052183,1000
sp7,79,species.k.sp8,0.000753803823037451,0.00849693419332355,0.0128804818234768,1000
sp7,80,species.k.sp9,-0.000454815648028059,0.00700052576719596,0.0105841486429742,1000
sp7,81,species.k.sp10,-8.73728890506664e-05,0.00634495671739566,0.0100762426529723,1000
sp7,82,species.k.sp11,-0.000252137398115245,0.00656744319781109,0.00986247869367422,1000
sp7,83,species.k.sp12,0.000241341753901674,0.00647111416010042,0.0101324333247618,1000
sp7,84,species.k.sp13,0.000158023917882237,0.00728078333627876,0.0109009887731098,1000
sp7,85,species.k.sp14,8.18558752998066e-05,0.00683114384128412,0.0103319557736989,1000
sp7,86,species.k.sp15,9.20206922013325e-06,0.00683279116843407,0.0102236333070372,1000
sp7,87,species.l0.sp0,0.000314640838016648,0.00657557852388244,0.0101611701380465,1000
sp7,88,species.l0.sp1,0.000171833474227998,0.00643137284810322,0.00957109831418751,1000
sp7,89,species.l0.sp2,-0.000470578234685279,0.00773758330741411,0.0120380166750832,1000
sp7,90,species.l0.sp3,0.00066955635180613,0.00732100315022601,0.0108981917218866,1000
sp7,91,species.l0.sp4,-5.24661004849742e-05,0.0071761879204168,0.0110876533941459,1000
sp7,92,species.l0.sp5,-0.000199479032791113,0.00641140643088833,0.00988055802104303,1000
sp7,93,species.l0.sp6,0.000463849733015328,0.00634679444819757,0.00972012607841447,1000
sp7,94,species.l0.sp7,-0.00422858203182876,0.0667216756180464,0.0994226779819877,1000
sp7,95,species.l0.sp8,-0.000244038630005872,0.00666943073552837,0.010223835927227,1000
sp7,96,species.l0.sp9,-0.00022505237726337,0.00656788684049327,0.00990985159407292,1000
sp7,97,species.l0.sp10,-0.000398188101576905,0.00684708095553136,0.0105014317870494,1000
sp7,98,species.l0.sp11,-0.000280396312690374,0.00663664777255092,0.0104157876649473,1000
sp7,99,species.l0.sp12,7.11695937288286e-05,0.0062578759857171,0.00963383160969665,1000
sp7,100,species.l0.sp13,0.000218405030754368,0.0065242149816194,0.00991301767604834,1000
sp7,101,species.l0.sp14,0.000218336863283789,0.00611297359950224,0.00928205846973129,1000
sp7,102,species.l0.sp15,-0.00012876221780561,0.00653616469210895,0.0101456575614941,1000
sp7,103,mortality.additional.larva.rate.sp0,-6.00684661728739e-05,0.00753749847945784,0.0115438059665395,1000
sp7,104,mortality.additional.larva.rate.sp1,0.000246705551354279,0.00658367176548194,0.0101216012166299,1000
sp7,105,mortality.additional.larva.rate.sp2,0.000166613776596867,0.0130551110530912,0.0210626252848277,1000
sp7,106,mortality.additional.larva.rate.sp3,-5.86696481507767e-05,0.0215454827013128,0.0339350942995221,1000
sp7,107,mortality.additional.larva.rate.sp4,2.39922054518917e-05,0.0066812004208836,0.0101634260520817,1000
sp7,108,mortality.additional.larva.rate.sp5,-0.000336171858965468,0.00653382716768358,0.00990990250892604,1000
sp7,109,mortality.additional.larva.rate.sp6,0.000952721274084473,0.00639814452880732,0.00978507119410331,1000
sp7,110,mortality.additional.larva.rate.sp9,-0.000117598558797343,0.00677655125481675,0.0103188003652958,1000
sp7,111,mortality.additional.larva.rate.sp10,-0.000146485630373585,0.00691717704482905,0.0105022237251264,1000
sp7,112,mortality.additional.larva.rate.sp11,-0.000119562071503055,0.00651640364427148,0.00995877143263749,1000
sp7,113,mortality.additional.larva.rate.sp12,0.000347993427489664,0.00635219839371497,0.00981261085615318,1000
sp7,114,mortality.additional.larva.rate.sp13,0.000607341220260073,0.00635393895392477,0.00946013102323677,1000
sp7,115,mortality.additional.larva.rate.sp14,-1.30445057060608e-05,0.00637868079002012,0.00976201169742381,1000
sp7,116,mortality.additional.larva.rate.sp15,-6.98123989494621e-05,0.00677829767780131,0.010473626860446,1000
sp7,117,mortality.additional.larva.rate.mean.sp7,0.0028737325814889,0.0493196577135047,0.0726494993096908,1000
sp7,118,mortality.additional.larva.rate.mean.sp8,-6.76201903324657e-05,0.0068290985013108,0.0101619962308193,1000
sp7,119,species.linf.sp0,0.000406210815879282,0.00746070667807455,0.0113542504458315,1000
sp7,120,species.linf.sp1,-0.00069924527034145,0.00935339451338899,0.0133553759853567,1000
sp7,121,species.linf.sp2,0.000817685781072211,0.0134506192087984,0.0216242232632131,1000
sp7,122,species.linf.sp3,-0.000842537517855776,0.0195435458584134,0.0302827834956318,1000
sp7,123,species.linf.sp4,0.000239117038584515,0.0122328982760669,0.0181829924320263,1000
sp7,124,species.linf.sp5,0.00159484003469092,0.0194389446315661,0.0319890868967349,1000
sp7,125,species.linf.sp6,0.000913321293424564,0.0083212256526817,0.0123351543340198,1000
sp7,126,species.linf.sp7,-0.000559673861714197,0.252449016726986,0.295918591671122,1000
sp7,127,species.linf.sp8,0.000331424052519206,0.0151781036292594,0.022392359142527,1000
sp7,128,species.linf.sp9,0.000513218523716513,0.00843275442601929,0.0126025214404226,1000
sp7,129,species.linf.sp10,-4.14604543835547e-05,0.00743009218060604,0.0112743876226306,1000
sp7,130,species.linf.sp11,0.00020307773616818,0.00682730939718226,0.010346076292547,1000
sp7,131,species.linf.sp12,0.000261351215965336,0.00699382329262928,0.0112226437950536,1000
sp7,132,species.linf.sp13,-0.000588506342378873,0.00744324755044249,0.0111709893961922,1000
sp7,133,species.linf.sp14,0.000219224751784039,0.00684076276524664,0.0103889609079348,1000
sp7,134,species.linf.sp15,0.00037744194779212,0.00711592283744487,0.0105177726686585,1000
sp7,135,species.accessibility2fish.sp16,-0.000343680201736943,0.00650360404720735,0.00979534729013517,1000
sp7,136,species.accessibility2fish.sp17,-7.08012799068466e-06,0.00614691277803224,0.00952415294727184,1000
sp7,137,species.accessibility2fish.sp18,0.000287883165577492,0.00621425856513733,0.00936347589361145,1000
sp7,138,species.accessibility2fish.sp19,0.000118875858180017,0.006504334673293,0.0098532792402137,1000
sp7,139,species.accessibility2fish.sp20,0.000393244887861066,0.00684478360753775,0.0106377072974767,1000
sp7,140,species.accessibility2fish.sp21,0.000100252158580501,0.00619717613438738,0.00947526472131314,1000
sp7,141,species.accessibility2fish.sp22,-2.72772041560143e-05,0.00672244553326953,0.0109512765445037,1000
sp7,142,species.accessibility2fish.sp23,-0.000776081351857685,0.00768577118851011,0.011794430140023,1000
sp7,143,species.accessibility2fish.sp24,7.33127924970517e-05,0.00938688583028367,0.0139583547757024,1000
sp7,144,species.accessibility2fish.sp25,-0.000228317942680812,0.0064284046561348,0.00986668940808221,1000
sp7,145,species.accessibility2fish.sp26,0.000246555579604954,0.0064423864855096,0.0100205284353051,1000
sp7,146,species.maturity.size.ratio.sp0,-0.00101081987338051,0.00713112180120583,0.0107281557252055,1000
sp7,147,species.maturity.size.ratio.sp1,-0.000349050634972467,0.00649575777208008,0.00986620190987663,1000
sp7,148,species.maturity.size.ratio.sp2,0.000114557763415545,0.00613433712868714,0.00942735163679578,1000
sp7,149,species.maturity.size.ratio.sp3,-0.000400737787790524,0.00675168534816738,0.01053738394339,1000
sp7,150,species.maturity.size.ratio.sp4,0.000379368610467737,0.00617058020716262,0.00947347572139915,1000
sp7,151,species.maturity.size.ratio.sp5,0.00031258296926046,0.00600538426169514,0.00935142015216155,1000
sp7,152,species.maturity.size.ratio.sp6,-0.000122465147868258,0.00657086994435192,0.00995188088672047,1000
sp7,153,species.maturity.size.ratio.sp7,0.000385865517096414,0.00655287306954636,0.0100187668183159,1000
sp7,154,species.maturity.size.ratio.sp8,-0.000155218681772087,0.00649408915713033,0.00990958910847397,1000
sp7,155,species.maturity.size.ratio.sp9,-0.000620323265638529,0.00664134472766224,0.0101441291794108,1000
sp7,156,species.maturity.size.ratio.sp10,0.00012055109471403,0.00646284887597799,0.0100108193888691,1000
sp7,157,species.maturity.size.ratio.sp11,-0.000279723392065751,0.00663291342236863,0.0103813127628568,1000
sp7,158,species.maturity.size.ratio.sp12,4.26524994685036e-07,0.00637170892855207,0.00977287243198148,1000
sp7,159,species.maturity.size.ratio.sp13,0.000410132346418582,0.0080591805338944,0.012100897209911,1000
sp7,160,species.maturity.size.ratio.sp14,-4.93344554593405e-05,0.00619061160998675,0.00918009356805045,1000
sp7,161,species.maturity.size.ratio.sp15,8.41879661578185e-05,0.00695703864200611,0.0107103403691552,1000
sp7,162,predation.predPrey.sizeRatio.teta.sp0.stage1,-7.14992078584016e-05,0.00600035914869755,0.00928774527220546,1000
sp7,163,predation.predPrey.sizeRatio.alpha.sp0.stage1,0.000179517303456479,0.00693207535655536,0.0107060401731833,1000
sp7,164,predation.predPrey.sizeRatio.teta.sp1.stage1,-0.000447853708295431,0.00660056804827362,0.0100538521801988,1000
sp7,165,predation.predPrey.sizeRatio.alpha.sp1.stage1,0.000507304636135612,0.00735393522170469,0.0113294799819245,1000
sp7,166,predation.predPrey.sizeRatio.teta.sp2.stage1,0.00086244676013327,0.00717012146692424,0.0107727806835532,1000
sp7,167,predation.predPrey.sizeRatio.alpha.sp2.stage1,-0.000686466999066343,0.00952096698478892,0.0148605225663912,1000
sp7,168,predation.predPrey.sizeRatio.teta.sp3.stage1,0.000389339569393186,0.00659590387441334,0.0100680313121249,1000
sp7,169,predation.predPrey.sizeRatio.alpha.sp3.stage1,-0.000551486221446718,0.0123964990164219,0.0192644940911128,1000
sp7,170,predation.predPrey.sizeRatio.teta.sp4.stage1,-8.6675038559774e-05,0.00638049999342915,0.00960405485452885,1000
sp7,171,predation.predPrey.sizeRatio.alpha.sp4.stage1,-0.000552818273794601,0.00681077452408755,0.0105199080263185,1000
sp7,172,predation.predPrey.sizeRatio.teta.sp5.stage1,-0.000457834407086792,0.00622540663988933,0.0095369119895872,1000
sp7,173,predation.predPrey.sizeRatio.teta.sp5.stage2,-0.000941228288542521,0.020904137284559,0.0364946421573002,1000
sp7,174,predation.predPrey.sizeRatio.alpha.sp5.stage1,-3.78853715058354e-05,0.00634594400889372,0.00968949377889413,1000
sp7,175,predation.predPrey.sizeRatio.alpha.sp5.stage2,-0.00157773215190644,0.0175193863076604,0.030803139845379,1000
sp7,176,predation.predPrey.sizeRatio.teta.sp6.stage1,2.08318954889097e-05,0.00681487041466628,0.0102386040904614,1000
sp7,177,predation.predPrey.sizeRatio.alpha.sp6.stage1,4.37966733365537e-05,0.00643379450571864,0.00975541371192006,1000
sp7,178,predation.predPrey.sizeRatio.teta.sp7.stage1,-0.000733724580862811,0.0174263299406512,0.0245114638102355,1000
sp7,179,predation.predPrey.sizeRatio.alpha.sp7.stage1,-0.000467394304660577,0.212648861253488,0.274827955784968,1000
sp7,180,predation.predPrey.sizeRatio.teta.sp8.stage1,-2.83494859160591e-06,0.0065458778758594,0.0098001099586653,1000
sp7,181,predation.predPrey.sizeRatio.alpha.sp8.stage1,-6.34439954219111e-05,0.0113126699241885,0.0169395545078874,1000
sp7,182,predation.predPrey.sizeRatio.teta.sp9.stage1,6.3299903638138e-05,0.00596221567170442,0.00935819865400873,1000
sp7,183,predation.predPrey.sizeRatio.alpha.sp9.stage1,9.50700824073268e-05,0.00708085594435303,0.0109834997770835,1000
sp7,184,predation.predPrey.sizeRatio.teta.sp10.stage1,0.000578699538593113,0.0065066106924879,0.0099535312279369,1000
sp7,185,predation.predPrey.sizeRatio.alpha.sp10.stage1,-0.000113314148826656,0.00661602076515547,0.00994952497837601,1000
sp7,186,predation.predPrey.sizeRatio.teta.sp11.stage1,-0.00016860167040487,0.00673058913296967,0.0104583779187489,1000
sp7,187,predation.predPrey.sizeRatio.alpha.sp11.stage1,0.000107635356090636,0.00629723403636383,0.00944913026499182,1000
sp7,188,predation.predPrey.sizeRatio.teta.sp12.stage1,0.000278067977096003,0.00696213889485061,0.010802970338096,1000
sp7,189,predation.predPrey.sizeRatio.alpha.sp12.stage1,-0.000312725993664159,0.0065834486414117,0.0100081583529773,1000
sp7,190,predation.predPrey.sizeRatio.teta.sp13.stage1,7.11873106402777e-05,0.00632212809181906,0.00961352946563962,1000
sp7,191,predation.predPrey.sizeRatio.alpha.sp13.stage1,0.00015705790705384,0.00655297223801207,0.0101052171949966,1000
sp7,192,predation.predPrey.sizeRatio.teta.sp14.stage1,-0.000175294675726719,0.00611499189451831,0.00938012171056194,1000
sp7,193,predation.predPrey.sizeRatio.alpha.sp14.stage1,-0.000712888132548265,0.00686762397725096,0.0103505587436188,1000
sp7,194,predation.predPrey.sizeRatio.teta.sp15.stage1,0.000247009515812007,0.00631762557960108,0.00956091603932546,1000
sp7,195,predation.predPrey.sizeRatio.alpha.sp15.stage1,-0.000154180718360377,0.00801812516757055,0.0120384185062366,1000
sp8,1,mortality.additional.rate.sp0,0.000380719596850876,0.00836424396045425,0.0106978919609525,1000
sp8,2,mortality.additional.rate.sp1,0.000120435727789567,0.00905767159398835,0.011362197874991,1000
sp8,3,mortality.additional.rate.sp2,0.00064777041697208,0.00903456292797392,0.0114975899183159,1000
sp8,4,mortality.additional.rate.sp3,0.000262589867719719,0.0101837032690967,0.012984713295675,1000
sp8,5,mortality.additional.rate.sp4,-1.48667837223993e-05,0.00872693273329234,0.0112659965735463,1000
sp8,6,mortality.additional.rate.sp5,0.000228316521232832,0.0114472794215275,0.0144106942334734,1000
sp8,7,mortality.additional.rate.sp6,0.000199372427501596,0.00857041601599197,0.0109057351181243,1000
sp8,8,mortality.additional.rate.sp7,0.000468961808623712,0.00920096090181652,0.0116389039727306,1000
sp8,9,mortality.additional.rate.sp8,0.000232700844655775,0.00910179391914316,0.0118183176200707,1000
sp8,10,mortality.additional.rate.sp9,2.97859186619957e-06,0.00872451416016339,0.0113289974628687,1000
sp8,11,mortality.additional.rate.sp10,0.000158203649310473,0.00864223516533297,0.0112331969625881,1000
sp8,12,mortality.additional.rate.sp11,-0.00028379001592906,0.00876467805417652,0.0116558858436497,1000
sp8,13,mortality.additional.rate.sp12,0.00046606258713905,0.00869698505280311,0.0111569591698358,1000
sp8,14,mortality.additional.rate.sp13,0.000258010655601752,0.00856718512456176,0.0109503954298307,1000
sp8,15,mortality.additional.rate.sp14,3.7419730877891e-05,0.00854940859633967,0.0114020686919378,1000
sp8,16,mortality.additional.rate.sp15,3.86586304962932e-05,0.00864347871787844,0.0110987666961786,1000
sp8,17,fisheries.rate.base.fsh0,0.00044609682243436,0.0116937362826335,0.0148117451859359,1000
sp8,18,fisheries.rate.base.fsh1,-0.000639404955495718,0.00925424287105758,0.0120980166197315,1000
sp8,19,fisheries.rate.base.fsh2,-9.31628682445663e-06,0.016780213080917,0.0194290352243046,1000
sp8,20,fisheries.rate.base.fsh3,0.000478145819555938,0.00876906779395768,0.0113233217574319,1000
sp8,21,species.catchability.fsh0.sp0,0.000153530137735107,0.00976624773144924,0.0126979961000255,1000
sp8,22,species.catchability.fsh0.sp1,0.000167142604925268,0.00897000087132466,0.0115149222370646,1000
sp8,23,species.catchability.fsh0.sp2,-5.37299093271143e-05,0.00848002168562012,0.0110940491566564,1000
sp8,24,species.catchability.fsh0.sp3,9.26592155405449e-05,0.0120530938240096,0.0154027644553746,1000
sp8,25,species.catchability.fsh0.sp5,-0.000234539581750076,0.00974719786757067,0.0122567057478847,1000
sp8,26,species.catchability.fsh0.sp7,-0.000414004378006235,0.00885729861946841,0.0114681141334826,1000
sp8,27,species.catchability.fsh0.sp8,-0.000181351036282651,0.0178893453415243,0.021166878132348,1000
sp8,28,species.catchability.fsh0.sp9,0.000115164515710507,0.00813901774373893,0.0104170123285633,1000
sp8,29,species.catchability.fsh0.sp10,-0.000606111484508499,0.00896961849710513,0.0115316459627863,1000
sp8,30,species.catchability.fsh0.sp13,-0.000529448871770282,0.00901601031926827,0.0117604692449859,1000
sp8,31,species.catchability.fsh0.sp14,0.00014894486486885,0.00890867069248911,0.0116929104305386,1000
sp8,32,species.catchability.fsh0.sp15,-6.13561612830319e-06,0.00888733462612914,0.0115935009760784,1000
sp8,33,species.catchability.fsh1.sp9,-0.000142119536709309,0.00897555390483621,0.0113411335966369,1000
sp8,34,species.catchability.fsh1.sp10,-0.000206870345837918,0.00854332179612325,0.0110733552598757,1000
sp8,35,species.catchability.fsh1.sp11,0.000127999346143453,0.00883726495217803,0.011461640311225,1000
sp8,36,species.catchability.fsh1.sp12,-0.000263680728107115,0.00888605673224696,0.0114723596851656,1000
sp8,37,species.catchability.fsh2.sp0,-2.622100548791e-06,0.00901140421006728,0.0117560970457427,1000
sp8,38,species.catchability.fsh2.sp5,7.70517268440781e-05,0.00877747061954793,0.0113015393177134,1000
sp8,39,species.catchability.fsh2.sp7,-0.000314509827941246,0.00882750728228013,0.0113223915320071,1000
sp8,40,species.catchability.fsh2.sp8,-8.49043579616134e-05,0.0160112171932769,0.0188460592047826,1000
sp8,41,species.catchability.fsh3.sp0,-3.38997137859468e-05,0.00900823536862879,0.0114937925110461,1000
sp8,42,species.catchability.fsh3.sp1,0.0004728940343453,0.00902525434112925,0.0115400250541408,1000
sp8,43,species.catchability.fsh3.sp2,0.000155535969225261,0.00870092894762583,0.0110282881575925,1000
sp8,44,species.catchability.fsh3.sp3,-0.000348622093692206,0.00913234187355917,0.0117156718794992,1000
sp8,45,species.catchability.fsh3.sp5,0.000350414946867186,0.00930761651725243,0.0121123194873809,1000
sp8,46,species.catchability.fsh3.sp7,-0.000510058849437821,0.00886865061163184,0.0113095059069127,1000
sp8,47,species.catchability.fsh3.sp8,-0.000163951513133687,0.00930279630471981,0.0122493860738063,1000
sp8,48,species.catchability.fsh3.sp9,0.000680437316496829,0.00894695879375125,0.0114911929120661,1000
sp8,49,species.catchability.fsh3.sp10,0.000595980015108841,0.00870281602551868,0.0110944586736844,1000
sp8,50,species.catchability.fsh3.sp11,-0.000147790228834379,0.00904753719041403,0.0117601092866727,1000
sp8,51,species.catchability.fsh3.sp12,-7.30281395299682e-05,0.00881532471981535,0.0114465563203935,1000
sp8,52,species.catchability.fsh3.sp13,0.000226838393605764,0.00859432326606056,0.0112564606088262,1000
sp8,53,species.catchability.fsh3.sp14,4.66702940235497e-06,0.00895524958867926,0.0117191563910274,1000
sp8,54,species.catchability.fsh3.sp15,2.40448399751721e-05,0.00904866939232045,0.0115316222720974,1000
sp8,55,species.length2weight.condition.factor.sp0,2.62426372496838e-05,0.00994468199961325,0.0129087394745814,1000
sp8,56,species.length2weight.condition.factor.sp1,0.000622792158810971,0.00889270157244565,0.0114766474284974,1000
sp8,57,species.length2weight.condition.factor.sp2,-0.000738184718355125,0.00940562264924496,0.0120202886716622,1000
sp8,58,species.length2weight.condition.factor.sp3,-0.000461987331410221,0.0116139789471219,0.0151551694415795,1000
sp8,59,species.length2weight.condition.factor.sp4,0.000592851013499883,0.00913267785160463,0.0116367880606496,1000
sp8,60,species.length2weight.condition.factor.sp5,0.000467715790799887,0.00888724675068858,0.01150353505207,1000
sp8,61,species.length2weight.condition.factor.sp6,0.000240894374262756,0.00876374618137442,0.0112613320037468,1000
sp8,62,species.length2weight.condition.factor.sp7,0.000316435496910799,0.00853593872084436,0.0109436107809032,1000
sp8,63,species.length2weight.condition.factor.sp8,-0.00021817678056074,0.0112359265425329,0.0139140995037368,1000
sp8,64,species.length2weight.condition.factor.sp9,-0.000240811645604711,0.00910183667290441,0.011692425780832,1000
sp8,65,species.length2weight.condition.factor.sp10,0.000321547311838507,0.00897258752877963,0.0115587575080447,1000
sp8,66,species.length2weight.condition.factor.sp11,0.00035819655784823,0.00888795705781619,0.011350299553095,1000
sp8,67,species.length2weight.condition.factor.sp12,-9.96857001883644e-05,0.00884373464353201,0.0115543206708897,1000
sp8,68,species.length2weight.condition.factor.sp13,0.000146381454427526,0.00890870174957083,0.011282797965051,1000
sp8,69,species.length2weight.condition.factor.sp14,0.000371587695547525,0.0088414328100901,0.0112749669992858,1000
sp8,70,species.length2weight.condition.factor.sp15,0.000224382304105474,0.00921173626663141,0.011840859894885,1000
sp8,71,species.k.sp0,0.00105222592021179,0.0150481507030529,0.0223986356367072,1000
sp8,72,species.k.sp1,-2.61762044878458e-05,0.00966438373083527,0.0123280447738127,1000
sp8,73,species.k.sp2,-0.000513008574286224,0.0114087769926795,0.0146633990214227,1000
sp8,74,species.k.sp3,-0.000338226681199168,0.0150766848331504,0.0204490066087326,1000
sp8,75,species.k.sp4,-0.000287656018583642,0.0102538702776362,0.0130673476827609,1000
sp8,76,species.k.sp5,0.00103221504773027,0.0102752998593925,0.0130007257470681,1000
sp8,77,species.k.sp6,-0.000681880289932175,0.00996644049272307,0.0126243267279646,1000
sp8,78,species.k.sp7,-0.000225111354537207,0.00888096242131229,0.0113378480536539,1000
sp8,79,species.k.sp8,0.000924449028599731,0.0285832919737182,0.0344597004313999,1000
sp8,80,species.k.sp9,0.000295274607748409,0.00998436844082538,0.0128586913899675,1000
sp8,81,species.k.sp10,-0.000384047850649894,0.00875147873896155,0.0112684873877595,1000
sp8,82,species.k.sp11,-5.1838345573287e-05,0.00925819601501114,0.0119025735586435,1000
sp8,83,species.k.sp12,0.000267415484158453,0.00868174385680642,0.0114449783997428,1000
sp8,84,species.k.sp13,0.000230978538362577,0.0104776821125513,0.0133345959332666,1000
sp8,85,species.k.sp14,-0.000861167031905058,0.00955271171352756,0.0121652341405511,1000
sp8,86,species.k.sp15,-0.000345084470721342,0.0093170908806329,0.0120538490199091,1000
sp8,87,species.l0.sp0,0.00057248372553474,0.00907443071275449,0.0115795600540433,1000
sp8,88,species.l0.sp1,0.00013175533862979,0.0102034418112121,0.0129138467666505,1000
sp8,89,species.l0.sp2,0.000383711866679697,0.0113025306212734,0.0148480290341582,1000
sp8,90,species.l0.sp3,0.000658623823341353,0.00986613144650577,0.0126949456832792,1000
sp8,91,species.l0.sp4,-0.000155540639941523,0.00980610026171208,0.01242538078624,1000
sp8,92,species.l0.sp5,-4.16564637580564e-05,0.00902186229446534,0.0116617640059561,1000
sp8,93,species.l0.sp6,-7.15944459285059e-05,0.0089658166875397,0.0114507414825737,1000
sp8,94,species.l0.sp7,7.96221291251764e-05,0.00929208012256585,0.0118752959620919,1000
sp8,95,species.l0.sp8,-9.32107340747308e-05,0.0538099147409734,0.058617122220647,1000
sp8,96,species.l0.sp9,0.000238736706806294,0.00961623327137225,0.0121008072936999,1000
sp8,97,species.l0.sp10,6.8360686386687e-05,0.00951340879388094,0.012301523843801,1000
sp8,98,species.l0.sp11,-0.000100143804999607,0.00904843033789136,0.01152729124694,1000
sp8,99,species.l0.sp12,-0.000238866499229011,0.00915416707218377,0.0118521728357879,1000
sp8,100,species.l0.sp13,0.000688568323596969,0.00893825441141959,0.0114085488723897,1000
sp8,101,species.l0.sp14,0.000684381105436361,0.00901550092662135,0.0114546865880192,1000
sp8,102,species.l0.sp15,0.00016176388022955,0.00847247284723697,0.0108260207418283,1000
sp8,103,mortality.additional.larva.rate.sp0,-0.000314666102107948,0.0129429740075842,0.0183307105234509,1000
sp8,104,mortality.additional.larva.rate.sp1,-0.00013019792007553,0.00887686374390644,0.0113012236452989,1000
sp8,105,mortality.additional.larva.rate.sp2,0.00138435030951097,0.0225481482662907,0.0301518510372687,1000
sp8,106,mortality.additional.larva.rate.sp3,0.000926947458111297,0.0323214117394812,0.0430382736659251,1000
sp8,107,mortality.additional.larva.rate.sp4,0.000161647167756124,0.00906947676662839,0.0115195836953711,1000
sp8,108,mortality.additional.larva.rate.sp5,0.000150990747886485,0.00902075472424567,0.0114810894438278,1000
sp8,109,mortality.additional.larva.rate.sp6,-0.000299490251209139,0.00934748706239446,0.0120718917566371,1000
sp8,110,mortality.additional.larva.rate.sp9,-0.000491721576240604,0.0111778327488004,0.01417714055525,1000
sp8,111,mortality.additional.larva.rate.sp10,-0.000578721444983573,0.01022566641219,0.0131231817777542,1000
sp8,112,mortality.additional.larva.rate.sp11,2.58938059729897e-05,0.00926122122445514,0.0119105410688064,1000
sp8,113,mortality.additional.larva.rate.sp12,-0.000415924547991374,0.00920469894860868,0.0117572067619371,1000
sp8,114,mortality.additional.larva.rate.sp13,-1.63789150969749e-06,0.00908082395169894,0.011681551884707,1000
sp8,115,mortality.additional.larva.rate.sp14,-0.000295391529259781,0.0090070680279921,0.0115667188188664,1000
sp8,116,mortality.additional.larva.rate.sp15,-4.72768249664575e-05,0.00938818373381875,0.0120998674005336,1000
sp8,117,mortality.additional.larva.rate.mean.sp7,-0.000535977325477813,0.00847504622520567,0.010812773918949,1000
sp8,118,mortality.additional.larva.rate.mean.sp8,-0.000711068281214621,0.0507970132409225,0.0547311744891122,1000
sp8,119,species.linf.sp0,0.00226720994627234,0.0174779463036975,0.0267961041382943,1000
sp8,120,species.linf.sp1,1.52383258146159e-05,0.0133211939837634,0.0164195248912564,1000
sp8,121,species.linf.sp2,0.000772597026599837,0.0235335908973129,0.0301722802633808,1000
sp8,122,species.linf.sp3,0.00228963531420141,0.0519341929796101,0.0690562431099353,1000
sp8,123,species.linf.sp4,2.77713560830587e-05,0.014929914558826,0.0184278170478513,1000
sp8,124,species.linf.sp5,-8.61377393193482e-05,0.0190567288689252,0.0248462781166797,1000
sp8,125,species.linf.sp6,-0.000579374313821042,0.0143589001122601,0.0173924039076213,1000
sp8,126,species.linf.sp7,1.22120824313596e-05,0.01000450353746,0.0126969090171216,1000
sp8,127,species.linf.sp8,0.00490306911994453,0.167585674264219,0.173293137668026,1000
sp8,128,species.linf.sp9,0.000282333521591762,0.0136020861819658,0.0168998824691763,1000
sp8,129,species.linf.sp10,8.42619024520171e-05,0.0107345065360722,0.0143030714218813,1000
sp8,130,species.linf.sp11,-0.000685984886453615,0.00954158919975427,0.0123062616939148,1000
sp8,131,species.linf.sp12,7.22454646073099e-05,0.0102275811870526,0.0130687678541445,1000
sp8,132,species.linf.sp13,-4.52167756225063e-05,0.0106616012862181,0.0135727772213575,1000
sp8,133,species.linf.sp14,-6.32051326490687e-05,0.00998004591857825,0.0127288971135516,1000
sp8,134,species.linf.sp15,-0.000180327286229957,0.0109380170343165,0.014180987272638,1000
sp8,135,species.accessibility2fish.sp16,-0.000180121672376005,0.00880665041125602,0.0113435824571973,1000
sp8,136,species.accessibility2fish.sp17,-0.000207332763796403,0.00855251912988988,0.0109998101839515,1000
sp8,137,species.accessibility2fish.sp18,-0.000320605878835129,0.00857322252258329,0.0111078343886358,1000
sp8,138,species.accessibility2fish.sp19,-3.97432528275034e-05,0.00838956939559137,0.0107588460473834,1000
sp8,139,species.accessibility2fish.sp20,-0.00016888442158662,0.008809814302905,0.0112387294249811,1000
sp8,140,species.accessibility2fish.sp21,0.000935623764085709,0.00924225548603925,0.0115872894251026,1000
sp8,141,species.accessibility2fish.sp22,3.53035391260937e-05,0.0134520151955237,0.0178879630434765,1000
sp8,142,species.accessibility2fish.sp23,0.00116018346733212,0.0197335393516088,0.0226639676599502,1000
sp8,143,species.accessibility2fish.sp24,-0.00138587322414371,0.042785232447407,0.0462706709570427,1000
sp8,144,species.accessibility2fish.sp25,-0.000194805460614998,0.00897781581834503,0.0114112564175843,1000
sp8,145,species.accessibility2fish.sp26,0.00017740200874357,0.00902215789800877,0.0115894861491648,1000
sp8,146,species.maturity.size.ratio.sp0,-0.00149062154820409,0.0147943814877339,0.0221039897932038,1000
sp8,147,species.maturity.size.ratio.sp1,0.000221314281439986,0.00877376634335487,0.0112023588036265,1000
sp8,148,species.maturity.size.ratio.sp2,-0.00032676050117852,0.00896579064184534,0.0117022997225524,1000
sp8,149,species.maturity.size.ratio.sp3,3.19650989408459e-05,0.00922841909963254,0.0117599818154885,1000
sp8,150,species.maturity.size.ratio.sp4,-4.26007824763991e-05,0.0086200797086569,0.0113894513975896,1000
sp8,151,species.maturity.size.ratio.sp5,0.000578287801177373,0.00863346906661073,0.0110093651197037,1000
sp8,152,species.maturity.size.ratio.sp6,-0.000635666220145,0.00923980509850796,0.011859326770023,1000
sp8,153,species.maturity.size.ratio.sp7,-0.000286533881676685,0.00872763654905434,0.0112181128987697,1000
sp8,154,species.maturity.size.ratio.sp8,-0.000860939167235444,0.0090181390188882,0.0114341230161424,1000
sp8,155,species.maturity.size.ratio.sp9,0.000356175963880519,0.00866227521448149,0.0111499844184124,1000
sp8,156,species.maturity.size.ratio.sp10,0.000156163727150908,0.00922457012920097,0.0120033452320024,1000
sp8,157,species.maturity.size.ratio.sp11,0.000235369407231814,0.0104769540680639,0.0133411872877985,1000
sp8,158,species.maturity.size.ratio.sp12,-8.98016753662581e-06,0.00909751852321872,0.0116203652590164,1000
sp8,159,species.maturity.size.ratio.sp13,-0.000770035105107171,0.0128274859219819,0.0161202997160667,1000
sp8,160,species.maturity.size.ratio.sp14,-0.000443252969486624,0.00922623952553214,0.0119818676970117,1000
sp8,161,species.maturity.size.ratio.sp15,-0.000274701210676056,0.00963053682657684,0.012531111504101,1000
sp8,162,predation.predPrey.sizeRatio.teta.sp0.stage1,-0.000454052726475728,0.00929881803055656,0.0118741203245398,1000
sp8,163,predation.predPrey.sizeRatio.alpha.sp0.stage1,3.24203981307887e-06,0.0129705810414678,0.0188719651344222,1000
sp8,164,predation.predPrey.sizeRatio.teta.sp1.stage1,0.000122885878921798,0.00916653235431032,0.0116148014241312,1000
sp8,165,predation.predPrey.sizeRatio.alpha.sp1.stage1,0.000831812197211401,0.0107485521845672,0.0142224658545529,1000
sp8,166,predation.predPrey.sizeRatio.teta.sp2.stage1,0.000248304447209966,0.00858928019604907,0.011055072241268,1000
sp8,167,predation.predPrey.sizeRatio.alpha.sp2.stage1,-0.0010438476465789,0.0146480635613254,0.0193223162512941,1000
sp8,168,predation.predPrey.sizeRatio.teta.sp3.stage1,0.000310223090645263,0.0101430760895975,0.0130040153865785,1000
sp8,169,predation.predPrey.sizeRatio.alpha.sp3.stage1,-0.00163872720181079,0.0730565586726698,0.0875823875675855,1000
sp8,170,predation.predPrey.sizeRatio.teta.sp4.stage1,0.000507853377062273,0.00896676889019551,0.0115067196521644,1000
sp8,171,predation.predPrey.sizeRatio.alpha.sp4.stage1,-0.000813615124565061,0.0106785567561433,0.0136619976489136,1000
sp8,172,predation.predPrey.sizeRatio.teta.sp5.stage1,-0.000195312390352107,0.00913570145329031,0.0116751240567817,1000
sp8,173,predation.predPrey.sizeRatio.teta.sp5.stage2,-0.00126255509840382,0.0276311113306355,0.0340879352317486,1000
sp8,174,predation.predPrey.sizeRatio.alpha.sp5.stage1,-0.000175703452244564,0.00866631014067105,0.0112262396658111,1000
sp8,175,predation.predPrey.sizeRatio.alpha.sp5.stage2,-0.00013726067472892,0.0161262822224139,0.020732212109619,1000
sp8,176,predation.predPrey.sizeRatio.teta.sp6.stage1,0.00034786234981716,0.00868822096047546,0.0111500258601521,1000
sp8,177,predation.predPrey.sizeRatio.alpha.sp6.stage1,-0.000252490487154748,0.00966439994241943,0.0123873922827266,1000
sp8,178,predation.predPrey.sizeRatio.teta.sp7.stage1,0.000154851505249724,0.00911110520689202,0.0116268849016595,1000
sp8,179,predation.predPrey.sizeRatio.alpha.sp7.stage1,-0.000434976430146251,0.00920929022871846,0.0117669299069703,1000
sp8,180,predation.predPrey.sizeRatio.teta.sp8.stage1,-0.00047008089280641,0.00989098385417201,0.0126922572768309,1000
sp8,181,predation.predPrey.sizeRatio.alpha.sp8.stage1,0.00149429552233884,0.0737524358143031,0.0837599067122562,1000
sp8,182,predation.predPrey.sizeRatio.teta.sp9.stage1,0.000245833501696375,0.00971670741876888,0.0124930994348088,1000
sp8,183,predation.predPrey.sizeRatio.alpha.sp9.stage1,-9.39561514600783e-05,0.00953961874103834,0.012370231546544,1000
sp8,184,predation.predPrey.sizeRatio.teta.sp10.stage1,-0.000302934595356457,0.00879046807609394,0.0113621597756142,1000
sp8,185,predation.predPrey.sizeRatio.alpha.sp10.stage1,0.000154720614748251,0.00876075294541971,0.011481429422728,1000
sp8,186,predation.predPrey.sizeRatio.teta.sp11.stage1,0.000102529073449703,0.0089555651011464,0.011537496716586,1000
sp8,187,predation.predPrey.sizeRatio.alpha.sp11.stage1,0.00037323717786772,0.00881751712893816,0.0112126036560888,1000
sp8,188,predation.predPrey.sizeRatio.teta.sp12.stage1,-0.000330749224221439,0.00877887880447208,0.011202251147067,1000
sp8,189,predation.predPrey.sizeRatio.alpha.sp12.stage1,6.60351603650341e-05,0.00928796322914082,0.0119216559031381,1000
sp8,190,predation.predPrey.sizeRatio.teta.sp13.stage1,8.225511486909e-05,0.00873563376978328,0.0110694021585041,1000
sp8,191,predation.predPrey.sizeRatio.alpha.sp13.stage1,-0.000750827015065792,0.0112794429705284,0.014211085536021,1000
sp8,192,predation.predPrey.sizeRatio.teta.sp14.stage1,0.000448533554023031,0.00865384856062272,0.0110459050254282,1000
sp8,193,predation.predPrey.sizeRatio.alpha.sp14.stage1,-0.000117396964808989,0.0100793607152496,0.0128597328084643,1000
sp8,194,predation.predPrey.sizeRatio.teta.sp15.stage1,9.61354645984734e-05,0.00908413258142232,0.0115183989742109,1000
sp8,195,predation.predPrey.sizeRatio.alpha.sp15.stage1,0.000888584075945865,0.0100129566009291,0.0129389208933745,1000
sp9,1,mortality.additional.rate.sp0,-3.00812744096238e-05,0.0036271958636627,0.0057678311931112,1000
sp9,2,mortality.additional.rate.sp1,0.00012174205877226,0.00387119483136254,0.00663809564041975,1000
sp9,3,mortality.additional.rate.sp2,9.51923313403121e-05,0.00375789557068121,0.00589769407229553,1000
sp9,4,mortality.additional.rate.sp3,-2.92758202010659e-05,0.00486593019723347,0.00862996982331108,1000
sp9,5,mortality.additional.rate.sp4,0.00020071010631134,0.00334949407866235,0.00574385004847592,1000
sp9,6,mortality.additional.rate.sp5,4.2415597181877e-05,0.00406675062479885,0.00641308503424877,1000
sp9,7,mortality.additional.rate.sp6,0.000552723018077633,0.00356762228239485,0.00565281561842851,1000
sp9,8,mortality.additional.rate.sp7,8.5653574563095e-05,0.00371057051823026,0.00635257725956215,1000
sp9,9,mortality.additional.rate.sp8,-0.000344052508833243,0.00367304667578307,0.00595896961432375,1000
sp9,10,mortality.additional.rate.sp9,8.06087842123178e-05,0.0037411360365337,0.0061606456344791,1000
sp9,11,mortality.additional.rate.sp10,0.00013806769799871,0.00360125277160837,0.00612612014361663,1000
sp9,12,mortality.additional.rate.sp11,-0.000239021350164517,0.00363831134283997,0.00652904821110534,1000
sp9,13,mortality.additional.rate.sp12,4.43853223480072e-05,0.00371153807198439,0.00638388759075063,1000
sp9,14,mortality.additional.rate.sp13,-0.000522605625822914,0.00346452224830201,0.00603406773740765,1000
sp9,15,mortality.additional.rate.sp14,-5.58525439443673e-05,0.00376789990262215,0.00630582306924003,1000
sp9,16,mortality.additional.rate.sp15,7.21138930916414e-05,0.0036832663898037,0.00647752463423289,1000
sp9,17,fisheries.rate.base.fsh0,0.000823634729074039,0.00665124062509072,0.0124890874719801,1000
sp9,18,fisheries.rate.base.fsh1,0.000243105429914516,0.00362070014061179,0.00597355869537185,1000
sp9,19,fisheries.rate.base.fsh2,-0.000122961541490313,0.00370350092264625,0.00588291181519701,1000
sp9,20,fisheries.rate.base.fsh3,-0.000112804912157648,0.00387039305214955,0.00630294418397145,1000
sp9,21,species.catchability.fsh0.sp0,0.000215235496444076,0.00391106701251197,0.00601677054263637,1000
sp9,22,species.catchability.fsh0.sp1,-0.000116163495238246,0.00341229973470818,0.00573888172139092,1000
sp9,23,species.catchability.fsh0.sp2,-0.000614549087111271,0.00364339798384995,0.00607302635030956,1000
sp9,24,species.catchability.fsh0.sp3,0.000390774009208037,0.00639785360935949,0.0109727132063332,1000
sp9,25,species.catchability.fsh0.sp5,-4.56508082042895e-06,0.00368856063762948,0.00592252227655846,1000
sp9,26,species.catchability.fsh0.sp7,-0.000266716873280006,0.00348953588634468,0.00538394566367298,1000
sp9,27,species.catchability.fsh0.sp8,-4.35899779501733e-06,0.00354065094022723,0.00585928660137565,1000
sp9,28,species.catchability.fsh0.sp9,7.4268913438973e-05,0.00369109468559915,0.00594463585557756,1000
sp9,29,species.catchability.fsh0.sp10,0.000475569941173989,0.00369155094310567,0.00633911709786692,1000
sp9,30,species.catchability.fsh0.sp13,-0.000102205084671118,0.00346810110991045,0.00579598019783547,1000
sp9,31,species.catchability.fsh0.sp14,-0.000250746512286911,0.00379145819392189,0.0065253901453711,1000
sp9,32,species.catchability.fsh0.sp15,-0.000272475997145369,0.0033894192109855,0.00525772784845113,1000
sp9,33,species.catchability.fsh1.sp9,-5.74627059394481e-05,0.00409171570543198,0.00730092527275824,1000
sp9,34,species.catchability.fsh1.sp10,0.000114135724983137,0.0037086630943137,0.00618804564950743,1000
sp9,35,species.catchability.fsh1.sp11,-8.81690861770145e-05,0.00351250905737258,0.00556053813858292,1000
sp9,36,species.catchability.fsh1.sp12,2.41845899487521e-06,0.00372036737605416,0.00618826020676069,1000
sp9,37,species.catchability.fsh2.sp0,0.000116911642538906,0.00378350562117168,0.00652998819850209,1000
sp9,38,species.catchability.fsh2.sp5,0.000100441567168094,0.00359159708387525,0.00582066602637182,1000
sp9,39,species.catchability.fsh2.sp7,0.000187736647342381,0.00366305176387539,0.00596825980018106,1000
sp9,40,species.catchability.fsh2.sp8,-0.00018484207179562,0.00369137030406717,0.00630340824106826,1000
sp9,41,species.catchability.fsh3.sp0,-9.26954906093508e-05,0.00358602172739189,0.0058331993279514,1000
sp9,42,species.catchability.fsh3.sp1,6.84339598301583e-05,0.00340398744257545,0.00588107891874306,1000
sp9,43,species.catchability.fsh3.sp2,-0.000196953962187373,0.00355344410007583,0.00593526712220173,1000
sp9,44,species.catchability.fsh3.sp3,8.3781827717037e-05,0.00355603683671727,0.00570461987767526,1000
sp9,45,species.catchability.fsh3.sp5,0.000156407587306793,0.00365509254718339,0.00626647792490519,1000
sp9,46,species.catchability.fsh3.sp7,1.05167575244054e-05,0.00375590735080758,0.00631387483718558,1000
sp9,47,species.catchability.fsh3.sp8,-0.000256716762677246,0.00362555643041534,0.00616897849705177,1000
sp9,48,species.catchability.fsh3.sp9,9.38071301083498e-05,0.00349984578465856,0.00622550745816509,1000
sp9,49,species.catchability.fsh3.sp10,-0.000312405109801692,0.00365581381883213,0.00637382692935426,1000
sp9,50,species.catchability.fsh3.sp11,-0.000207330408161907,0.00359415203101557,0.00607169216705061,1000
sp9,51,species.catchability.fsh3.sp12,8.24870609242703e-05,0.00367719249249289,0.00618739176858868,1000
sp9,52,species.catchability.fsh3.sp13,0.000107071596955889,0.00348338507997967,0.00553593605167155,1000
sp9,53,species.catchability.fsh3.sp14,-0.000177535507244942,0.00363870150556151,0.00618341448643147,1000
sp9,54,species.catchability.fsh3.sp15,-0.000154715037993406,0.00356135616457181,0.00554764022545396,1000
sp9,55,species.length2weight.condition.factor.sp0,-0.00030275721422063,0.00437821803738786,0.00694131782184002,1000
sp9,56,species.length2weight.condition.factor.sp1,-0.000183629286835433,0.00349348518121238,0.00565388207552887,1000
sp9,57,species.length2weight.condition.factor.sp2,-0.000195423033399298,0.0035247355754239,0.00572520683717141,1000
sp9,58,species.length2weight.condition.factor.sp3,0.000115795732594906,0.00456470850691538,0.00814380251833291,1000
sp9,59,species.length2weight.condition.factor.sp4,-6.21522332685632e-05,0.00411980786387481,0.0064396944104624,1000
sp9,60,species.length2weight.condition.factor.sp5,6.53066507040785e-06,0.00360405179780714,0.00616758422668112,1000
sp9,61,species.length2weight.condition.factor.sp6,7.01118920130951e-05,0.00352719808122288,0.00566731936851152,1000
sp9,62,species.length2weight.condition.factor.sp7,-0.000105726179494824,0.00368156610727728,0.00604357408603186,1000
sp9,63,species.length2weight.condition.factor.sp8,-0.000242017784910444,0.00352668809190158,0.0059224308069663,1000
sp9,64,species.length2weight.condition.factor.sp9,0.000445179048607723,0.0120177821653575,0.0181889699068725,1000
sp9,65,species.length2weight.condition.factor.sp10,0.000293706201932863,0.00345824999679655,0.00583044206417456,1000
sp9,66,species.length2weight.condition.factor.sp11,0.000112501038918623,0.00339074139614494,0.00532783922008236,1000
sp9,67,species.length2weight.condition.factor.sp12,0.00024193574571879,0.00363652854814618,0.00577891477882706,1000
sp9,68,species.length2weight.condition.factor.sp13,-8.15459989518132e-05,0.00379392293206251,0.00640466118288446,1000
sp9,69,species.length2weight.condition.factor.sp14,0.000142756811488248,0.00343256547546138,0.00534979587953242,1000
sp9,70,species.length2weight.condition.factor.sp15,6.76880971717652e-05,0.00352549722934441,0.00595028144271639,1000
sp9,71,species.k.sp0,0.000138185807285898,0.00667535552103198,0.0108840779050545,1000
sp9,72,species.k.sp1,-0.000379785157466729,0.00378651937949666,0.00659661528812522,1000
sp9,73,species.k.sp2,0.000177929421799632,0.00442573425090921,0.00727380539956544,1000
sp9,74,species.k.sp3,-0.000178088564634301,0.0111974116461152,0.0206928758087956,1000
sp9,75,species.k.sp4,5.41178346987397e-05,0.00719277438618006,0.00981008459914646,1000
sp9,76,species.k.sp5,0.000245962568201795,0.00397477186357395,0.00631917570544722,1000
sp9,77,species.k.sp6,-0.000133818334928373,0.00351869697426985,0.00560371191364696,1000
sp9,78,species.k.sp7,0.000229434289645585,0.00341416594262228,0.00551605191094077,1000
sp9,79,species.k.sp8,-0.00029621003570374,0.00371381317741015,0.0063295501084968,1000
sp9,80,species.k.sp9,0.00045920672382365,0.0177159748098287,0.0210629170066009,1000
sp9,81,species.k.sp10,8.22606320474866e-05,0.00426965302066489,0.00769552980880308,1000
sp9,82,species.k.sp11,0.000479861316230319,0.00391108226060472,0.00646560062256426,1000
sp9,83,species.k.sp12,0.000501623164299256,0.00409668688903924,0.00652086540222236,1000
sp9,84,species.k.sp13,-0.000236390977205854,0.0080145263649713,0.0129124286816212,1000
sp9,85,species.k.sp14,-4.80604612791999e-06,0.00393155884081852,0.00654774045321654,1000
sp9,86,species.k.sp15,-1.76794842685447e-05,0.00356767879228138,0.00564726928605939,1000
sp9,87,species.l0.sp0,1.92577301571437e-05,0.00377187472288336,0.00615943115743046,1000
sp9,88,species.l0.sp1,2.91651448229264e-05,0.00377276614736846,0.00617697726289156,1000
sp9,89,species.l0.sp2,6.82473900675894e-05,0.00407229246462797,0.00655313827114823,1000
sp9,90,species.l0.sp3,1.39759863817787e-05,0.00519717690315194,0.00963943564106878,1000
sp9,91,species.l0.sp4,0.000185876479991414,0.00853047874133513,0.0111613537348501,1000
sp9,92,species.l0.sp5,-0.000326731168545323,0.00333516922828384,0.00533144525180907,1000
sp9,93,species.l0.sp6,2.86486567368957e-05,0.00352902620435989,0.00574147870104584,1000
sp9,94,species.l0.sp7,-5.83469800169637e-06,0.00366088579922297,0.00603549568780295,1000
sp9,95,species.l0.sp8,-0.000131886611792893,0.00346110836627342,0.00567912238364808,1000
sp9,96,species.l0.sp9,-0.00104984216627915,0.04069646489348,0.0531261902521923,1000
sp9,97,species.l0.sp10,-0.000166452109662686,0.00482434094324693,0.00906240777207352,1000
sp9,98,species.l0.sp11,-0.000250318699464015,0.00358269613069362,0.0055483147708146,1000
sp9,99,species.l0.sp12,-0.000272229578713567,0.00401137383656236,0.00658910679055518,1000
sp9,100,species.l0.sp13,5.38713836852181e-05,0.00359275134405372,0.0057492879827394,1000
sp9,101,species.l0.sp14,3.45509361401657e-05,0.0035938335228742,0.00584545324892901,1000
sp9,102,species.l0.sp15,0.000272810713267087,0.00359023988328397,0.00594271852236902,1000
sp9,103,mortality.additional.larva.rate.sp0,0.000130828850547455,0.00735329043436053,0.0114267913142325,1000
sp9,104,mortality.additional.larva.rate.sp1,0.000156482928115403,0.00372931440270182,0.00638435023945038,1000
sp9,105,mortality.additional.larva.rate.sp2,-0.000385441841269433,0.00647761447235478,0.0100344093021228,1000
sp9,106,mortality.additional.larva.rate.sp3,-0.00177620696609763,0.0214893294809319,0.0403672755431736,1000
sp9,107,mortality.additional.larva.rate.sp4,-0.000161059964707547,0.00330590387142803,0.00532139755284601,1000
sp9,108,mortality.additional.larva.rate.sp5,0.000483699266992489,0.00368648792558293,0.00589604004363455,1000
sp9,109,mortality.additional.larva.rate.sp6,5.32192970819129e-05,0.00342247437352878,0.00582569296029201,1000
sp9,110,mortality.additional.larva.rate.sp9,0.00686184538673075,0.0712521974966091,0.0946624482309468,1000
sp9,111,mortality.additional.larva.rate.sp10,-6.44733539059036e-05,0.00620358200018032,0.0105108962367395,1000
sp9,112,mortality.additional.larva.rate.sp11,0.000335847084769919,0.00343026453494254,0.00559020900377664,1000
sp9,113,mortality.additional.larva.rate.sp12,0.00035609728798022,0.00576618398871512,0.00796777562876479,1000
sp9,114,mortality.additional.larva.rate.sp13,0.000200832874555725,0.00349284532895672,0.00555946767790692,1000
sp9,115,mortality.additional.larva.rate.sp14,7.44834635894284e-05,0.00369758638004698,0.00582699740622017,1000
sp9,116,mortality.additional.larva.rate.sp15,0.000112715372436564,0.0036508114886717,0.00619651663918072,1000
sp9,117,mortality.additional.larva.rate.mean.sp7,-3.61195420553649e-06,0.00358616464893803,0.00599679277213373,1000
sp9,118,mortality.additional.larva.rate.mean.sp8,1.45706062269485e-05,0.00345442405885838,0.00561089140543637,1000
sp9,119,species.linf.sp0,-0.000374835814995522,0.00726191577878364,0.0129654538907135,1000
sp9,120,species.linf.sp1,-0.000217149063291835,0.00389679488551912,0.00678418892215416,1000
sp9,121,species.linf.sp2,-6.18892917569288e-05,0.00697595999987041,0.0103269956272086,1000
sp9,122,species.linf.sp3,0.0012403184264533,0.0379569916338569,0.065929853849176,1000
sp9,123,species.linf.sp4,-0.00038260485119629,0.0129956417551002,0.0169362187557625,1000
sp9,124,species.linf.sp5,-0.000172760648598215,0.00760912987677438,0.0115265238939274,1000
sp9,125,species.linf.sp6,0.000180634202327178,0.00371971311309501,0.0065019973006907,1000
sp9,126,species.linf.sp7,8.32693738433806e-05,0.00355262959961108,0.00579203084150622,1000
sp9,127,species.linf.sp8,-2.47083837704632e-05,0.00369913014349871,0.00624719789061296,1000
sp9,128,species.linf.sp9,-0.000332225462755976,0.094412942726755,0.0995821461080967,1000
sp9,129,species.linf.sp10,0.000435000667091913,0.0089916364117181,0.017613908486256,1000
sp9,130,species.linf.sp11,0.00011477854864444,0.00474973953446557,0.00765496352005767,1000
sp9,131,species.linf.sp12,0.000220679402428366,0.00463852404141496,0.00733074200891995,1000
sp9,132,species.linf.sp13,0.000387174315207981,0.00732934528585858,0.0106057500517962,1000
sp9,133,species.linf.sp14,-0.000174002614430133,0.00370020157585109,0.00630845104443381,1000
sp9,134,species.linf.sp15,0.000494605308455896,0.00422942980412051,0.00692829391688021,1000
sp9,135,species.accessibility2fish.sp16,-0.000181762623964026,0.00378533725629142,0.00636622500837546,1000
sp9,136,species.accessibility2fish.sp17,0.000139938488729993,0.00361915212459602,0.00601856155907088,1000
sp9,137,species.accessibility2fish.sp18,0.000157644300902521,0.0035964835913792,0.00615404641903756,1000
sp9,138,species.accessibility2fish.sp19,-0.000220828109872641,0.00382671736022644,0.00645524295111647,1000
sp9,139,species.accessibility2fish.sp20,-0.000341986124061375,0.00357160832920248,0.00596575867354414,1000
sp9,140,species.accessibility2fish.sp21,-1.19612764079098e-05,0.00432149375359581,0.00679043529098843,1000
sp9,141,species.accessibility2fish.sp22,2.12416563006647e-05,0.00338027109199525,0.00531716928707781,1000
sp9,142,species.accessibility2fish.sp23,-6.43397307757832e-05,0.00361330616441721,0.00601605197577652,1000
sp9,143,species.accessibility2fish.sp24,3.09236338990972e-05,0.00400959334642128,0.00674581938709366,1000
sp9,144,species.accessibility2fish.sp25,-6.38198891812459e-05,0.00346165094782794,0.00561032430045457,1000
sp9,145,species.accessibility2fish.sp26,3.48282557555205e-05,0.00351658836573701,0.00568963715483283,1000
sp9,146,species.maturity.size.ratio.sp0,5.77262535041497e-05,0.00758275336776225,0.0125741360781975,1000
sp9,147,species.maturity.size.ratio.sp1,-0.000128768339294473,0.00369350888442976,0.00614530014290275,1000
sp9,148,species.maturity.size.ratio.sp2,8.60239402580921e-06,0.00355397367516086,0.00594182323679435,1000
sp9,149,species.maturity.size.ratio.sp3,-0.000140420823929723,0.00366788679284526,0.005960136892398,1000
sp9,150,species.maturity.size.ratio.sp4,0.00010333156356307,0.00505905411873897,0.00715914419708809,1000
sp9,151,species.maturity.size.ratio.sp5,0.000340967286524278,0.00352777710209194,0.00595896727494426,1000
sp9,152,species.maturity.size.ratio.sp6,8.45579768077512e-05,0.00375733539005286,0.00624272205967701,1000
sp9,153,species.maturity.size.ratio.sp7,1.24104491864388e-05,0.00379295388451934,0.00666320329628196,1000
sp9,154,species.maturity.size.ratio.sp8,-0.000121510443862015,0.00336382714233888,0.00547026355242004,1000
sp9,155,species.maturity.size.ratio.sp9,-0.000166335718716041,0.00564940468209198,0.00833542016084624,1000
sp9,156,species.maturity.size.ratio.sp10,-0.000356337751819278,0.00369372553903515,0.0059619615041492,1000
sp9,157,species.maturity.size.ratio.sp11,1.86056184836909e-05,0.00453258677927812,0.00734730355505237,1000
sp9,158,species.maturity.size.ratio.sp12,6.31825869697663e-05,0.00370182173830007,0.00556035124493234,1000
sp9,159,species.maturity.size.ratio.sp13,-0.00138126869175826,0.0165571909105306,0.0235776829636418,1000
sp9,160,species.maturity.size.ratio.sp14,-0.000188178725355529,0.0037336018562357,0.00620433844293417,1000
sp9,161,species.maturity.size.ratio.sp15,-0.000141436354646545,0.00372220946886173,0.0061988875356651,1000
sp9,162,predation.predPrey.sizeRatio.teta.sp0.stage1,0.000220822584459858,0.0037950896878483,0.00667129532712413,1000
sp9,163,predation.predPrey.sizeRatio.alpha.sp0.stage1,0.000187219227021363,0.00512724703461503,0.00759880023609187,1000
sp9,164,predation.predPrey.sizeRatio.teta.sp1.stage1,0.000118868616581226,0.00361941687266028,0.00590863549950395,1000
sp9,165,predation.predPrey.sizeRatio.alpha.sp1.stage1,-0.000287254746451494,0.00390010861490294,0.00684852866494641,1000
sp9,166,predation.predPrey.sizeRatio.teta.sp2.stage1,5.72354121292282e-05,0.00348767032475324,0.00594737358821719,1000
sp9,167,predation.predPrey.sizeRatio.alpha.sp2.stage1,4.4215714875648e-05,0.00488485586616219,0.00758921729296771,1000
sp9,168,predation.predPrey.sizeRatio.teta.sp3.stage1,-1.58801465182345e-06,0.00383083943335961,0.00612520898768905,1000
sp9,169,predation.predPrey.sizeRatio.alpha.sp3.stage1,-3.42350106746307e-05,0.0261445949505731,0.0429120968484928,1000
sp9,170,predation.predPrey.sizeRatio.teta.sp4.stage1,1.13675841978231e-05,0.00361499346371134,0.00567154331096201,1000
sp9,171,predation.predPrey.sizeRatio.alpha.sp4.stage1,0.000413106822143265,0.00669281796970093,0.00905340403342764,1000
sp9,172,predation.predPrey.sizeRatio.teta.sp5.stage1,-7.6833740398011e-05,0.00344741362552524,0.00581734262916551,1000
sp9,173,predation.predPrey.sizeRatio.teta.sp5.stage2,-3.42431542641113e-05,0.00841032168400498,0.0121310192225305,1000
sp9,174,predation.predPrey.sizeRatio.alpha.sp5.stage1,-0.000258828063787316,0.00350359790130279,0.00573446320859516,1000
sp9,175,predation.predPrey.sizeRatio.alpha.sp5.stage2,-9.29137357589233e-05,0.00829281023978066,0.0118852324793607,1000
sp9,176,predation.predPrey.sizeRatio.teta.sp6.stage1,7.53812209053661e-05,0.00364969995219812,0.0059276393592822,1000
sp9,177,predation.predPrey.sizeRatio.alpha.sp6.stage1,0.000151123939075654,0.00355732894032545,0.00604351742872982,1000
sp9,178,predation.predPrey.sizeRatio.teta.sp7.stage1,-1.07744909427224e-05,0.00369198497973897,0.00630993838211595,1000
sp9,179,predation.predPrey.sizeRatio.alpha.sp7.stage1,-0.000113960883126698,0.00362881009898864,0.00595734392368492,1000
sp9,180,predation.predPrey.sizeRatio.teta.sp8.stage1,-7.95900636616727e-05,0.00366492395368825,0.00647344442725515,1000
sp9,181,predation.predPrey.sizeRatio.alpha.sp8.stage1,-5.68088381473721e-05,0.00386789344165423,0.00682952744805725,1000
sp9,182,predation.predPrey.sizeRatio.teta.sp9.stage1,0.000361511743276511,0.00407799534182874,0.0064096365963473,1000
sp9,183,predation.predPrey.sizeRatio.alpha.sp9.stage1,0.00217592920553625,0.0342350479378127,0.0396546548024928,1000
sp9,184,predation.predPrey.sizeRatio.teta.sp10.stage1,-0.000216174770525676,0.00356063838732376,0.00580868737798281,1000
sp9,185,predation.predPrey.sizeRatio.alpha.sp10.stage1,-0.000121534615052772,0.00525078521836519,0.00999232739580747,1000
sp9,186,predation.predPrey.sizeRatio.teta.sp11.stage1,3.75245948443695e-05,0.00357041409023971,0.00572832925255424,1000
sp9,187,predation.predPrey.sizeRatio.alpha.sp11.stage1,0.000145302787098196,0.00355290779938723,0.00570304301086653,1000
sp9,188,predation.predPrey.sizeRatio.teta.sp12.stage1,2.50044685787872e-05,0.0039246679529368,0.00688702473193804,1000
sp9,189,predation.predPrey.sizeRatio.alpha.sp12.stage1,0.000305288013807002,0.00411625709848503,0.00660425350006954,1000
sp9,190,predation.predPrey.sizeRatio.teta.sp13.stage1,6.9401691270399e-05,0.00355083006974493,0.0059649486583602,1000
sp9,191,predation.predPrey.sizeRatio.alpha.sp13.stage1,6.66012932989072e-05,0.00645548563959026,0.00981820937005615,1000
sp9,192,predation.predPrey.sizeRatio.teta.sp14.stage1,-0.000166274554176821,0.00350950419096457,0.00550773456869476,1000
sp9,193,predation.predPrey.sizeRatio.alpha.sp14.stage1,0.000116994059684018,0.00345529383862691,0.00558614709595501,1000
sp9,194,predation.predPrey.sizeRatio.teta.sp15.stage1,-0.000355230925164885,0.00369943994322625,0.00599580920736405,1000
sp9,195,predation.predPrey.sizeRatio.alpha.sp15.stage1,-1.79662487039768e-05,0.00411942956842954,0.00604367072695588,1000
sp10,1,mortality.additional.rate.sp0,-8.40769382116257e-05,0.00579671500862697,0.00997055840222565,1000
sp10,2,mortality.additional.rate.sp1,0.000312562762462353,0.00627494480102179,0.0109911567551525,1000
sp10,3,mortality.additional.rate.sp2,0.000387965384339687,0.00621421573942715,0.011012821693946,1000
sp10,4,mortality.additional.rate.sp3,-0.00100216688925473,0.00568260450416257,0.0097671866441244,1000
sp10,5,mortality.additional.rate.sp4,-0.00014115978632337,0.00569680118165569,0.0102216440655221,1000
sp10,6,mortality.additional.rate.sp5,0.000380453191274468,0.00653649290337641,0.0115190338560088,1000
sp10,7,mortality.additional.rate.sp6,-2.72042505659464e-05,0.00573462630691237,0.0100312359781571,1000
sp10,8,mortality.additional.rate.sp7,-0.000490438049328717,0.00576587082505295,0.0102507875606839,1000
sp10,9,mortality.additional.rate.sp8,-5.6326276060009e-05,0.00550327776043155,0.00934522497957424,1000
sp10,10,mortality.additional.rate.sp9,0.000349656198367688,0.00613898115650451,0.0110462316148325,1000
sp10,11,mortality.additional.rate.sp10,-0.000139446268106046,0.0059520308096688,0.0102673334637293,1000
sp10,12,mortality.additional.rate.sp11,0.00018073671977471,0.0058942975377313,0.0103875954430088,1000
sp10,13,mortality.additional.rate.sp12,0.000155686473713318,0.00653799432475515,0.0115671828377493,1000
sp10,14,mortality.additional.rate.sp13,-0.00012232091605415,0.00566458801859588,0.0101393765065368,1000
sp10,15,mortality.additional.rate.sp14,-0.000369926204868291,0.00561172899985724,0.00982861275055086,1000
sp10,16,mortality.additional.rate.sp15,0.000222164121192464,0.00547088666011444,0.00959839491847164,1000
sp10,17,fisheries.rate.base.fsh0,0.000781382934160469,0.00909811364849167,0.0138162483220754,1000
sp10,18,fisheries.rate.base.fsh1,-5.47547355290051e-05,0.00886464021343133,0.013516050669271,1000
sp10,19,fisheries.rate.base.fsh2,-0.00014770529004158,0.00561423466817351,0.00975337611662603,1000
sp10,20,fisheries.rate.base.fsh3,0.000303731807530799,0.00573372568247176,0.00976026580445871,1000
sp10,21,species.catchability.fsh0.sp0,-2.89352271535037e-05,0.00612041292942844,0.0114740404142018,1000
sp10,22,species.catchability.fsh0.sp1,-1.73886337693454e-05,0.006084979552369,0.0105914577486389,1000
sp10,23,species.catchability.fsh0.sp2,-0.000249219389830696,0.00547199665201855,0.00967133198356437,1000
sp10,24,species.catchability.fsh0.sp3,0.000445350336280785,0.0074389501219606,0.0129657014079249,1000
sp10,25,species.catchability.fsh0.sp5,0.000110982292590987,0.00587839704041245,0.0101480469817079,1000
sp10,26,species.catchability.fsh0.sp7,0.0001521099699728,0.00549543990739939,0.00937005077748117,1000
sp10,27,species.catchability.fsh0.sp8,-0.000281294641338642,0.00593723420743948,0.0101269962866954,1000
sp10,28,species.catchability.fsh0.sp9,5.24644327977544e-05,0.00562352327341303,0.00973973876765184,1000
sp10,29,species.catchability.fsh0.sp10,0.000515961845720282,0.00770634227998091,0.0117894000280791,1000
sp10,30,species.catchability.fsh0.sp13,-0.00095475309417906,0.00638835246633832,0.0109728305749374,1000
sp10,31,species.catchability.fsh0.sp14,-0.000270840478062709,0.00577720465883164,0.0101870548668866,1000
sp10,32,species.catchability.fsh0.sp15,-6.51364404660625e-05,0.00578200808240912,0.00983081267536207,1000
sp10,33,species.catchability.fsh1.sp9,-0.000516864502461979,0.00604606746084394,0.0104108755554224,1000
sp10,34,species.catchability.fsh1.sp10,0.000360307086095505,0.00912602138846209,0.0137351378297472,1000
sp10,35,species.catchability.fsh1.sp11,0.00011826394368498,0.00609585387212824,0.0107457086733674,1000
sp10,36,species.catchability.fsh1.sp12,-0.000359053164993023,0.00595100100551082,0.0105218499048753,1000
sp10,37,species.catchability.fsh2.sp0,0.000394878396028031,0.00580509280164498,0.0103719417631644,1000
sp10,38,species.catchability.fsh2.sp5,-0.000177195989210089,0.00565997050086387,0.00987965696429305,1000
sp10,39,species.catchability.fsh2.sp7,0.00014844515788565,0.00584101493145734,0.00989211339713187,1000
sp10,40,species.catchability.fsh2.sp8,0.000108915125273349,0.00628913465003384,0.0109572646693191,1000
sp10,41,species.catchability.fsh3.sp0,-1.0483140173175e-05,0.00541887175971057,0.0097111426814572,1000
sp10,42,species.catchability.fsh3.sp1,0.0001007112985106,0.00617431120071681,0.010585429121833,1000
sp10,43,species.catchability.fsh3.sp2,-0.000705927900854452,0.00628300313404089,0.0112430515759784,1000
sp10,44,species.catchability.fsh3.sp3,-0.000446510595689622,0.00596569697182948,0.0106693280991277,1000
sp10,45,species.catchability.fsh3.sp5,0.000423930243859143,0.00602853193657799,0.0108515431108476,1000
sp10,46,species.catchability.fsh3.sp7,-0.000131869079170184,0.00561825395390874,0.00982511864926747,1000
sp10,47,species.catchability.fsh3.sp8,0.000324227894653344,0.00586673067045365,0.0104915362636752,1000
sp10,48,species.catchability.fsh3.sp9,0.000499680100061629,0.00582524880123738,0.0100633028229754,1000
sp10,49,species.catchability.fsh3.sp10,-0.000524327738742306,0.00612398960582896,0.0107730282878586,1000
sp10,50,species.catchability.fsh3.sp11,3.28362929692337e-05,0.00625463658192162,0.0111768714644014,1000
sp10,51,species.catchability.fsh3.sp12,-0.000192380751819936,0.0061449839424494,0.0105714761480857,1000
sp10,52,species.catchability.fsh3.sp13,0.000493710504549303,0.00551846620027927,0.0096251002949633,1000
sp10,53,species.catchability.fsh3.sp14,-0.00025146826088958,0.00564682724721041,0.00973257849114606,1000
sp10,54,species.catchability.fsh3.sp15,-9.35420912960695e-06,0.00577403050098179,0.00983981833618224,1000
sp10,55,species.length2weight.condition.factor.sp0,-2.81026337963288e-06,0.00600159531583792,0.0107508566618233,1000
sp10,56,species.length2weight.condition.factor.sp1,-0.000164026903401458,0.00571001647857753,0.00983725438685706,1000
sp10,57,species.length2weight.condition.factor.sp2,-5.05461564048617e-05,0.00600343670054746,0.00993754258659785,1000
sp10,58,species.length2weight.condition.factor.sp3,8.48858420932563e-05,0.00653049159211026,0.0111792715122017,1000
sp10,59,species.length2weight.condition.factor.sp4,0.000456836890790815,0.00590748223267523,0.0101198622227465,1000
sp10,60,species.length2weight.condition.factor.sp5,3.90467018460176e-05,0.00566513229185766,0.0099259826856466,1000
sp10,61,species.length2weight.condition.factor.sp6,-0.000227809400209359,0.00594243366653364,0.0106757682082619,1000
sp10,62,species.length2weight.condition.factor.sp7,0.000248671720020161,0.00567807066659854,0.00990957631622526,1000
sp10,63,species.length2weight.condition.factor.sp8,0.000416208667260697,0.00562552874857348,0.00994050578090569,1000
sp10,64,species.length2weight.condition.factor.sp9,3.86031334878428e-05,0.00563678234916504,0.00978224980106066,1000
sp10,65,species.length2weight.condition.factor.sp10,-0.00102183570721187,0.0214450256729998,0.0328901452936356,1000
sp10,66,species.length2weight.condition.factor.sp11,3.64741353622648e-05,0.00570447270505948,0.00930993168782574,1000
sp10,67,species.length2weight.condition.factor.sp12,0.000413618309087113,0.0053163189241915,0.0096150923068362,1000
sp10,68,species.length2weight.condition.factor.sp13,0.000517366371773841,0.00631338954591532,0.0107825292980687,1000
sp10,69,species.length2weight.condition.factor.sp14,7.23967018339995e-05,0.00523754086276559,0.00900249108105701,1000
sp10,70,species.length2weight.condition.factor.sp15,-0.000478780177421901,0.00586915697721978,0.0102144243481706,1000
sp10,71,species.k.sp0,0.000299236728975323,0.00667918484624706,0.011673665274915,1000
sp10,72,species.k.sp1,0.000144162397629464,0.00640353819121127,0.0112620648198441,1000
sp10,73,species.k.sp2,0.000918339368465884,0.00748325509282669,0.0131982747979554,1000
sp10,74,species.k.sp3,0.000655653877519625,0.00775147853464777,0.0139182444002778,1000
sp10,75,species.k.sp4,0.000219633277352664,0.0105215066808442,0.0159556426158829,1000
sp10,76,species.k.sp5,-0.000304180228800042,0.00634513023811202,0.0112786582091069,1000
sp10,77,species.k.sp6,-0.000479325604204324,0.00593443171373213,0.00995986590524844,1000
sp10,78,species.k.sp7,0.00027303176753849,0.00586722445140263,0.0099634069719695,1000
sp10,79,species.k.sp8,9.49516294628063e-05,0.00619107906024713,0.0106976132219394,1000
sp10,80,species.k.sp9,0.000104718853958851,0.00837886232586086,0.0151000959394631,1000
sp10,81,species.k.sp10,0.00022809874957464,0.0184846125090191,0.0289445748615736,1000
sp10,82,species.k.sp11,-0.00065375935145087,0.00640237844353003,0.0107735357240202,1000
sp10,83,species.k.sp12,-0.000426616556579635,0.00627755438053785,0.0106175865513104,1000
sp10,84,species.k.sp13,-0.000871126716262885,0.0175433789404072,0.0324160272129558,1000
sp10,85,species.k.sp14,0.000245621072001362,0.00594898375946019,0.0102207652787763,1000
sp10,86,species.k.sp15,-0.000260998712962587,0.00607763527576614,0.0106096614079812,1000
sp10,87,species.l0.sp0,-0.000307510948785891,0.00596098543108487,0.0100736526714251,1000
sp10,88,species.l0.sp1,-0.000664456524995047,0.00635870860361038,0.0111820566206992,1000
sp10,89,species.l0.sp2,0.000410036164883537,0.00779389207837909,0.01433238873308,1000
sp10,90,species.l0.sp3,0.00096589881633013,0.00623798547829003,0.0109618820353571,1000
sp10,91,species.l0.sp4,-0.000732064433105231,0.0106403950728339,0.0154870586076617,1000
sp10,92,species.l0.sp5,-1.40864683288536e-05,0.0060437293592711,0.0103562756292004,1000
sp10,93,species.l0.sp6,-0.000447886344487706,0.0059717913474557,0.0100672094437172,1000
sp10,94,species.l0.sp7,0.000753616864409958,0.00562575927164155,0.00992389636416192,1000
sp10,95,species.l0.sp8,-6.16048370103066e-05,0.00602118453797854,0.0102396086652891,1000
sp10,96,species.l0.sp9,-2.31891908392289e-05,0.00708286453882407,0.0121251471692178,1000
sp10,97,species.l0.sp10,0.00521410741252323,0.0859541253684443,0.115798396999756,1000
sp10,98,species.l0.sp11,-0.0001254206197948,0.00601465307486831,0.0102557948864611,1000
sp10,99,species.l0.sp12,-0.000451686564996285,0.00611430524484348,0.0109460664738834,1000
sp10,100,species.l0.sp13,-0.000415348385713259,0.00563710537607385,0.0102063519485639,1000
sp10,101,species.l0.sp14,-0.000515115880857026,0.00619931961111557,0.0108623109578016,1000
sp10,102,species.l0.sp15,-4.30962931847794e-05,0.00597883460348892,0.0101606422434744,1000
sp10,103,mortality.additional.larva.rate.sp0,0.00017279389265466,0.006585143786075,0.0114208572260822,1000
sp10,104,mortality.additional.larva.rate.sp1,0.000457062260052904,0.00575184643530306,0.00990896852095034,1000
sp10,105,mortality.additional.larva.rate.sp2,-0.000360676036078841,0.0149706877374993,0.0287149108257398,1000
sp10,106,mortality.additional.larva.rate.sp3,-0.000642138501192074,0.013214586631194,0.0264659174103313,1000
sp10,107,mortality.additional.larva.rate.sp4,0.000293615742991275,0.00561030221077184,0.00993395597711106,1000
sp10,108,mortality.additional.larva.rate.sp5,0.000476110785153509,0.00568808131998038,0.0102477144643702,1000
sp10,109,mortality.additional.larva.rate.sp6,0.000149398517318689,0.00582524449818554,0.0101138579536584,1000
sp10,110,mortality.additional.larva.rate.sp9,-0.00118438478912976,0.0101164664854003,0.0166098584813535,1000
sp10,111,mortality.additional.larva.rate.sp10,-0.00196576322583027,0.134898443679736,0.183038993333813,1000
sp10,112,mortality.additional.larva.rate.sp11,5.47416414171408e-06,0.00594480062730663,0.0103450364551511,1000
sp10,113,mortality.additional.larva.rate.sp12,0.000362793936645463,0.00660664053233183,0.0110982916686948,1000
sp10,114,mortality.additional.larva.rate.sp13,-0.000244412289285607,0.00593120536040038,0.0102830643037962,1000
sp10,115,mortality.additional.larva.rate.sp14,-0.000118535472988398,0.00578972542564619,0.00979910944544545,1000
sp10,116,mortality.additional.larva.rate.sp15,-0.000659588136887797,0.00564803817049538,0.0102624894185002,1000
sp10,117,mortality.additional.larva.rate.mean.sp7,0.000701752410242516,0.00544831649784646,0.00937662517639994,1000
sp10,118,mortality.additional.larva.rate.mean.sp8,-0.00043478797453219,0.00584097129292883,0.00980096052028082,1000
sp10,119,species.linf.sp0,0.000109099563508207,0.0074215372293551,0.0121848850364204,1000
sp10,120,species.linf.sp1,0.000450200796911387,0.0071120659736388,0.0124340161595613,1000
sp10,121,species.linf.sp2,0.000641523967239072,0.0136972151558607,0.0259726160696721,1000
sp10,122,species.linf.sp3,0.00123127457322485,0.0214478948018962,0.0399504515844225,1000
sp10,123,species.linf.sp4,-0.00185060581540458,0.0216301438649711,0.0291871770071928,1000
sp10,124,species.linf.sp5,0.000345290399238354,0.0137908794794496,0.0227407691549114,1000
sp10,125,species.linf.sp6,0.000523509025038431,0.00604454936519365,0.010414989488662,1000
sp10,126,species.linf.sp7,0.000279185852331409,0.00591070508460265,0.0105403166004044,1000
sp10,127,species.linf.sp8,-0.000163903519880455,0.00618809609913081,0.0106032954451187,1000
sp10,128,species.linf.sp9,-2.89205031995178e-05,0.0189152672691989,0.0327825294085171,1000
sp10,129,species.linf.sp10,0.00708913505738258,0.0889139055895475,0.12056169766555,1000
sp10,130,species.linf.sp11,-1.07908061702691e-05,0.007608051509542,0.0144198118336803,1000
sp10,131,species.linf.sp12,0.00010125199825363,0.00695310910989478,0.0125328257266122,1000
sp10,132,species.linf.sp13,0.000700090088563043,0.0107377254160829,0.0192189128055319,1000
sp10,133,species.linf.sp14,-0.000280496694857438,0.00569001569078843,0.00996035239095668,1000
sp10,134,species.linf.sp15,9.82821755391815e-05,0.00650887883128242,0.0111756367548923,1000
sp10,135,species.accessibility2fish.sp16,-0.000763696319957358,0.0058504704513855,0.00979567465889014,1000
sp10,136,species.accessibility2fish.sp17,9.94782952078793e-05,0.00518018481137285,0.00932288828609605,1000
sp10,137,species.accessibility2fish.sp18,5.55040158047085e-05,0.00597277278888573,0.0108302923476493,1000
sp10,138,species.accessibility2fish.sp19,-0.000482042451169474,0.00550396827366257,0.00970048009337374,1000
sp10,139,species.accessibility2fish.sp20,-0.000614776777585039,0.00609410395419738,0.010296077778477,1000
sp10,140,species.accessibility2fish.sp21,1.46291328816288e-05,0.00786508271937908,0.0145644998535925,1000
sp10,141,species.accessibility2fish.sp22,-6.0676611107798e-05,0.00596047175836422,0.0101590386910159,1000
sp10,142,species.accessibility2fish.sp23,0.000139662106416574,0.00597940005221104,0.0104038964859216,1000
sp10,143,species.accessibility2fish.sp24,-6.32156707670697e-05,0.00606160844271371,0.0106624749694442,1000
sp10,144,species.accessibility2fish.sp25,-0.000273737693960427,0.00609765295655564,0.0108227982811742,1000
sp10,145,species.accessibility2fish.sp26,0.000119423284966444,0.00601592123639944,0.0102857962852542,1000
sp10,146,species.maturity.size.ratio.sp0,1.82520475931441e-05,0.00670028680815015,0.0120047480009983,1000
sp10,147,species.maturity.size.ratio.sp1,0.000482629219912283,0.00610603726234799,0.0109276314682685,1000
sp10,148,species.maturity.size.ratio.sp2,-0.000419708595336351,0.00614690195765429,0.0104135822137586,1000
sp10,149,species.maturity.size.ratio.sp3,9.27374591387167e-05,0.00619208043197429,0.0106667360723877,1000
sp10,150,species.maturity.size.ratio.sp4,0.000762079958889601,0.00616076105488687,0.0100662326902178,1000
sp10,151,species.maturity.size.ratio.sp5,-0.000256346083431649,0.0055069682854438,0.00963071473067779,1000
sp10,152,species.maturity.size.ratio.sp6,-0.000172866389248643,0.00578360507740694,0.0103221522641319,1000
sp10,153,species.maturity.size.ratio.sp7,-0.000134551620765584,0.00569383668193515,0.00964209384721833,1000
sp10,154,species.maturity.size.ratio.sp8,0.000351297373929407,0.00614804378231199,0.0105836646059627,1000
sp10,155,species.maturity.size.ratio.sp9,-0.000551962840939824,0.00596463139134503,0.0100704555142834,1000
sp10,156,species.maturity.size.ratio.sp10,0.000331695457444144,0.0186242103058569,0.0268083210968015,1000
sp10,157,species.maturity.size.ratio.sp11,0.000157308615563683,0.0101516638124914,0.0177255745578323,1000
sp10,158,species.maturity.size.ratio.sp12,-4.69526755534623e-05,0.00624124612935633,0.0106928004324328,1000
sp10,159,species.maturity.size.ratio.sp13,-0.0038236922353901,0.0320170969016655,0.0535530237524486,1000
sp10,160,species.maturity.size.ratio.sp14,-0.000473276834539372,0.00563389566922434,0.0096100389586463,1000
sp10,161,species.maturity.size.ratio.sp15,2.82504061830861e-06,0.00592366668050811,0.0103213402189961,1000
sp10,162,predation.predPrey.sizeRatio.teta.sp0.stage1,0.000723075588089594,0.00567637335439267,0.00982199542292858,1000
sp10,163,predation.predPrey.sizeRatio.alpha.sp0.stage1,-7.65701306575236e-05,0.00634704902535998,0.0111357047704707,1000
sp10,164,predation.predPrey.sizeRatio.teta.sp1.stage1,-8.45063511375733e-05,0.00574977323689986,0.00974506281961506,1000
sp10,165,predation.predPrey.sizeRatio.alpha.sp1.stage1,-0.00017693138298048,0.00648477633594733,0.0114898171275211,1000
sp10,166,predation.predPrey.sizeRatio.teta.sp2.stage1,-1.17144659109071e-05,0.00610742073019834,0.0105812739521803,1000
sp10,167,predation.predPrey.sizeRatio.alpha.sp2.stage1,0.00019469406646422,0.00660841206386621,0.0113380434268362,1000
sp10,168,predation.predPrey.sizeRatio.teta.sp3.stage1,0.000136033675947204,0.00573928160769107,0.0100546083277081,1000
sp10,169,predation.predPrey.sizeRatio.alpha.sp3.stage1,-6.97190888949701e-05,0.0169398550197146,0.0291121694146148,1000
sp10,170,predation.predPrey.sizeRatio.teta.sp4.stage1,-0.000373351669363343,0.00592690869451355,0.0101043379980755,1000
sp10,171,predation.predPrey.sizeRatio.alpha.sp4.stage1,0.00036816208830744,0.00941259443373646,0.0144326103799778,1000
sp10,172,predation.predPrey.sizeRatio.teta.sp5.stage1,-0.000428842482471217,0.00598149061079947,0.010407948572465,1000
sp10,173,predation.predPrey.sizeRatio.teta.sp5.stage2,-0.000274569867717524,0.014783746353517,0.0233244916075155,1000
sp10,174,predation.predPrey.sizeRatio.alpha.sp5.stage1,0.000542182863884715,0.00620189261290825,0.0104393455775611,1000
sp10,175,predation.predPrey.sizeRatio.alpha.sp5.stage2,-0.00162776329526183,0.0160469830911669,0.0285003181140163,1000
sp10,176,predation.predPrey.sizeRatio.teta.sp6.stage1,-0.000337313697580772,0.00584531882911886,0.0105635889927721,1000
sp10,177,predation.predPrey.sizeRatio.alpha.sp6.stage1,0.000235380886232128,0.00570950765180543,0.00966757971778315,1000
sp10,178,predation.predPrey.sizeRatio.teta.sp7.stage1,0.000433828205939699,0.00571829676757209,0.0100186600016805,1000
sp10,179,predation.predPrey.sizeRatio.alpha.sp7.stage1,-0.000156946506180234,0.00582189991279516,0.0107250146846567,1000
sp10,180,predation.predPrey.sizeRatio.teta.sp8.stage1,5.38490329146496e-05,0.00547612633750088,0.00934583970777207,1000
sp10,181,predation.predPrey.sizeRatio.alpha.sp8.stage1,8.78629496582544e-05,0.00565319286266796,0.00994883434048937,1000
sp10,182,predation.predPrey.sizeRatio.teta.sp9.stage1,0.000220982600305403,0.0060840267732047,0.0106573259701869,1000
sp10,183,predation.predPrey.sizeRatio.alpha.sp9.stage1,-0.000245958156679795,0.0207078862354911,0.0402934706472392,1000
sp10,184,predation.predPrey.sizeRatio.teta.sp10.stage1,-0.00018224413247636,0.0058851343810701,0.0101494350602912,1000
sp10,185,predation.predPrey.sizeRatio.alpha.sp10.stage1,-0.000643406171209244,0.0417608893033046,0.0553017470534261,1000
sp10,186,predation.predPrey.sizeRatio.teta.sp11.stage1,-0.000138576876925447,0.00581824638539561,0.0102604233459246,1000
sp10,187,predation.predPrey.sizeRatio.alpha.sp11.stage1,-0.000161412491904102,0.0061650647962398,0.0110936977351177,1000
sp10,188,predation.predPrey.sizeRatio.teta.sp12.stage1,0.000236562700121132,0.00686667183881443,0.0114524594516112,1000
sp10,189,predation.predPrey.sizeRatio.alpha.sp12.stage1,-0.000228775189312756,0.00613559645737684,0.0104710816927614,1000
sp10,190,predation.predPrey.sizeRatio.teta.sp13.stage1,0.000341077387821593,0.00564927307163837,0.00954826964012873,1000
sp10,191,predation.predPrey.sizeRatio.alpha.sp13.stage1,-8.73422385796529e-05,0.00945821569849696,0.0166074154911162,1000
sp10,192,predation.predPrey.sizeRatio.teta.sp14.stage1,-4.99840843894155e-05,0.00563541972318597,0.0101144814101938,1000
sp10,193,predation.predPrey.sizeRatio.alpha.sp14.stage1,0.000616885010215891,0.00595387166658586,0.0104637568843762,1000
sp10,194,predation.predPrey.sizeRatio.teta.sp15.stage1,0.000431664242513845,0.00617302654613595,0.0109202995334811,1000
sp10,195,predation.predPrey.sizeRatio.alpha.sp15.stage1,0.000868817204038199,0.00602074944860836,0.010336478003403,1000
sp11,1,mortality.additional.rate.sp0,-4.09063293715743e-07,4.04725929703113e-06,1.4092927157198e-05,1000
sp11,2,mortality.additional.rate.sp1,-2.77506924795223e-07,3.40554445058284e-06,1.11545158989056e-05,1000
sp11,3,mortality.additional.rate.sp2,-1.61428322082553e-07,4.2352347993965e-06,1.43129180194048e-05,1000
sp11,4,mortality.additional.rate.sp3,-5.35835906526373e-08,3.34213355487811e-06,1.2076131370322e-05,1000
sp11,5,mortality.additional.rate.sp4,-2.25100286375391e-07,4.37228635739426e-06,1.51060577427784e-05,1000
sp11,6,mortality.additional.rate.sp5,-8.49728749132883e-07,3.93239783023741e-06,1.46896466094829e-05,1000
sp11,7,mortality.additional.rate.sp6,-4.16287845970033e-07,3.64380309543856e-06,1.34893926164009e-05,1000
sp11,8,mortality.additional.rate.sp7,-4.72643660999227e-08,3.3506672762773e-06,1.1862224525489e-05,1000
sp11,9,mortality.additional.rate.sp8,7.1735936692172e-07,3.40980754941808e-06,1.26996503568042e-05,1000
sp11,10,mortality.additional.rate.sp9,3.28022599564262e-07,3.50129164491382e-06,1.23412289461699e-05,1000
sp11,11,mortality.additional.rate.sp10,-3.49966034293381e-08,4.16502465369336e-06,1.43389253541856e-05,1000
sp11,12,mortality.additional.rate.sp11,9.38005569577031e-07,4.01299469181074e-06,1.61838252159523e-05,1000
sp11,13,mortality.additional.rate.sp12,3.36313329043029e-07,3.32595016378912e-06,1.10447213935409e-05,1000
sp11,14,mortality.additional.rate.sp13,8.70042845233887e-08,3.66068493289423e-06,1.28136701799037e-05,1000
sp11,15,mortality.additional.rate.sp14,-5.96713989572996e-07,3.36401724880691e-06,1.20010077899842e-05,1000
sp11,16,mortality.additional.rate.sp15,-8.20644681868983e-07,3.55538973705034e-06,1.30633130879232e-05,1000
sp11,17,fisheries.rate.base.fsh0,2.88586293588238e-07,4.35303222358415e-06,1.56491377379885e-05,1000
sp11,18,fisheries.rate.base.fsh1,-1.23229725493559e-06,6.07660027139594e-06,2.15070321775761e-05,1000
sp11,19,fisheries.rate.base.fsh2,1.47235916026972e-07,3.16946449571009e-06,1.04683889608512e-05,1000
sp11,20,fisheries.rate.base.fsh3,-2.39608446252973e-07,3.60621575859036e-06,1.2586074331702e-05,1000
sp11,21,species.catchability.fsh0.sp0,9.93703821737374e-08,3.2599239598604e-06,1.22663421662981e-05,1000
sp11,22,species.catchability.fsh0.sp1,5.06293100961473e-07,4.10905472967197e-06,1.64144620985819e-05,1000
sp11,23,species.catchability.fsh0.sp2,5.80187357664488e-08,3.62497874541448e-06,1.23282086940938e-05,1000
sp11,24,species.catchability.fsh0.sp3,-2.85835046277318e-07,4.17134695666921e-06,1.40561229321255e-05,1000
sp11,25,species.catchability.fsh0.sp5,-2.86603726768404e-07,3.62995233593794e-06,1.19475495916334e-05,1000
sp11,26,species.catchability.fsh0.sp7,5.96331769063835e-08,3.64220243357346e-06,1.32887098829828e-05,1000
sp11,27,species.catchability.fsh0.sp8,-6.41658988284818e-07,4.23963560093427e-06,1.61791225512092e-05,1000
sp11,28,species.catchability.fsh0.sp9,6.74780317340045e-07,4.14003714465604e-06,1.81721123695608e-05,1000
sp11,29,species.catchability.fsh0.sp10,-2.25885691583665e-07,3.19949859675752e-06,1.18095688365901e-05,1000
sp11,30,species.catchability.fsh0.sp13,-4.1745182835336e-08,3.7024357573458e-06,1.4087734898331e-05,1000
sp11,31,species.catchability.fsh0.sp14,-2.47565989433062e-07,3.21373405098372e-06,1.32010968307668e-05,1000
sp11,32,species.catchability.fsh0.sp15,-4.73608923071004e-07,3.71451962196789e-06,1.33159332488463e-05,1000
sp11,33,species.catchability.fsh1.sp9,-3.39377075893867e-07,3.62468121790832e-06,1.59347392603077e-05,1000
sp11,34,species.catchability.fsh1.sp10,2.79484053954435e-07,4.07105442574103e-06,1.43119593389688e-05,1000
sp11,35,species.catchability.fsh1.sp11,7.68852876583769e-07,6.47677584922788e-06,2.17138136320909e-05,1000
sp11,36,species.catchability.fsh1.sp12,2.53686259933416e-07,2.79781286696424e-06,1.10577312582733e-05,1000
sp11,37,species.catchability.fsh2.sp0,-2.85202591253077e-07,3.77538189390387e-06,1.31816496892793e-05,1000
sp11,38,species.catchability.fsh2.sp5,9.86455706801035e-07,3.54779256451131e-06,1.25219552686969e-05,1000
sp11,39,species.catchability.fsh2.sp7,6.99933369465485e-07,3.84125443043655e-06,1.36514674158126e-05,1000
sp11,40,species.catchability.fsh2.sp8,1.50076002712741e-07,3.30100426058581e-06,1.09580474894432e-05,1000
sp11,41,species.catchability.fsh3.sp0,8.10562219345744e-07,4.10498846028459e-06,1.4245434590558e-05,1000
sp11,42,species.catchability.fsh3.sp1,-2.41647987668372e-08,3.83555166605348e-06,1.40063252915994e-05,1000
sp11,43,species.catchability.fsh3.sp2,-5.56420366757811e-08,3.56818723438285e-06,1.17992232964274e-05,1000
sp11,44,species.catchability.fsh3.sp3,-1.14810407078613e-07,3.26937708629046e-06,1.11704370684235e-05,1000
sp11,45,species.catchability.fsh3.sp5,-2.04988694566679e-07,3.25374336318041e-06,1.0965665531375e-05,1000
sp11,46,species.catchability.fsh3.sp7,-3.12434054662329e-07,3.92453509908374e-06,1.53348517846455e-05,1000
sp11,47,species.catchability.fsh3.sp8,-4.24451874843489e-07,3.44963381009578e-06,1.26710650877159e-05,1000
sp11,48,species.catchability.fsh3.sp9,-2.40466178734742e-08,3.72005974575832e-06,1.38945421959176e-05,1000
sp11,49,species.catchability.fsh3.sp10,1.71021031954342e-07,3.74823268324793e-06,1.42866666894398e-05,1000
sp11,50,species.catchability.fsh3.sp11,5.70052356909711e-07,3.47061923305472e-06,1.16547462392407e-05,1000
sp11,51,species.catchability.fsh3.sp12,3.15482869207483e-07,3.69058079989852e-06,1.30740044970965e-05,1000
sp11,52,species.catchability.fsh3.sp13,-2.89140485803233e-07,4.09513832553473e-06,1.42995508903729e-05,1000
sp11,53,species.catchability.fsh3.sp14,2.43347247791097e-07,4.5862668644283e-06,1.88066458607461e-05,1000
sp11,54,species.catchability.fsh3.sp15,1.39217512415605e-07,4.11118949793688e-06,1.78093766407546e-05,1000
sp11,55,species.length2weight.condition.factor.sp0,-4.11197264732557e-07,3.55769730556684e-06,1.20846700849063e-05,1000
sp11,56,species.length2weight.condition.factor.sp1,3.42271826877075e-07,3.82541213638695e-06,1.30649928500293e-05,1000
sp11,57,species.length2weight.condition.factor.sp2,-6.26012443492404e-07,3.80513897463108e-06,1.32603216773776e-05,1000
sp11,58,species.length2weight.condition.factor.sp3,-1.45296148075905e-07,3.73768885463196e-06,1.33681263588601e-05,1000
sp11,59,species.length2weight.condition.factor.sp4,4.45117249148526e-07,3.95692640884496e-06,1.49852253477289e-05,1000
sp11,60,species.length2weight.condition.factor.sp5,-5.00618336627098e-07,3.74144413881306e-06,1.27393350701421e-05,1000
sp11,61,species.length2weight.condition.factor.sp6,-1.67949015117537e-08,3.68949122093647e-06,1.30511755144078e-05,1000
sp11,62,species.length2weight.condition.factor.sp7,-7.7670190736291e-07,3.90720910778918e-06,1.42203108249463e-05,1000
sp11,63,species.length2weight.condition.factor.sp8,1.02742038308859e-06,3.89354708229719e-06,1.33879964377562e-05,1000
sp11,64,species.length2weight.condition.factor.sp9,-2.78670380104779e-07,3.59953551149014e-06,1.22404672634382e-05,1000
sp11,65,species.length2weight.condition.factor.sp10,6.03829751324218e-09,3.353245242384e-06,1.42769718091338e-05,1000
sp11,66,species.length2weight.condition.factor.sp11,-1.52687857358602e-06,9.37289441458033e-06,3.56832115189518e-05,1000
sp11,67,species.length2weight.condition.factor.sp12,-3.70212965023395e-07,3.03644922585876e-06,1.05388185830726e-05,1000
sp11,68,species.length2weight.condition.factor.sp13,-6.30203899536612e-07,3.87355362461437e-06,1.44464986929288e-05,1000
sp11,69,species.length2weight.condition.factor.sp14,-2.26979478101235e-07,3.48006196010318e-06,1.23479132251092e-05,1000
sp11,70,species.length2weight.condition.factor.sp15,-2.19695016501416e-07,3.11453532979226e-06,1.11044746519788e-05,1000
sp11,71,species.k.sp0,-1.79532785366478e-07,3.20428255952545e-06,1.18017444557219e-05,1000
sp11,72,species.k.sp1,-3.52366448927616e-07,3.45060148435926e-06,1.22574463155039e-05,1000
sp11,73,species.k.sp2,-7.49673034271901e-08,3.69930028494963e-06,1.39893480620361e-05,1000
sp11,74,species.k.sp3,-5.38318818845484e-07,3.62801151990891e-06,1.25287616640334e-05,1000
sp11,75,species.k.sp4,-1.24542383058918e-06,6.20521745438119e-06,2.47192207191248e-05,1000
sp11,76,species.k.sp5,3.1747603093324e-07,4.04034607790678e-06,1.5312656699653e-05,1000
sp11,77,species.k.sp6,3.22260746878077e-07,3.55016162997932e-06,1.53340499484528e-05,1000
sp11,78,species.k.sp7,-2.1737884371524e-07,4.02148649991616e-06,1.32630896411889e-05,1000
sp11,79,species.k.sp8,1.9169487426658e-07,3.44522074036278e-06,1.21825697580189e-05,1000
sp11,80,species.k.sp9,4.24550757774768e-07,3.34412170144775e-06,1.2312652670995e-05,1000
sp11,81,species.k.sp10,9.85311058315342e-07,4.10699872899755e-06,1.74315936681823e-05,1000
sp11,82,species.k.sp11,5.08815108913912e-07,6.59209553128296e-06,2.22514047817086e-05,1000
sp11,83,species.k.sp12,-4.2899361583473e-07,3.33684730514125e-06,1.24011064894401e-05,1000
sp11,84,species.k.sp13,-6.81610837067287e-07,4.71692760473777e-06,1.68024051482778e-05,1000
sp11,85,species.k.sp14,-4.75074688802196e-07,3.47184237762427e-06,1.17100203543849e-05,1000
sp11,86,species.k.sp15,-6.14259828151882e-07,3.91945913375593e-06,1.62921683894426e-05,1000
sp11,87,species.l0.sp0,-2.44934857223865e-07,3.80255382735921e-06,1.30381180050524e-05,1000
sp11,88,species.l0.sp1,2.41315871761738e-07,3.62489255873868e-06,1.27786838413112e-05,1000
sp11,89,species.l0.sp2,8.60730420715753e-07,4.21591303064923e-06,1.45669153192852e-05,1000
sp11,90,species.l0.sp3,-9.14903472919278e-07,4.28740690524383e-06,1.41693688333217e-05,1000
sp11,91,species.l0.sp4,-4.10606929371966e-07,4.67654956447796e-06,1.57859235648958e-05,1000
sp11,92,species.l0.sp5,4.45307393645322e-09,3.56104992072657e-06,1.23995261759838e-05,1000
sp11,93,species.l0.sp6,3.69502714717835e-07,3.00475410982583e-06,1.05191631937928e-05,1000
sp11,94,species.l0.sp7,-1.71439421931059e-07,4.03204761015587e-06,1.33688540191003e-05,1000
sp11,95,species.l0.sp8,4.23770820259012e-07,3.1908691644126e-06,1.19164252405003e-05,1000
sp11,96,species.l0.sp9,2.73293906802549e-08,4.06515674641328e-06,1.46160369213457e-05,1000
sp11,97,species.l0.sp10,-3.09066815303748e-07,3.31622944173263e-06,1.11553570945315e-05,1000
sp11,98,species.l0.sp11,3.3557761723476e-06,1.53407863614904e-05,5.13823404945811e-05,1000
sp11,99,species.l0.sp12,3.95827046600802e-07,3.28331271483963e-06,1.10514056373852e-05,1000
sp11,100,species.l0.sp13,1.50977675349479e-07,4.01190611387456e-06,1.33128406829573e-05,1000
sp11,101,species.l0.sp14,-7.75070038551428e-08,3.49294286558493e-06,1.24610037991419e-05,1000
sp11,102,species.l0.sp15,3.50943862088129e-09,3.80583692422133e-06,1.37974496294981e-05,1000
sp11,103,mortality.additional.larva.rate.sp0,8.5949489046823e-08,3.83065225754945e-06,1.51428171650642e-05,1000
sp11,104,mortality.additional.larva.rate.sp1,2.4814293011693e-07,3.1911935760269e-06,9.87949913664822e-06,1000
sp11,105,mortality.additional.larva.rate.sp2,1.86628494298978e-08,3.73026813029811e-06,1.27471565548929e-05,1000
sp11,106,mortality.additional.larva.rate.sp3,8.47911400575177e-07,4.33041119750945e-06,1.67020379798986e-05,1000
sp11,107,mortality.additional.larva.rate.sp4,1.57488474701321e-07,3.65314417911559e-06,1.23736225496224e-05,1000
sp11,108,mortality.additional.larva.rate.sp5,2.16087944232802e-09,3.38106698562055e-06,1.2333050628425e-05,1000
sp11,109,mortality.additional.larva.rate.sp6,7.7990406742759e-07,3.63827339564545e-06,1.30059336304215e-05,1000
sp11,110,mortality.additional.larva.rate.sp9,2.2094719639265e-07,3.58269851429424e-06,1.32112010194906e-05,1000
sp11,111,mortality.additional.larva.rate.sp10,3.78021423453927e-07,4.34198573533253e-06,1.92730403906121e-05,1000
sp11,112,mortality.additional.larva.rate.sp11,1.74415709116832e-07,4.12812101683682e-06,1.47921649379237e-05,1000
sp11,113,mortality.additional.larva.rate.sp12,-3.02367562976243e-07,5.21030511152245e-06,1.8618083104134e-05,1000
sp11,114,mortality.additional.larva.rate.sp13,-2.42583793369376e-07,3.92608360984618e-06,1.34291750420899e-05,1000
sp11,115,mortality.additional.larva.rate.sp14,-3.05491061901054e-07,3.93005206178724e-06,1.55692898445567e-05,1000
sp11,116,mortality.additional.larva.rate.sp15,-7.47191869998775e-07,3.40721821930599e-06,1.08438776332232e-05,1000
sp11,117,mortality.additional.larva.rate.mean.sp7,-8.45070110670333e-07,3.5493553179606e-06,1.15931742100196e-05,1000
sp11,118,mortality.additional.larva.rate.mean.sp8,5.25227258736473e-07,3.66964753203236e-06,1.45755085327187e-05,1000
sp11,119,species.linf.sp0,5.28442971876424e-08,4.68452256072514e-06,1.68814560093416e-05,1000
sp11,120,species.linf.sp1,1.05371879602329e-07,3.8124495361648e-06,1.39677896612115e-05,1000
sp11,121,species.linf.sp2,-7.35553894375472e-07,4.62274198337186e-06,1.63539195324728e-05,1000
sp11,122,species.linf.sp3,-3.48868257505401e-07,4.78836464225899e-06,1.99359438765759e-05,1000
sp11,123,species.linf.sp4,8.31511060870242e-07,1.0582534321347e-05,3.78049504294776e-05,1000
sp11,124,species.linf.sp5,-4.7871639458631e-07,4.13018040776497e-06,1.59562429172247e-05,1000
sp11,125,species.linf.sp6,-4.11591414066899e-07,3.87072543204558e-06,1.35166527864509e-05,1000
sp11,126,species.linf.sp7,-1.4863401461627e-07,3.55770402650619e-06,1.137712830071e-05,1000
sp11,127,species.linf.sp8,-7.48821557542554e-08,3.27117219621709e-06,1.13415832629847e-05,1000
sp11,128,species.linf.sp9,1.36952253496089e-07,4.72387047670775e-06,1.60186822338463e-05,1000
sp11,129,species.linf.sp10,-5.48859092898974e-07,3.73457290794895e-06,1.44055711300183e-05,1000
sp11,130,species.linf.sp11,1.30847099367093e-06,8.24730320145114e-05,0.000196112074554227,1000
sp11,131,species.linf.sp12,-4.3026914587092e-08,3.41823729738953e-06,1.08684534751967e-05,1000
sp11,132,species.linf.sp13,1.3916248321808e-06,5.73416902576231e-06,2.1567248862667e-05,1000
sp11,133,species.linf.sp14,7.87819883142373e-07,3.4425414992554e-06,1.29084491613695e-05,1000
sp11,134,species.linf.sp15,3.64990295419619e-07,4.08019531597286e-06,1.4500334580387e-05,1000
sp11,135,species.accessibility2fish.sp16,-4.77967408855881e-07,3.7438102373914e-06,1.29963927963621e-05,1000
sp11,136,species.accessibility2fish.sp17,-1.72959570482348e-07,3.31480516260673e-06,1.20797371183174e-05,1000
sp11,137,species.accessibility2fish.sp18,-6.33807444323456e-08,3.46147433867918e-06,1.34284347085634e-05,1000
sp11,138,species.accessibility2fish.sp19,4.21580814315479e-08,2.97300952733836e-06,1.01311321158795e-05,1000
sp11,139,species.accessibility2fish.sp20,-2.52623775554953e-07,3.49349273866045e-06,1.21240173220929e-05,1000
sp11,140,species.accessibility2fish.sp21,-4.78159893877748e-07,3.7051159797998e-06,1.15502091973629e-05,1000
sp11,141,species.accessibility2fish.sp22,-4.26685676387187e-07,3.53773481216002e-06,1.26001603342278e-05,1000
sp11,142,species.accessibility2fish.sp23,-3.69583495241839e-07,3.96029736627338e-06,1.40227624779247e-05,1000
sp11,143,species.accessibility2fish.sp24,5.08952109229296e-07,3.58219444995022e-06,1.21775331345829e-05,1000
sp11,144,species.accessibility2fish.sp25,-4.90331323185897e-08,4.00496361333687e-06,1.48016191934779e-05,1000
sp11,145,species.accessibility2fish.sp26,4.25925562400017e-08,3.60793046322698e-06,1.34042313182177e-05,1000
sp11,146,species.maturity.size.ratio.sp0,1.51010567646032e-07,3.32265689914978e-06,1.15085262685984e-05,1000
sp11,147,species.maturity.size.ratio.sp1,8.20345900393972e-07,3.39467787905799e-06,1.25184516513629e-05,1000
sp11,148,species.maturity.size.ratio.sp2,-3.35520358383436e-08,3.55597897812058e-06,1.2212866423874e-05,1000
sp11,149,species.maturity.size.ratio.sp3,6.62724215217919e-07,4.24638297555481e-06,1.50285160089535e-05,1000
sp11,150,species.maturity.size.ratio.sp4,6.85997965407291e-07,3.62874395119182e-06,1.36263496415051e-05,1000
sp11,151,species.maturity.size.ratio.sp5,5.16702308901386e-07,3.44294767309293e-06,1.25369887176116e-05,1000
sp11,152,species.maturity.size.ratio.sp6,1.96329743220812e-07,3.70218398084976e-06,1.28527538641156e-05,1000
sp11,153,species.maturity.size.ratio.sp7,-5.96210403398402e-07,3.91700413451876e-06,1.32299442158225e-05,1000
sp11,154,species.maturity.size.ratio.sp8,1.37602197907848e-07,3.19065791984248e-06,1.09732667184639e-05,1000
sp11,155,species.maturity.size.ratio.sp9,-3.75442396367057e-07,4.13805686713206e-06,1.57712224451159e-05,1000
sp11,156,species.maturity.size.ratio.sp10,-1.27628405145039e-07,3.97879161249379e-06,1.34901280713825e-05,1000
sp11,157,species.maturity.size.ratio.sp11,-2.85297399651685e-06,6.26413315433628e-05,0.000173433475469463,1000
sp11,158,species.maturity.size.ratio.sp12,6.41094312565773e-07,3.48761995701416e-06,1.38757749060273e-05,1000
sp11,159,species.maturity.size.ratio.sp13,3.10442039350633e-07,4.45118785287204e-06,1.39597630115024e-05,1000
sp11,160,species.maturity.size.ratio.sp14,-2.31599681896918e-07,4.57957068575653e-06,1.67987711259318e-05,1000
sp11,161,species.maturity.size.ratio.sp15,2.63794541293864e-07,3.25494019228071e-06,1.3756460958148e-05,1000
sp11,162,predation.predPrey.sizeRatio.teta.sp0.stage1,-3.03273977049387e-07,4.46996661617987e-06,1.58112241723794e-05,1000
sp11,163,predation.predPrey.sizeRatio.alpha.sp0.stage1,2.81226443590945e-07,3.29600954093212e-06,1.40045106200975e-05,1000
sp11,164,predation.predPrey.sizeRatio.teta.sp1.stage1,5.3324509034949e-07,3.75468289011367e-06,1.39578732633729e-05,1000
sp11,165,predation.predPrey.sizeRatio.alpha.sp1.stage1,-2.3026688112062e-07,3.60896984564533e-06,1.36130030212888e-05,1000
sp11,166,predation.predPrey.sizeRatio.teta.sp2.stage1,-3.61548958806928e-08,3.63751279075369e-06,1.28267259617332e-05,1000
sp11,167,predation.predPrey.sizeRatio.alpha.sp2.stage1,-4.89341553222135e-07,3.43247895335044e-06,1.22955741307069e-05,1000
sp11,168,predation.predPrey.sizeRatio.teta.sp3.stage1,7.57197319086658e-08,4.0546788726178e-06,1.45834718648321e-05,1000
sp11,169,predation.predPrey.sizeRatio.alpha.sp3.stage1,3.70876113593798e-07,4.39540126318056e-06,1.52779636599847e-05,1000
sp11,170,predation.predPrey.sizeRatio.teta.sp4.stage1,-1.08845913230262e-07,4.34363568035629e-06,1.38094690499969e-05,1000
sp11,171,predation.predPrey.sizeRatio.alpha.sp4.stage1,-8.48366698148991e-08,6.39551135151821e-06,2.56225666397016e-05,1000
sp11,172,predation.predPrey.sizeRatio.teta.sp5.stage1,4.15031439710945e-07,4.62414389487042e-06,1.63505676953092e-05,1000
sp11,173,predation.predPrey.sizeRatio.teta.sp5.stage2,1.64439860319018e-07,4.19381323400292e-06,1.52855373962649e-05,1000
sp11,174,predation.predPrey.sizeRatio.alpha.sp5.stage1,-1.65115541719651e-07,3.52803966605685e-06,1.18381101964472e-05,1000
sp11,175,predation.predPrey.sizeRatio.alpha.sp5.stage2,4.29028346813118e-07,3.93627119633513e-06,1.35035396503753e-05,1000
sp11,176,predation.predPrey.sizeRatio.teta.sp6.stage1,-2.0720916264591e-07,3.52879590204946e-06,1.15947432722204e-05,1000
sp11,177,predation.predPrey.sizeRatio.alpha.sp6.stage1,4.57960091625102e-07,3.51757871926028e-06,1.21981753116734e-05,1000
sp11,178,predation.predPrey.sizeRatio.teta.sp7.stage1,-5.54798659813637e-08,3.75103445451241e-06,1.30442538914049e-05,1000
sp11,179,predation.predPrey.sizeRatio.alpha.sp7.stage1,-5.79267025633441e-07,4.33407709531123e-06,1.55124531712341e-05,1000
sp11,180,predation.predPrey.sizeRatio.teta.sp8.stage1,-4.24827358053093e-07,3.67675131375066e-06,1.31983762317483e-05,1000
sp11,181,predation.predPrey.sizeRatio.alpha.sp8.stage1,-1.98476691137459e-07,3.48433807607839e-06,1.09771352894008e-05,1000
sp11,182,predation.predPrey.sizeRatio.teta.sp9.stage1,4.48984959683777e-07,4.03834488203143e-06,1.53598639295327e-05,1000
sp11,183,predation.predPrey.sizeRatio.alpha.sp9.stage1,4.23861735517079e-07,4.77666994400687e-06,1.77190012463574e-05,1000
sp11,184,predation.predPrey.sizeRatio.teta.sp10.stage1,2.27175301171012e-07,3.22922728841599e-06,1.08919052461076e-05,1000
sp11,185,predation.predPrey.sizeRatio.alpha.sp10.stage1,-2.80226071963289e-07,4.65346841454866e-06,1.63818014851547e-05,1000
sp11,186,predation.predPrey.sizeRatio.teta.sp11.stage1,1.6941362549543e-06,2.19795984088694e-05,7.85265813108407e-05,1000
sp11,187,predation.predPrey.sizeRatio.alpha.sp11.stage1,6.15411276574065e-07,9.84950983353527e-06,3.29285634274905e-05,1000
sp11,188,predation.predPrey.sizeRatio.teta.sp12.stage1,-7.99714702462615e-07,4.02025933688907e-06,1.51586448394886e-05,1000
sp11,189,predation.predPrey.sizeRatio.alpha.sp12.stage1,5.02210212908925e-07,4.04959963768596e-06,1.49942638865182e-05,1000
sp11,190,predation.predPrey.sizeRatio.teta.sp13.stage1,1.49564916079276e-07,3.80556073856191e-06,1.33261914570892e-05,1000
sp11,191,predation.predPrey.sizeRatio.alpha.sp13.stage1,-8.7284724176465e-07,4.30976862181267e-06,1.5623420395408e-05,1000
sp11,192,predation.predPrey.sizeRatio.teta.sp14.stage1,2.67723627042629e-07,3.44044805146379e-06,1.16041650600785e-05,1000
sp11,193,predation.predPrey.sizeRatio.alpha.sp14.stage1,-1.3251682563396e-07,3.26324020600955e-06,1.14333207666614e-05,1000
sp11,194,predation.predPrey.sizeRatio.teta.sp15.stage1,-3.92838246882146e-07,3.31887547108498e-06,1.1275131962363e-05,1000
sp11,195,predation.predPrey.sizeRatio.alpha.sp15.stage1,7.64573865232252e-07,3.67242582255123e-06,1.32003099264679e-05,1000
sp12,1,mortality.additional.rate.sp0,7.9128974211998e-06,0.00019960259171312,0.000445541071667135,1000
sp12,2,mortality.additional.rate.sp1,-5.98384187217952e-06,0.000172534820513018,0.000388984080609217,1000
sp12,3,mortality.additional.rate.sp2,5.40043688973872e-06,0.000192682698532368,0.000430536145608572,1000
sp12,4,mortality.additional.rate.sp3,1.98901457265e-05,0.000195158021124211,0.000421854699991412,1000
sp12,5,mortality.additional.rate.sp4,-6.04869392506036e-06,0.000199775385630034,0.000424035774117746,1000
sp12,6,mortality.additional.rate.sp5,-1.59475790252176e-05,0.000225176850318294,0.00049343235826347,1000
sp12,7,mortality.additional.rate.sp6,3.75623958044649e-06,0.000203331276233232,0.000463796112503941,1000
sp12,8,mortality.additional.rate.sp7,6.81876065838164e-06,0.000173864735617368,0.000392864705003936,1000
sp12,9,mortality.additional.rate.sp8,1.55811841907154e-05,0.000181362084072238,0.000384948092299246,1000
sp12,10,mortality.additional.rate.sp9,-7.04007282011466e-06,0.000201164436356579,0.000437364968827618,1000
sp12,11,mortality.additional.rate.sp10,4.43478733894399e-06,0.000192605783027965,0.000416633067076057,1000
sp12,12,mortality.additional.rate.sp11,-2.7631589158941e-06,0.000192964570299879,0.000408989365151781,1000
sp12,13,mortality.additional.rate.sp12,2.22993336737312e-05,0.000199863697356532,0.000440424244633931,1000
sp12,14,mortality.additional.rate.sp13,-7.97779914427704e-06,0.000199792189670424,0.000412348996948391,1000
sp12,15,mortality.additional.rate.sp14,-2.30746835721287e-05,0.000191920184563644,0.000409861426704645,1000
sp12,16,mortality.additional.rate.sp15,3.9624747295718e-06,0.000185250882658547,0.000412774114728074,1000
sp12,17,fisheries.rate.base.fsh0,-3.58052608088223e-06,0.000213601654883117,0.000464367018570945,1000
sp12,18,fisheries.rate.base.fsh1,-8.37229355086718e-06,0.000185773243217462,0.000403746780783443,1000
sp12,19,fisheries.rate.base.fsh2,4.44620969159027e-06,0.000197645320345658,0.000412985974592253,1000
sp12,20,fisheries.rate.base.fsh3,8.82823462166545e-06,0.000201115237013687,0.000439973308258513,1000
sp12,21,species.catchability.fsh0.sp0,1.54376561988202e-05,0.000191061727072619,0.000419941679780195,1000
sp12,22,species.catchability.fsh0.sp1,4.65615386849875e-06,0.000186418509546515,0.000411519805464839,1000
sp12,23,species.catchability.fsh0.sp2,-3.2516035384613e-06,0.000191644980607274,0.000433518115259173,1000
sp12,24,species.catchability.fsh0.sp3,-4.7580788718498e-06,0.000188996786263205,0.000426919844377498,1000
sp12,25,species.catchability.fsh0.sp5,-4.1553988305306e-06,0.000192397925251589,0.00041953645842763,1000
sp12,26,species.catchability.fsh0.sp7,-1.08383720056369e-06,0.000197935693582493,0.00041829790576781,1000
sp12,27,species.catchability.fsh0.sp8,-1.48647531270386e-05,0.000196259057386122,0.000425206298099051,1000
sp12,28,species.catchability.fsh0.sp9,-6.8543273399421e-06,0.000206248750042662,0.000457189129985729,1000
sp12,29,species.catchability.fsh0.sp10,1.31185734854096e-05,0.000178117312949163,0.000388421102732282,1000
sp12,30,species.catchability.fsh0.sp13,-6.98401315805998e-06,0.000192223726066895,0.000390611865958357,1000
sp12,31,species.catchability.fsh0.sp14,6.10862761317539e-06,0.00019231438819272,0.000413180991007991,1000
sp12,32,species.catchability.fsh0.sp15,-8.85385956513508e-07,0.000189434407185215,0.00040727174679313,1000
sp12,33,species.catchability.fsh1.sp9,1.17479708174936e-06,0.000185147477211071,0.000434656266872161,1000
sp12,34,species.catchability.fsh1.sp10,9.47407710585293e-07,0.000191995481374672,0.000424809516886076,1000
sp12,35,species.catchability.fsh1.sp11,-1.03979744781867e-06,0.000183651654133787,0.000399447668977135,1000
sp12,36,species.catchability.fsh1.sp12,1.16118056392052e-05,0.000191018473454443,0.000389234573574559,1000
sp12,37,species.catchability.fsh2.sp0,5.77670104010766e-06,0.000185871332557351,0.000423613217859092,1000
sp12,38,species.catchability.fsh2.sp5,2.71634983046105e-06,0.00020135850095296,0.000450933961538063,1000
sp12,39,species.catchability.fsh2.sp7,2.29757582479851e-05,0.000195626763840121,0.000431416571669225,1000
sp12,40,species.catchability.fsh2.sp8,-6.89494293845436e-06,0.000184981419882894,0.000400622413763865,1000
sp12,41,species.catchability.fsh3.sp0,3.68512268454655e-06,0.000168399375091214,0.000346774702042718,1000
sp12,42,species.catchability.fsh3.sp1,7.59700275426645e-06,0.000175916295794044,0.000374372120106471,1000
sp12,43,species.catchability.fsh3.sp2,7.34632900468364e-06,0.000195835351773726,0.000421239559927725,1000
sp12,44,species.catchability.fsh3.sp3,-1.9752210276719e-05,0.000188922282951263,0.000416817872676929,1000
sp12,45,species.catchability.fsh3.sp5,5.63409956804784e-06,0.000179037906405466,0.000404741979618533,1000
sp12,46,species.catchability.fsh3.sp7,-5.06577658059854e-07,0.000197150308166468,0.000448525878882404,1000
sp12,47,species.catchability.fsh3.sp8,1.49400971848115e-05,0.000212606564654349,0.000459643942737953,1000
sp12,48,species.catchability.fsh3.sp9,-6.36976509867041e-06,0.000202281506478275,0.000433311792978107,1000
sp12,49,species.catchability.fsh3.sp10,2.68086253255199e-06,0.000183626400500482,0.000392975931929544,1000
sp12,50,species.catchability.fsh3.sp11,-7.33056966796054e-06,0.000176311807084464,0.000396945355341034,1000
sp12,51,species.catchability.fsh3.sp12,-8.04540853463732e-06,0.000201115252282133,0.000444831228004396,1000
sp12,52,species.catchability.fsh3.sp13,9.65907361714587e-06,0.000192427953602831,0.000413556633426235,1000
sp12,53,species.catchability.fsh3.sp14,-9.27270992963991e-06,0.000192310644538874,0.000409125100723233,1000
sp12,54,species.catchability.fsh3.sp15,-1.53105736619326e-05,0.000197345412990276,0.000439987817139877,1000
sp12,55,species.length2weight.condition.factor.sp0,6.08039318410985e-06,0.000215514187525386,0.000464939512812694,1000
sp12,56,species.length2weight.condition.factor.sp1,5.20522886016225e-06,0.000159704742522142,0.00034736310110774,1000
sp12,57,species.length2weight.condition.factor.sp2,-4.34889960699372e-06,0.000176278001058721,0.000371979167968185,1000
sp12,58,species.length2weight.condition.factor.sp3,7.62971033524218e-06,0.000203912504189693,0.000435569147140184,1000
sp12,59,species.length2weight.condition.factor.sp4,-6.80692532590244e-06,0.000205068424365617,0.000443766503214396,1000
sp12,60,species.length2weight.condition.factor.sp5,1.90478956449636e-05,0.000190909564062208,0.000418132194240083,1000
sp12,61,species.length2weight.condition.factor.sp6,8.23619509734934e-06,0.000178980723818284,0.000394423612756374,1000
sp12,62,species.length2weight.condition.factor.sp7,4.06927115602683e-06,0.000181936601224667,0.000383827864395326,1000
sp12,63,species.length2weight.condition.factor.sp8,9.57311727182232e-06,0.000190588339391984,0.000427275063622132,1000
sp12,64,species.length2weight.condition.factor.sp9,-6.21740322982033e-06,0.000189065862126448,0.000393220057321885,1000
sp12,65,species.length2weight.condition.factor.sp10,4.50924840635353e-06,0.000217683953087741,0.000489120365131076,1000
sp12,66,species.length2weight.condition.factor.sp11,1.10274119306849e-06,0.000184685230320399,0.000390969714332382,1000
sp12,67,species.length2weight.condition.factor.sp12,5.32044475455944e-06,0.000201341135157451,0.000444468915435953,1000
sp12,68,species.length2weight.condition.factor.sp13,4.49832079758224e-06,0.000192233371178712,0.000419470207197894,1000
sp12,69,species.length2weight.condition.factor.sp14,-4.64837834109021e-06,0.000182222301387034,0.000392639415002851,1000
sp12,70,species.length2weight.condition.factor.sp15,-8.52094459075679e-06,0.000185483850962747,0.000387968908086486,1000
sp12,71,species.k.sp0,1.28043096606452e-05,0.000324431408288586,0.000794780592092021,1000
sp12,72,species.k.sp1,3.46566115515875e-07,0.000192068875572473,0.000406469294136573,1000
sp12,73,species.k.sp2,-2.29413220549615e-05,0.00021383750877216,0.00047464873066984,1000
sp12,74,species.k.sp3,-1.20868734967975e-05,0.000257520778745906,0.000643534980248511,1000
sp12,75,species.k.sp4,6.78949403239999e-07,0.000249658915988355,0.000588137032005809,1000
sp12,76,species.k.sp5,-3.51996622494212e-06,0.000197445498399607,0.000421276229007015,1000
sp12,77,species.k.sp6,-2.12081089542071e-06,0.000186745105232017,0.000416453666415701,1000
sp12,78,species.k.sp7,1.05831988460714e-05,0.000199571217031768,0.000423654200318987,1000
sp12,79,species.k.sp8,-2.56259478616534e-05,0.00018921150600073,0.000427788154675126,1000
sp12,80,species.k.sp9,-4.46361503045189e-06,0.000217125404593066,0.00045936737582686,1000
sp12,81,species.k.sp10,-1.16706967835908e-05,0.000205311265091742,0.000431433711855012,1000
sp12,82,species.k.sp11,-9.26676155399459e-07,0.000181436210697581,0.000395359770942618,1000
sp12,83,species.k.sp12,2.16684374240347e-05,0.00061058512759746,0.00120204918705403,1000
sp12,84,species.k.sp13,-1.61334679629923e-05,0.000299213810114736,0.000651405877407771,1000
sp12,85,species.k.sp14,-6.47446013364189e-07,0.000180010857577637,0.00038979736164534,1000
sp12,86,species.k.sp15,-1.26318183622248e-05,0.000224238058592612,0.000492414635340804,1000
sp12,87,species.l0.sp0,-5.44807157806494e-06,0.000192973646771978,0.000412955455563007,1000
sp12,88,species.l0.sp1,9.6318254944593e-06,0.000189812305180909,0.000410409748739006,1000
sp12,89,species.l0.sp2,3.09653746621427e-05,0.000198909605505619,0.000426372723860397,1000
sp12,90,species.l0.sp3,4.6534695996989e-06,0.000197126814101753,0.000413163499882573,1000
sp12,91,species.l0.sp4,-2.35244509493432e-05,0.000204055796947635,0.000430736939862076,1000
sp12,92,species.l0.sp5,-3.11988911664622e-05,0.000205101309855891,0.00045157104696338,1000
sp12,93,species.l0.sp6,-9.20130518818868e-06,0.000195208793583644,0.000437503573303318,1000
sp12,94,species.l0.sp7,-6.55705049298865e-06,0.000201029206098084,0.000438615603307334,1000
sp12,95,species.l0.sp8,-1.45208987526287e-05,0.000203301480292781,0.000428714043128001,1000
sp12,96,species.l0.sp9,-7.61423457656406e-06,0.000207661167471112,0.000461672673003558,1000
sp12,97,species.l0.sp10,3.62926136971643e-06,0.000222498271408044,0.000508114173447665,1000
sp12,98,species.l0.sp11,-2.31773916599816e-05,0.000199487952727174,0.000426906809239554,1000
sp12,99,species.l0.sp12,1.36023611643936e-05,0.000237550046045645,0.000509010548447476,1000
sp12,100,species.l0.sp13,-1.59332260199059e-05,0.000175226793783735,0.000405532318626655,1000
sp12,101,species.l0.sp14,5.28914710678935e-06,0.000181728536011455,0.000419348799596587,1000
sp12,102,species.l0.sp15,-1.02538979382128e-06,0.000186456150806023,0.00041897218699291,1000
sp12,103,mortality.additional.larva.rate.sp0,-3.70369172121771e-05,0.000263360076841282,0.000616096185597098,1000
sp12,104,mortality.additional.larva.rate.sp1,-7.86535292450197e-06,0.00019608327513728,0.000439707869781163,1000
sp12,105,mortality.additional.larva.rate.sp2,-1.70076432714403e-05,0.000247160415665899,0.000570827130427219,1000
sp12,106,mortality.additional.larva.rate.sp3,-7.41811114729413e-05,0.000403137944883032,0.00109071800010798,1000
sp12,107,mortality.additional.larva.rate.sp4,-4.79791514981097e-06,0.000210633587689597,0.000459032459809655,1000
sp12,108,mortality.additional.larva.rate.sp5,1.99395651798499e-05,0.000198212033191284,0.000431627759212689,1000
sp12,109,mortality.additional.larva.rate.sp6,1.57238764573867e-05,0.000171809801453198,0.000371053339517355,1000
sp12,110,mortality.additional.larva.rate.sp9,2.16681574942253e-05,0.000229345939064176,0.000503018155796163,1000
sp12,111,mortality.additional.larva.rate.sp10,2.49350957761954e-05,0.000246654212712416,0.000601655533423384,1000
sp12,112,mortality.additional.larva.rate.sp11,6.90183783833425e-06,0.000193966147510088,0.00041246616978771,1000
sp12,113,mortality.additional.larva.rate.sp12,-3.05756658378233e-05,0.000467006094455359,0.00105809649208291,1000
sp12,114,mortality.additional.larva.rate.sp13,1.90085287481172e-05,0.000210240733450775,0.0004893273631316,1000
sp12,115,mortality.additional.larva.rate.sp14,2.80686456211396e-05,0.000175223738136635,0.000359412736710156,1000
sp12,116,mortality.additional.larva.rate.sp15,-6.19099833610763e-07,0.000186164084443719,0.00047478519289551,1000
sp12,117,mortality.additional.larva.rate.mean.sp7,1.27477222613022e-05,0.000205862919763302,0.000432120250586586,1000
sp12,118,mortality.additional.larva.rate.mean.sp8,1.52048636753599e-05,0.000196718079786567,0.000418078946432216,1000
sp12,119,species.linf.sp0,1.67916095442197e-05,0.000400122904634279,0.00105334370180751,1000
sp12,120,species.linf.sp1,-1.16525847389449e-05,0.000191585672269353,0.000425321297508752,1000
sp12,121,species.linf.sp2,2.0100758390433e-05,0.000234144427171173,0.000560576083732666,1000
sp12,122,species.linf.sp3,-1.92258433532808e-05,0.000768066057676694,0.00191596908369552,1000
sp12,123,species.linf.sp4,-1.80058634302482e-05,0.000303893199923281,0.000675069830636972,1000
sp12,124,species.linf.sp5,1.88752173757772e-05,0.000318286908873802,0.000732039870561831,1000
sp12,125,species.linf.sp6,1.52673720613691e-05,0.00019883832365307,0.000432121635419852,1000
sp12,126,species.linf.sp7,-1.12867579747206e-05,0.000164184526067206,0.000377862167790377,1000
sp12,127,species.linf.sp8,2.36542259512373e-05,0.000189243459674394,0.000413608857324088,1000
sp12,128,species.linf.sp9,1.1530678126434e-05,0.000307078232944644,0.000677048901487626,1000
sp12,129,species.linf.sp10,-4.2062815128525e-06,0.000255961729672915,0.000588922160898049,1000
sp12,130,species.linf.sp11,1.42881231416564e-05,0.000198547219939756,0.000437324454716819,1000
sp12,131,species.linf.sp12,-5.23551835039944e-05,0.00418829313496915,0.0062941629129443,1000
sp12,132,species.linf.sp13,1.94783706113977e-05,0.000223007485491886,0.000491953719427932,1000
sp12,133,species.linf.sp14,-1.72928671934787e-05,0.000194106458552179,0.000423760707788697,1000
sp12,134,species.linf.sp15,1.9634312877425e-05,0.000225923756712741,0.000528760850737892,1000
sp12,135,species.accessibility2fish.sp16,-2.34363836183243e-05,0.000206727306325429,0.000435625607383184,1000
sp12,136,species.accessibility2fish.sp17,-1.07496793470856e-05,0.000181486215870422,0.000391984189202683,1000
sp12,137,species.accessibility2fish.sp18,2.04141635176935e-05,0.000172527415533962,0.000365536022896959,1000
sp12,138,species.accessibility2fish.sp19,-1.60353801822061e-05,0.000217474772453879,0.000501624240195205,1000
sp12,139,species.accessibility2fish.sp20,-7.92793449829369e-06,0.00019494224004682,0.000411269220640952,1000
sp12,140,species.accessibility2fish.sp21,-2.7921016659496e-06,0.000193837685046212,0.00043258290243926,1000
sp12,141,species.accessibility2fish.sp22,-1.31771312889466e-05,0.000181893037853982,0.000416251712328354,1000
sp12,142,species.accessibility2fish.sp23,1.32954063497849e-05,0.000199361912747159,0.000456506429571759,1000
sp12,143,species.accessibility2fish.sp24,5.70741373462685e-06,0.00018941447897954,0.000402798258575382,1000
sp12,144,species.accessibility2fish.sp25,-2.00577040232751e-06,0.000209243883770748,0.000446286731831775,1000
sp12,145,species.accessibility2fish.sp26,1.4483099571247e-05,0.000218555371547718,0.000489310655128591,1000
sp12,146,species.maturity.size.ratio.sp0,-4.34441175981732e-05,0.000252010959714775,0.00068953301849969,1000
sp12,147,species.maturity.size.ratio.sp1,-8.25408455095823e-06,0.000215828048934558,0.000480674661009336,1000
sp12,148,species.maturity.size.ratio.sp2,-1.58717019062264e-05,0.000189343224716735,0.000416311600813001,1000
sp12,149,species.maturity.size.ratio.sp3,-8.29845937598404e-06,0.000192834311094775,0.00041087672082468,1000
sp12,150,species.maturity.size.ratio.sp4,-1.04946720451995e-05,0.000195859128203588,0.000440738245359856,1000
sp12,151,species.maturity.size.ratio.sp5,7.27982774557887e-06,0.000194131805579266,0.000425475687159364,1000
sp12,152,species.maturity.size.ratio.sp6,-9.86954204743911e-06,0.000197162564714092,0.000437239940378222,1000
sp12,153,species.maturity.size.ratio.sp7,1.28972513093668e-06,0.000201443116574809,0.000447386672366121,1000
sp12,154,species.maturity.size.ratio.sp8,-6.13652977197711e-06,0.000194776118715918,0.000431883796759388,1000
sp12,155,species.maturity.size.ratio.sp9,-2.46409243805052e-05,0.000198235728983057,0.000445619086167299,1000
sp12,156,species.maturity.size.ratio.sp10,-9.22564640522122e-06,0.000199683818292274,0.000442785213271264,1000
sp12,157,species.maturity.size.ratio.sp11,-1.41669570769756e-05,0.000241233101592956,0.000523249006077264,1000
sp12,158,species.maturity.size.ratio.sp12,8.26472185854689e-06,0.000262235815520124,0.000598424352097634,1000
sp12,159,species.maturity.size.ratio.sp13,1.54439690604576e-05,0.000314337037843111,0.000701101650371538,1000
sp12,160,species.maturity.size.ratio.sp14,1.51589432566664e-05,0.000181632125463766,0.000381714178624437,1000
sp12,161,species.maturity.size.ratio.sp15,2.19791896369048e-06,0.000203082280617713,0.00045611394483999,1000
sp12,162,predation.predPrey.sizeRatio.teta.sp0.stage1,-2.28957396871435e-05,0.000193498575067707,0.000421992988897577,1000
sp12,163,predation.predPrey.sizeRatio.alpha.sp0.stage1,-2.05470330687272e-05,0.000284880355503809,0.000777624680146997,1000
sp12,164,predation.predPrey.sizeRatio.teta.sp1.stage1,-2.15143877879394e-05,0.000192226767437879,0.000429356550834434,1000
sp12,165,predation.predPrey.sizeRatio.alpha.sp1.stage1,-8.65456711238448e-06,0.000210604893599844,0.000456895943780548,1000
sp12,166,predation.predPrey.sizeRatio.teta.sp2.stage1,4.76797447420357e-06,0.000200179940657688,0.000427061632743374,1000
sp12,167,predation.predPrey.sizeRatio.alpha.sp2.stage1,1.53075893692164e-05,0.000202269806685684,0.000446551454488775,1000
sp12,168,predation.predPrey.sizeRatio.teta.sp3.stage1,-1.20763960654727e-05,0.000200077239658876,0.000448673344475342,1000
sp12,169,predation.predPrey.sizeRatio.alpha.sp3.stage1,0.000105696380564119,0.000727192773060014,0.00174915563877798,1000
sp12,170,predation.predPrey.sizeRatio.teta.sp4.stage1,2.48357794598079e-06,0.000192411061025523,0.00044099790853596,1000
sp12,171,predation.predPrey.sizeRatio.alpha.sp4.stage1,2.12931354304933e-05,0.00022179650039693,0.000523671297504849,1000
sp12,172,predation.predPrey.sizeRatio.teta.sp5.stage1,-8.39376915552207e-06,0.000203327964069157,0.000450815086124861,1000
sp12,173,predation.predPrey.sizeRatio.teta.sp5.stage2,-1.76129713723271e-05,0.000360813365217584,0.000821057701159534,1000
sp12,174,predation.predPrey.sizeRatio.alpha.sp5.stage1,1.58941534790409e-05,0.000185257346672042,0.00038749252073892,1000
sp12,175,predation.predPrey.sizeRatio.alpha.sp5.stage2,8.58464126492421e-06,0.000308712401071313,0.000702704480825815,1000
sp12,176,predation.predPrey.sizeRatio.teta.sp6.stage1,-1.56209966899878e-05,0.000173045860826198,0.000383856286427314,1000
sp12,177,predation.predPrey.sizeRatio.alpha.sp6.stage1,7.4939422302751e-06,0.000199189801746786,0.000406052726674378,1000
sp12,178,predation.predPrey.sizeRatio.teta.sp7.stage1,1.6604983246164e-05,0.000194381048087612,0.000435265477863914,1000
sp12,179,predation.predPrey.sizeRatio.alpha.sp7.stage1,-1.52427043237756e-05,0.000209078018097576,0.000438180805538517,1000
sp12,180,predation.predPrey.sizeRatio.teta.sp8.stage1,-4.59016094658361e-06,0.000205292007825083,0.000464573218026468,1000
sp12,181,predation.predPrey.sizeRatio.alpha.sp8.stage1,5.77521999666046e-06,0.000212718684224883,0.000468230611131219,1000
sp12,182,predation.predPrey.sizeRatio.teta.sp9.stage1,1.37410044931226e-05,0.000249538088295118,0.000519948104114399,1000
sp12,183,predation.predPrey.sizeRatio.alpha.sp9.stage1,-1.92412288835667e-05,0.000235334997608207,0.000502836881213982,1000
sp12,184,predation.predPrey.sizeRatio.teta.sp10.stage1,3.05770047512419e-05,0.000180579687856489,0.00038028725941905,1000
sp12,185,predation.predPrey.sizeRatio.alpha.sp10.stage1,4.03569430581516e-06,0.000196710274660629,0.000432186907879597,1000
sp12,186,predation.predPrey.sizeRatio.teta.sp11.stage1,-1.93353003573365e-05,0.000231027408980642,0.000507763840913889,1000
sp12,187,predation.predPrey.sizeRatio.alpha.sp11.stage1,1.22792822823381e-05,0.000167462758062957,0.000363913682378618,1000
sp12,188,predation.predPrey.sizeRatio.teta.sp12.stage1,8.95012930581642e-05,0.00094581764096273,0.00185781135584916,1000
sp12,189,predation.predPrey.sizeRatio.alpha.sp12.stage1,6.14618001748873e-06,0.000438675632371346,0.000914843961652123,1000
sp12,190,predation.predPrey.sizeRatio.teta.sp13.stage1,5.25310011059697e-06,0.000183620734981449,0.000399816249038776,1000
sp12,191,predation.predPrey.sizeRatio.alpha.sp13.stage1,1.898894910946e-05,0.000232040102378458,0.000500814010411147,1000
sp12,192,predation.predPrey.sizeRatio.teta.sp14.stage1,-7.63197516279381e-06,0.000196257618780428,0.000416172278479138,1000
sp12,193,predation.predPrey.sizeRatio.alpha.sp14.stage1,7.84828382871532e-06,0.000201899338282669,0.000414763920856964,1000
sp12,194,predation.predPrey.sizeRatio.teta.sp15.stage1,-1.14296506994809e-05,0.000185864152296966,0.000419774732274953,1000
sp12,195,predation.predPrey.sizeRatio.alpha.sp15.stage1,1.53228634970875e-05,0.000197142671555655,0.000441579346905426,1000
sp13,1,mortality.additional.rate.sp0,7.37415321660968e-05,0.000910063900234388,0.00353950099075179,1000
sp13,2,mortality.additional.rate.sp1,-0.00015712025782571,0.000830493241221633,0.00261218039780993,1000
sp13,3,mortality.additional.rate.sp2,-1.01712400230286e-05,0.00088117853642356,0.00301622551777582,1000
sp13,4,mortality.additional.rate.sp3,7.24557595036168e-05,0.000856620008201021,0.00274766993020686,1000
sp13,5,mortality.additional.rate.sp4,0.000205729857026507,0.000833411219119414,0.00282041983622402,1000
sp13,6,mortality.additional.rate.sp5,2.88681296732561e-05,0.000798553890404428,0.00278123724525026,1000
sp13,7,mortality.additional.rate.sp6,-5.64878669572873e-05,0.00075751547007522,0.00254717054408897,1000
sp13,8,mortality.additional.rate.sp7,-0.000122992748121268,0.000779172648689449,0.00301513194029544,1000
sp13,9,mortality.additional.rate.sp8,9.53462807302706e-05,0.000851684539197996,0.00313377973601164,1000
sp13,10,mortality.additional.rate.sp9,0.000100563166179033,0.000922837749016264,0.00345905410774248,1000
sp13,11,mortality.additional.rate.sp10,-1.74942224394427e-05,0.000827195690385285,0.00277553822883239,1000
sp13,12,mortality.additional.rate.sp11,5.46449650850301e-05,0.000676541966796514,0.00195586537410394,1000
sp13,13,mortality.additional.rate.sp12,-0.000149701854424403,0.000796805261931399,0.00278030545270582,1000
sp13,14,mortality.additional.rate.sp13,2.01781454736076e-05,0.000861697030593783,0.00307240039929908,1000
sp13,15,mortality.additional.rate.sp14,0.000139119082955754,0.000825906182500155,0.00275971237820024,1000
sp13,16,mortality.additional.rate.sp15,2.57319939119279e-05,0.000741324833435417,0.00250446131971233,1000
sp13,17,fisheries.rate.base.fsh0,7.7983244700321e-05,0.000843214158817985,0.00274380960291117,1000
sp13,18,fisheries.rate.base.fsh1,-7.67691004621547e-05,0.000884321674884883,0.00297806804795391,1000
sp13,19,fisheries.rate.base.fsh2,-0.000127308336192251,0.000886131287428017,0.0037194576474483,1000
sp13,20,fisheries.rate.base.fsh3,-1.0027407571094e-05,0.000759484504846423,0.00242162794874639,1000
sp13,21,species.catchability.fsh0.sp0,-0.000165000062154875,0.000800831418097476,0.00240075371596723,1000
sp13,22,species.catchability.fsh0.sp1,-0.000125027553224361,0.000810234391781716,0.00263415077039931,1000
sp13,23,species.catchability.fsh0.sp2,0.000116852278573478,0.000846780519262656,0.00306438050754705,1000
sp13,24,species.catchability.fsh0.sp3,-0.0001170415861602,0.000834791342233538,0.0025025961168712,1000
sp13,25,species.catchability.fsh0.sp5,2.2193718230989e-05,0.000721575462866012,0.00226083522743591,1000
sp13,26,species.catchability.fsh0.sp7,8.4210522995145e-05,0.000912995400338127,0.0037729362180378,1000
sp13,27,species.catchability.fsh0.sp8,-1.04942214348698e-05,0.000700463098221038,0.00205782152676265,1000
sp13,28,species.catchability.fsh0.sp9,3.07931047514675e-05,0.000715726484157586,0.00243023527257581,1000
sp13,29,species.catchability.fsh0.sp10,-0.00012331384190309,0.000808751727388375,0.00279616022028015,1000
sp13,30,species.catchability.fsh0.sp13,1.73549265556381e-05,0.000835079461243697,0.00291508443499107,1000
sp13,31,species.catchability.fsh0.sp14,0.000123154105845975,0.000826721748854301,0.00256625588656968,1000
sp13,32,species.catchability.fsh0.sp15,9.15717908808103e-05,0.000697635297965326,0.00223960176011297,1000
sp13,33,species.catchability.fsh1.sp9,3.941897708197e-06,0.000817443827113174,0.00259815956488029,1000
sp13,34,species.catchability.fsh1.sp10,-1.23954306514532e-06,0.000814589057639584,0.002840082601661,1000
sp13,35,species.catchability.fsh1.sp11,-2.00804460076736e-05,0.000831483493084069,0.00283181686708397,1000
sp13,36,species.catchability.fsh1.sp12,-8.07502155372889e-05,0.000911102728632022,0.00303638280440305,1000
sp13,37,species.catchability.fsh2.sp0,6.50591418353793e-05,0.000968617215533714,0.00431590774218633,1000
sp13,38,species.catchability.fsh2.sp5,5.89289323774224e-05,0.00087742275474908,0.00285715137391473,1000
sp13,39,species.catchability.fsh2.sp7,-0.000144565489969368,0.00077407844857675,0.00240554467183034,1000
sp13,40,species.catchability.fsh2.sp8,0.000140393562479136,0.000891865016896036,0.00324975547089244,1000
sp13,41,species.catchability.fsh3.sp0,3.59938862947018e-05,0.00070957531083608,0.00219561577803698,1000
sp13,42,species.catchability.fsh3.sp1,-5.9766355416205e-05,0.000776401206775276,0.00259329912265087,1000
sp13,43,species.catchability.fsh3.sp2,7.84119281199271e-05,0.000707440861199567,0.0026244065011396,1000
sp13,44,species.catchability.fsh3.sp3,-8.80756014366659e-05,0.000804683133378704,0.0031564442327474,1000
sp13,45,species.catchability.fsh3.sp5,-0.000280044690065129,0.000938119356183096,0.00355188322940509,1000
sp13,46,species.catchability.fsh3.sp7,1.34140045986875e-05,0.000742397660031479,0.00245505229867411,1000
sp13,47,species.catchability.fsh3.sp8,-6.40716406292327e-05,0.000871071245014132,0.00314697929924,1000
sp13,48,species.catchability.fsh3.sp9,-4.67995751765243e-06,0.000759373415159166,0.0022186610512548,1000
sp13,49,species.catchability.fsh3.sp10,0.000139307911438314,0.000834990959732303,0.00327387353668281,1000
sp13,50,species.catchability.fsh3.sp11,-2.40992238886624e-05,0.00072212956268241,0.00249263978335375,1000
sp13,51,species.catchability.fsh3.sp12,5.29830644354085e-05,0.000841498409853358,0.00282886071770043,1000
sp13,52,species.catchability.fsh3.sp13,-5.14440903568079e-05,0.000889982806847761,0.00303900395693009,1000
sp13,53,species.catchability.fsh3.sp14,1.62336151257528e-05,0.000705929027537669,0.00201647903409981,1000
sp13,54,species.catchability.fsh3.sp15,-0.000147391770729737,0.000906141629298706,0.00354572526696394,1000
sp13,55,species.length2weight.condition.factor.sp0,-8.09764184764422e-05,0.000755616557426137,0.00269157273534356,1000
sp13,56,species.length2weight.condition.factor.sp1,6.96576312841773e-05,0.000745949544324552,0.00242654208669671,1000
sp13,57,species.length2weight.condition.factor.sp2,-0.000108130966168781,0.000767090500861355,0.00242378056354791,1000
sp13,58,species.length2weight.condition.factor.sp3,-0.000181079296021836,0.00102273531294587,0.00386485187153938,1000
sp13,59,species.length2weight.condition.factor.sp4,-0.000102433845011262,0.000823738959513899,0.00316287532979222,1000
sp13,60,species.length2weight.condition.factor.sp5,3.38710387820752e-05,0.000762536926963865,0.00244839715746601,1000
sp13,61,species.length2weight.condition.factor.sp6,0.000184821145294558,0.000819611168784603,0.00274182297360305,1000
sp13,62,species.length2weight.condition.factor.sp7,-6.68761570164637e-05,0.00082797131850288,0.00258292334479996,1000
sp13,63,species.length2weight.condition.factor.sp8,6.78087215804676e-05,0.000817224713136269,0.00271212209954452,1000
sp13,64,species.length2weight.condition.factor.sp9,-2.87275199908022e-05,0.000812982638337755,0.00329491999322168,1000
sp13,65,species.length2weight.condition.factor.sp10,0.000134477814257995,0.00083717241344303,0.00281169985356499,1000
sp13,66,species.length2weight.condition.factor.sp11,1.78074941346037e-05,0.000998359135732858,0.0039846815458647,1000
sp13,67,species.length2weight.condition.factor.sp12,-0.000144936684370472,0.000835431944028337,0.00308335900784402,1000
sp13,68,species.length2weight.condition.factor.sp13,-5.74957144489611e-05,0.000851613784669839,0.00314153974090145,1000
sp13,69,species.length2weight.condition.factor.sp14,-9.48010305576163e-05,0.000852251925381114,0.00338012718714411,1000
sp13,70,species.length2weight.condition.factor.sp15,1.39334914577267e-05,0.000919142244299664,0.00330411415586831,1000
sp13,71,species.k.sp0,-7.98035701161323e-05,0.000805762799257169,0.00263305742327636,1000
sp13,72,species.k.sp1,4.50957300781159e-05,0.000819705699864436,0.00279259753215552,1000
sp13,73,species.k.sp2,2.42231901550318e-05,0.000752212631272199,0.00231640943932725,1000
sp13,74,species.k.sp3,-9.61652430952855e-05,0.00083225781036777,0.00317737754691564,1000
sp13,75,species.k.sp4,0.000102941779350525,0.000794214342405982,0.00265621294797962,1000
sp13,76,species.k.sp5,-1.99972720157677e-05,0.000747333033970606,0.00286024839634277,1000
sp13,77,species.k.sp6,-9.89326956635028e-05,0.000834744130300434,0.00301921239420335,1000
sp13,78,species.k.sp7,-5.07953145356836e-05,0.000773029894925353,0.00221965857292559,1000
sp13,79,species.k.sp8,5.72522907804673e-05,0.000800856558687856,0.00256916822883894,1000
sp13,80,species.k.sp9,6.73600881096831e-05,0.000896962709269313,0.00307534805232573,1000
sp13,81,species.k.sp10,-7.26504117590598e-05,0.000633951193336565,0.00197180367710109,1000
sp13,82,species.k.sp11,8.26785839852269e-05,0.000840841999129495,0.00314832358165025,1000
sp13,83,species.k.sp12,-0.000135876413748921,0.000699899513304016,0.00204067368133324,1000
sp13,84,species.k.sp13,0.000800168454994537,0.00502024114586795,0.0129755319623207,1000
sp13,85,species.k.sp14,0.000194125874486097,0.000804796931091798,0.00297063472012039,1000
sp13,86,species.k.sp15,1.8151403374847e-05,0.000710807908957085,0.00198167457805945,1000
sp13,87,species.l0.sp0,3.97356190625113e-05,0.00070172438367163,0.00219599777427491,1000
sp13,88,species.l0.sp1,2.50155948688413e-05,0.000795856570065662,0.00258891783292676,1000
sp13,89,species.l0.sp2,7.7870184538908e-05,0.000838925462759187,0.00267799841993293,1000
sp13,90,species.l0.sp3,0.000104523205445595,0.000863010979538358,0.00280541720673545,1000
sp13,91,species.l0.sp4,0.000192497488952806,0.000813050133168632,0.00376411622211926,1000
sp13,92,species.l0.sp5,7.44838576907882e-05,0.000852342383888495,0.0027872851957152,1000
sp13,93,species.l0.sp6,0.000119052494612651,0.000900274497441425,0.00301979202945827,1000
sp13,94,species.l0.sp7,-0.000111940263114236,0.000790624594481635,0.00281656096262033,1000
sp13,95,species.l0.sp8,7.69908030886939e-05,0.000792987392575676,0.00324259042823113,1000
sp13,96,species.l0.sp9,-0.000149671663966758,0.00084712849376077,0.0027765847885081,1000
sp13,97,species.l0.sp10,-5.81828909413575e-05,0.000626779894048586,0.00170879916554029,1000
sp13,98,species.l0.sp11,4.0778298721301e-05,0.000728157581728373,0.00218571972027766,1000
sp13,99,species.l0.sp12,4.34655944349214e-05,0.000810510087229991,0.00309894908523304,1000
sp13,100,species.l0.sp13,-0.000203588252372538,0.000924625403537639,0.00412793651033445,1000
sp13,101,species.l0.sp14,3.4600269419894e-05,0.000771247632378924,0.0026422921098495,1000
sp13,102,species.l0.sp15,-6.62839202276763e-06,0.000956984717089238,0.00374459249082458,1000
sp13,103,mortality.additional.larva.rate.sp0,4.06324524576786e-05,0.000826505428159175,0.00247028989712817,1000
sp13,104,mortality.additional.larva.rate.sp1,0.000114888553151154,0.000853710718530233,0.00293270546577489,1000
sp13,105,mortality.additional.larva.rate.sp2,4.94911190000613e-05,0.000864100907042245,0.00311049909046305,1000
sp13,106,mortality.additional.larva.rate.sp3,2.44532202504954e-06,0.000886308911776964,0.00324729013972237,1000
sp13,107,mortality.additional.larva.rate.sp4,0.000107842446476005,0.000753800374999805,0.0020762819031237,1000
sp13,108,mortality.additional.larva.rate.sp5,-0.000115272960114622,0.000894880637521944,0.00371059696908777,1000
sp13,109,mortality.additional.larva.rate.sp6,8.20278303196416e-05,0.000900636675737259,0.00318211277686665,1000
sp13,110,mortality.additional.larva.rate.sp9,7.15468131710763e-06,0.000786183031176277,0.00272555045513854,1000
sp13,111,mortality.additional.larva.rate.sp10,-2.87041838524354e-05,0.000827701874960794,0.00317858879185835,1000
sp13,112,mortality.additional.larva.rate.sp11,-6.5605541143576e-05,0.000775106984924111,0.00222937457086261,1000
sp13,113,mortality.additional.larva.rate.sp12,4.89327961154685e-05,0.000845644256534211,0.00297829155905929,1000
sp13,114,mortality.additional.larva.rate.sp13,7.28677940681159e-06,0.00078679579805466,0.00266150777760296,1000
sp13,115,mortality.additional.larva.rate.sp14,-4.61363664616485e-05,0.000853399373617601,0.00278263268715256,1000
sp13,116,mortality.additional.larva.rate.sp15,-4.32061969196529e-05,0.000968229484754711,0.00341785636493577,1000
sp13,117,mortality.additional.larva.rate.mean.sp7,-3.77113779799552e-06,0.000736809991216611,0.00234969821112819,1000
sp13,118,mortality.additional.larva.rate.mean.sp8,-3.03995278832008e-05,0.00070395674036822,0.00211393570830336,1000
sp13,119,species.linf.sp0,5.33794037331194e-05,0.000708969622998879,0.00196676389394303,1000
sp13,120,species.linf.sp1,-1.68536289607249e-05,0.00081784699497705,0.00277577657458189,1000
sp13,121,species.linf.sp2,3.59009130352571e-06,0.000702611441923858,0.00225409422448853,1000
sp13,122,species.linf.sp3,-0.000216669144235676,0.000902670296571291,0.00347280761542315,1000
sp13,123,species.linf.sp4,-8.19508216595635e-05,0.000825259457501316,0.00373479973083132,1000
sp13,124,species.linf.sp5,-0.000244574457351823,0.000850038201376088,0.00320812450713397,1000
sp13,125,species.linf.sp6,5.58240584203524e-06,0.000768823049379255,0.00244804591738627,1000
sp13,126,species.linf.sp7,1.67661392421551e-05,0.000897798196124776,0.00313676670568528,1000
sp13,127,species.linf.sp8,-2.39796049654771e-05,0.000823949395467769,0.00278293362146354,1000
sp13,128,species.linf.sp9,8.95090513957026e-05,0.00109415044198344,0.00351054956199179,1000
sp13,129,species.linf.sp10,0.000111677528704885,0.000815398336471877,0.00361610114731517,1000
sp13,130,species.linf.sp11,-1.44645143366732e-05,0.000849932566430231,0.00278091738603696,1000
sp13,131,species.linf.sp12,-5.3993211392382e-05,0.000740772680553177,0.00223707590052365,1000
sp13,132,species.linf.sp13,-0.000702988662757977,0.00461185403413373,0.0127289068335851,1000
sp13,133,species.linf.sp14,4.03587366418236e-05,0.000860094410072864,0.00277599949234858,1000
sp13,134,species.linf.sp15,0.000142931863282334,0.000654074283911085,0.00221662124039484,1000
sp13,135,species.accessibility2fish.sp16,-0.000138964145599973,0.000746334946104323,0.00214926464091471,1000
sp13,136,species.accessibility2fish.sp17,-3.98153577257908e-06,0.000625354891786278,0.00175060223065362,1000
sp13,137,species.accessibility2fish.sp18,0.000209481848198973,0.000742996571722985,0.00222874880330478,1000
sp13,138,species.accessibility2fish.sp19,5.76759116912001e-06,0.000797488171429847,0.002538637396072,1000
sp13,139,species.accessibility2fish.sp20,3.07642304697632e-06,0.000884331058076717,0.00275578271092352,1000
sp13,140,species.accessibility2fish.sp21,-5.44899216271518e-05,0.000727321740739288,0.00226159065620888,1000
sp13,141,species.accessibility2fish.sp22,2.8981930157283e-05,0.00076281159765792,0.00290834901697265,1000
sp13,142,species.accessibility2fish.sp23,-3.48128979629102e-05,0.000840754840965208,0.00313772528074036,1000
sp13,143,species.accessibility2fish.sp24,-2.35419416597089e-05,0.000849054218601653,0.00277342747623925,1000
sp13,144,species.accessibility2fish.sp25,-9.66614324609926e-05,0.000750480226402677,0.00260289357827548,1000
sp13,145,species.accessibility2fish.sp26,-0.000104172289458693,0.000800073861467101,0.00244128767429062,1000
sp13,146,species.maturity.size.ratio.sp0,-2.28955521928076e-05,0.000698676762567181,0.00226608451839785,1000
sp13,147,species.maturity.size.ratio.sp1,-1.02708837932749e-05,0.000875352671017955,0.00295578178832321,1000
sp13,148,species.maturity.size.ratio.sp2,-5.78730837516903e-05,0.000949287758823462,0.00365018451438021,1000
sp13,149,species.maturity.size.ratio.sp3,5.14407907860654e-05,0.000696258735549179,0.00203015484921316,1000
sp13,150,species.maturity.size.ratio.sp4,6.45095630309027e-05,0.000805998296926183,0.00318275932516599,1000
sp13,151,species.maturity.size.ratio.sp5,-3.29537247057911e-05,0.000861683826061704,0.00307605094838337,1000
sp13,152,species.maturity.size.ratio.sp6,0.00015746814167524,0.000769083636551287,0.00229337256911718,1000
sp13,153,species.maturity.size.ratio.sp7,6.92435214862878e-05,0.000815650205486326,0.00268630244883512,1000
sp13,154,species.maturity.size.ratio.sp8,-7.53547549419255e-05,0.000799628428770039,0.00274527339737762,1000
sp13,155,species.maturity.size.ratio.sp9,4.56051174324041e-05,0.000791405471200126,0.00249799842865233,1000
sp13,156,species.maturity.size.ratio.sp10,-3.51534100660749e-05,0.000807671156169276,0.00273781016876085,1000
sp13,157,species.maturity.size.ratio.sp11,0.000114274737056862,0.000718562208083196,0.00227613792269288,1000
sp13,158,species.maturity.size.ratio.sp12,-2.41367945586038e-05,0.00080953670049302,0.00285005197251948,1000
sp13,159,species.maturity.size.ratio.sp13,-0.000573024517742406,0.00588879097268194,0.0130824789913841,1000
sp13,160,species.maturity.size.ratio.sp14,-7.75053437679694e-05,0.000760776686190726,0.00269863363713292,1000
sp13,161,species.maturity.size.ratio.sp15,2.622022946464e-05,0.000834028198051776,0.00341407360681261,1000
sp13,162,predation.predPrey.sizeRatio.teta.sp0.stage1,5.72677484944014e-05,0.000689152687564535,0.00213117528056204,1000
sp13,163,predation.predPrey.sizeRatio.alpha.sp0.stage1,-3.37586006960803e-05,0.000781411009803291,0.00238402670790841,1000
sp13,164,predation.predPrey.sizeRatio.teta.sp1.stage1,-0.000107041355896256,0.000896322966225353,0.00288474054288605,1000
sp13,165,predation.predPrey.sizeRatio.alpha.sp1.stage1,2.17356373891437e-05,0.000875238245448813,0.00282754049888154,1000
sp13,166,predation.predPrey.sizeRatio.teta.sp2.stage1,-5.18512984709022e-05,0.000856940112620116,0.00304055892147874,1000
sp13,167,predation.predPrey.sizeRatio.alpha.sp2.stage1,-5.33271609763373e-05,0.000805799747613092,0.00308878789149601,1000
sp13,168,predation.predPrey.sizeRatio.teta.sp3.stage1,4.83292030253719e-05,0.000757299175543296,0.00217448443246662,1000
sp13,169,predation.predPrey.sizeRatio.alpha.sp3.stage1,7.73565940247058e-05,0.000832535471794904,0.00290656214936267,1000
sp13,170,predation.predPrey.sizeRatio.teta.sp4.stage1,-0.000128065874977702,0.000927939286880904,0.00311364595600917,1000
sp13,171,predation.predPrey.sizeRatio.alpha.sp4.stage1,2.08567682428603e-05,0.000804794154981037,0.00308300853226485,1000
sp13,172,predation.predPrey.sizeRatio.teta.sp5.stage1,2.87938890246768e-05,0.000900372425934424,0.00297931863688109,1000
sp13,173,predation.predPrey.sizeRatio.teta.sp5.stage2,6.08087177386434e-05,0.0007545435112424,0.00226134795448677,1000
sp13,174,predation.predPrey.sizeRatio.alpha.sp5.stage1,5.25989138590357e-05,0.000763692316993279,0.00236639598662241,1000
sp13,175,predation.predPrey.sizeRatio.alpha.sp5.stage2,2.62190233005487e-06,0.000869309760192722,0.00319510074220462,1000
sp13,176,predation.predPrey.sizeRatio.teta.sp6.stage1,0.000100442361522764,0.000782134348910879,0.0025733887397708,1000
sp13,177,predation.predPrey.sizeRatio.alpha.sp6.stage1,-8.20274800811238e-05,0.000672243649250721,0.00177850221007616,1000
sp13,178,predation.predPrey.sizeRatio.teta.sp7.stage1,-2.21442764801504e-06,0.000793310852951462,0.00239043976359531,1000
sp13,179,predation.predPrey.sizeRatio.alpha.sp7.stage1,6.33023540676025e-05,0.000712635058442708,0.00196866447235495,1000
sp13,180,predation.predPrey.sizeRatio.teta.sp8.stage1,4.95354371018698e-05,0.000792237837546521,0.00232992202862966,1000
sp13,181,predation.predPrey.sizeRatio.alpha.sp8.stage1,-4.91686300059143e-05,0.000884468928109927,0.00276965163625484,1000
sp13,182,predation.predPrey.sizeRatio.teta.sp9.stage1,-5.56478248173673e-05,0.000787932322991213,0.00284247047938061,1000
sp13,183,predation.predPrey.sizeRatio.alpha.sp9.stage1,9.71456523562233e-05,0.000959534588670256,0.00332927906558542,1000
sp13,184,predation.predPrey.sizeRatio.teta.sp10.stage1,0.000107612683189449,0.000717821203584721,0.00248404420589477,1000
sp13,185,predation.predPrey.sizeRatio.alpha.sp10.stage1,5.31414256543837e-05,0.000939525552225459,0.00337984715012096,1000
sp13,186,predation.predPrey.sizeRatio.teta.sp11.stage1,4.34989103106958e-06,0.000658798311309086,0.00199522322176444,1000
sp13,187,predation.predPrey.sizeRatio.alpha.sp11.stage1,9.58627638677843e-06,0.000813593330279903,0.00262737473948357,1000
sp13,188,predation.predPrey.sizeRatio.teta.sp12.stage1,7.16270539250103e-05,0.000762271151845156,0.00249022693676685,1000
sp13,189,predation.predPrey.sizeRatio.alpha.sp12.stage1,6.40165384569295e-05,0.000719053652690647,0.00231563530582677,1000
sp13,190,predation.predPrey.sizeRatio.teta.sp13.stage1,8.01742044103217e-05,0.000879094081136502,0.00303232080656228,1000
sp13,191,predation.predPrey.sizeRatio.alpha.sp13.stage1,-0.000319832114404913,0.00122403050199916,0.00461318389039059,1000
sp13,192,predation.predPrey.sizeRatio.teta.sp14.stage1,0.00016501668578236,0.000789529625418949,0.0025878653152016,1000
sp13,193,predation.predPrey.sizeRatio.alpha.sp14.stage1,-6.17991301571287e-05,0.000780744892003184,0.00233075033183786,1000
sp13,194,predation.predPrey.sizeRatio.teta.sp15.stage1,4.80214768004463e-05,0.000753635327075364,0.00281525826687919,1000
sp13,195,predation.predPrey.sizeRatio.alpha.sp15.stage1,-1.41694408180937e-05,0.000819398115367252,0.00309748247737852,1000
sp14,1,mortality.additional.rate.sp0,0,0,0,1000
sp14,2,mortality.additional.rate.sp1,0,0,0,1000
sp14,3,mortality.additional.rate.sp2,0,0,0,1000
sp14,4,mortality.additional.rate.sp3,0,0,0,1000
sp14,5,mortality.additional.rate.sp4,0,0,0,1000
sp14,6,mortality.additional.rate.sp5,0,0,0,1000
sp14,7,mortality.additional.rate.sp6,0,0,0,1000
sp14,8,mortality.additional.rate.sp7,0,0,0,1000
sp14,9,mortality.additional.rate.sp8,0,0,0,1000
sp14,10,mortality.additional.rate.sp9,0,0,0,1000
sp14,11,mortality.additional.rate.sp10,0,0,0,1000
sp14,12,mortality.additional.rate.sp11,0,0,0,1000
sp14,13,mortality.additional.rate.sp12,0,0,0,1000
sp14,14,mortality.additional.rate.sp13,0,0,0,1000
sp14,15,mortality.additional.rate.sp14,0,0,0,1000
sp14,16,mortality.additional.rate.sp15,0,0,0,1000
sp14,17,fisheries.rate.base.fsh0,0,0,0,1000
sp14,18,fisheries.rate.base.fsh1,0,0,0,1000
sp14,19,fisheries.rate.base.fsh2,0,0,0,1000
sp14,20,fisheries.rate.base.fsh3,0,0,0,1000
sp14,21,species.catchability.fsh0.sp0,0,0,0,1000
sp14,22,species.catchability.fsh0.sp1,0,0,0,1000
sp14,23,species.catchability.fsh0.sp2,0,0,0,1000
sp14,24,species.catchability.fsh0.sp3,0,0,0,1000
sp14,25,species.catchability.fsh0.sp5,0,0,0,1000
sp14,26,species.catchability.fsh0.sp7,0,0,0,1000
sp14,27,species.catchability.fsh0.sp8,0,0,0,1000
sp14,28,species.catchability.fsh0.sp9,0,0,0,1000
sp14,29,species.catchability.fsh0.sp10,0,0,0,1000
sp14,30,species.catchability.fsh0.sp13,0,0,0,1000
sp14,31,species.catchability.fsh0.sp14,0,0,0,1000
sp14,32,species.catchability.fsh0.sp15,0,0,0,1000
sp14,33,species.catchability.fsh1.sp9,0,0,0,1000
sp14,34,species.catchability.fsh1.sp10,0,0,0,1000
sp14,35,species.catchability.fsh1.sp11,0,0,0,1000
sp14,36,species.catchability.fsh1.sp12,0,0,0,1000
sp14,37,species.catchability.fsh2.sp0,0,0,0,1000
sp14,38,species.catchability.fsh2.sp5,0,0,0,1000
sp14,39,species.catchability.fsh2.sp7,0,0,0,1000
sp14,40,species.catchability.fsh2.sp8,0,0,0,1000
sp14,41,species.catchability.fsh3.sp0,0,0,0,1000
sp14,42,species.catchability.fsh3.sp1,0,0,0,1000
sp14,43,species.catchability.fsh3.sp2,0,0,0,1000
sp14,44,species.catchability.fsh3.sp3,0,0,0,1000
sp14,45,species.catchability.fsh3.sp5,0,0,0,1000
sp14,46,species.catchability.fsh3.sp7,0,0,0,1000
sp14,47,species.catchability.fsh3.sp8,0,0,0,1000
sp14,48,species.catchability.fsh3.sp9,0,0,0,1000
sp14,49,species.catchability.fsh3.sp10,0,0,0,1000
sp14,50,species.catchability.fsh3.sp11,0,0,0,1000
sp14,51,species.catchability.fsh3.sp12,0,0,0,1000
sp14,52,species.catchability.fsh3.sp13,0,0,0,1000
sp14,53,species.catchability.fsh3.sp14,0,0,0,1000
sp14,54,species.catchability.fsh3.sp15,0,0,0,1000
sp14,55,species.length2weight.condition.factor.sp0,0,0,0,1000
sp14,56,species.length2weight.condition.factor.sp1,0,0,0,1000
sp14,57,species.length2weight.condition.factor.sp2,0,0,0,1000
sp14,58,species.length2weight.condition.factor.sp3,0,0,0,1000
sp14,59,species.length2weight.condition.factor.sp4,0,0,0,1000
sp14,60,species.length2weight.condition.factor.sp5,0,0,0,1000
sp14,61,species.length2weight.condition.factor.sp6,0,0,0,1000
sp14,62,species.length2weight.condition.factor.sp7,0,0,0,1000
sp14,63,species.length2weight.condition.factor.sp8,0,0,0,1000
sp14,64,species.length2weight.condition.factor.sp9,0,0,0,1000
sp14,65,species.length2weight.condition.factor.sp10,0,0,0,1000
sp14,66,species.length2weight.condition.factor.sp11,0,0,0,1000
sp14,67,species.length2weight.condition.factor.sp12,0,0,0,1000
sp14,68,species.length2weight.condition.factor.sp13,0,0,0,1000
sp14,69,species.length2weight.condition.factor.sp14,0,0,0,1000
sp14,70,species.length2weight.condition.factor.sp15,0,0,0,1000
sp14,71,species.k.sp0,0,0,0,1000
sp14,72,species.k.sp1,0,0,0,1000
sp14,73,species.k.sp2,0,0,0,1000
sp14,74,species.k.sp3,0,0,0,1000
sp14,75,species.k.sp4,0,0,0,1000
sp14,76,species.k.sp5,0,0,0,1000
sp14,77,species.k.sp6,0,0,0,1000
sp14,78,species.k.sp7,0,0,0,1000
sp14,79,species.k.sp8,0,0,0,1000
sp14,80,species.k.sp9,0,0,0,1000
sp14,81,species.k.sp10,0,0,0,1000
sp14,82,species.k.sp11,0,0,0,1000
sp14,83,species.k.sp12,0,0,0,1000
sp14,84,species.k.sp13,0,0,0,1000
sp14,85,species.k.sp14,0,0,0,1000
sp14,86,species.k.sp15,0,0,0,1000
sp14,87,species.l0.sp0,0,0,0,1000
sp14,88,species.l0.sp1,0,0,0,1000
sp14,89,species.l0.sp2,0,0,0,1000
sp14,90,species.l0.sp3,0,0,0,1000
sp14,91,species.l0.sp4,0,0,0,1000
sp14,92,species.l0.sp5,0,0,0,1000
sp14,93,species.l0.sp6,0,0,0,1000
sp14,94,species.l0.sp7,0,0,0,1000
sp14,95,species.l0.sp8,0,0,0,1000
sp14,96,species.l0.sp9,0,0,0,1000
sp14,97,species.l0.sp10,0,0,0,1000
sp14,98,species.l0.sp11,0,0,0,1000
sp14,99,species.l0.sp12,0,0,0,1000
sp14,100,species.l0.sp13,0,0,0,1000
sp14,101,species.l0.sp14,0,0,0,1000
sp14,102,species.l0.sp15,0,0,0,1000
sp14,103,mortality.additional.larva.rate.sp0,0,0,0,1000
sp14,104,mortality.additional.larva.rate.sp1,0,0,0,1000
sp14,105,mortality.additional.larva.rate.sp2,0,0,0,1000
sp14,106,mortality.additional.larva.rate.sp3,0,0,0,1000
sp14,107,mortality.additional.larva.rate.sp4,0,0,0,1000
sp14,108,mortality.additional.larva.rate.sp5,0,0,0,1000
sp14,109,mortality.additional.larva.rate.sp6,0,0,0,1000
sp14,110,mortality.additional.larva.rate.sp9,0,0,0,1000
sp14,111,mortality.additional.larva.rate.sp10,0,0,0,1000
sp14,112,mortality.additional.larva.rate.sp11,0,0,0,1000
sp14,113,mortality.additional.larva.rate.sp12,0,0,0,1000
sp14,114,mortality.additional.larva.rate.sp13,0,0,0,1000
sp14,115,mortality.additional.larva.rate.sp14,0,0,0,1000
sp14,116,mortality.additional.larva.rate.sp15,0,0,0,1000
sp14,117,mortality.additional.larva.rate.mean.sp7,0,0,0,1000
sp14,118,mortality.additional.larva.rate.mean.sp8,0,0,0,1000
sp14,119,species.linf.sp0,0,0,0,1000
sp14,120,species.linf.sp1,0,0,0,1000
sp14,121,species.linf.sp2,0,0,0,1000
sp14,122,species.linf.sp3,0,0,0,1000
sp14,123,species.linf.sp4,0,0,0,1000
sp14,124,species.linf.sp5,0,0,0,1000
sp14,125,species.linf.sp6,0,0,0,1000
sp14,126,species.linf.sp7,0,0,0,1000
sp14,127,species.linf.sp8,0,0,0,1000
sp14,128,species.linf.sp9,0,0,0,1000
sp14,129,species.linf.sp10,0,0,0,1000
sp14,130,species.linf.sp11,0,0,0,1000
sp14,131,species.linf.sp12,0,0,0,1000
sp14,132,species.linf.sp13,0,0,0,1000
sp14,133,species.linf.sp14,0,0,0,1000
sp14,134,species.linf.sp15,0,0,0,1000
sp14,135,species.accessibility2fish.sp16,0,0,0,1000
sp14,136,species.accessibility2fish.sp17,0,0,0,1000
sp14,137,species.accessibility2fish.sp18,0,0,0,1000
sp14,138,species.accessibility2fish.sp19,0,0,0,1000
sp14,139,species.accessibility2fish.sp20,0,0,0,1000
sp14,140,species.accessibility2fish.sp21,0,0,0,1000
sp14,141,species.accessibility2fish.sp22,0,0,0,1000
sp14,142,species.accessibility2fish.sp23,0,0,0,1000
sp14,143,species.accessibility2fish.sp24,0,0,0,1000
sp14,144,species.accessibility2fish.sp25,0,0,0,1000
sp14,145,species.accessibility2fish.sp26,0,0,0,1000
sp14,146,species.maturity.size.ratio.sp0,0,0,0,1000
sp14,147,species.maturity.size.ratio.sp1,0,0,0,1000
sp14,148,species.maturity.size.ratio.sp2,0,0,0,1000
sp14,149,species.maturity.size.ratio.sp3,0,0,0,1000
sp14,150,species.maturity.size.ratio.sp4,0,0,0,1000
sp14,151,species.maturity.size.ratio.sp5,0,0,0,1000
sp14,152,species.maturity.size.ratio.sp6,0,0,0,1000
sp14,153,species.maturity.size.ratio.sp7,0,0,0,1000
sp14,154,species.maturity.size.ratio.sp8,0,0,0,1000
sp14,155,species.maturity.size.ratio.sp9,0,0,0,1000
sp14,156,species.maturity.size.ratio.sp10,0,0,0,1000
sp14,157,species.maturity.size.ratio.sp11,0,0,0,1000
sp14,158,species.maturity.size.ratio.sp12,0,0,0,1000
sp14,159,species.maturity.size.ratio.sp13,0,0,0,1000
sp14,160,species.maturity.size.ratio.sp14,0,0,0,1000
sp14,161,species.maturity.size.ratio.sp15,0,0,0,1000
sp14,162,predation.predPrey.sizeRatio.teta.sp0.stage1,0,0,0,1000
sp14,163,predation.predPrey.sizeRatio.alpha.sp0.stage1,0,0,0,1000
sp14,164,predation.predPrey.sizeRatio.teta.sp1.stage1,0,0,0,1000
sp14,165,predation.predPrey.sizeRatio.alpha.sp1.stage1,0,0,0,1000
sp14,166,predation.predPrey.sizeRatio.teta.sp2.stage1,0,0,0,1000
sp14,167,predation.predPrey.sizeRatio.alpha.sp2.stage1,0,0,0,1000
sp14,168,predation.predPrey.sizeRatio.teta.sp3.stage1,0,0,0,1000
sp14,169,predation.predPrey.sizeRatio.alpha.sp3.stage1,0,0,0,1000
sp14,170,predation.predPrey.sizeRatio.teta.sp4.stage1,0,0,0,1000
sp14,171,predation.predPrey.sizeRatio.alpha.sp4.stage1,0,0,0,1000
sp14,172,predation.predPrey.sizeRatio.teta.sp5.stage1,0,0,0,1000
sp14,173,predation.predPrey.sizeRatio.teta.sp5.stage2,0,0,0,1000
sp14,174,predation.predPrey.sizeRatio.alpha.sp5.stage1,0,0,0,1000
sp14,175,predation.predPrey.sizeRatio.alpha.sp5.stage2,0,0,0,1000
sp14,176,predation.predPrey.sizeRatio.teta.sp6.stage1,0,0,0,1000
sp14,177,predation.predPrey.sizeRatio.alpha.sp6.stage1,0,0,0,1000
sp14,178,predation.predPrey.sizeRatio.teta.sp7.stage1,0,0,0,1000
sp14,179,predation.predPrey.sizeRatio.alpha.sp7.stage1,0,0,0,1000
sp14,180,predation.predPrey.sizeRatio.teta.sp8.stage1,0,0,0,1000
sp14,181,predation.predPrey.sizeRatio.alpha.sp8.stage1,0,0,0,1000
sp14,182,predation.predPrey.sizeRatio.teta.sp9.stage1,0,0,0,1000
sp14,183,predation.predPrey.sizeRatio.alpha.sp9.stage1,0,0,0,1000
sp14,184,predation.predPrey.sizeRatio.teta.sp10.stage1,0,0,0,1000
sp14,185,predation.predPrey.sizeRatio.alpha.sp10.stage1,0,0,0,1000
sp14,186,predation.predPrey.sizeRatio.teta.sp11.stage1,0,0,0,1000
sp14,187,predation.predPrey.sizeRatio.alpha.sp11.stage1,0,0,0,1000
sp14,188,predation.predPrey.sizeRatio.teta.sp12.stage1,0,0,0,1000
sp14,189,predation.predPrey.sizeRatio.alpha.sp12.stage1,0,0,0,1000
sp14,190,predation.predPrey.sizeRatio.teta.sp13.stage1,0,0,0,1000
sp14,191,predation.predPrey.sizeRatio.alpha.sp13.stage1,0,0,0,1000
sp14,192,predation.predPrey.sizeRatio.teta.sp14.stage1,0,0,0,1000
sp14,193,predation.predPrey.sizeRatio.alpha.sp14.stage1,0,0,0,1000
sp14,194,predation.predPrey.sizeRatio.teta.sp15.stage1,0,0,0,1000
sp14,195,predation.predPrey.sizeRatio.alpha.sp15.stage1,0,0,0,1000
sp15,1,mortality.additional.rate.sp0,4.78892815596321e-08,7.99881906854791e-05,0.000126733735684747,1000
sp15,2,mortality.additional.rate.sp1,-1.22099928010108e-06,8.57177895331319e-05,0.00014009237465595,1000
sp15,3,mortality.additional.rate.sp2,6.40620735809366e-06,0.000106850451527323,0.000177043508906322,1000
sp15,4,mortality.additional.rate.sp3,3.22266675436608e-06,0.000115467372796833,0.000194354552093651,1000
sp15,5,mortality.additional.rate.sp4,2.34460179985202e-06,8.93596111292013e-05,0.000152977222281385,1000
sp15,6,mortality.additional.rate.sp5,-2.26891394182757e-06,0.000113276614216866,0.000218731535474495,1000
sp15,7,mortality.additional.rate.sp6,-7.14655623970836e-06,8.22040834273915e-05,0.000136789360648663,1000
sp15,8,mortality.additional.rate.sp7,2.41057790736055e-06,8.06448579656773e-05,0.000128651560260057,1000
sp15,9,mortality.additional.rate.sp8,4.38710463483197e-06,8.60089971053753e-05,0.000142861749117338,1000
sp15,10,mortality.additional.rate.sp9,-3.54264843268778e-06,8.29899248253872e-05,0.000129884740047423,1000
sp15,11,mortality.additional.rate.sp10,-1.31526742970745e-06,8.20549478736569e-05,0.000132679447767334,1000
sp15,12,mortality.additional.rate.sp11,-3.91159273482053e-06,8.23585487942995e-05,0.000138091461930489,1000
sp15,13,mortality.additional.rate.sp12,-3.53001728767322e-06,8.52671536661639e-05,0.000135868021385019,1000
sp15,14,mortality.additional.rate.sp13,-5.16978306187743e-07,8.03669528345539e-05,0.000134152706760868,1000
sp15,15,mortality.additional.rate.sp14,4.42824507994202e-06,8.1567946395541e-05,0.000129939954852207,1000
sp15,16,mortality.additional.rate.sp15,7.294881477381e-07,0.000114878193389912,0.000176365644230166,1000
sp15,17,fisheries.rate.base.fsh0,1.67059652531515e-05,0.000460206712083512,0.00068582478052125,1000
sp15,18,fisheries.rate.base.fsh1,-5.45251419433535e-06,9.15293747939381e-05,0.000146472258675053,1000
sp15,19,fisheries.rate.base.fsh2,3.80332088617291e-06,8.68953534402934e-05,0.000141952656525092,1000
sp15,20,fisheries.rate.base.fsh3,1.80755620101096e-05,0.000591798018343093,0.000744661643490627,1000
sp15,21,species.catchability.fsh0.sp0,-1.18920044696613e-05,0.000187767772691563,0.000409351961153187,1000
sp15,22,species.catchability.fsh0.sp1,-3.9172615261828e-06,8.3105820548957e-05,0.000138642265624058,1000
sp15,23,species.catchability.fsh0.sp2,-3.02213649322322e-06,9.01672464573637e-05,0.000145415120646137,1000
sp15,24,species.catchability.fsh0.sp3,8.07088727736466e-07,0.000134158898375595,0.000243825091610613,1000
sp15,25,species.catchability.fsh0.sp5,2.84737174921057e-07,8.56118453191319e-05,0.000137038646039843,1000
sp15,26,species.catchability.fsh0.sp7,4.38774814696896e-07,8.6377334236876e-05,0.000138837758631792,1000
sp15,27,species.catchability.fsh0.sp8,-5.9087867655544e-07,0.000128734387138822,0.000206039314547544,1000
sp15,28,species.catchability.fsh0.sp9,3.33603464809384e-06,8.16330895140572e-05,0.000128500101502658,1000
sp15,29,species.catchability.fsh0.sp10,-2.24554563813659e-06,8.57076035769044e-05,0.000136010193532445,1000
sp15,30,species.catchability.fsh0.sp13,1.26942952735618e-06,8.00572122960042e-05,0.000132251899576851,1000
sp15,31,species.catchability.fsh0.sp14,-4.03991424787362e-06,8.11110666747992e-05,0.000127725825864329,1000
sp15,32,species.catchability.fsh0.sp15,-2.83972941839983e-06,0.000374274276384209,0.000477070089913142,1000
sp15,33,species.catchability.fsh1.sp9,-3.21261573066675e-06,8.2703372795966e-05,0.000137789281492705,1000
sp15,34,species.catchability.fsh1.sp10,-6.36659795025191e-06,9.17960304371639e-05,0.000152529541974125,1000
sp15,35,species.catchability.fsh1.sp11,2.7559200427795e-06,9.00560404998817e-05,0.000150987054339627,1000
sp15,36,species.catchability.fsh1.sp12,-2.31904450225159e-06,8.81080486170826e-05,0.000152534568046256,1000
sp15,37,species.catchability.fsh2.sp0,7.22371602762284e-06,9.03930663217039e-05,0.000152642139179573,1000
sp15,38,species.catchability.fsh2.sp5,1.22597535992716e-06,8.09612626216343e-05,0.000131038342194804,1000
sp15,39,species.catchability.fsh2.sp7,-2.65121750394115e-06,7.92844548508584e-05,0.000123340697382739,1000
sp15,40,species.catchability.fsh2.sp8,4.98098099333488e-07,8.32883370977669e-05,0.000131624670054371,1000
sp15,41,species.catchability.fsh3.sp0,-3.66764940612485e-06,8.98290466558764e-05,0.000145320788861455,1000
sp15,42,species.catchability.fsh3.sp1,3.60545147379698e-06,8.81359216625265e-05,0.000143492147066645,1000
sp15,43,species.catchability.fsh3.sp2,-7.16789528336981e-06,8.75218575467853e-05,0.000144009352536738,1000
sp15,44,species.catchability.fsh3.sp3,1.07318863124925e-06,8.46446781572286e-05,0.000140200387245973,1000
sp15,45,species.catchability.fsh3.sp5,-4.45291712336954e-06,8.37158556557649e-05,0.000133472251428204,1000
sp15,46,species.catchability.fsh3.sp7,-6.1872960847667e-07,8.51897603731803e-05,0.000141777664124491,1000
sp15,47,species.catchability.fsh3.sp8,-2.74552812851772e-06,8.03657927329948e-05,0.000125938694661825,1000
sp15,48,species.catchability.fsh3.sp9,-1.8887812016351e-06,8.3867904813782e-05,0.000135316548338105,1000
sp15,49,species.catchability.fsh3.sp10,4.35631706139963e-06,8.61354206551143e-05,0.00013936985807924,1000
sp15,50,species.catchability.fsh3.sp11,-2.76222285795019e-07,8.53316192129398e-05,0.000143521850432398,1000
sp15,51,species.catchability.fsh3.sp12,2.36664464172839e-06,8.57527642700701e-05,0.000136950473616793,1000
sp15,52,species.catchability.fsh3.sp13,6.00785222013567e-08,8.45676456324865e-05,0.000145513098116907,1000
sp15,53,species.catchability.fsh3.sp14,-5.23507260221934e-07,8.38495078727399e-05,0.000137908881307849,1000
sp15,54,species.catchability.fsh3.sp15,1.60171160159157e-05,0.000572949436084881,0.000722947416479953,1000
sp15,55,species.length2weight.condition.factor.sp0,-4.00099877455337e-06,0.000218821063058464,0.000534854858932497,1000
sp15,56,species.length2weight.condition.factor.sp1,1.76887032183315e-06,7.86711901850477e-05,0.000123666282479179,1000
sp15,57,species.length2weight.condition.factor.sp2,-1.43667026210403e-06,0.000115387081367361,0.000184086821827161,1000
sp15,58,species.length2weight.condition.factor.sp3,-7.85059894171109e-06,0.00017521113551167,0.000304449034980419,1000
sp15,59,species.length2weight.condition.factor.sp4,3.02180269507396e-06,9.22582900632091e-05,0.000148613155744374,1000
sp15,60,species.length2weight.condition.factor.sp5,-1.74709010967264e-06,8.42439216767599e-05,0.000133256434465172,1000
sp15,61,species.length2weight.condition.factor.sp6,6.39388517905659e-06,8.50679403951223e-05,0.000140555457200828,1000
sp15,62,species.length2weight.condition.factor.sp7,-4.42311719211808e-06,8.82636628489602e-05,0.000143370930343411,1000
sp15,63,species.length2weight.condition.factor.sp8,-2.90965613551161e-06,8.53032442319272e-05,0.000139646683424739,1000
sp15,64,species.length2weight.condition.factor.sp9,-3.47578407634094e-06,8.50292478947519e-05,0.000136779429687683,1000
sp15,65,species.length2weight.condition.factor.sp10,9.84288567861064e-07,8.63677237949475e-05,0.00014268262658629,1000
sp15,66,species.length2weight.condition.factor.sp11,-9.5797088669583e-07,8.80656951797663e-05,0.000142084255204566,1000
sp15,67,species.length2weight.condition.factor.sp12,1.07343451613656e-06,8.49027069768042e-05,0.000139628913528937,1000
sp15,68,species.length2weight.condition.factor.sp13,-1.82915684779933e-06,9.02372823804285e-05,0.000145265350649704,1000
sp15,69,species.length2weight.condition.factor.sp14,-7.54317663401435e-06,0.000116617802794807,0.000219740713526712,1000
sp15,70,species.length2weight.condition.factor.sp15,-0.000261771128011135,0.0125455622716921,0.0140408181336333,1000
sp15,71,species.k.sp0,-2.32603848961915e-05,0.00066697740237467,0.00166747297918975,1000
sp15,72,species.k.sp1,-3.58398024415438e-06,9.21405348700783e-05,0.000152171977419493,1000
sp15,73,species.k.sp2,-5.14034703138236e-06,0.000237103413111469,0.000392032326424808,1000
sp15,74,species.k.sp3,-1.76607175035068e-05,0.000310029704428557,0.000548218477986303,1000
sp15,75,species.k.sp4,-9.2484135339233e-06,0.000150067778295937,0.000217883454222305,1000
sp15,76,species.k.sp5,4.91905471438747e-06,0.000110411505757993,0.000192799470034409,1000
sp15,77,species.k.sp6,-8.11977778469267e-06,8.24350659182558e-05,0.00013159905476229,1000
sp15,78,species.k.sp7,3.45546127318061e-06,8.41537846539413e-05,0.000137106648581781,1000
sp15,79,species.k.sp8,-5.24090358835685e-06,0.000230539523694086,0.000354858851558227,1000
sp15,80,species.k.sp9,-3.00130215707881e-06,0.000104861035735454,0.000161121442756817,1000
sp15,81,species.k.sp10,2.91027774251354e-06,8.6772112900573e-05,0.000137144481204542,1000
sp15,82,species.k.sp11,6.64290944523088e-06,8.62747864785509e-05,0.00013447001981474,1000
sp15,83,species.k.sp12,5.78003525485982e-07,8.79421436553528e-05,0.000146328570467936,1000
sp15,84,species.k.sp13,-3.9295414128421e-06,0.00013972996049167,0.000231723698928462,1000
sp15,85,species.k.sp14,-1.16025156590249e-06,0.000198768559428099,0.000349381177627658,1000
sp15,86,species.k.sp15,0.000356958416801716,0.0219954531267271,0.0239195417381691,1000
sp15,87,species.l0.sp0,-1.04805507222222e-06,0.000151385937484903,0.000364419028173985,1000
sp15,88,species.l0.sp1,1.26932024171907e-05,8.66833502636022e-05,0.000132436613060529,1000
sp15,89,species.l0.sp2,1.38375995171702e-05,0.000213266884701151,0.000343211857648732,1000
sp15,90,species.l0.sp3,9.05642084872246e-06,0.000151370025511456,0.000254220740860235,1000
sp15,91,species.l0.sp4,3.03642168466131e-06,0.000108529418772652,0.000165970880606185,1000
sp15,92,species.l0.sp5,-3.0888260390684e-06,8.54828150644473e-05,0.000139903532495038,1000
sp15,93,species.l0.sp6,-3.15350758200206e-06,8.76062042365373e-05,0.000141183607148055,1000
sp15,94,species.l0.sp7,5.98255575978074e-06,8.37939633186017e-05,0.000132025366930824,1000
sp15,95,species.l0.sp8,-4.00835605901584e-06,8.95816255491405e-05,0.00014158071610666,1000
sp15,96,species.l0.sp9,-2.48714159132798e-06,0.0001030134065291,0.000172331051473662,1000
sp15,97,species.l0.sp10,-1.69125822671939e-06,0.000109575490996637,0.0001914362454205,1000
sp15,98,species.l0.sp11,2.17068548442925e-06,8.17886804485225e-05,0.000125099449413009,1000
sp15,99,species.l0.sp12,9.28631998477591e-07,8.65097803856014e-05,0.000133292539216527,1000
sp15,100,species.l0.sp13,1.69499328341952e-06,7.93137980478847e-05,0.00012412017752009,1000
sp15,101,species.l0.sp14,-2.39921672539115e-06,8.15183842297624e-05,0.000131274519265135,1000
sp15,102,species.l0.sp15,0.000160260945344671,0.0033864926076989,0.005138565958391,1000
sp15,103,mortality.additional.larva.rate.sp0,1.45218532978811e-05,0.000578170203633371,0.00162208115116605,1000
sp15,104,mortality.additional.larva.rate.sp1,2.30056025767242e-06,8.78572054044225e-05,0.000138897858166952,1000
sp15,105,mortality.additional.larva.rate.sp2,1.32322948965982e-05,0.000656417019584726,0.00112108337663941,1000
sp15,106,mortality.additional.larva.rate.sp3,1.26722890234299e-05,0.000810081873458806,0.00147158091006443,1000
sp15,107,mortality.additional.larva.rate.sp4,-7.72034265024021e-06,8.41163759623317e-05,0.000134969984182113,1000
sp15,108,mortality.additional.larva.rate.sp5,7.62114187138693e-06,7.98639381576571e-05,0.000128846911524852,1000
sp15,109,mortality.additional.larva.rate.sp6,-1.68416381471129e-06,7.89841258101416e-05,0.000128434585566049,1000
sp15,110,mortality.additional.larva.rate.sp9,-4.43324425856775e-06,0.000122271636204216,0.000191428752971296,1000
sp15,111,mortality.additional.larva.rate.sp10,3.1418737967609e-08,0.000148900132490754,0.000258295661880443,1000
sp15,112,mortality.additional.larva.rate.sp11,1.23314529219831e-06,8.45360227163915e-05,0.000139358788202796,1000
sp15,113,mortality.additional.larva.rate.sp12,4.63321318868359e-06,9.35174330688474e-05,0.000148910651232382,1000
sp15,114,mortality.additional.larva.rate.sp13,8.82774477003356e-06,8.60960880145503e-05,0.00013593292019808,1000
sp15,115,mortality.additional.larva.rate.sp14,-3.42089961162795e-06,0.0001569860755073,0.00032241682540953,1000
sp15,116,mortality.additional.larva.rate.sp15,-8.68419416267477e-05,0.0344421524448418,0.0381245253969445,1000
sp15,117,mortality.additional.larva.rate.mean.sp7,-4.92024894068188e-07,8.52453301361625e-05,0.000145712051217691,1000
sp15,118,mortality.additional.larva.rate.mean.sp8,2.53901388422695e-06,0.000104746061377085,0.00019478907471881,1000
sp15,119,species.linf.sp0,0.000101186296308788,0.000819933748711824,0.00203913000197475,1000
sp15,120,species.linf.sp1,-6.0900945648977e-06,0.000112231005402104,0.000189665114572092,1000
sp15,121,species.linf.sp2,-2.07456470718106e-05,0.000601302129248578,0.00103136964780658,1000
sp15,122,species.linf.sp3,3.06002025945842e-05,0.000779616093487651,0.00142425945985074,1000
sp15,123,species.linf.sp4,-1.40318259834141e-05,0.000349381056161978,0.000488533679522853,1000
sp15,124,species.linf.sp5,-2.57572601503677e-05,0.000224533794869503,0.000448293263679163,1000
sp15,125,species.linf.sp6,4.40105898516272e-06,8.42013242031972e-05,0.000135892253560664,1000
sp15,126,species.linf.sp7,-6.01407887392061e-06,8.61482255339367e-05,0.000141889947372795,1000
sp15,127,species.linf.sp8,-1.37663408624172e-05,0.000649858652875741,0.00102480879112555,1000
sp15,128,species.linf.sp9,-9.60503596384643e-06,0.000220912067854143,0.000332646990853785,1000
sp15,129,species.linf.sp10,5.7747390143324e-06,0.000172577461008768,0.000287962420365585,1000
sp15,130,species.linf.sp11,-2.52885190007171e-06,0.000111729383344927,0.000182864343086409,1000
sp15,131,species.linf.sp12,-2.38162958179672e-06,0.000128077209725672,0.000235769102278749,1000
sp15,132,species.linf.sp13,-6.12840679887419e-06,0.000103485120281159,0.000168415861570467,1000
sp15,133,species.linf.sp14,2.05207596107603e-05,0.000603993029377761,0.00121752154893589,1000
sp15,134,species.linf.sp15,0.00122548524637002,0.0698211800814183,0.0723176477793612,1000
sp15,135,species.accessibility2fish.sp16,5.42834371824727e-06,8.50094055492251e-05,0.000133006282064275,1000
sp15,136,species.accessibility2fish.sp17,-1.82702360993259e-06,8.38762785651999e-05,0.000133290988497742,1000
sp15,137,species.accessibility2fish.sp18,2.33587879125582e-06,8.15933948658765e-05,0.000130284088464266,1000
sp15,138,species.accessibility2fish.sp19,-1.27954374724154e-06,8.49902372526843e-05,0.000134353050005772,1000
sp15,139,species.accessibility2fish.sp20,-3.82059426332293e-07,8.37284982941108e-05,0.000137669764940537,1000
sp15,140,species.accessibility2fish.sp21,1.20728292877292e-06,0.000131192060122897,0.00021504016064161,1000
sp15,141,species.accessibility2fish.sp22,2.69442012656579e-07,0.000103806208240292,0.000168547795904001,1000
sp15,142,species.accessibility2fish.sp23,4.08551789302966e-06,0.000129264514481797,0.00018718770886832,1000
sp15,143,species.accessibility2fish.sp24,1.6249565010225e-05,0.000215117347907549,0.000318486085448786,1000
sp15,144,species.accessibility2fish.sp25,-3.67918583242971e-06,8.53772600211027e-05,0.000151480728767199,1000
sp15,145,species.accessibility2fish.sp26,-1.98798199710476e-06,0.000175562081651976,0.000337649593553579,1000
sp15,146,species.maturity.size.ratio.sp0,-2.75067147785932e-05,0.000609905180901016,0.00170837012680653,1000
sp15,147,species.maturity.size.ratio.sp1,-5.82828374529765e-06,8.64860084794163e-05,0.000147544887030177,1000
sp15,148,species.maturity.size.ratio.sp2,-6.61775754118521e-06,9.3325594579579e-05,0.000151073614265959,1000
sp15,149,species.maturity.size.ratio.sp3,5.12401831363735e-06,0.000110675422736328,0.000182446913122133,1000
sp15,150,species.maturity.size.ratio.sp4,-1.21175554543948e-06,0.000100970584949506,0.000170493254064189,1000
sp15,151,species.maturity.size.ratio.sp5,3.47469458635391e-06,8.33227061494967e-05,0.000132751065758741,1000
sp15,152,species.maturity.size.ratio.sp6,4.88412037291083e-06,8.73253695230217e-05,0.000143449138392242,1000
sp15,153,species.maturity.size.ratio.sp7,2.43266309940343e-06,8.30417441327014e-05,0.000137781519459682,1000
sp15,154,species.maturity.size.ratio.sp8,4.04430415298482e-06,8.01675301207413e-05,0.000126408817403802,1000
sp15,155,species.maturity.size.ratio.sp9,3.85479211928119e-06,8.82390999366657e-05,0.00015211222947365,1000
sp15,156,species.maturity.size.ratio.sp10,-3.05768656563118e-06,8.4112068172072e-05,0.000130498381146619,1000
sp15,157,species.maturity.size.ratio.sp11,1.20587694454585e-06,0.000164384354397752,0.000244384237971337,1000
sp15,158,species.maturity.size.ratio.sp12,-2.85039358923839e-06,8.585286816816e-05,0.000139107169892788,1000
sp15,159,species.maturity.size.ratio.sp13,-4.52425250754632e-06,0.000187247754924059,0.000309510658760696,1000
sp15,160,species.maturity.size.ratio.sp14,-3.83008089360787e-07,8.52400811097222e-05,0.000143799690288016,1000
sp15,161,species.maturity.size.ratio.sp15,-0.000752236055042473,0.042150025670478,0.0443601901181756,1000
sp15,162,predation.predPrey.sizeRatio.teta.sp0.stage1,9.69466719979767e-06,0.00010168976565607,0.000187709007978247,1000
sp15,163,predation.predPrey.sizeRatio.alpha.sp0.stage1,-4.03221742126126e-05,0.000452616928345603,0.00131336093491356,1000
sp15,164,predation.predPrey.sizeRatio.teta.sp1.stage1,-4.8403035155741e-06,8.84054875040354e-05,0.000140541532586384,1000
sp15,165,predation.predPrey.sizeRatio.alpha.sp1.stage1,1.51807345204073e-05,0.000159314557752635,0.000256910886154006,1000
sp15,166,predation.predPrey.sizeRatio.teta.sp2.stage1,7.97255770095096e-07,9.08247958471091e-05,0.000144408530179651,1000
sp15,167,predation.predPrey.sizeRatio.alpha.sp2.stage1,-2.00254903111844e-05,0.000357609706216017,0.000629942166003946,1000
sp15,168,predation.predPrey.sizeRatio.teta.sp3.stage1,4.30882636726082e-08,0.000115066816120092,0.000199394789628098,1000
sp15,169,predation.predPrey.sizeRatio.alpha.sp3.stage1,-3.06961473418735e-06,0.000719492228422558,0.00142329571664628,1000
sp15,170,predation.predPrey.sizeRatio.teta.sp4.stage1,1.98632812319921e-06,8.69113037981355e-05,0.000136219026892566,1000
sp15,171,predation.predPrey.sizeRatio.alpha.sp4.stage1,-1.62118591107362e-05,0.000225063082401309,0.000347413240589812,1000
sp15,172,predation.predPrey.sizeRatio.teta.sp5.stage1,1.10077417157642e-06,8.55905997085992e-05,0.000145203826834543,1000
sp15,173,predation.predPrey.sizeRatio.teta.sp5.stage2,-6.07906853683496e-06,0.000128270729858563,0.000234722375950544,1000
sp15,174,predation.predPrey.sizeRatio.alpha.sp5.stage1,9.00281013276161e-07,8.04040558505362e-05,0.000127617814172473,1000
sp15,175,predation.predPrey.sizeRatio.alpha.sp5.stage2,4.03156486981662e-06,9.76176624506381e-05,0.000159355959181485,1000
sp15,176,predation.predPrey.sizeRatio.teta.sp6.stage1,-2.27294528331756e-06,8.39891818604173e-05,0.000134463193589905,1000
sp15,177,predation.predPrey.sizeRatio.alpha.sp6.stage1,5.96050110779664e-06,9.20031479981515e-05,0.000149083879648699,1000
sp15,178,predation.predPrey.sizeRatio.teta.sp7.stage1,4.3884704344703e-06,7.91728758549288e-05,0.000131007940986863,1000
sp15,179,predation.predPrey.sizeRatio.alpha.sp7.stage1,-3.60166384610203e-06,9.85121611224885e-05,0.000156956865588685,1000
sp15,180,predation.predPrey.sizeRatio.teta.sp8.stage1,-8.10064909758734e-06,9.86634657639468e-05,0.000173238906400881,1000
sp15,181,predation.predPrey.sizeRatio.alpha.sp8.stage1,1.90369993025127e-05,0.000567665641313915,0.000830647475146142,1000
sp15,182,predation.predPrey.sizeRatio.teta.sp9.stage1,-1.08643048418025e-06,8.8035188000289e-05,0.000143566680600789,1000
sp15,183,predation.predPrey.sizeRatio.alpha.sp9.stage1,9.41776474245901e-06,0.00011491688445992,0.000182071350017116,1000
sp15,184,predation.predPrey.sizeRatio.teta.sp10.stage1,1.15156195136154e-05,8.3435330954938e-05,0.000128098143666438,1000
sp15,185,predation.predPrey.sizeRatio.alpha.sp10.stage1,-1.05308176215653e-05,8.96849565848485e-05,0.000146336113795736,1000
sp15,186,predation.predPrey.sizeRatio.teta.sp11.stage1,-4.39348032888071e-06,8.49233761386452e-05,0.000134599846603036,1000
sp15,187,predation.predPrey.sizeRatio.alpha.sp11.stage1,8.96245725022629e-06,8.28333228307888e-05,0.000132277718293779,1000
sp15,188,predation.predPrey.sizeRatio.teta.sp12.stage1,4.653484775031e-06,8.94843457184137e-05,0.000143056473007447,1000
sp15,189,predation.predPrey.sizeRatio.alpha.sp12.stage1,6.60468974820122e-06,0.000102049856003509,0.000172365744423439,1000
sp15,190,predation.predPrey.sizeRatio.teta.sp13.stage1,-8.6186481806777e-07,8.19084582975503e-05,0.000125842304176784,1000
sp15,191,predation.predPrey.sizeRatio.alpha.sp13.stage1,1.5850340403987e-06,9.84179880663806e-05,0.000161925539934814,1000
sp15,192,predation.predPrey.sizeRatio.teta.sp14.stage1,-8.47400608653104e-06,0.000132937243520778,0.000228334406093926,1000
sp15,193,predation.predPrey.sizeRatio.alpha.sp14.stage1,1.18017402728987e-05,0.000724086649969198,0.00149432327735302,1000
sp15,194,predation.predPrey.sizeRatio.teta.sp15.stage1,-2.86849763496022e-06,0.000101496047030201,0.000176425074673837,1000
sp15,195,predation.predPrey.sizeRatio.alpha.sp15.stage1,4.58311695197984e-05,0.00407568129883393,0.00485934826539879,1000
