species,param_id,param_name,mu,mu_star,sigma,n_ee
sp0,1,mortality.additional.rate.sp0,-0.00509381743407049,0.071897334615587,0.25228093929641,1000
sp0,2,mortality.additional.rate.sp1,0.00262500112056645,0.0649096757617947,0.212579609529605,1000
sp0,3,mortality.additional.rate.sp2,0.0122981699785022,0.0740505322162339,0.134795442781153,1000
sp0,4,mortality.additional.rate.sp3,0.00301180796335534,0.105610830616133,0.17426151220819,1000
sp0,5,mortality.additional.rate.sp4,-0.00431961627879666,0.0592953130371755,0.140056300393106,1000
sp0,6,mortality.additional.rate.sp5,0.0115909989343749,0.182291389371875,0.235744464006809,1000
sp0,7,mortality.additional.rate.sp6,0.00127005657920711,0.0637701826289933,0.198621376665586,1000
sp0,8,mortality.additional.rate.sp7,-0.0104507845042494,0.0675540472366027,0.290821849603699,1000
sp0,9,mortality.additional.rate.sp8,0.0106391701770556,0.0695195694039038,0.263301681596445,1000
sp0,10,mortality.additional.rate.sp9,0.00150835999941347,0.0620548838790812,0.221307527059316,1000
sp0,11,mortality.additional.rate.sp10,-0.00196017817839136,0.0580853777613179,0.103951160178798,1000
sp0,12,mortality.additional.rate.sp11,-0.0115994469065757,0.0638761971674309,0.161988029703678,1000
sp0,13,mortality.additional.rate.sp12,0.00544268827841881,0.0542004648284189,0.0833045433327745,1000
sp0,14,mortality.additional.rate.sp13,-0.0103132729656441,0.0760754710850948,0.308480791683382,1000
sp0,15,mortality.additional.rate.sp14,-0.00360947243828777,0.0668245827814164,0.130527890173525,1000
sp0,16,mortality.additional.rate.sp15,-0.00697432125734144,0.0608041526205355,0.1244718439383,1000
sp0,17,fisheries.rate.base.fsh0,0.0140688402215277,0.262112049290972,0.345532469247275,1000
sp0,18,fisheries.rate.base.fsh1,-0.0103464640068379,0.0841543125119121,0.289655375474106,1000
sp0,19,fisheries.rate.base.fsh2,0.000721529732291629,0.0604325176461807,0.0915263123160424,1000
sp0,20,fisheries.rate.base.fsh3,-0.00304099335828689,0.0721605483110647,0.130900508516364,1000
sp0,21,species.catchability.fsh0.sp0,-0.00206580568587716,0.124198510437873,0.188010165461288,1000
sp0,22,species.catchability.fsh0.sp1,-0.00290677814347964,0.0640710904238464,0.120771297658889,1000
sp0,23,species.catchability.fsh0.sp2,-3.28933888872829e-06,0.0593668442305558,0.0898939096450653,1000
sp0,24,species.catchability.fsh0.sp3,-0.00229846674572078,0.166161033777868,0.256942522979831,1000
sp0,25,species.catchability.fsh0.sp5,0.00678222960490516,0.115065849625378,0.374289698543823,1000
sp0,26,species.catchability.fsh0.sp7,-0.00548719004458336,0.0576600862862501,0.115496787480245,1000
sp0,27,species.catchability.fsh0.sp8,0.0106847864785648,0.0655405230674835,0.132404266889962,1000
sp0,28,species.catchability.fsh0.sp9,-0.00119694655719849,0.0588619479351659,0.120693100001629,1000
sp0,29,species.catchability.fsh0.sp10,0.0055895252217002,0.0811454400437985,0.264824779557368,1000
sp0,30,species.catchability.fsh0.sp13,0.00676513028479164,0.0624229019667358,0.135082887622617,1000
sp0,31,species.catchability.fsh0.sp14,-0.00302136248934691,0.0698747121097526,0.249738954714905,1000
sp0,32,species.catchability.fsh0.sp15,-0.0016964622262688,0.0566239682364741,0.120867584468509,1000
sp0,33,species.catchability.fsh1.sp9,-0.00182470705633447,0.0620622661908872,0.10534303649632,1000
sp0,34,species.catchability.fsh1.sp10,-0.00789724106354155,0.0737325852447917,0.142132313704914,1000
sp0,35,species.catchability.fsh1.sp11,0.00397424973999352,0.0659407913758269,0.190842434215842,1000
sp0,36,species.catchability.fsh1.sp12,0.00125235373754823,0.0593150617034241,0.0961587491017,1000
sp0,37,species.catchability.fsh2.sp0,0.0036208219682977,0.0667259132736791,0.127150915417598,1000
sp0,38,species.catchability.fsh2.sp5,-0.00179751270474331,0.0629119768879956,0.141365549716713,1000
sp0,39,species.catchability.fsh2.sp7,0.00864566152459813,0.0603103432850149,0.225707897132029,1000
sp0,40,species.catchability.fsh2.sp8,0.0010180254466201,0.0582774773408799,0.094707340719216,1000
sp0,41,species.catchability.fsh3.sp0,-0.00440969625755526,0.063420015032248,0.139075992057968,1000
sp0,42,species.catchability.fsh3.sp1,-0.00071063696623822,0.0581137858714959,0.0859698548015375,1000
sp0,43,species.catchability.fsh3.sp2,0.00462770528198557,0.0693951609227265,0.229896069682028,1000
sp0,44,species.catchability.fsh3.sp3,-0.00380829888226584,0.0648610707108552,0.100167066063165,1000
sp0,45,species.catchability.fsh3.sp5,-0.00341955660763875,0.0583220328881943,0.0889126118410422,1000
sp0,46,species.catchability.fsh3.sp7,0.00247288681289895,0.0580764777451655,0.109796946980709,1000
sp0,47,species.catchability.fsh3.sp8,0.00203040883151122,0.0573374909710692,0.0934300879805093,1000
sp0,48,species.catchability.fsh3.sp9,0.00818767755738991,0.0683433233663479,0.232337046012718,1000
sp0,49,species.catchability.fsh3.sp10,0.00310880113085309,0.0610509273162701,0.125905078205564,1000
sp0,50,species.catchability.fsh3.sp11,0.00501595181833956,0.0612160275174343,0.22769769056018,1000
sp0,51,species.catchability.fsh3.sp12,-0.00119956003210274,0.0620243973937834,0.197549211240948,1000
sp0,52,species.catchability.fsh3.sp13,0.00200497374116521,0.0572577616282792,0.0990654893688322,1000
sp0,53,species.catchability.fsh3.sp14,0.000374130642378256,0.0604228790965105,0.0973434861156911,1000
sp0,54,species.catchability.fsh3.sp15,-0.0107950062940536,0.0629410129451133,0.164821737143374,1000
sp0,55,species.length2weight.condition.factor.sp0,-0.117965835345073,2.09427390565896,2.14947824474044,1000
sp0,56,species.length2weight.condition.factor.sp1,-0.00193873851501036,0.0640703066801767,0.182766867713388,1000
sp0,57,species.length2weight.condition.factor.sp2,-0.00549289293339781,0.0896405307150744,0.226693188133307,1000
sp0,58,species.length2weight.condition.factor.sp3,-0.00213244574555118,0.113433885617202,0.187762325008229,1000
sp0,59,species.length2weight.condition.factor.sp4,-0.00106076067499409,0.0711014863459162,0.180880912237213,1000
sp0,60,species.length2weight.condition.factor.sp5,0.00260915835414654,0.0580029372569241,0.0921162641517689,1000
sp0,61,species.length2weight.condition.factor.sp6,-0.00114658660132211,0.0599740556050821,0.110869444195797,1000
sp0,62,species.length2weight.condition.factor.sp7,0.000567613309374677,0.060038999934375,0.0901008342037738,1000
sp0,63,species.length2weight.condition.factor.sp8,-0.00515403233137136,0.0618963408952601,0.122806036962242,1000
sp0,64,species.length2weight.condition.factor.sp9,0.00444875222847217,0.0673706572729168,0.110550006621315,1000
sp0,65,species.length2weight.condition.factor.sp10,0.00327768998034691,0.0636894129574307,0.118442896956176,1000
sp0,66,species.length2weight.condition.factor.sp11,0.00655684985752726,0.0672564679581721,0.263233171155433,1000
sp0,67,species.length2weight.condition.factor.sp12,0.000755277159895551,0.0623738331706603,0.143289550450213,1000
sp0,68,species.length2weight.condition.factor.sp13,0.00552804517748775,0.0685486138496508,0.204801715997676,1000
sp0,69,species.length2weight.condition.factor.sp14,-0.00244700483298187,0.0610377679564988,0.116878863075034,1000
sp0,70,species.length2weight.condition.factor.sp15,0.00118880253252059,0.0602167046096033,0.117181873216993,1000
sp0,71,species.k.sp0,0.0578604061189345,2.13026355656888,2.74914608940286,1000
sp0,72,species.k.sp1,-0.00838152401131632,0.0697420105821497,0.192378358911925,1000
sp0,73,species.k.sp2,-0.00393706206975629,0.149333359389768,0.245102289030034,1000
sp0,74,species.k.sp3,0.000945552437818776,0.240031714667737,0.436053091411348,1000
sp0,75,species.k.sp4,0.00136969961333329,0.0861060993265277,0.190434831618087,1000
sp0,76,species.k.sp5,0.0165789435450758,0.163327630984373,0.23902982459831,1000
sp0,77,species.k.sp6,-0.00105710534695807,0.0636368987947086,0.0975590640597226,1000
sp0,78,species.k.sp7,-0.00239927341188364,0.0586625244236685,0.104180173722912,1000
sp0,79,species.k.sp8,0.00811619594310461,0.0893290454680366,0.17816221303147,1000
sp0,80,species.k.sp9,0.000173563253926341,0.147869100227367,0.29999071314656,1000
sp0,81,species.k.sp10,-0.00353622680042952,0.0929884224129295,0.192220015973763,1000
sp0,82,species.k.sp11,0.00617701603014737,0.0677211838357037,0.183212883506843,1000
sp0,83,species.k.sp12,-0.0100763657644055,0.0712845683685344,0.205759880832119,1000
sp0,84,species.k.sp13,0.00334169063226058,0.102951246157601,0.217631461688652,1000
sp0,85,species.k.sp14,-0.000147473731753395,0.06290469614533,0.0963960319715242,1000
sp0,86,species.k.sp15,0.000367978160706449,0.0617983253100119,0.0949476420565944,1000
sp0,87,species.l0.sp0,-0.00234359526868921,1.71218476584345,1.96915613100606,1000
sp0,88,species.l0.sp1,-0.000798278355176864,0.0604495972809345,0.0918282650497124,1000
sp0,89,species.l0.sp2,-0.0106368363849833,0.161520806505709,0.318119302869608,1000
sp0,90,species.l0.sp3,-0.00295364713636294,0.105769208755266,0.179769369584297,1000
sp0,91,species.l0.sp4,-8.64135577228451e-05,0.0705395500300085,0.167354957237149,1000
sp0,92,species.l0.sp5,-0.00104170205436675,0.0637818949734554,0.130953768194859,1000
sp0,93,species.l0.sp6,-0.00168535205900434,0.0617329753833097,0.125273626999123,1000
sp0,94,species.l0.sp7,-0.000546947202564206,0.0723314164145346,0.287300936102924,1000
sp0,95,species.l0.sp8,0.00288322679878826,0.0674295701442759,0.118208413347656,1000
sp0,96,species.l0.sp9,-0.00543514427604168,0.0965793948413192,0.16277929120275,1000
sp0,97,species.l0.sp10,0.0058803398872684,0.0850658418150466,0.154981650330446,1000
sp0,98,species.l0.sp11,-0.00187624700763894,0.0610956976388892,0.0924750456705887,1000
sp0,99,species.l0.sp12,-0.000687626135401409,0.060712135585316,0.109583770192227,1000
sp0,100,species.l0.sp13,0.00212951926752905,0.0571774698121137,0.116773616504186,1000
sp0,101,species.l0.sp14,-0.00198920035330074,0.0692682608366346,0.217200249046779,1000
sp0,102,species.l0.sp15,0.00449012559913063,0.0702492033018063,0.219730271555213,1000
sp0,103,mortality.additional.larva.rate.sp0,-0.0497480577268604,7.28279592564978,7.4982274744488,1000
sp0,104,mortality.additional.larva.rate.sp1,0.00847229757735378,0.0700658677369826,0.224133422059537,1000
sp0,105,mortality.additional.larva.rate.sp2,-0.000758297973356294,0.460573143781977,0.621313036650505,1000
sp0,106,mortality.additional.larva.rate.sp3,-0.0129574263897424,0.482873431774702,0.73208889407556,1000
sp0,107,mortality.additional.larva.rate.sp4,-0.00627369589075115,0.0675836858695395,0.249932383365775,1000
sp0,108,mortality.additional.larva.rate.sp5,-0.000210829396131689,0.0583428801325542,0.115488097816299,1000
sp0,109,mortality.additional.larva.rate.sp6,-0.00248086915173636,0.0568621781072918,0.0847956192618323,1000
sp0,110,mortality.additional.larva.rate.sp9,0.0268054981123179,0.236763775725512,0.47521789365407,1000
sp0,111,mortality.additional.larva.rate.sp10,0.00657522057212846,0.124308441456077,0.230183877176873,1000
sp0,112,mortality.additional.larva.rate.sp11,0.00082648059079493,0.0619544182032716,0.106834043490215,1000
sp0,113,mortality.additional.larva.rate.sp12,-0.00997556338171797,0.0695394705056002,0.227179339817738,1000
sp0,114,mortality.additional.larva.rate.sp13,-0.00183638406868755,0.0602579460078922,0.0969234685825328,1000
sp0,115,mortality.additional.larva.rate.sp14,0.00612005057059261,0.0583626289377406,0.0871009102245516,1000
sp0,116,mortality.additional.larva.rate.sp15,-0.00353270736460216,0.0614314991118245,0.101039921036389,1000
sp0,117,mortality.additional.larva.rate.mean.sp7,0.00511871992075332,0.0651667528957531,0.12720521413849,1000
sp0,118,mortality.additional.larva.rate.mean.sp8,0.01152856392687,0.0768114373249425,0.212849443473158,1000
sp0,119,species.linf.sp0,0.190193514295488,10.2935773831361,11.5590125726099,1000
sp0,120,species.linf.sp1,-0.00607297567918252,0.0961902811573993,0.185876637474589,1000
sp0,121,species.linf.sp2,-0.0016677294651762,0.414023519836287,0.564525036862524,1000
sp0,122,species.linf.sp3,0.0875586161160492,0.958201386918827,1.58213870213901,1000
sp0,123,species.linf.sp4,-0.0168797550762757,0.177997102434135,0.37387597611974,1000
sp0,124,species.linf.sp5,0.0250084704322145,0.436230082651329,0.585876331991427,1000
sp0,125,species.linf.sp6,0.00177370760755206,0.0845244000918938,0.180781802880111,1000
sp0,126,species.linf.sp7,0.000528321653124937,0.0627039672607637,0.0948513192477525,1000
sp0,127,species.linf.sp8,-0.00467727864425156,0.153895522503279,0.194877044683335,1000
sp0,128,species.linf.sp9,0.00346315101482144,0.48251786177129,0.915654414941732,1000
sp0,129,species.linf.sp10,-0.0142692888540544,0.242210245033446,0.575795493417255,1000
sp0,130,species.linf.sp11,-0.00221687270729177,0.0938631584600693,0.154015506203366,1000
sp0,131,species.linf.sp12,0.00425329860105134,0.113493462154504,0.203813223970042,1000
sp0,132,species.linf.sp13,0.00488625411171795,0.0948223001970427,0.177955907959358,1000
sp0,133,species.linf.sp14,-0.00251436631414321,0.0779475293392027,0.229325955463274,1000
sp0,134,species.linf.sp15,0.00652941832591548,0.0653039393321653,0.151490714391545,1000
sp0,135,species.accessibility2fish.sp16,0.00383353922836221,0.0608882458862213,0.119847642624603,1000
sp0,136,species.accessibility2fish.sp17,-0.00622673255302115,0.0621027101558997,0.145442939354038,1000
sp0,137,species.accessibility2fish.sp18,0.00640579783061213,0.0630563248639452,0.20874023776326,1000
sp0,138,species.accessibility2fish.sp19,0.000804347763952143,0.0582894893278409,0.104146682351511,1000
sp0,139,species.accessibility2fish.sp20,-0.00238982160385615,0.0677122068621159,0.190486718932627,1000
sp0,140,species.accessibility2fish.sp21,-0.00515987358223483,0.0776378084822351,0.218221516325036,1000
sp0,141,species.accessibility2fish.sp22,-0.00110864308085745,0.0718516828157305,0.189583507197273,1000
sp0,142,species.accessibility2fish.sp23,-0.000220732293238926,0.0693183248772665,0.114226653807667,1000
sp0,143,species.accessibility2fish.sp24,0.00233042114059407,0.110719612385039,0.163762177335812,1000
sp0,144,species.accessibility2fish.sp25,-0.00286502931963771,0.0608412259660391,0.11688547180345,1000
sp0,145,species.accessibility2fish.sp26,-0.00426798160701482,0.0740693198613452,0.17434893441128,1000
sp0,146,species.maturity.size.ratio.sp0,0.178953316258571,8.17231358634529,9.87885118759874,1000
sp0,147,species.maturity.size.ratio.sp1,0.00291365606699937,0.0584397547628619,0.0984453246827778,1000
sp0,148,species.maturity.size.ratio.sp2,0.00766445416782475,0.0712500773452059,0.218568472980926,1000
sp0,149,species.maturity.size.ratio.sp3,-0.00634822574035994,0.078602652438971,0.176491007467124,1000
sp0,150,species.maturity.size.ratio.sp4,0.00485650420222433,0.0654202024524736,0.117690624486045,1000
sp0,151,species.maturity.size.ratio.sp5,-0.00671921091007178,0.0688986173406275,0.18219196787515,1000
sp0,152,species.maturity.size.ratio.sp6,-0.00121374231674435,0.0667876642859538,0.147971378330382,1000
sp0,153,species.maturity.size.ratio.sp7,-0.00415655220711813,0.0632401076571183,0.126266495477198,1000
sp0,154,species.maturity.size.ratio.sp8,0.00311137174259539,0.0592960468546268,0.108562493750784,1000
sp0,155,species.maturity.size.ratio.sp9,0.0067390369412591,0.0657286854808085,0.132409441688405,1000
sp0,156,species.maturity.size.ratio.sp10,-0.00254553476644159,0.0735714248382166,0.180192440371702,1000
sp0,157,species.maturity.size.ratio.sp11,0.00556014607859377,0.0966809615966494,0.160704988969581,1000
sp0,158,species.maturity.size.ratio.sp12,0.00482215999064726,0.0612779025605019,0.126368151315858,1000
sp0,159,species.maturity.size.ratio.sp13,0.00265113506882142,0.118292858003956,0.227747082163466,1000
sp0,160,species.maturity.size.ratio.sp14,0.00756334785780556,0.0610695564265557,0.128914355778687,1000
sp0,161,species.maturity.size.ratio.sp15,0.00345235337991357,0.0651879937002564,0.173999391329307,1000
sp0,162,predation.predPrey.sizeRatio.teta.sp0.stage1,-0.00400802766012827,0.0799795359770476,0.161360165609322,1000
sp0,163,predation.predPrey.sizeRatio.alpha.sp0.stage1,0.0211326448575125,0.635738237596897,0.979159081529748,1000
sp0,164,predation.predPrey.sizeRatio.teta.sp1.stage1,-0.00573352391205947,0.062969090378032,0.135781031596193,1000
sp0,165,predation.predPrey.sizeRatio.alpha.sp1.stage1,0.00476627987525327,0.0765732805544199,0.189203323372453,1000
sp0,166,predation.predPrey.sizeRatio.teta.sp2.stage1,-0.00147472987427272,0.0658756873517074,0.14501127661983,1000
sp0,167,predation.predPrey.sizeRatio.alpha.sp2.stage1,-0.0140054549671801,0.194668796619833,0.340497685754871,1000
sp0,168,predation.predPrey.sizeRatio.teta.sp3.stage1,-0.00464089830732323,0.0829891705301769,0.126471920243835,1000
sp0,169,predation.predPrey.sizeRatio.alpha.sp3.stage1,0.00397889642302293,0.900677103697811,1.4806059097806,1000
sp0,170,predation.predPrey.sizeRatio.teta.sp4.stage1,0.00279148758001126,0.0745963813487443,0.271050821383419,1000
sp0,171,predation.predPrey.sizeRatio.alpha.sp4.stage1,-0.00995376058419582,0.133463432245253,0.282971814315076,1000
sp0,172,predation.predPrey.sizeRatio.teta.sp5.stage1,0.00129586840733481,0.0612072892246205,0.145819000184,1000
sp0,173,predation.predPrey.sizeRatio.teta.sp5.stage2,-0.0313310426752678,0.520086301159268,0.700469976443443,1000
sp0,174,predation.predPrey.sizeRatio.alpha.sp5.stage1,-0.00655738972305904,0.0638311436244483,0.172595629240379,1000
sp0,175,predation.predPrey.sizeRatio.alpha.sp5.stage2,-0.0157814236330864,0.429997514759969,0.521867033058451,1000
sp0,176,predation.predPrey.sizeRatio.teta.sp6.stage1,-0.00976478450231203,0.0615488335682839,0.124192503116397,1000
sp0,177,predation.predPrey.sizeRatio.alpha.sp6.stage1,0.000462768185953538,0.0711873940276602,0.168683358919783,1000
sp0,178,predation.predPrey.sizeRatio.teta.sp7.stage1,0.00445460072630463,0.0612501528744239,0.0959116459719389,1000
sp0,179,predation.predPrey.sizeRatio.alpha.sp7.stage1,0.000417167485890881,0.072565157970359,0.144905131720385,1000
sp0,180,predation.predPrey.sizeRatio.teta.sp8.stage1,0.0042024484649124,0.0697012805150122,0.27025655739247,1000
sp0,181,predation.predPrey.sizeRatio.alpha.sp8.stage1,-0.00121037105999752,0.132186422511073,0.236749449877826,1000
sp0,182,predation.predPrey.sizeRatio.teta.sp9.stage1,0.000452973556501329,0.0746974064286379,0.209142497886167,1000
sp0,183,predation.predPrey.sizeRatio.alpha.sp9.stage1,0.0151247650865371,0.617687892011242,1.28192267111926,1000
sp0,184,predation.predPrey.sizeRatio.teta.sp10.stage1,0.00480271132712682,0.0653464133858947,0.14671308346379,1000
sp0,185,predation.predPrey.sizeRatio.alpha.sp10.stage1,-0.0110779159286065,0.227755843561671,0.566441677517148,1000
sp0,186,predation.predPrey.sizeRatio.teta.sp11.stage1,0.0078248726935818,0.0662791455473316,0.194870586080209,1000
sp0,187,predation.predPrey.sizeRatio.alpha.sp11.stage1,-0.0016382646198733,0.0585706466726512,0.0949642349741876,1000
sp0,188,predation.predPrey.sizeRatio.teta.sp12.stage1,-0.00460963492970335,0.0713954672731028,0.192193418671938,1000
sp0,189,predation.predPrey.sizeRatio.alpha.sp12.stage1,0.00373484095789132,0.080582567139521,0.163591229583417,1000
sp0,190,predation.predPrey.sizeRatio.teta.sp13.stage1,-0.00368719440038301,0.0622102634337164,0.115430157973877,1000
sp0,191,predation.predPrey.sizeRatio.alpha.sp13.stage1,-0.00876573914477407,0.071215158338483,0.13318169077327,1000
sp0,192,predation.predPrey.sizeRatio.teta.sp14.stage1,0.0016028352496528,0.063004948492014,0.124746670361067,1000
sp0,193,predation.predPrey.sizeRatio.alpha.sp14.stage1,0.000675191451784904,0.0737625299997695,0.149972366565225,1000
sp0,194,predation.predPrey.sizeRatio.teta.sp15.stage1,-0.000912829365165352,0.055132103166554,0.0937282611270007,1000
sp0,195,predation.predPrey.sizeRatio.alpha.sp15.stage1,-0.00208140083465342,0.068463315190209,0.203607901678776,1000
sp1,1,mortality.additional.rate.sp0,0.00236391923444443,0.0998443671341666,0.135772284896637,1000
sp1,2,mortality.additional.rate.sp1,0.00249097514361112,0.102321254145833,0.138190238630793,1000
sp1,3,mortality.additional.rate.sp2,-0.00525498948527775,0.126033934699167,0.168450366795773,1000
sp1,4,mortality.additional.rate.sp3,0.00394968753763887,0.103775700961528,0.138873766024508,1000
sp1,5,mortality.additional.rate.sp4,0.00161211421291663,0.0989913624379167,0.134541649080154,1000
sp1,6,mortality.additional.rate.sp5,0.00288613183833332,0.0986194934277778,0.13521520436809,1000
sp1,7,mortality.additional.rate.sp6,-0.000100991899166703,0.0962133750686112,0.13060602600736,1000
sp1,8,mortality.additional.rate.sp7,-0.00412871262416666,0.0975286659336111,0.129723334892967,1000
sp1,9,mortality.additional.rate.sp8,0.00350159023083333,0.1037831576075,0.136991921956491,1000
sp1,10,mortality.additional.rate.sp9,-0.00022509056111113,0.0960523019458333,0.135006229751365,1000
sp1,11,mortality.additional.rate.sp10,-0.00151107424708336,0.100233565429861,0.136475757087975,1000
sp1,12,mortality.additional.rate.sp11,0.00621483181861114,0.101232941312222,0.137180881190393,1000
sp1,13,mortality.additional.rate.sp12,-0.00486325931583336,0.0990762278508333,0.134944000146049,1000
sp1,14,mortality.additional.rate.sp13,0.00257275735208332,0.09481795729875,0.126205072187856,1000
sp1,15,mortality.additional.rate.sp14,-0.00863670861958333,0.101643971748472,0.138587229241278,1000
sp1,16,mortality.additional.rate.sp15,-0.00360533665333331,0.0968600907361111,0.132336952964429,1000
sp1,17,fisheries.rate.base.fsh0,-0.00317679902847223,0.127303379203194,0.16391166147834,1000
sp1,18,fisheries.rate.base.fsh1,-0.000143819456666648,0.107804934758889,0.148559806392521,1000
sp1,19,fisheries.rate.base.fsh2,-0.00125182705277778,0.103414952647222,0.143789841749537,1000
sp1,20,fisheries.rate.base.fsh3,8.65902595833439e-05,0.0996972706479166,0.134961993361707,1000
sp1,21,species.catchability.fsh0.sp0,0.00160879733972224,0.103398838351667,0.136355776015681,1000
sp1,22,species.catchability.fsh0.sp1,0.00883224904138888,0.104417098831111,0.137815879330946,1000
sp1,23,species.catchability.fsh0.sp2,0.000285623178750009,0.105711827922361,0.14123841094081,1000
sp1,24,species.catchability.fsh0.sp3,-0.00309787206555559,0.117045471180556,0.158981029549862,1000
sp1,25,species.catchability.fsh0.sp5,0.00571653071305554,0.0957374685963889,0.131436822272649,1000
sp1,26,species.catchability.fsh0.sp7,0.0064863344875,0.100240868141944,0.132987487253512,1000
sp1,27,species.catchability.fsh0.sp8,-0.00516221858347222,0.105574460513472,0.145012676382573,1000
sp1,28,species.catchability.fsh0.sp9,0.00354937308444447,0.0993358832025,0.133470693185146,1000
sp1,29,species.catchability.fsh0.sp10,0.00173647886611108,0.101563531350556,0.136985557886061,1000
sp1,30,species.catchability.fsh0.sp13,-0.00246011829583334,0.100121906332778,0.132681838784095,1000
sp1,31,species.catchability.fsh0.sp14,-0.000199882333194421,0.100945524235694,0.134790895502242,1000
sp1,32,species.catchability.fsh0.sp15,-0.00151109473569448,0.0992514167934722,0.131924949796184,1000
sp1,33,species.catchability.fsh1.sp9,0.000378491127777784,0.0992338681327777,0.133525574844472,1000
sp1,34,species.catchability.fsh1.sp10,0.00364910853319442,0.0967079293609722,0.129542697348504,1000
sp1,35,species.catchability.fsh1.sp11,-0.00112534428319444,0.09714029516625,0.130418203327365,1000
sp1,36,species.catchability.fsh1.sp12,-0.0116554733652778,0.100604409233611,0.138278091551565,1000
sp1,37,species.catchability.fsh2.sp0,-0.00108052950055556,0.0973933593480556,0.133603152981338,1000
sp1,38,species.catchability.fsh2.sp5,-0.00017055678986109,0.0996097639979167,0.133295775787261,1000
sp1,39,species.catchability.fsh2.sp7,0.000402615167500014,0.1025607246125,0.13938464240193,1000
sp1,40,species.catchability.fsh2.sp8,-0.00172657708611113,0.09430627297,0.127398987666532,1000
sp1,41,species.catchability.fsh3.sp0,-0.000478600332777798,0.0970671380213889,0.13507499401751,1000
sp1,42,species.catchability.fsh3.sp1,-0.0052695412972222,0.100377601691111,0.134112083893307,1000
sp1,43,species.catchability.fsh3.sp2,-0.00213388879763886,0.0980286116726389,0.131892755429591,1000
sp1,44,species.catchability.fsh3.sp3,0.00306968856444445,0.0943735868697222,0.127276564607018,1000
sp1,45,species.catchability.fsh3.sp5,0.00707515104333335,0.0986496910369444,0.136206412344961,1000
sp1,46,species.catchability.fsh3.sp7,0.00252949568958328,0.100014556593194,0.136565626188271,1000
sp1,47,species.catchability.fsh3.sp8,-0.00252451272208326,0.101453370323472,0.139740677365146,1000
sp1,48,species.catchability.fsh3.sp9,0.00398715199749997,0.098731313275,0.140845040124502,1000
sp1,49,species.catchability.fsh3.sp10,-0.000849020825138909,0.0985984306776389,0.133809367006472,1000
sp1,50,species.catchability.fsh3.sp11,-0.00192656803208332,0.103113300815972,0.140353800051635,1000
sp1,51,species.catchability.fsh3.sp12,-0.00652782662583338,0.09538778984,0.131834968449325,1000
sp1,52,species.catchability.fsh3.sp13,-0.000569048985555591,0.1051583386175,0.145038376636733,1000
sp1,53,species.catchability.fsh3.sp14,-0.00367734377500002,0.104014143722222,0.141952338794107,1000
sp1,54,species.catchability.fsh3.sp15,-0.00263845582583331,0.101657131521944,0.136621515752135,1000
sp1,55,species.length2weight.condition.factor.sp0,-0.0049528037815278,0.10649882765375,0.140767412587884,1000
sp1,56,species.length2weight.condition.factor.sp1,0.0168507971731945,0.600419106234306,0.623368912427299,1000
sp1,57,species.length2weight.condition.factor.sp2,-0.0019690551358333,0.158717400788333,0.220713479757684,1000
sp1,58,species.length2weight.condition.factor.sp3,0.00206576683833337,0.104275221392222,0.13851192545089,1000
sp1,59,species.length2weight.condition.factor.sp4,-0.00453687329180552,0.105148545517361,0.137014005683829,1000
sp1,60,species.length2weight.condition.factor.sp5,-0.00459426423847223,0.104356790404028,0.140897702510535,1000
sp1,61,species.length2weight.condition.factor.sp6,0.00238133142430556,0.101302697579028,0.136154522842585,1000
sp1,62,species.length2weight.condition.factor.sp7,0.00407463753374999,0.101922912055417,0.140245917036711,1000
sp1,63,species.length2weight.condition.factor.sp8,-0.00628931362500002,0.100741709098333,0.139462400289179,1000
sp1,64,species.length2weight.condition.factor.sp9,0.00774353653111113,0.0938433360413889,0.127022496812013,1000
sp1,65,species.length2weight.condition.factor.sp10,0.00379937754194444,0.101879366576944,0.143248876067725,1000
sp1,66,species.length2weight.condition.factor.sp11,-0.00163043837541663,0.0984479755320834,0.133213156174321,1000
sp1,67,species.length2weight.condition.factor.sp12,0.00724965354361109,0.0958518260486111,0.126340804324422,1000
sp1,68,species.length2weight.condition.factor.sp13,0.00393784081347223,0.0981475511751389,0.131806316817004,1000
sp1,69,species.length2weight.condition.factor.sp14,-0.00531810091652776,0.0944848860968055,0.126972955675652,1000
sp1,70,species.length2weight.condition.factor.sp15,-0.00351798987458336,0.0974624253818055,0.130810219295099,1000
sp1,71,species.k.sp0,0.00427546297305554,0.174429433474722,0.235473571392937,1000
sp1,72,species.k.sp1,0.00370967019888891,0.291274838602222,0.337943546076075,1000
sp1,73,species.k.sp2,0.00612437301680555,0.334661072578194,0.430879503804063,1000
sp1,74,species.k.sp3,0.000952652423333339,0.152303851435556,0.203199576986227,1000
sp1,75,species.k.sp4,0.0124036376634722,0.36747948414625,0.415695536934753,1000
sp1,76,species.k.sp5,0.00417421661125004,0.10281321731625,0.138068442412286,1000
sp1,77,species.k.sp6,-0.00702244156736107,0.105494721415417,0.140374907884396,1000
sp1,78,species.k.sp7,0.00864198405388889,0.1030527051225,0.143680787168689,1000
sp1,79,species.k.sp8,-0.00116936421874998,0.118897847655417,0.159507996640338,1000
sp1,80,species.k.sp9,-0.0117212175198611,0.127046345147361,0.166464474626302,1000
sp1,81,species.k.sp10,-0.00162649688044755,0.103067986807052,0.139171109225701,1000
sp1,82,species.k.sp11,-0.00693344899527776,0.101895059830278,0.136087538140679,1000
sp1,83,species.k.sp12,0.000186669819583335,0.0951183307131944,0.128682328602302,1000
sp1,84,species.k.sp13,0.00177567986555557,0.140279874705833,0.193119228547991,1000
sp1,85,species.k.sp14,0.00141746590319444,0.101338965430694,0.134957356400584,1000
sp1,86,species.k.sp15,0.00372473688027774,0.100745606982222,0.136300220846288,1000
sp1,87,species.l0.sp0,-8.79671197222485e-05,0.0979034312744444,0.133621487238302,1000
sp1,88,species.l0.sp1,-0.00325871372166667,0.174522880439444,0.235495553367226,1000
sp1,89,species.l0.sp2,0.00173358126083332,0.345569919051389,0.447239408769289,1000
sp1,90,species.l0.sp3,0.00596988359236111,0.103610702118194,0.140144738663862,1000
sp1,91,species.l0.sp4,0.00186687081583333,0.245070626538889,0.291677093782507,1000
sp1,92,species.l0.sp5,0.00446792507486115,0.0945155587259722,0.134719887066401,1000
sp1,93,species.l0.sp6,-0.00117350799125007,0.0969766518223611,0.130405120412877,1000
sp1,94,species.l0.sp7,0.0027065375886111,0.102159102245278,0.134492546683467,1000
sp1,95,species.l0.sp8,0.000728461741388887,0.107807478158333,0.142521168883975,1000
sp1,96,species.l0.sp9,-0.0031010157606944,0.108164923489583,0.144956883523598,1000
sp1,97,species.l0.sp10,-0.00726525657569444,0.110164427711528,0.148293192444386,1000
sp1,98,species.l0.sp11,0.0025618326202778,0.0952058515294444,0.12769517992238,1000
sp1,99,species.l0.sp12,-0.00603350046347223,0.102243645899306,0.138638525762406,1000
sp1,100,species.l0.sp13,0.00263451679944442,0.0960564703077778,0.129110243282992,1000
sp1,101,species.l0.sp14,-0.000569205795277754,0.0996324305627778,0.136775572945441,1000
sp1,102,species.l0.sp15,0.00167901136375001,0.0985951396684722,0.133562085338533,1000
sp1,103,mortality.additional.larva.rate.sp0,-0.00406108394027781,0.157172467728889,0.21837056222566,1000
sp1,104,mortality.additional.larva.rate.sp1,0.0153416005069444,1.47387282014389,1.50184789059894,1000
sp1,105,mortality.additional.larva.rate.sp2,-0.0279309400280555,1.04214766007333,1.28739787647716,1000
sp1,106,mortality.additional.larva.rate.sp3,0.00907788160708337,0.25256916419875,0.34625115236339,1000
sp1,107,mortality.additional.larva.rate.sp4,-0.00184038426930557,0.09945200831125,0.131389837571328,1000
sp1,108,mortality.additional.larva.rate.sp5,-5.51414295833115e-05,0.100210180654306,0.138510661225384,1000
sp1,109,mortality.additional.larva.rate.sp6,-0.00113874500638889,0.101284484326667,0.136512621273601,1000
sp1,110,mortality.additional.larva.rate.sp9,0.0073286551576389,0.126050006807083,0.166457871387595,1000
sp1,111,mortality.additional.larva.rate.sp10,0.0111472659297222,0.118696382655278,0.154537462585057,1000
sp1,112,mortality.additional.larva.rate.sp11,-0.00340776818180554,0.0991701490198611,0.135292550765207,1000
sp1,113,mortality.additional.larva.rate.sp12,0.0019973206322222,0.0989088176902778,0.129118998073453,1000
sp1,114,mortality.additional.larva.rate.sp13,0.00167693678736114,0.0979754269443056,0.130453262718816,1000
sp1,115,mortality.additional.larva.rate.sp14,-0.00264250395402777,0.0958378840873611,0.129328050760526,1000
sp1,116,mortality.additional.larva.rate.sp15,0.0114304104590278,0.0936198779454167,0.12497921684233,1000
sp1,117,mortality.additional.larva.rate.mean.sp7,0.00224225164527778,0.0956099830680555,0.127124225521766,1000
sp1,118,mortality.additional.larva.rate.mean.sp8,0.00191775793805552,0.105430956967778,0.13981566266408,1000
sp1,119,species.linf.sp0,-0.0232115555320833,0.212422571850417,0.291685303761082,1000
sp1,120,species.linf.sp1,-0.0189505320793055,0.697183441777083,0.759794652957019,1000
sp1,121,species.linf.sp2,-0.0257016374018056,1.04576349495042,1.22452178610317,1000
sp1,122,species.linf.sp3,-0.0198011026363889,0.430839075763056,0.547700546649307,1000
sp1,123,species.linf.sp4,-0.0192192743303858,1.06446824822711,1.13218706247086,1000
sp1,124,species.linf.sp5,-0.00301739280888892,0.127577867820278,0.167317899959191,1000
sp1,125,species.linf.sp6,-0.000198636802777777,0.136151529418333,0.173817174679613,1000
sp1,126,species.linf.sp7,-0.000934873811666673,0.108213482858056,0.142186031432925,1000
sp1,127,species.linf.sp8,0.00954808773819443,0.207743946893194,0.257288570491124,1000
sp1,128,species.linf.sp9,-0.00387022683152777,0.262461523174861,0.310784710522065,1000
sp1,129,species.linf.sp10,0.00365578404527778,0.1274495289725,0.168502389099544,1000
sp1,130,species.linf.sp11,0.00641040932680554,0.0998630436095833,0.135141172200952,1000
sp1,131,species.linf.sp12,8.11100937499873e-05,0.107222691489861,0.144320518002317,1000
sp1,132,species.linf.sp13,0.00654506181388889,0.115780683025,0.156129131146564,1000
sp1,133,species.linf.sp14,0.00475492813833333,0.106012237644444,0.146967570423813,1000
sp1,134,species.linf.sp15,0.00126327145000002,0.103782211059722,0.139241084140102,1000
sp1,135,species.accessibility2fish.sp16,0.000295978427499999,0.0997673084547222,0.134233730208675,1000
sp1,136,species.accessibility2fish.sp17,0.00383521187097219,0.0951039818468055,0.129829977882455,1000
sp1,137,species.accessibility2fish.sp18,0.00294607005777777,0.101870467331111,0.137085342721917,1000
sp1,138,species.accessibility2fish.sp19,0.000683454269166657,0.118357684944722,0.157376887574057,1000
sp1,139,species.accessibility2fish.sp20,0.000172665815972183,0.0954896566876389,0.132345849860764,1000
sp1,140,species.accessibility2fish.sp21,0.00108899382861111,0.118721521103889,0.157036185102022,1000
sp1,141,species.accessibility2fish.sp22,-0.000375569674861096,0.103425317927361,0.140726035694151,1000
sp1,142,species.accessibility2fish.sp23,0.00214586624,0.11461518999,0.147761052230331,1000
sp1,143,species.accessibility2fish.sp24,-0.000547682263333346,0.113323896458889,0.14786437235474,1000
sp1,144,species.accessibility2fish.sp25,-0.00201735762472227,0.0954948159802777,0.129443605548556,1000
sp1,145,species.accessibility2fish.sp26,-0.00194658737486109,0.106063360381806,0.141429768148348,1000
sp1,146,species.maturity.size.ratio.sp0,0.0117812978879167,0.173113329403194,0.251339621401197,1000
sp1,147,species.maturity.size.ratio.sp1,0.000588631835555587,0.171233366151944,0.206144528519061,1000
sp1,148,species.maturity.size.ratio.sp2,0.00420896430597223,0.106007774914028,0.141074594782273,1000
sp1,149,species.maturity.size.ratio.sp3,0.00143233947888891,0.0983225233238889,0.128202677358122,1000
sp1,150,species.maturity.size.ratio.sp4,0.00678379999402776,0.103867901714306,0.138076419012975,1000
sp1,151,species.maturity.size.ratio.sp5,-0.00326284827361113,0.0989544878252778,0.133074102591694,1000
sp1,152,species.maturity.size.ratio.sp6,0.000683803219166661,0.102328824787778,0.137691874847459,1000
sp1,153,species.maturity.size.ratio.sp7,-0.00373485037041665,0.100153242652361,0.134953377075643,1000
sp1,154,species.maturity.size.ratio.sp8,-0.00279936822277779,0.0979100445458333,0.13155625900439,1000
sp1,155,species.maturity.size.ratio.sp9,-0.00126707879666673,0.0985400224025,0.133799070856763,1000
sp1,156,species.maturity.size.ratio.sp10,0.00799426621777781,0.100557783796944,0.136455525815607,1000
sp1,157,species.maturity.size.ratio.sp11,-0.0134898524940278,0.10274787907125,0.14016047693312,1000
sp1,158,species.maturity.size.ratio.sp12,0.00334091023291669,0.100875818710139,0.138660825829779,1000
sp1,159,species.maturity.size.ratio.sp13,-0.00835715287749998,0.17289774614,0.234756082711927,1000
sp1,160,species.maturity.size.ratio.sp14,-0.00158698237249997,0.0956768587891667,0.129827875943852,1000
sp1,161,species.maturity.size.ratio.sp15,-0.00669354515666669,0.104837563386111,0.144903339004343,1000
sp1,162,predation.predPrey.sizeRatio.teta.sp0.stage1,0.00508923520000004,0.0975654223561111,0.132990042477465,1000
sp1,163,predation.predPrey.sizeRatio.alpha.sp0.stage1,-0.00380383999819442,0.139759058192639,0.186814786757099,1000
sp1,164,predation.predPrey.sizeRatio.teta.sp1.stage1,0.0181743069880555,0.196499699810556,0.277161529337443,1000
sp1,165,predation.predPrey.sizeRatio.alpha.sp1.stage1,0.0496823499180555,0.726949705105556,0.777160849718311,1000
sp1,166,predation.predPrey.sizeRatio.teta.sp2.stage1,0.000127842997916665,0.10151724701125,0.140605183897469,1000
sp1,167,predation.predPrey.sizeRatio.alpha.sp2.stage1,0.00751882538458334,0.437084736407083,0.560341303990466,1000
sp1,168,predation.predPrey.sizeRatio.teta.sp3.stage1,-0.000906603403611122,0.102635825528056,0.136834955259308,1000
sp1,169,predation.predPrey.sizeRatio.alpha.sp3.stage1,-0.00318854548152777,0.336918146606806,0.457059432188157,1000
sp1,170,predation.predPrey.sizeRatio.teta.sp4.stage1,-0.005914301855,0.110507677050556,0.147735326983598,1000
sp1,171,predation.predPrey.sizeRatio.alpha.sp4.stage1,0.0381734227904167,0.611634691250139,0.68087286692298,1000
sp1,172,predation.predPrey.sizeRatio.teta.sp5.stage1,0.00465947174875001,0.0995077442809722,0.136838661614675,1000
sp1,173,predation.predPrey.sizeRatio.teta.sp5.stage2,0.00259921883277776,0.133540953132222,0.176578522249084,1000
sp1,174,predation.predPrey.sizeRatio.alpha.sp5.stage1,0.000353891319444434,0.098146556235,0.13593466381837,1000
sp1,175,predation.predPrey.sizeRatio.alpha.sp5.stage2,-0.00517693346527775,0.100559678514167,0.133897391696969,1000
sp1,176,predation.predPrey.sizeRatio.teta.sp6.stage1,0.00405878095972221,0.0989564987755555,0.135689887075974,1000
sp1,177,predation.predPrey.sizeRatio.alpha.sp6.stage1,0.0032198749761111,0.0998442815047222,0.130870766511594,1000
sp1,178,predation.predPrey.sizeRatio.teta.sp7.stage1,-0.000296814385000012,0.0984308877047223,0.132386588878701,1000
sp1,179,predation.predPrey.sizeRatio.alpha.sp7.stage1,0.00118326058861112,0.102213001877778,0.134599771382078,1000
sp1,180,predation.predPrey.sizeRatio.teta.sp8.stage1,0.00102953266111109,0.0983284139911111,0.133155061118045,1000
sp1,181,predation.predPrey.sizeRatio.alpha.sp8.stage1,-0.0046373133877778,0.150720273330278,0.199370208909461,1000
sp1,182,predation.predPrey.sizeRatio.teta.sp9.stage1,0.000864456330694445,0.0984232360193056,0.13346233206349,1000
sp1,183,predation.predPrey.sizeRatio.alpha.sp9.stage1,0.00856156188902776,0.139552685069583,0.182910288792327,1000
sp1,184,predation.predPrey.sizeRatio.teta.sp10.stage1,-0.00164973296541666,0.0978694197065278,0.13366246838896,1000
sp1,185,predation.predPrey.sizeRatio.alpha.sp10.stage1,0.0037923951226389,0.103071778663194,0.138171140876555,1000
sp1,186,predation.predPrey.sizeRatio.teta.sp11.stage1,-0.000809940220833352,0.0974280176722222,0.136490284866935,1000
sp1,187,predation.predPrey.sizeRatio.alpha.sp11.stage1,-0.0013204838033333,0.102165597201111,0.142052015163378,1000
sp1,188,predation.predPrey.sizeRatio.teta.sp12.stage1,0.00227044381277777,0.0990153442794444,0.131764147821488,1000
sp1,189,predation.predPrey.sizeRatio.alpha.sp12.stage1,-0.00354381436791668,0.100962977320139,0.136204816579401,1000
sp1,190,predation.predPrey.sizeRatio.teta.sp13.stage1,-0.00465138558791669,0.100144526258194,0.139103853330483,1000
sp1,191,predation.predPrey.sizeRatio.alpha.sp13.stage1,-0.00961160671333331,0.121292030673333,0.159237242023754,1000
sp1,192,predation.predPrey.sizeRatio.teta.sp14.stage1,0.00405508096194449,0.0941417321113889,0.12504381893777,1000
sp1,193,predation.predPrey.sizeRatio.alpha.sp14.stage1,0.000223902598888877,0.102996254863056,0.140215506236857,1000
sp1,194,predation.predPrey.sizeRatio.teta.sp15.stage1,0.0015874370225,0.101504096532222,0.140356232337074,1000
sp1,195,predation.predPrey.sizeRatio.alpha.sp15.stage1,0.00996128708458335,0.104424605826528,0.140665006993023,1000
sp2,1,mortality.additional.rate.sp0,0.000696289090105367,0.122590797945281,0.156758482801607,1000
sp2,2,mortality.additional.rate.sp1,0.00848840958139628,0.115634348331378,0.156333911168213,1000
sp2,3,mortality.additional.rate.sp2,0.00409112815637055,0.418686027983643,0.520585513182302,1000
sp2,4,mortality.additional.rate.sp3,0.00111771305082594,0.16032087469144,0.209064440550907,1000
sp2,5,mortality.additional.rate.sp4,-0.00656508945709565,0.123652016259456,0.165325654382672,1000
sp2,6,mortality.additional.rate.sp5,0.0064305662716837,0.140845721190082,0.181455749279091,1000
sp2,7,mortality.additional.rate.sp6,-0.00210957842839679,0.125272794735246,0.164077893892728,1000
sp2,8,mortality.additional.rate.sp7,-0.0010061276706008,0.122207938426496,0.161737443776158,1000
sp2,9,mortality.additional.rate.sp8,0.0130546869897651,0.121751776243891,0.162209576586339,1000
sp2,10,mortality.additional.rate.sp9,-0.00587607236414792,0.120422427834856,0.159260452453552,1000
sp2,11,mortality.additional.rate.sp10,-0.0119712237497086,0.120430835687095,0.158291470938601,1000
sp2,12,mortality.additional.rate.sp11,0.00276320030030009,0.121837684803854,0.163185357045974,1000
sp2,13,mortality.additional.rate.sp12,-0.0016267115861442,0.115131107176468,0.150389149978827,1000
sp2,14,mortality.additional.rate.sp13,-0.0037532002780536,0.124648166366898,0.163434362359897,1000
sp2,15,mortality.additional.rate.sp14,0.00971085858532849,0.120356426774883,0.160247738075064,1000
sp2,16,mortality.additional.rate.sp15,-0.00170298704062027,0.116846410061149,0.154212113078945,1000
sp2,17,fisheries.rate.base.fsh0,0.00599720598356713,0.216416149229105,0.268321243677242,1000
sp2,18,fisheries.rate.base.fsh1,-0.00765502483761218,0.175181993480728,0.223216457469902,1000
sp2,19,fisheries.rate.base.fsh2,-0.00113464304923605,0.120137961032121,0.158089894201239,1000
sp2,20,fisheries.rate.base.fsh3,-0.0107911716499803,0.129294801187158,0.16724214742296,1000
sp2,21,species.catchability.fsh0.sp0,0.000882660574848755,0.123806726873704,0.164220194630445,1000
sp2,22,species.catchability.fsh0.sp1,-0.0102334002096301,0.123406604410635,0.160951562197117,1000
sp2,23,species.catchability.fsh0.sp2,-0.00796011819179997,0.153783388634778,0.203770260408571,1000
sp2,24,species.catchability.fsh0.sp3,0.0122119843456795,0.214334053582586,0.270882350299,1000
sp2,25,species.catchability.fsh0.sp5,0.00513851615670341,0.123812171298573,0.159279645651947,1000
sp2,26,species.catchability.fsh0.sp7,-0.0118672793163371,0.120299770859393,0.158312995366109,1000
sp2,27,species.catchability.fsh0.sp8,0.00695782406333719,0.114110396082588,0.151764812020252,1000
sp2,28,species.catchability.fsh0.sp9,0.00686351054890306,0.125062898659812,0.168041230653644,1000
sp2,29,species.catchability.fsh0.sp10,-0.00866363986927526,0.139913574395429,0.185711579717766,1000
sp2,30,species.catchability.fsh0.sp13,0.00722461308602909,0.121418658788682,0.159892446927697,1000
sp2,31,species.catchability.fsh0.sp14,-0.00295174055701183,0.120554098692457,0.157327407398682,1000
sp2,32,species.catchability.fsh0.sp15,-0.00163979120729084,0.123069709592999,0.164087106753173,1000
sp2,33,species.catchability.fsh1.sp9,-0.000521407547072313,0.122589486744172,0.160290571905884,1000
sp2,34,species.catchability.fsh1.sp10,0.00539006427997527,0.157206032553291,0.210304952559295,1000
sp2,35,species.catchability.fsh1.sp11,0.0017270652866634,0.122231043460289,0.161597160699273,1000
sp2,36,species.catchability.fsh1.sp12,-0.00236337944787376,0.130461382491594,0.171952567091205,1000
sp2,37,species.catchability.fsh2.sp0,0.000528003768413401,0.11433840615762,0.151489371336749,1000
sp2,38,species.catchability.fsh2.sp5,-0.000664742639874231,0.119227315395205,0.15929057304881,1000
sp2,39,species.catchability.fsh2.sp7,-0.0109473668793206,0.1201208561996,0.156036185637816,1000
sp2,40,species.catchability.fsh2.sp8,-0.000547090259895247,0.12233511129922,0.161222283239121,1000
sp2,41,species.catchability.fsh3.sp0,-0.00524624664858127,0.118350118698968,0.155236981552334,1000
sp2,42,species.catchability.fsh3.sp1,0.000896260544933076,0.12053448930347,0.160775168171853,1000
sp2,43,species.catchability.fsh3.sp2,0.00418074752753203,0.115320238643479,0.154253642150658,1000
sp2,44,species.catchability.fsh3.sp3,-0.0140459706699691,0.129845388905312,0.16937109863874,1000
sp2,45,species.catchability.fsh3.sp5,-0.0115679105453109,0.119349497694337,0.160056925058271,1000
sp2,46,species.catchability.fsh3.sp7,-0.00553545510578766,0.123570811906165,0.160574198312966,1000
sp2,47,species.catchability.fsh3.sp8,0.000871802838267544,0.125405965156906,0.163906918761127,1000
sp2,48,species.catchability.fsh3.sp9,-0.00153541707992723,0.11778669239546,0.155448502742088,1000
sp2,49,species.catchability.fsh3.sp10,0.00291056202176415,0.122307962949335,0.158875736812169,1000
sp2,50,species.catchability.fsh3.sp11,-0.00661439351014775,0.118432820672378,0.153785100348742,1000
sp2,51,species.catchability.fsh3.sp12,0.00625878776056226,0.115948871883564,0.152462972446426,1000
sp2,52,species.catchability.fsh3.sp13,-0.00235359945895224,0.11961060790263,0.156409993020294,1000
sp2,53,species.catchability.fsh3.sp14,-0.00242757451447064,0.115461861972222,0.153642669565903,1000
sp2,54,species.catchability.fsh3.sp15,0.00539547079121499,0.124706586943204,0.164464560111923,1000
sp2,55,species.length2weight.condition.factor.sp0,0.00209843240218504,0.12756244460851,0.168009253676002,1000
sp2,56,species.length2weight.condition.factor.sp1,-1.32392574658122e-05,0.118821447756424,0.157131193128513,1000
sp2,57,species.length2weight.condition.factor.sp2,-0.0664072035111864,1.5840081478966,1.70595739827881,1000
sp2,58,species.length2weight.condition.factor.sp3,-0.00497044577809589,0.159587153437818,0.214029284657314,1000
sp2,59,species.length2weight.condition.factor.sp4,-8.50139369719591e-05,0.124106573671149,0.16293390860903,1000
sp2,60,species.length2weight.condition.factor.sp5,0.0106487624707991,0.114989972484448,0.148590628218112,1000
sp2,61,species.length2weight.condition.factor.sp6,0.0057691237566644,0.116710569223133,0.152029460083334,1000
sp2,62,species.length2weight.condition.factor.sp7,-0.00497720671529548,0.120215204939266,0.16163535634317,1000
sp2,63,species.length2weight.condition.factor.sp8,0.00726034881146833,0.121998340180645,0.159267535919162,1000
sp2,64,species.length2weight.condition.factor.sp9,0.00628524384191355,0.129110967046674,0.171142163102964,1000
sp2,65,species.length2weight.condition.factor.sp10,0.0121290389144685,0.135985892851365,0.1836048954383,1000
sp2,66,species.length2weight.condition.factor.sp11,0.00424790777936962,0.122281604122012,0.165631265574745,1000
sp2,67,species.length2weight.condition.factor.sp12,-0.00888914917364216,0.119505096523324,0.157320093859946,1000
sp2,68,species.length2weight.condition.factor.sp13,0.00109661210619903,0.121411131285785,0.164117363525454,1000
sp2,69,species.length2weight.condition.factor.sp14,-0.0100664424572249,0.1207908434073,0.156830058657855,1000
sp2,70,species.length2weight.condition.factor.sp15,-0.000505063389562609,0.126257238292245,0.167121904423814,1000
sp2,71,species.k.sp0,-0.00858931598708044,0.210647174652389,0.280051160798267,1000
sp2,72,species.k.sp1,0.00139651873551982,0.11699287279897,0.158321688197347,1000
sp2,73,species.k.sp2,-0.00538462260456286,1.20856945500723,1.43597477833425,1000
sp2,74,species.k.sp3,-0.00380572993953327,0.300335785665832,0.404480202186656,1000
sp2,75,species.k.sp4,0.00481527868248274,0.188098603282134,0.240420779251531,1000
sp2,76,species.k.sp5,-0.00754268702716472,0.125923483443746,0.163694303678841,1000
sp2,77,species.k.sp6,-0.00679102211697749,0.124748601033546,0.160009464037713,1000
sp2,78,species.k.sp7,0.00127943093381068,0.116430095187481,0.155327790883201,1000
sp2,79,species.k.sp8,0.00572425137124875,0.122639575051714,0.160076472474292,1000
sp2,80,species.k.sp9,0.000349881061312937,0.198289284239066,0.256573346525183,1000
sp2,81,species.k.sp10,0.0125868793060845,0.238416897204101,0.311366393759733,1000
sp2,82,species.k.sp11,-0.000335645857868252,0.139607405836576,0.18137167218779,1000
sp2,83,species.k.sp12,-0.00564534849451485,0.123454195833575,0.164193948372846,1000
sp2,84,species.k.sp13,0.00364916854050437,0.289026612220441,0.371072050657835,1000
sp2,85,species.k.sp14,-0.0111030107523745,0.120664184751969,0.158669801549501,1000
sp2,86,species.k.sp15,0.000480502788168947,0.143224493102494,0.192906049084969,1000
sp2,87,species.l0.sp0,0.00360420186001191,0.127493079879309,0.168441420032645,1000
sp2,88,species.l0.sp1,0.00984208082738181,0.122456256456572,0.163654327550145,1000
sp2,89,species.l0.sp2,-0.0121891313365274,0.976738024293612,1.10470266162259,1000
sp2,90,species.l0.sp3,0.00108621768029664,0.157493205388805,0.209487663850212,1000
sp2,91,species.l0.sp4,-0.0117036248576723,0.149066737606027,0.199239415610903,1000
sp2,92,species.l0.sp5,-0.00108809984200356,0.117727633685108,0.156592397991204,1000
sp2,93,species.l0.sp6,-0.00624176692690549,0.12253492893322,0.162431906324486,1000
sp2,94,species.l0.sp7,-0.00717522804368332,0.12098986560959,0.15873332394348,1000
sp2,95,species.l0.sp8,0.00356124332588913,0.12394427788183,0.162462986924399,1000
sp2,96,species.l0.sp9,0.00112243757477051,0.218093509618517,0.278038939538958,1000
sp2,97,species.l0.sp10,0.00759811859030315,0.358958049146021,0.451862099409024,1000
sp2,98,species.l0.sp11,-0.00301616261936176,0.130488847629549,0.172664384548043,1000
sp2,99,species.l0.sp12,0.00373454674636863,0.125748039158798,0.165830867945179,1000
sp2,100,species.l0.sp13,-0.00344315149438615,0.118986087016567,0.155876574421644,1000
sp2,101,species.l0.sp14,0.00798836087597703,0.122056560771599,0.162761116863817,1000
sp2,102,species.l0.sp15,0.00082394982194708,0.124136977918824,0.165206270231239,1000
sp2,103,mortality.additional.larva.rate.sp0,0.00134628619168961,0.188288908983101,0.251200635438619,1000
sp2,104,mortality.additional.larva.rate.sp1,-0.00593873589265337,0.122470220641294,0.158312562194695,1000
sp2,105,mortality.additional.larva.rate.sp2,0.059281861925757,14.0289024269207,14.6381030864937,1000
sp2,106,mortality.additional.larva.rate.sp3,-0.0143065877084851,0.620120103415941,0.825211332729307,1000
sp2,107,mortality.additional.larva.rate.sp4,-0.00646421333401352,0.121353550645457,0.161259974856689,1000
sp2,108,mortality.additional.larva.rate.sp5,0.00503884757561718,0.11766832959638,0.157912487128807,1000
sp2,109,mortality.additional.larva.rate.sp6,0.00617058833407686,0.12403670107077,0.160241052042541,1000
sp2,110,mortality.additional.larva.rate.sp9,-0.0249625169927446,0.23351930107973,0.301732472186258,1000
sp2,111,mortality.additional.larva.rate.sp10,0.00631061978231238,0.497492189198084,0.623980291417611,1000
sp2,112,mortality.additional.larva.rate.sp11,0.00637394876084917,0.117853847737375,0.154875451355042,1000
sp2,113,mortality.additional.larva.rate.sp12,0.0106795046230117,0.132148639383421,0.173439381798218,1000
sp2,114,mortality.additional.larva.rate.sp13,0.0062241313746338,0.118559092071403,0.155705220154375,1000
sp2,115,mortality.additional.larva.rate.sp14,0.0015604076938862,0.120450378530462,0.15798462655323,1000
sp2,116,mortality.additional.larva.rate.sp15,-0.00704607174652398,0.155432684803823,0.21706715297349,1000
sp2,117,mortality.additional.larva.rate.mean.sp7,-0.00505089055037662,0.125936040125336,0.164059581921221,1000
sp2,118,mortality.additional.larva.rate.mean.sp8,0.00517051469543841,0.119785402465325,0.157802810618482,1000
sp2,119,species.linf.sp0,0.0102411264736306,0.235270379726064,0.324837361341644,1000
sp2,120,species.linf.sp1,0.0012798292053185,0.131209868861472,0.16983951335072,1000
sp2,121,species.linf.sp2,-0.168920183176456,3.13213620510421,4.01283201270156,1000
sp2,122,species.linf.sp3,0.0817459229597461,1.22589855334768,1.46841019877369,1000
sp2,123,species.linf.sp4,-0.0185480498835966,0.449132061614637,0.532392641417577,1000
sp2,124,species.linf.sp5,0.00860927453081435,0.291117941200066,0.345118967998464,1000
sp2,125,species.linf.sp6,-0.000700353147966284,0.123620790514773,0.162604891253541,1000
sp2,126,species.linf.sp7,0.00106590204691272,0.118219416379761,0.154651427786159,1000
sp2,127,species.linf.sp8,0.00806216836143033,0.12992296394289,0.170434432985752,1000
sp2,128,species.linf.sp9,-0.00197392732312062,0.520170548577155,0.632929738444493,1000
sp2,129,species.linf.sp10,0.0334967978080697,0.784526563002075,0.937799786134666,1000
sp2,130,species.linf.sp11,0.000543220604813269,0.13583878607721,0.179876837013552,1000
sp2,131,species.linf.sp12,-0.00406729854799475,0.186332286435676,0.239368500193714,1000
sp2,132,species.linf.sp13,0.00452718669403746,0.207943036861548,0.275614266662845,1000
sp2,133,species.linf.sp14,-0.00219626119108075,0.118762318747049,0.155663146820581,1000
sp2,134,species.linf.sp15,0.00369125624480969,0.174333360614946,0.239959446247934,1000
sp2,135,species.accessibility2fish.sp16,0.000834195341026181,0.120625371809582,0.160272334438694,1000
sp2,136,species.accessibility2fish.sp17,0.00198792090185666,0.121731354013645,0.158004308254942,1000
sp2,137,species.accessibility2fish.sp18,-0.007160802177639,0.124229717389254,0.162448015352615,1000
sp2,138,species.accessibility2fish.sp19,0.00324415670975414,0.121952515527282,0.163064425163951,1000
sp2,139,species.accessibility2fish.sp20,-0.00672933603250788,0.124090495211317,0.160455110503342,1000
sp2,140,species.accessibility2fish.sp21,0.000366774574722919,0.127231282836271,0.169927137971165,1000
sp2,141,species.accessibility2fish.sp22,0.00385178086520279,0.12037448731566,0.158838840441071,1000
sp2,142,species.accessibility2fish.sp23,0.0010856354142497,0.120260789517429,0.15529667633654,1000
sp2,143,species.accessibility2fish.sp24,-0.00540441612427525,0.16548103671307,0.21863866448364,1000
sp2,144,species.accessibility2fish.sp25,0.000822874547059458,0.120218385539405,0.157918595976999,1000
sp2,145,species.accessibility2fish.sp26,-0.000327713302467419,0.12358829853637,0.162800491677679,1000
sp2,146,species.maturity.size.ratio.sp0,0.00519550105359942,0.200019857551094,0.278073454422236,1000
sp2,147,species.maturity.size.ratio.sp1,0.00310364396916282,0.119286010247233,0.156166126436915,1000
sp2,148,species.maturity.size.ratio.sp2,-0.0105999236859116,0.746218595192706,1.14063961665507,1000
sp2,149,species.maturity.size.ratio.sp3,-0.00191875295077107,0.124810998541766,0.16352662493068,1000
sp2,150,species.maturity.size.ratio.sp4,-0.00894428394317859,0.124110946786476,0.165079499482188,1000
sp2,151,species.maturity.size.ratio.sp5,0.00309793191958655,0.122205014878185,0.162066809091669,1000
sp2,152,species.maturity.size.ratio.sp6,0.0026184154873106,0.119445004024905,0.15697431617739,1000
sp2,153,species.maturity.size.ratio.sp7,0.00290503844997133,0.119409441957714,0.155535971119703,1000
sp2,154,species.maturity.size.ratio.sp8,0.00616500913233266,0.119386456495923,0.160318817848944,1000
sp2,155,species.maturity.size.ratio.sp9,0.00253923640387531,0.122826808241403,0.160988448966172,1000
sp2,156,species.maturity.size.ratio.sp10,-0.00504565975606962,0.15904646722805,0.210698878741743,1000
sp2,157,species.maturity.size.ratio.sp11,-0.0178025880636064,0.236246494901799,0.299805721117519,1000
sp2,158,species.maturity.size.ratio.sp12,-0.000213652585105438,0.124567348947661,0.163446986270493,1000
sp2,159,species.maturity.size.ratio.sp13,0.00211074397207441,0.357581786482298,0.445373782575918,1000
sp2,160,species.maturity.size.ratio.sp14,0.00962502712790274,0.116978930484193,0.154622506887142,1000
sp2,161,species.maturity.size.ratio.sp15,0.00127254930705943,0.168523566999847,0.238706490260885,1000
sp2,162,predation.predPrey.sizeRatio.teta.sp0.stage1,-0.00277003173705902,0.119638607311663,0.161234655628875,1000
sp2,163,predation.predPrey.sizeRatio.alpha.sp0.stage1,-0.000646632989226894,0.146708559217308,0.194904050807702,1000
sp2,164,predation.predPrey.sizeRatio.teta.sp1.stage1,-0.00763883674412515,0.119950093248226,0.155715378804321,1000
sp2,165,predation.predPrey.sizeRatio.alpha.sp1.stage1,0.00138503120504499,0.122667295644488,0.164094870395311,1000
sp2,166,predation.predPrey.sizeRatio.teta.sp2.stage1,-4.77927122384632e-05,0.130875570200213,0.173415501478922,1000
sp2,167,predation.predPrey.sizeRatio.alpha.sp2.stage1,0.0253621996275026,0.414472966022144,0.538078232484333,1000
sp2,168,predation.predPrey.sizeRatio.teta.sp3.stage1,0.00132191693997893,0.128891643189443,0.169203465115683,1000
sp2,169,predation.predPrey.sizeRatio.alpha.sp3.stage1,-0.00863682629008625,0.575427255168876,0.777208771769329,1000
sp2,170,predation.predPrey.sizeRatio.teta.sp4.stage1,0.00477104575989568,0.17690856293093,0.229928627696909,1000
sp2,171,predation.predPrey.sizeRatio.alpha.sp4.stage1,0.00973166708736325,0.215759658028095,0.282430595951222,1000
sp2,172,predation.predPrey.sizeRatio.teta.sp5.stage1,-0.0113619257126974,0.121442352078462,0.159954878396686,1000
sp2,173,predation.predPrey.sizeRatio.teta.sp5.stage2,0.000121159397495902,0.215509658404908,0.268418524186784,1000
sp2,174,predation.predPrey.sizeRatio.alpha.sp5.stage1,0.00277240581236435,0.1202776461002,0.159338828866171,1000
sp2,175,predation.predPrey.sizeRatio.alpha.sp5.stage2,-0.00945342541851095,0.150185277548226,0.196385611674103,1000
sp2,176,predation.predPrey.sizeRatio.teta.sp6.stage1,-0.00778150458850211,0.124485502478114,0.161202601075214,1000
sp2,177,predation.predPrey.sizeRatio.alpha.sp6.stage1,-0.00125003491370896,0.122971579791612,0.164115313403167,1000
sp2,178,predation.predPrey.sizeRatio.teta.sp7.stage1,0.0114625017664407,0.115359570152505,0.15111564050089,1000
sp2,179,predation.predPrey.sizeRatio.alpha.sp7.stage1,0.011304239099701,0.121401709562687,0.162501269026752,1000
sp2,180,predation.predPrey.sizeRatio.teta.sp8.stage1,-0.00284492110474653,0.117940595805102,0.155270147675787,1000
sp2,181,predation.predPrey.sizeRatio.alpha.sp8.stage1,-0.00421201939155976,0.130799636021598,0.171083896624751,1000
sp2,182,predation.predPrey.sizeRatio.teta.sp9.stage1,0.00748479056916197,0.139197885350913,0.178653043357019,1000
sp2,183,predation.predPrey.sizeRatio.alpha.sp9.stage1,0.00171414975730462,0.241183384111675,0.306375046645225,1000
sp2,184,predation.predPrey.sizeRatio.teta.sp10.stage1,0.0096965612215224,0.125857615275229,0.164640240439003,1000
sp2,185,predation.predPrey.sizeRatio.alpha.sp10.stage1,-0.0109814234720519,0.285570880883224,0.376522632966634,1000
sp2,186,predation.predPrey.sizeRatio.teta.sp11.stage1,0.00286309486312946,0.125799808885762,0.165577641675647,1000
sp2,187,predation.predPrey.sizeRatio.alpha.sp11.stage1,0.00440658432116118,0.123742779847621,0.16286611764441,1000
sp2,188,predation.predPrey.sizeRatio.teta.sp12.stage1,-0.00942524843523092,0.123190508537836,0.164734882155713,1000
sp2,189,predation.predPrey.sizeRatio.alpha.sp12.stage1,0.00983459643771863,0.169862104369264,0.223918448320134,1000
sp2,190,predation.predPrey.sizeRatio.teta.sp13.stage1,-0.00103623814609445,0.116112857363138,0.150393932404672,1000
sp2,191,predation.predPrey.sizeRatio.alpha.sp13.stage1,-0.0121307329003675,0.194576204250089,0.251745115516883,1000
sp2,192,predation.predPrey.sizeRatio.teta.sp14.stage1,-0.00208603465589894,0.11769828145605,0.155612427728717,1000
sp2,193,predation.predPrey.sizeRatio.alpha.sp14.stage1,-0.00161994829174371,0.122204810695361,0.161006575666966,1000
sp2,194,predation.predPrey.sizeRatio.teta.sp15.stage1,0.00118841798651764,0.122471235022426,0.161046149699815,1000
sp2,195,predation.predPrey.sizeRatio.alpha.sp15.stage1,0.0104727427262138,0.136304812037994,0.182053224785005,1000
sp3,1,mortality.additional.rate.sp0,0.00237995404791671,0.284068016861806,0.378725386712211,1000
sp3,2,mortality.additional.rate.sp1,0.0102177701256945,0.287980231753472,0.389558826904552,1000
sp3,3,mortality.additional.rate.sp2,-0.00834056089513897,0.288005646196528,0.386702690416242,1000
sp3,4,mortality.additional.rate.sp3,0.0179993139569445,0.343929482380556,0.446794299156574,1000
sp3,5,mortality.additional.rate.sp4,-0.0176500507312501,0.280336776859028,0.375520004228043,1000
sp3,6,mortality.additional.rate.sp5,0.00848597417986117,0.330734359136806,0.434101966095818,1000
sp3,7,mortality.additional.rate.sp6,0.00560649931041658,0.29070674180625,0.400283667815774,1000
sp3,8,mortality.additional.rate.sp7,-0.000214161218055603,0.287175116647222,0.383097249943095,1000
sp3,9,mortality.additional.rate.sp8,0.000219172882638866,0.307120850521528,0.409464109409066,1000
sp3,10,mortality.additional.rate.sp9,-0.00861985520763889,0.286934749397917,0.374614819611902,1000
sp3,11,mortality.additional.rate.sp10,0.00412653654826392,0.272780982723958,0.362621947128623,1000
sp3,12,mortality.additional.rate.sp11,-0.00505598448541672,0.294729094454861,0.389165681409813,1000
sp3,13,mortality.additional.rate.sp12,0.00161402805277768,0.287819874854167,0.38452588844889,1000
sp3,14,mortality.additional.rate.sp13,0.00335112493333321,0.281770781152778,0.384917328775338,1000
sp3,15,mortality.additional.rate.sp14,-0.00684951493819435,0.286850716974306,0.382646878701374,1000
sp3,16,mortality.additional.rate.sp15,-0.00719752088124986,0.277849067265972,0.382488903907898,1000
sp3,17,fisheries.rate.base.fsh0,0.0191730870041665,0.501319736108333,0.650365652719871,1000
sp3,18,fisheries.rate.base.fsh1,-0.00580859385069443,0.402767544234028,0.524289141366555,1000
sp3,19,fisheries.rate.base.fsh2,0.016053127120139,0.284057281671528,0.375363682195002,1000
sp3,20,fisheries.rate.base.fsh3,-0.00951962791597225,0.287499821490972,0.384422073406914,1000
sp3,21,species.catchability.fsh0.sp0,-0.000153336156944281,0.305360764644444,0.409650397487176,1000
sp3,22,species.catchability.fsh0.sp1,-0.0324107686826389,0.289950705309028,0.384957972766819,1000
sp3,23,species.catchability.fsh0.sp2,0.0080444835381945,0.29465472754375,0.395761181554002,1000
sp3,24,species.catchability.fsh0.sp3,0.00123720856388886,0.376450894322222,0.48313279786669,1000
sp3,25,species.catchability.fsh0.sp5,-0.0058002803006944,0.301434252296528,0.404893756634288,1000
sp3,26,species.catchability.fsh0.sp7,-0.00222592396250004,0.286025669630555,0.386409824779243,1000
sp3,27,species.catchability.fsh0.sp8,-0.0164852213993054,0.299997499185417,0.39739873594509,1000
sp3,28,species.catchability.fsh0.sp9,0.00769274747013884,0.277810507620139,0.372166275083463,1000
sp3,29,species.catchability.fsh0.sp10,-0.0291759734874999,0.324531273986111,0.427775254963821,1000
sp3,30,species.catchability.fsh0.sp13,0.000260881877083043,0.29154109368125,0.395476038509209,1000
sp3,31,species.catchability.fsh0.sp14,-0.0104151904743056,0.281515232624305,0.381563822458568,1000
sp3,32,species.catchability.fsh0.sp15,0.013192545498611,0.284265629229167,0.374205666273567,1000
sp3,33,species.catchability.fsh1.sp9,0.0212335050958334,0.294926787225,0.404138430071351,1000
sp3,34,species.catchability.fsh1.sp10,-0.0213440595763889,0.365515559208333,0.47980369794071,1000
sp3,35,species.catchability.fsh1.sp11,-0.0129943392347223,0.2904445203625,0.381866298291161,1000
sp3,36,species.catchability.fsh1.sp12,0.00421231237777774,0.314026559865278,0.413736487306636,1000
sp3,37,species.catchability.fsh2.sp0,-0.00254442570277799,0.294299323091667,0.384824339196943,1000
sp3,38,species.catchability.fsh2.sp5,0.0136510963020833,0.283220656634028,0.373499702215869,1000
sp3,39,species.catchability.fsh2.sp7,-0.00686877639097218,0.290792086136806,0.384924689442651,1000
sp3,40,species.catchability.fsh2.sp8,0.0145417134527779,0.2941417366125,0.386574526963055,1000
sp3,41,species.catchability.fsh3.sp0,0.00508563498333328,0.291104366729167,0.384928835474373,1000
sp3,42,species.catchability.fsh3.sp1,0.0252133387333333,0.295070338198611,0.390844989645088,1000
sp3,43,species.catchability.fsh3.sp2,-0.000126364398611187,0.281218078769444,0.375164918962997,1000
sp3,44,species.catchability.fsh3.sp3,-0.000250669543055488,0.283774843177778,0.389188078590394,1000
sp3,45,species.catchability.fsh3.sp5,-0.000823204297222313,0.275325278423611,0.374149190792266,1000
sp3,46,species.catchability.fsh3.sp7,0.00351309697569449,0.289891966354861,0.384557877970418,1000
sp3,47,species.catchability.fsh3.sp8,0.00979573855069447,0.291560917467361,0.389085446912116,1000
sp3,48,species.catchability.fsh3.sp9,0.0130917539715278,0.296025852242361,0.402433275302896,1000
sp3,49,species.catchability.fsh3.sp10,-0.00111864181527781,0.288812987351389,0.379372035918837,1000
sp3,50,species.catchability.fsh3.sp11,-0.0206928613791668,0.296010319033333,0.385119291803175,1000
sp3,51,species.catchability.fsh3.sp12,-0.0226488745874999,0.287164758261111,0.385188870325918,1000
sp3,52,species.catchability.fsh3.sp13,0.0021488260840277,0.276946637697917,0.371463745661169,1000
sp3,53,species.catchability.fsh3.sp14,-0.0166241057111112,0.292520401288889,0.390043768703254,1000
sp3,54,species.catchability.fsh3.sp15,-0.015266636432639,0.293441628049306,0.38910817850248,1000
sp3,55,species.length2weight.condition.factor.sp0,-0.00580987428680556,0.331980894685417,0.438635831579522,1000
sp3,56,species.length2weight.condition.factor.sp1,-0.00160183211805566,0.284955566495833,0.378160123392045,1000
sp3,57,species.length2weight.condition.factor.sp2,-0.00836103158819447,0.310978157870139,0.416572966770838,1000
sp3,58,species.length2weight.condition.factor.sp3,-0.0217639780701389,2.00899971404514,2.12245214134965,1000
sp3,59,species.length2weight.condition.factor.sp4,-0.0300572931993054,0.299094232611806,0.399329014557087,1000
sp3,60,species.length2weight.condition.factor.sp5,-0.00977019572083322,0.285409797711111,0.380219086142425,1000
sp3,61,species.length2weight.condition.factor.sp6,0.00439520432361114,0.286072703291667,0.379833502122682,1000
sp3,62,species.length2weight.condition.factor.sp7,-0.0137896895986112,0.282293738931944,0.372666793606955,1000
sp3,63,species.length2weight.condition.factor.sp8,-0.00178848948055551,0.289349466048611,0.383832402834643,1000
sp3,64,species.length2weight.condition.factor.sp9,0.00493000003124999,0.29784727065625,0.387037624067445,1000
sp3,65,species.length2weight.condition.factor.sp10,0.0268662116479167,0.339923325296528,0.446205707496418,1000
sp3,66,species.length2weight.condition.factor.sp11,0.00295663527638892,0.280747155286111,0.378997229213186,1000
sp3,67,species.length2weight.condition.factor.sp12,0.00294179918472225,0.295744553893056,0.389475959620369,1000
sp3,68,species.length2weight.condition.factor.sp13,-0.0226772116763888,0.290077585281944,0.378272536766157,1000
sp3,69,species.length2weight.condition.factor.sp14,0.0310425141881944,0.28419358620625,0.376388854343255,1000
sp3,70,species.length2weight.condition.factor.sp15,-0.00751441321458334,0.285705070549306,0.387222427237,1000
sp3,71,species.k.sp0,0.0078490101520832,0.551503979536805,0.723686246405309,1000
sp3,72,species.k.sp1,0.0018777675194446,0.290827219336111,0.383708486488274,1000
sp3,73,species.k.sp2,-0.0217895890673612,0.434150895086806,0.571496446566442,1000
sp3,74,species.k.sp3,0.0747268799958334,2.0033871283125,2.25086562403472,1000
sp3,75,species.k.sp4,0.0120652555479167,0.313471027085417,0.408588854074345,1000
sp3,76,species.k.sp5,-0.0310498921881944,0.337185785402083,0.445127370639885,1000
sp3,77,species.k.sp6,0.00706675349236105,0.297184045350694,0.395837365468734,1000
sp3,78,species.k.sp7,0.00422489761458323,0.280764448995139,0.374296084948477,1000
sp3,79,species.k.sp8,-0.00212351549861101,0.295869671115278,0.398318428262416,1000
sp3,80,species.k.sp9,0.0120408338555554,0.498422879918056,0.638183951245828,1000
sp3,81,species.k.sp10,0.0150462292733796,0.524457075558565,0.660905355961675,1000
sp3,82,species.k.sp11,0.00842608482430542,0.342610160778472,0.450824798356687,1000
sp3,83,species.k.sp12,-0.00286268184513885,0.293894323328472,0.396512146074054,1000
sp3,84,species.k.sp13,-0.010517285270139,0.420285734229861,0.575478298647483,1000
sp3,85,species.k.sp14,-0.00342221582500001,0.286504114108333,0.38079785171528,1000
sp3,86,species.k.sp15,-0.00952942642361113,0.313768166561111,0.416017751050392,1000
sp3,87,species.l0.sp0,-0.00265533024652785,0.310844895924306,0.417198289960224,1000
sp3,88,species.l0.sp1,0.0170459841902778,0.288174183208333,0.383343819114251,1000
sp3,89,species.l0.sp2,0.00729487216111116,0.416210415045833,0.55319060456178,1000
sp3,90,species.l0.sp3,-0.0209373395048611,0.99289464019375,1.15639669580088,1000
sp3,91,species.l0.sp4,-0.00374937217569444,0.320484014846528,0.427243893473632,1000
sp3,92,species.l0.sp5,0.0169715621881945,0.282938606509028,0.375849746973775,1000
sp3,93,species.l0.sp6,9.04743583333305e-05,0.300718475040278,0.407521662672353,1000
sp3,94,species.l0.sp7,-0.0165933671555556,0.288512340890278,0.387527353245378,1000
sp3,95,species.l0.sp8,0.000303136516666694,0.290079604723611,0.382299142981058,1000
sp3,96,species.l0.sp9,0.000976054070833324,0.588883331934722,0.718366276209249,1000
sp3,97,species.l0.sp10,0.0164602912736113,0.815514211497222,1.0020206929352,1000
sp3,98,species.l0.sp11,-0.0255348609395834,0.317579161554861,0.423354532741108,1000
sp3,99,species.l0.sp12,0.0213328301034722,0.287476307207639,0.377126071205465,1000
sp3,100,species.l0.sp13,-0.0140659463923611,0.289601102870139,0.379003855181856,1000
sp3,101,species.l0.sp14,0.0156361129993055,0.296860425667361,0.394843781223901,1000
sp3,102,species.l0.sp15,-0.00794836098680561,0.289935335020139,0.385397691667585,1000
sp3,103,mortality.additional.larva.rate.sp0,0.00547682571041666,0.525431338721528,0.70198085786908,1000
sp3,104,mortality.additional.larva.rate.sp1,0.0195309243791667,0.292137893366667,0.388687453038662,1000
sp3,105,mortality.additional.larva.rate.sp2,-0.00982532918888888,0.802250439725,1.07805803539785,1000
sp3,106,mortality.additional.larva.rate.sp3,0.494821171658334,14.4664260098264,14.7639822091165,1000
sp3,107,mortality.additional.larva.rate.sp4,0.0160204295076389,0.277478691607639,0.359013289843742,1000
sp3,108,mortality.additional.larva.rate.sp5,0.0168521717631946,0.291535050629861,0.394104769767954,1000
sp3,109,mortality.additional.larva.rate.sp6,-0.00626637460555549,0.294656966838889,0.39308339606804,1000
sp3,110,mortality.additional.larva.rate.sp9,-0.01316122255,0.512648613954167,0.638903463594637,1000
sp3,111,mortality.additional.larva.rate.sp10,-0.00299949463819438,1.14155259590069,1.38128039402129,1000
sp3,112,mortality.additional.larva.rate.sp11,0.0026410636145833,0.299600714403472,0.407501296539081,1000
sp3,113,mortality.additional.larva.rate.sp12,-0.00237229513402771,0.306677288920139,0.404307638501025,1000
sp3,114,mortality.additional.larva.rate.sp13,0.0108145692229168,0.282685684229861,0.377158533621877,1000
sp3,115,mortality.additional.larva.rate.sp14,-2.43127159721221e-05,0.281466438404861,0.374273614417774,1000
sp3,116,mortality.additional.larva.rate.sp15,0.0157136326131945,0.337042236061805,0.447630055702021,1000
sp3,117,mortality.additional.larva.rate.mean.sp7,0.00828258357986107,0.285844444865972,0.376794918961129,1000
sp3,118,mortality.additional.larva.rate.mean.sp8,0.00391001289097222,0.290426516124306,0.392949966557389,1000
sp3,119,species.linf.sp0,0.0233777369388888,0.660131064201389,0.893328034166385,1000
sp3,120,species.linf.sp1,0.011927129025,0.294343398309722,0.386649558391458,1000
sp3,121,species.linf.sp2,-0.00518332643888866,0.99200580185,1.29230996123486,1000
sp3,122,species.linf.sp3,-0.0218149256256945,2.5994148276882,3.05746620184019,1000
sp3,123,species.linf.sp4,-0.0149303023706018,0.467355001845602,0.590753697537482,1000
sp3,124,species.linf.sp5,0.0195882906965277,0.793209230649306,1.10162092020001,1000
sp3,125,species.linf.sp6,0.0191188597444445,0.290126165525,0.381210455537901,1000
sp3,126,species.linf.sp7,0.000800529318749929,0.284622662017361,0.381491185623335,1000
sp3,127,species.linf.sp8,0.00190253934791659,0.286249738138194,0.383772603483157,1000
sp3,128,species.linf.sp9,0.00272031475625003,1.34044053623958,1.54123781139536,1000
sp3,129,species.linf.sp10,0.0380391743326389,1.68170640023264,1.99951864584636,1000
sp3,130,species.linf.sp11,0.0202439476215277,0.342081196620139,0.446884119030833,1000
sp3,131,species.linf.sp12,-0.0134235484590278,0.447503414220139,0.550515670709957,1000
sp3,132,species.linf.sp13,0.0158902197902777,0.320357620148611,0.429482816150903,1000
sp3,133,species.linf.sp14,0.0153654323277778,0.304494239486111,0.404142065905704,1000
sp3,134,species.linf.sp15,0.0106975561291666,0.341919760495833,0.459849141686562,1000
sp3,135,species.accessibility2fish.sp16,-0.0112890028854166,0.281128885659028,0.379518042405396,1000
sp3,136,species.accessibility2fish.sp17,-0.0133913658958334,0.291611101988889,0.391204665213166,1000
sp3,137,species.accessibility2fish.sp18,0.00190378207638872,0.290698996943056,0.384236191392267,1000
sp3,138,species.accessibility2fish.sp19,0.00808145167083333,0.277713605030556,0.382371142227992,1000
sp3,139,species.accessibility2fish.sp20,-0.00072594992847229,0.290679045421528,0.381851079913264,1000
sp3,140,species.accessibility2fish.sp21,-0.00795337652083343,0.300443469131945,0.400126498419242,1000
sp3,141,species.accessibility2fish.sp22,0.00860496162847221,0.298577059409028,0.396123079273172,1000
sp3,142,species.accessibility2fish.sp23,-0.00793338943541677,0.286447058454861,0.382687621172439,1000
sp3,143,species.accessibility2fish.sp24,0.0109362074548611,0.327388774285417,0.421583794175171,1000
sp3,144,species.accessibility2fish.sp25,-0.00370360431388892,0.279855315998611,0.380309675501259,1000
sp3,145,species.accessibility2fish.sp26,-0.000852391968750005,0.285020936311805,0.400187548936937,1000
sp3,146,species.maturity.size.ratio.sp0,0.0127551047215277,0.589029378238195,0.800014325141147,1000
sp3,147,species.maturity.size.ratio.sp1,0.0169729847583334,0.289669118861111,0.38562455739407,1000
sp3,148,species.maturity.size.ratio.sp2,0.0144277665631946,0.294600742649306,0.389376786444206,1000
sp3,149,species.maturity.size.ratio.sp3,0.0481638281638889,0.605788319684722,0.812064220848672,1000
sp3,150,species.maturity.size.ratio.sp4,-0.0039112415611111,0.301039475313889,0.399192026021564,1000
sp3,151,species.maturity.size.ratio.sp5,0.00361372334652786,0.298453555890972,0.40167320080436,1000
sp3,152,species.maturity.size.ratio.sp6,-0.00825091324652749,0.288853917124306,0.382840259655353,1000
sp3,153,species.maturity.size.ratio.sp7,-0.0128837689652777,0.282574056459722,0.375736883547367,1000
sp3,154,species.maturity.size.ratio.sp8,0.000651294388888981,0.287013594544444,0.384713015811608,1000
sp3,155,species.maturity.size.ratio.sp9,0.00284567336666673,0.288232877352778,0.391396058878801,1000
sp3,156,species.maturity.size.ratio.sp10,-0.000584102769444404,0.375177990784722,0.489048271131837,1000
sp3,157,species.maturity.size.ratio.sp11,-0.0178400294965278,0.567326669092361,0.69486124933097,1000
sp3,158,species.maturity.size.ratio.sp12,0.0123442316229168,0.299781183649306,0.392456744454881,1000
sp3,159,species.maturity.size.ratio.sp13,-0.0210043562652777,0.564166639886111,0.755369360489433,1000
sp3,160,species.maturity.size.ratio.sp14,-0.0323050115548611,0.294226394578472,0.385859736289869,1000
sp3,161,species.maturity.size.ratio.sp15,-0.0075905589083332,0.352338466715278,0.47907526031655,1000
sp3,162,predation.predPrey.sizeRatio.teta.sp0.stage1,-0.00848813914861104,0.290175253034722,0.38316851812148,1000
sp3,163,predation.predPrey.sizeRatio.alpha.sp0.stage1,-0.00897353204513892,0.357349386474306,0.477776306248576,1000
sp3,164,predation.predPrey.sizeRatio.teta.sp1.stage1,0.0211828700125001,0.295255917765278,0.394658165161815,1000
sp3,165,predation.predPrey.sizeRatio.alpha.sp1.stage1,0.0238854098680553,0.280643527227778,0.384748679060096,1000
sp3,166,predation.predPrey.sizeRatio.teta.sp2.stage1,-0.00941348844722222,0.292784045011111,0.393639505585242,1000
sp3,167,predation.predPrey.sizeRatio.alpha.sp2.stage1,0.00187503664444442,0.496226013675,0.664711049464519,1000
sp3,168,predation.predPrey.sizeRatio.teta.sp3.stage1,0.00254196051666658,0.285804042105556,0.378268600643205,1000
sp3,169,predation.predPrey.sizeRatio.alpha.sp3.stage1,0.00434640093611125,0.397794789845833,0.505839889131,1000
sp3,170,predation.predPrey.sizeRatio.teta.sp4.stage1,0.00554817633611124,0.2934770335,0.388281791063833,1000
sp3,171,predation.predPrey.sizeRatio.alpha.sp4.stage1,0.0100927859812501,0.339413412386805,0.438384453629265,1000
sp3,172,predation.predPrey.sizeRatio.teta.sp5.stage1,5.8484081249917e-05,0.301958773049306,0.40207830108205,1000
sp3,173,predation.predPrey.sizeRatio.teta.sp5.stage2,-0.0614234159194445,0.555034829270833,0.837895990832428,1000
sp3,174,predation.predPrey.sizeRatio.alpha.sp5.stage1,0.00201976560625006,0.287598420778472,0.38576414300868,1000
sp3,175,predation.predPrey.sizeRatio.alpha.sp5.stage2,-0.032738232275,0.449435826213889,0.68190223775914,1000
sp3,176,predation.predPrey.sizeRatio.teta.sp6.stage1,-0.00342131532847226,0.294223596240972,0.393326658285487,1000
sp3,177,predation.predPrey.sizeRatio.alpha.sp6.stage1,-0.0212764313465279,0.286458430800695,0.386993420247429,1000
sp3,178,predation.predPrey.sizeRatio.teta.sp7.stage1,-0.0165261490090277,0.29044348528125,0.391546400245782,1000
sp3,179,predation.predPrey.sizeRatio.alpha.sp7.stage1,0.00142204106527787,0.280743097463889,0.367927640938957,1000
sp3,180,predation.predPrey.sizeRatio.teta.sp8.stage1,0.00920803270624991,0.293030315924305,0.384549054250786,1000
sp3,181,predation.predPrey.sizeRatio.alpha.sp8.stage1,0.00246285195138892,0.291183733827778,0.387865274974051,1000
sp3,182,predation.predPrey.sizeRatio.teta.sp9.stage1,0.0188542218375,0.309506582388889,0.414657313768095,1000
sp3,183,predation.predPrey.sizeRatio.alpha.sp9.stage1,-0.011192084754861,0.642094381847917,0.849312517670667,1000
sp3,184,predation.predPrey.sizeRatio.teta.sp10.stage1,0.0180091869368055,0.302216391813194,0.400941488174037,1000
sp3,185,predation.predPrey.sizeRatio.alpha.sp10.stage1,-0.00660173422708346,0.510065870489583,0.684440857662617,1000
sp3,186,predation.predPrey.sizeRatio.teta.sp11.stage1,-0.00165306889999992,0.303712157777778,0.405061924321464,1000
sp3,187,predation.predPrey.sizeRatio.alpha.sp11.stage1,0.0136715414013889,0.296245585144444,0.400811559557584,1000
sp3,188,predation.predPrey.sizeRatio.teta.sp12.stage1,-0.0114622316909722,0.303708925182639,0.400033280604956,1000
sp3,189,predation.predPrey.sizeRatio.alpha.sp12.stage1,-0.0207587073215277,0.351078342392361,0.460273747738439,1000
sp3,190,predation.predPrey.sizeRatio.teta.sp13.stage1,-0.00353145061111125,0.271378477144444,0.364861755682468,1000
sp3,191,predation.predPrey.sizeRatio.alpha.sp13.stage1,-0.0165393356381946,0.31208449479375,0.417730224333303,1000
sp3,192,predation.predPrey.sizeRatio.teta.sp14.stage1,-0.000633960663194495,0.286995050557639,0.383343357030187,1000
sp3,193,predation.predPrey.sizeRatio.alpha.sp14.stage1,0.00517038753680548,0.280160081886806,0.372952808037392,1000
sp3,194,predation.predPrey.sizeRatio.teta.sp15.stage1,-0.00704705103229144,0.291899910630903,0.386136797437803,1000
sp3,195,predation.predPrey.sizeRatio.alpha.sp15.stage1,-0.0115875333388889,0.296413196070833,0.394928192086185,1000
sp4,1,mortality.additional.rate.sp0,-0.00383423030861113,0.0509001532997223,0.0663827268327278,1000
sp4,2,mortality.additional.rate.sp1,0.000191583338333302,0.0538362174602778,0.0690336291659743,1000
sp4,3,mortality.additional.rate.sp2,0.000705378271111097,0.0612952639580555,0.0788338461152842,1000
sp4,4,mortality.additional.rate.sp3,0.00243522241375001,0.0542356850320833,0.0704309844319648,1000
sp4,5,mortality.additional.rate.sp4,0.00154423943041668,0.0567554496473611,0.0732228275223921,1000
sp4,6,mortality.additional.rate.sp5,0.00141891924708332,0.0570409236473611,0.0733134077629849,1000
sp4,7,mortality.additional.rate.sp6,0.000488943262499981,0.0515247229913889,0.0679907473558093,1000
sp4,8,mortality.additional.rate.sp7,-0.0019627007604167,0.0495933346718056,0.0639239662635112,1000
sp4,9,mortality.additional.rate.sp8,-0.00256618005194442,0.0504432041322222,0.0666981712679781,1000
sp4,10,mortality.additional.rate.sp9,0.00240222580208334,0.0474607148370833,0.0619728938930391,1000
sp4,11,mortality.additional.rate.sp10,0.00589729478819446,0.0517765440879167,0.0671826070896137,1000
sp4,12,mortality.additional.rate.sp11,-0.000923378823888851,0.0510159835519444,0.0681317870125873,1000
sp4,13,mortality.additional.rate.sp12,0.00579542376291667,0.0507601807659722,0.0655100245334714,1000
sp4,14,mortality.additional.rate.sp13,0.000467891541250009,0.0508784026168056,0.0653604069278634,1000
sp4,15,mortality.additional.rate.sp14,-0.00161090054611107,0.0505930678555555,0.0653581204327649,1000
sp4,16,mortality.additional.rate.sp15,-0.0026263777516667,0.0480334120369444,0.0637799008688326,1000
sp4,17,fisheries.rate.base.fsh0,0.00224095569736112,0.0860070866968056,0.110762965740887,1000
sp4,18,fisheries.rate.base.fsh1,-0.000883773176805566,0.0508372450551389,0.0662980207740451,1000
sp4,19,fisheries.rate.base.fsh2,0.00251765314499997,0.050779614935,0.0669065309356237,1000
sp4,20,fisheries.rate.base.fsh3,-0.00191431517958336,0.0536214168029167,0.0688166448081899,1000
sp4,21,species.catchability.fsh0.sp0,-0.00356167155263892,0.0636042215618056,0.0839565856836451,1000
sp4,22,species.catchability.fsh0.sp1,0.00121866940222222,0.0480955002927778,0.0635214208396995,1000
sp4,23,species.catchability.fsh0.sp2,0.00162637478791669,0.0521532800376389,0.0670839557021765,1000
sp4,24,species.catchability.fsh0.sp3,-0.000477009054861128,0.06292105043875,0.0809805088448198,1000
sp4,25,species.catchability.fsh0.sp5,0.00190603755902775,0.0511642533334723,0.0666349459308707,1000
sp4,26,species.catchability.fsh0.sp7,0.000246431098472228,0.0502286162865278,0.0646550268557175,1000
sp4,27,species.catchability.fsh0.sp8,-0.00248774950375,0.04929348393375,0.0646174706950163,1000
sp4,28,species.catchability.fsh0.sp9,-0.00148500885263888,0.0501916402973611,0.0655721850481174,1000
sp4,29,species.catchability.fsh0.sp10,0.00153157924305557,0.0487148412877778,0.0635584653308394,1000
sp4,30,species.catchability.fsh0.sp13,-0.00266965940305557,0.0505363930361111,0.0641701173928106,1000
sp4,31,species.catchability.fsh0.sp14,-0.00174018348194444,0.0472678167480556,0.0619470006540194,1000
sp4,32,species.catchability.fsh0.sp15,-0.00349333579486112,0.05269061354375,0.0696361834846687,1000
sp4,33,species.catchability.fsh1.sp9,-0.00124988459361114,0.0524656518691667,0.0692114064820134,1000
sp4,34,species.catchability.fsh1.sp10,0.00324002883749999,0.0487955313688889,0.0634309796167252,1000
sp4,35,species.catchability.fsh1.sp11,-0.000783890228333371,0.0513108808275,0.0675058939075896,1000
sp4,36,species.catchability.fsh1.sp12,-0.00468274999305556,0.0516410170986111,0.0669911955614106,1000
sp4,37,species.catchability.fsh2.sp0,0.00199881795458333,0.0478908390226389,0.0636587748663123,1000
sp4,38,species.catchability.fsh2.sp5,-0.0052038316283333,0.0521108455797222,0.0689709644625163,1000
sp4,39,species.catchability.fsh2.sp7,-0.00128865110402777,0.0505434547868056,0.0669140522506724,1000
sp4,40,species.catchability.fsh2.sp8,-0.00357603685736113,0.0474658292529167,0.0626391688537319,1000
sp4,41,species.catchability.fsh3.sp0,0.000251787761944421,0.0487957471477778,0.0632699510004305,1000
sp4,42,species.catchability.fsh3.sp1,0.00288340534027776,0.0495314872966666,0.0649984952169795,1000
sp4,43,species.catchability.fsh3.sp2,0.00178877146777777,0.0498284462161111,0.065632839729583,1000
sp4,44,species.catchability.fsh3.sp3,0.000760479810416713,0.0514240218109722,0.0687570718310249,1000
sp4,45,species.catchability.fsh3.sp5,0.00246270861083332,0.0501459137997222,0.0657951764554278,1000
sp4,46,species.catchability.fsh3.sp7,0.000871618370972197,0.0494257594551389,0.0638660075295275,1000
sp4,47,species.catchability.fsh3.sp8,0.0011399645901389,0.0497788004243055,0.0644174131519838,1000
sp4,48,species.catchability.fsh3.sp9,0.00285108108638888,0.0492798452825,0.0645985122969413,1000
sp4,49,species.catchability.fsh3.sp10,0.00134081368750002,0.0516735463008333,0.0665573305723643,1000
sp4,50,species.catchability.fsh3.sp11,0.00387573943750002,0.0505674174055556,0.0659567162986218,1000
sp4,51,species.catchability.fsh3.sp12,0.00017040152694447,0.0511578691536111,0.0671159723456463,1000
sp4,52,species.catchability.fsh3.sp13,0.00258570369555553,0.0493282695675,0.0658624297864845,1000
sp4,53,species.catchability.fsh3.sp14,0.00184852878583336,0.0511315466394444,0.0667392438412392,1000
sp4,54,species.catchability.fsh3.sp15,0.000691479247083367,0.0513926364845833,0.0667048628112373,1000
sp4,55,species.length2weight.condition.factor.sp0,-0.00100747709708334,0.0702221537568055,0.0936057642901091,1000
sp4,56,species.length2weight.condition.factor.sp1,0.000213575582500001,0.0506911617275,0.0661903906582523,1000
sp4,57,species.length2weight.condition.factor.sp2,0.00168070511875,0.0741782570501389,0.0984051171929708,1000
sp4,58,species.length2weight.condition.factor.sp3,0.00395505734750001,0.0551705388772223,0.071017112965318,1000
sp4,59,species.length2weight.condition.factor.sp4,-0.0300441979298611,0.54409809881875,0.550763321281653,1000
sp4,60,species.length2weight.condition.factor.sp5,-0.000878337981111065,0.0492052230133333,0.0636603009090125,1000
sp4,61,species.length2weight.condition.factor.sp6,-0.000896081014305539,0.0518255438448611,0.0691851586048383,1000
sp4,62,species.length2weight.condition.factor.sp7,0.000463498137083324,0.0493867157379167,0.0658088250015584,1000
sp4,63,species.length2weight.condition.factor.sp8,0.00125345273472221,0.0499476425311111,0.0648996085560875,1000
sp4,64,species.length2weight.condition.factor.sp9,0.00073994273305557,0.0591892096813889,0.0757046575077751,1000
sp4,65,species.length2weight.condition.factor.sp10,8.44693538889247e-05,0.0519131883394445,0.0674022913951194,1000
sp4,66,species.length2weight.condition.factor.sp11,-0.000966751778611108,0.0493554887233333,0.0655042495125015,1000
sp4,67,species.length2weight.condition.factor.sp12,0.00297840767291665,0.0504117116893055,0.0656658656234972,1000
sp4,68,species.length2weight.condition.factor.sp13,-0.000210673922083327,0.0511899248009722,0.0648486098822023,1000
sp4,69,species.length2weight.condition.factor.sp14,-0.00327307649569443,0.0512172935856945,0.0659894431418733,1000
sp4,70,species.length2weight.condition.factor.sp15,-0.000822819514027766,0.0585634592229167,0.082918571767601,1000
sp4,71,species.k.sp0,0.00259361498861112,0.205646832463333,0.285632848427394,1000
sp4,72,species.k.sp1,-0.00279377865861111,0.05191022725,0.0684843492102161,1000
sp4,73,species.k.sp2,-9.08663680555013e-06,0.136995971111806,0.173400766373012,1000
sp4,74,species.k.sp3,0.00231973030138889,0.0747383731675,0.100088700418844,1000
sp4,75,species.k.sp4,-0.00692542984,0.448470511074444,0.493583189689027,1000
sp4,76,species.k.sp5,0.000478053728055516,0.0578330284369444,0.0747170849818411,1000
sp4,77,species.k.sp6,0.00213200070805554,0.0514957467811111,0.068002425819715,1000
sp4,78,species.k.sp7,0.00147648627972225,0.0513154830805556,0.0667234576120232,1000
sp4,79,species.k.sp8,0.0019308704061111,0.0513435548130556,0.0662625539055512,1000
sp4,80,species.k.sp9,0.00196930484624996,0.0941277209881944,0.115790688058814,1000
sp4,81,species.k.sp10,0.00279781498672844,0.0531310375378395,0.069187396471042,1000
sp4,82,species.k.sp11,-0.000728700664027754,0.04944818391625,0.0643622227611658,1000
sp4,83,species.k.sp12,-0.000187735225416656,0.0520393641240278,0.0685259845450113,1000
sp4,84,species.k.sp13,-0.00276755439819444,0.340354741999028,0.415601241901502,1000
sp4,85,species.k.sp14,0.00160823142375002,0.0509329557615278,0.0660343688071095,1000
sp4,86,species.k.sp15,-0.00132989855638889,0.0740859544561111,0.119937082015184,1000
sp4,87,species.l0.sp0,0.00092840850277778,0.0654475722658333,0.0876411268218111,1000
sp4,88,species.l0.sp1,0.00322313254083335,0.0533536114941667,0.0687841868664314,1000
sp4,89,species.l0.sp2,0.00327905576347226,0.143843272806528,0.182572634094782,1000
sp4,90,species.l0.sp3,-2.00812179166716e-05,0.0550166138618056,0.0718020660228434,1000
sp4,91,species.l0.sp4,0.00448754700916667,0.356749430971111,0.38689599242011,1000
sp4,92,species.l0.sp5,-0.000468472212638876,0.0508311064070833,0.0657243643754702,1000
sp4,93,species.l0.sp6,-0.00065864416333333,0.0499826338063889,0.0649878678481656,1000
sp4,94,species.l0.sp7,-0.000959018755138894,0.0501221436245833,0.0657368939438924,1000
sp4,95,species.l0.sp8,-0.000553655036666643,0.0506980011105555,0.0678432618917385,1000
sp4,96,species.l0.sp9,0.00548776090138888,0.0952354943536111,0.115326110298624,1000
sp4,97,species.l0.sp10,-0.000304945146527788,0.0583233409043056,0.0757445740848947,1000
sp4,98,species.l0.sp11,0.0031722913123611,0.0488007937559722,0.0636060030268698,1000
sp4,99,species.l0.sp12,-0.000630116480000004,0.0496598109447222,0.065434476592443,1000
sp4,100,species.l0.sp13,0.00157389598138888,0.0529173669266667,0.0684101330801448,1000
sp4,101,species.l0.sp14,0.00124232658666664,0.0505047492094444,0.0654888022500208,1000
sp4,102,species.l0.sp15,-0.00325345206666666,0.0539902860116667,0.0738991964663074,1000
sp4,103,mortality.additional.larva.rate.sp0,-0.00682152430263889,0.161730056367639,0.226568431907503,1000
sp4,104,mortality.additional.larva.rate.sp1,-0.00157347722486112,0.0493261265981944,0.0663116132638137,1000
sp4,105,mortality.additional.larva.rate.sp2,-0.0025933144795833,0.512516664029028,0.603303413955128,1000
sp4,106,mortality.additional.larva.rate.sp3,-0.00316736390833335,0.132003509995,0.174395433746955,1000
sp4,107,mortality.additional.larva.rate.sp4,-0.00284324409541668,0.05337060840125,0.0689052490931127,1000
sp4,108,mortality.additional.larva.rate.sp5,-0.00151000722347223,0.0497868303868055,0.0632773163754585,1000
sp4,109,mortality.additional.larva.rate.sp6,-0.00171634915861109,0.0509921095911111,0.0657177946093756,1000
sp4,110,mortality.additional.larva.rate.sp9,-0.0167804877391667,0.185859779388889,0.214169437426112,1000
sp4,111,mortality.additional.larva.rate.sp10,0.00297454989319445,0.0716527725481944,0.0936291869441886,1000
sp4,112,mortality.additional.larva.rate.sp11,-0.0040645047936111,0.0508880467530555,0.0673921590305578,1000
sp4,113,mortality.additional.larva.rate.sp12,0.00120025173722221,0.0502644199769445,0.0658470748539811,1000
sp4,114,mortality.additional.larva.rate.sp13,0.00118196122430556,0.0529619421731945,0.068832035231388,1000
sp4,115,mortality.additional.larva.rate.sp14,-0.00283016756361111,0.0505829074838889,0.0659573673398015,1000
sp4,116,mortality.additional.larva.rate.sp15,-0.00426278793986115,0.08000520761625,0.123231969909343,1000
sp4,117,mortality.additional.larva.rate.mean.sp7,0.00100180115291668,0.0497143415718056,0.063153001007871,1000
sp4,118,mortality.additional.larva.rate.mean.sp8,-0.00121446550652776,0.05021214288125,0.0644675738954193,1000
sp4,119,species.linf.sp0,0.0221447265744444,0.258994379089444,0.374404785427535,1000
sp4,120,species.linf.sp1,0.00260969088625004,0.0513427774076389,0.0674469512104831,1000
sp4,121,species.linf.sp2,-0.00502442318583333,0.408646947737778,0.48608251253201,1000
sp4,122,species.linf.sp3,0.007391620845,0.20179140086,0.259148998332775,1000
sp4,123,species.linf.sp4,0.0124982859975772,0.765833354781034,0.851944023295807,1000
sp4,124,species.linf.sp5,-0.000316885469444432,0.102658518005556,0.136527785612448,1000
sp4,125,species.linf.sp6,-0.00121323961208332,0.0504329436673611,0.0660508078061322,1000
sp4,126,species.linf.sp7,0.00357047765569444,0.0500139314723612,0.0643779187459587,1000
sp4,127,species.linf.sp8,-0.000351259831805567,0.0548641069909722,0.0707603476621213,1000
sp4,128,species.linf.sp9,0.00307077714611112,0.251464932528056,0.29510091251436,1000
sp4,129,species.linf.sp10,0.00157943539541668,0.0847521736726389,0.112064058589508,1000
sp4,130,species.linf.sp11,0.00120629913249998,0.0559803264086111,0.0716688511508698,1000
sp4,131,species.linf.sp12,0.000357209417638882,0.0598163947140278,0.0782617745636122,1000
sp4,132,species.linf.sp13,0.00111918908499995,0.137901139374444,0.175147131398965,1000
sp4,133,species.linf.sp14,-0.000315437306527746,0.0505999079006945,0.0656510040930953,1000
sp4,134,species.linf.sp15,0.0102643089791666,0.102366807303056,0.163660864779542,1000
sp4,135,species.accessibility2fish.sp16,0.00253049504263893,0.0490298613359722,0.063338888580466,1000
sp4,136,species.accessibility2fish.sp17,-0.00211974847000001,0.0494106307761111,0.0645879856334403,1000
sp4,137,species.accessibility2fish.sp18,0.00198708816055555,0.0497608392302778,0.066379887469318,1000
sp4,138,species.accessibility2fish.sp19,0.0003416046063889,0.0488705301972222,0.0635788236012948,1000
sp4,139,species.accessibility2fish.sp20,-0.000243160439861111,0.0505682816848611,0.0665289010576838,1000
sp4,140,species.accessibility2fish.sp21,0.00204133991638887,0.0542597676619445,0.0697154187029189,1000
sp4,141,species.accessibility2fish.sp22,0.000683996682638905,0.0525745433451389,0.0683411699049835,1000
sp4,142,species.accessibility2fish.sp23,0.00210607319611111,0.0514576032113889,0.0669637451219521,1000
sp4,143,species.accessibility2fish.sp24,0.00238733303861109,0.0807766692269444,0.102425027138975,1000
sp4,144,species.accessibility2fish.sp25,0.000181400014444427,0.0517198504588889,0.0701614759370009,1000
sp4,145,species.accessibility2fish.sp26,-0.00112478139666668,0.0518759162911111,0.0667728236692578,1000
sp4,146,species.maturity.size.ratio.sp0,-0.00963058013555555,0.190215978545833,0.287621838396572,1000
sp4,147,species.maturity.size.ratio.sp1,0.00167954907069445,0.0528190620776389,0.0714835899169298,1000
sp4,148,species.maturity.size.ratio.sp2,-9.6659173333339e-05,0.0529728489227778,0.0702487047985735,1000
sp4,149,species.maturity.size.ratio.sp3,-0.00224012544680552,0.0497637574534722,0.0666585342435451,1000
sp4,150,species.maturity.size.ratio.sp4,-0.0163858549575,0.635669890856389,0.678824398593055,1000
sp4,151,species.maturity.size.ratio.sp5,-0.00166825351680556,0.0499935205068056,0.0642452883786315,1000
sp4,152,species.maturity.size.ratio.sp6,-0.000514205598472216,0.0494842172018055,0.0647750485418927,1000
sp4,153,species.maturity.size.ratio.sp7,0.00133648733847224,0.0500756023940278,0.064756821598248,1000
sp4,154,species.maturity.size.ratio.sp8,0.0031182619436111,0.0499885830033333,0.0642910087200186,1000
sp4,155,species.maturity.size.ratio.sp9,-0.00173410685194443,0.0552765285702778,0.0703340529501425,1000
sp4,156,species.maturity.size.ratio.sp10,-0.000532326786250005,0.0515953199640278,0.0672551355519129,1000
sp4,157,species.maturity.size.ratio.sp11,-0.000605070503333352,0.0596386481813889,0.0746477138901727,1000
sp4,158,species.maturity.size.ratio.sp12,-0.00396192599347223,0.0532860399915277,0.0683056821485042,1000
sp4,159,species.maturity.size.ratio.sp13,-0.0196781910811111,0.543888487006667,0.620626669199652,1000
sp4,160,species.maturity.size.ratio.sp14,-0.00320855552208333,0.0511522695026389,0.0661516027839935,1000
sp4,161,species.maturity.size.ratio.sp15,0.00135293315208335,0.0848538298543055,0.136899809615013,1000
sp4,162,predation.predPrey.sizeRatio.teta.sp0.stage1,0.000887137543055571,0.0519301781813889,0.0693955134529616,1000
sp4,163,predation.predPrey.sizeRatio.alpha.sp0.stage1,-0.00613308102555557,0.148083857378333,0.209346442110796,1000
sp4,164,predation.predPrey.sizeRatio.teta.sp1.stage1,0.000690854669166662,0.0498422102227778,0.0655555424298076,1000
sp4,165,predation.predPrey.sizeRatio.alpha.sp1.stage1,0.00219052901277774,0.0510845626861111,0.0659567509116675,1000
sp4,166,predation.predPrey.sizeRatio.teta.sp2.stage1,-0.000200381283472224,0.0516173707884722,0.0678357629166445,1000
sp4,167,predation.predPrey.sizeRatio.alpha.sp2.stage1,0.00258863928361106,0.135100990793611,0.180753729611295,1000
sp4,168,predation.predPrey.sizeRatio.teta.sp3.stage1,-0.0016526779509722,0.0506468612329167,0.0655916141188442,1000
sp4,169,predation.predPrey.sizeRatio.alpha.sp3.stage1,-0.00151490696097223,0.125142271204028,0.166478864847496,1000
sp4,170,predation.predPrey.sizeRatio.teta.sp4.stage1,-0.00351683384597221,0.134748309868472,0.212918943259709,1000
sp4,171,predation.predPrey.sizeRatio.alpha.sp4.stage1,-0.0320415007422222,0.645443875558611,0.701837488167799,1000
sp4,172,predation.predPrey.sizeRatio.teta.sp5.stage1,-0.000410424792361104,0.0507685429523612,0.065539085784011,1000
sp4,173,predation.predPrey.sizeRatio.teta.sp5.stage2,-0.00154306517361108,0.0706694582941667,0.0914651139580184,1000
sp4,174,predation.predPrey.sizeRatio.alpha.sp5.stage1,-0.00200709763430557,0.0495020691870833,0.0642732922087014,1000
sp4,175,predation.predPrey.sizeRatio.alpha.sp5.stage2,-0.000606075095694469,0.0524722582251389,0.0692251383850638,1000
sp4,176,predation.predPrey.sizeRatio.teta.sp6.stage1,-0.00284075823305558,0.0522577520033334,0.0699168509222112,1000
sp4,177,predation.predPrey.sizeRatio.alpha.sp6.stage1,0.0017047321277778,0.0502851887202778,0.0653756655667065,1000
sp4,178,predation.predPrey.sizeRatio.teta.sp7.stage1,-0.00244090493597225,0.0492061152595833,0.0629327467389979,1000
sp4,179,predation.predPrey.sizeRatio.alpha.sp7.stage1,-0.00250834681125,0.05112945952625,0.066452301028535,1000
sp4,180,predation.predPrey.sizeRatio.teta.sp8.stage1,-0.0015537157173611,0.0520325527118055,0.0686709863852516,1000
sp4,181,predation.predPrey.sizeRatio.alpha.sp8.stage1,0.000511227792638861,0.0563749440401389,0.0716376609423191,1000
sp4,182,predation.predPrey.sizeRatio.teta.sp9.stage1,-0.00208616138013891,0.0496827719315278,0.0640752877353589,1000
sp4,183,predation.predPrey.sizeRatio.alpha.sp9.stage1,-0.00132485369333334,0.123758918824722,0.158052789095052,1000
sp4,184,predation.predPrey.sizeRatio.teta.sp10.stage1,-0.00162480232249999,0.0490397217975,0.0649129779875484,1000
sp4,185,predation.predPrey.sizeRatio.alpha.sp10.stage1,0.00084645271569442,0.0643692559834722,0.0843398191993099,1000
sp4,186,predation.predPrey.sizeRatio.teta.sp11.stage1,-0.000582189650972234,0.0497189783018056,0.0652267792490097,1000
sp4,187,predation.predPrey.sizeRatio.alpha.sp11.stage1,0.00123796423333335,0.0543845103355556,0.0700898258446073,1000
sp4,188,predation.predPrey.sizeRatio.teta.sp12.stage1,-0.00229243039666663,0.0512945246975,0.0682184459571136,1000
sp4,189,predation.predPrey.sizeRatio.alpha.sp12.stage1,-0.00185073816569448,0.0551296492104167,0.0706466654342449,1000
sp4,190,predation.predPrey.sizeRatio.teta.sp13.stage1,0.00105901903722221,0.0505483143083333,0.0652384480093949,1000
sp4,191,predation.predPrey.sizeRatio.alpha.sp13.stage1,0.00627438602486112,0.143204973452917,0.185384217404552,1000
sp4,192,predation.predPrey.sizeRatio.teta.sp14.stage1,0.00241499444277775,0.0518018355788889,0.0686411096528774,1000
sp4,193,predation.predPrey.sizeRatio.alpha.sp14.stage1,-0.0009138864359722,0.0508234125709722,0.0671640616719631,1000
sp4,194,predation.predPrey.sizeRatio.teta.sp15.stage1,-0.00261234579375001,0.0503920050715278,0.0656769513241976,1000
sp4,195,predation.predPrey.sizeRatio.alpha.sp15.stage1,0.000118857469305586,0.0552990523954167,0.0721769280491914,1000
sp5,1,mortality.additional.rate.sp0,-0.0109492178347222,0.143753020843056,0.302425361080454,1000
sp5,2,mortality.additional.rate.sp1,0.00235174671666655,0.151053175466667,0.341968888135806,1000
sp5,3,mortality.additional.rate.sp2,-5.93395833321075e-06,0.142752339216667,0.305899543636842,1000
sp5,4,mortality.additional.rate.sp3,0.0124425105291666,0.153975590776389,0.322509100773345,1000
sp5,5,mortality.additional.rate.sp4,0.00539993263055535,0.136611043391667,0.282636105996781,1000
sp5,6,mortality.additional.rate.sp5,-0.00342997517916674,0.172088595106944,0.304275239158926,1000
sp5,7,mortality.additional.rate.sp6,0.00218717303194429,0.141948964334722,0.320250384523726,1000
sp5,8,mortality.additional.rate.sp7,0.0135991123916666,0.140367837944445,0.287860348773105,1000
sp5,9,mortality.additional.rate.sp8,0.00104555674027783,0.1461877559625,0.311721146570282,1000
sp5,10,mortality.additional.rate.sp9,0.012184193573611,0.147325636393056,0.277352717174542,1000
sp5,11,mortality.additional.rate.sp10,-0.00291019212847213,0.152382822224305,0.337575614637088,1000
sp5,12,mortality.additional.rate.sp11,0.00978854454861114,0.135035181331944,0.272020084460633,1000
sp5,13,mortality.additional.rate.sp12,0.00245422548194428,0.154105288545833,0.367654803945701,1000
sp5,14,mortality.additional.rate.sp13,-0.00839116939305547,0.144872745023611,0.288776370751713,1000
sp5,15,mortality.additional.rate.sp14,-0.0304774659680557,0.154788018554167,0.367046759145524,1000
sp5,16,mortality.additional.rate.sp15,-0.0161715313861111,0.146664616097222,0.327899254545912,1000
sp5,17,fisheries.rate.base.fsh0,0.00425777693055521,0.162666413213889,0.315206019160021,1000
sp5,18,fisheries.rate.base.fsh1,-0.00289586814027771,0.1475620342875,0.387340699982101,1000
sp5,19,fisheries.rate.base.fsh2,-0.0122414198861111,0.153923003091667,0.306856712892303,1000
sp5,20,fisheries.rate.base.fsh3,-0.00564690217777798,0.144634192830556,0.312230216838136,1000
sp5,21,species.catchability.fsh0.sp0,-0.000651268236110935,0.143425940544445,0.294347910648078,1000
sp5,22,species.catchability.fsh0.sp1,0.0117581526319446,0.161195327348611,0.343933338131966,1000
sp5,23,species.catchability.fsh0.sp2,-0.0013882051263891,0.150647513926389,0.314259230492637,1000
sp5,24,species.catchability.fsh0.sp3,0.010045231836111,0.157501561505556,0.361567354691563,1000
sp5,25,species.catchability.fsh0.sp5,-0.00118811585277769,0.142463017316667,0.26278792795751,1000
sp5,26,species.catchability.fsh0.sp7,-0.0118558603722222,0.149970699841667,0.33017894878423,1000
sp5,27,species.catchability.fsh0.sp8,-0.0020620006166666,0.135455513375,0.271061589424474,1000
sp5,28,species.catchability.fsh0.sp9,0.0079843170555556,0.136797043716667,0.276452765983722,1000
sp5,29,species.catchability.fsh0.sp10,-0.00299420126250006,0.159362151793056,0.344388858703746,1000
sp5,30,species.catchability.fsh0.sp13,-0.0114886803305557,0.141594667433333,0.31124207336042,1000
sp5,31,species.catchability.fsh0.sp14,-0.00435028763750012,0.143510754809722,0.329335598934912,1000
sp5,32,species.catchability.fsh0.sp15,0.0120861187902775,0.130052037840278,0.249080972353518,1000
sp5,33,species.catchability.fsh1.sp9,0.00487886240138893,0.143949460831944,0.297779027976449,1000
sp5,34,species.catchability.fsh1.sp10,0.00677059532916684,0.151672508876389,0.306737007438462,1000
sp5,35,species.catchability.fsh1.sp11,-0.0021467805041669,0.137885063448611,0.276195734004292,1000
sp5,36,species.catchability.fsh1.sp12,0.0100462967013886,0.1391670854875,0.288871769680237,1000
sp5,37,species.catchability.fsh2.sp0,-0.00830211697777775,0.146361518158334,0.309594513849953,1000
sp5,38,species.catchability.fsh2.sp5,-0.0193594526805555,0.154091493344445,0.301455260204748,1000
sp5,39,species.catchability.fsh2.sp7,-0.0087034934194442,0.131587925972222,0.305234204120981,1000
sp5,40,species.catchability.fsh2.sp8,-0.0135257562513888,0.130425723059722,0.255977952306519,1000
sp5,41,species.catchability.fsh3.sp0,0.0103363158111111,0.131373325397222,0.261159802357059,1000
sp5,42,species.catchability.fsh3.sp1,-0.0071331820097221,0.132459343206944,0.290261222314628,1000
sp5,43,species.catchability.fsh3.sp2,0.0179460720833333,0.134230811827778,0.274949596909361,1000
sp5,44,species.catchability.fsh3.sp3,-0.0219007502097222,0.1498093898875,0.343585896912922,1000
sp5,45,species.catchability.fsh3.sp5,0.0113183991277779,0.147005905841666,0.296619213972524,1000
sp5,46,species.catchability.fsh3.sp7,-0.00227279112083319,0.152731849404167,0.305754991605861,1000
sp5,47,species.catchability.fsh3.sp8,-0.0136603317472223,0.145700507886111,0.286242747294818,1000
sp5,48,species.catchability.fsh3.sp9,0.0145099733430557,0.142008175915278,0.322809709340554,1000
sp5,49,species.catchability.fsh3.sp10,-0.00010703043750005,0.164976042126389,0.43360373525699,1000
sp5,50,species.catchability.fsh3.sp11,0.0101632105944443,0.146297642575,0.298778147700612,1000
sp5,51,species.catchability.fsh3.sp12,0.0149038645874999,0.145110636951389,0.342460534382749,1000
sp5,52,species.catchability.fsh3.sp13,0.0050199935916667,0.136276755805555,0.296363795885698,1000
sp5,53,species.catchability.fsh3.sp14,7.7682879166499e-05,0.138357091026389,0.299591519110318,1000
sp5,54,species.catchability.fsh3.sp15,0.0121448535638889,0.136395027747222,0.273333084065198,1000
sp5,55,species.length2weight.condition.factor.sp0,0.0236706155874998,0.157154180059722,0.344428987657302,1000
sp5,56,species.length2weight.condition.factor.sp1,-0.0024651189791668,0.133999680198611,0.285532275824199,1000
sp5,57,species.length2weight.condition.factor.sp2,-0.00870272268055549,0.140512678677778,0.298817613340868,1000
sp5,58,species.length2weight.condition.factor.sp3,-0.00806317046111087,0.145580432452778,0.310809448982693,1000
sp5,59,species.length2weight.condition.factor.sp4,-0.00905784405555572,0.130325384952778,0.262890854633927,1000
sp5,60,species.length2weight.condition.factor.sp5,0.00850030374861083,0.161249975415278,0.316013211920906,1000
sp5,61,species.length2weight.condition.factor.sp6,0.00372138166944451,0.142673254169445,0.28944775358955,1000
sp5,62,species.length2weight.condition.factor.sp7,-0.00299763586111122,0.148166819733333,0.326185128259622,1000
sp5,63,species.length2weight.condition.factor.sp8,0.00612028148472208,0.145389852698611,0.279391581129876,1000
sp5,64,species.length2weight.condition.factor.sp9,-0.000625034793055356,0.139995273006944,0.292065106505046,1000
sp5,65,species.length2weight.condition.factor.sp10,0.00758332014027788,0.157104438798611,0.337574026301928,1000
sp5,66,species.length2weight.condition.factor.sp11,0.00430706856805567,0.132108204715278,0.278170004931101,1000
sp5,67,species.length2weight.condition.factor.sp12,-0.00757833506111102,0.15916076155,0.340730282010007,1000
sp5,68,species.length2weight.condition.factor.sp13,-0.0045828145902776,0.154064326256945,0.331708298993307,1000
sp5,69,species.length2weight.condition.factor.sp14,-0.00113558295277779,0.133451644258334,0.272777795756953,1000
sp5,70,species.length2weight.condition.factor.sp15,-0.00565469319722233,0.148616961636111,0.320336965166119,1000
sp5,71,species.k.sp0,-0.00354788050555535,0.184798964194445,0.388419180259253,1000
sp5,72,species.k.sp1,-0.00589737107361106,0.141159614779167,0.314273739972187,1000
sp5,73,species.k.sp2,0.0162049683055555,0.177492814430555,0.392641480912219,1000
sp5,74,species.k.sp3,0.0335863897152775,0.189234228681944,0.434914811729256,1000
sp5,75,species.k.sp4,-0.00591412974444428,0.167166652975,0.363039966870637,1000
sp5,76,species.k.sp5,0.112135277965278,1.21596385414583,1.74699842377723,1000
sp5,77,species.k.sp6,0.0155508418527778,0.151426185419445,0.340793205889445,1000
sp5,78,species.k.sp7,0.0014018795388888,0.140709381963889,0.308918577903238,1000
sp5,79,species.k.sp8,-0.0104643075541666,0.141513942684722,0.312670710350898,1000
sp5,80,species.k.sp9,0.00173271161388891,0.173759672255556,0.387299013853695,1000
sp5,81,species.k.sp10,0.00594280131018499,0.17553250955463,0.353151208507752,1000
sp5,82,species.k.sp11,-0.00133143071250018,0.1374994348875,0.255313129853052,1000
sp5,83,species.k.sp12,-0.00401033211250019,0.1395659199375,0.277243985796618,1000
sp5,84,species.k.sp13,-0.00990983051527788,0.196283635829167,0.483683690646519,1000
sp5,85,species.k.sp14,-0.000697076644444401,0.144033520944444,0.286362959848356,1000
sp5,86,species.k.sp15,0.00341485877638884,0.153457491415278,0.365019232993083,1000
sp5,87,species.l0.sp0,-0.00089243239166659,0.158222875513889,0.372928771584076,1000
sp5,88,species.l0.sp1,0.00287434382083354,0.135291815623611,0.266945969840199,1000
sp5,89,species.l0.sp2,-0.0116892713680554,0.188013945748611,0.503390437317975,1000
sp5,90,species.l0.sp3,0.00437154512083328,0.146175569273611,0.32180996106357,1000
sp5,91,species.l0.sp4,-0.00434089815833326,0.156259879572222,0.344722058371607,1000
sp5,92,species.l0.sp5,-0.0251666237861111,0.372423280541667,0.622902796801424,1000
sp5,93,species.l0.sp6,-0.00275007209166674,0.150436719513889,0.302287898117953,1000
sp5,94,species.l0.sp7,0.0117221973847224,0.136887483726389,0.324940616394677,1000
sp5,95,species.l0.sp8,-0.00119754802222225,0.136976189194444,0.293028413914834,1000
sp5,96,species.l0.sp9,0.00912581650555557,0.220565339827778,0.453053257268327,1000
sp5,97,species.l0.sp10,-0.00578785259305549,0.285334019298611,0.702047086154162,1000
sp5,98,species.l0.sp11,-0.00551681717222216,0.161425529066667,0.341862256787078,1000
sp5,99,species.l0.sp12,0.00119908325833356,0.131250420272222,0.274891716442618,1000
sp5,100,species.l0.sp13,-0.0149509813638888,0.153210029972222,0.341332410460752,1000
sp5,101,species.l0.sp14,0.00145759975277777,0.142823124033333,0.320517077875745,1000
sp5,102,species.l0.sp15,0.0136450391097225,0.136033940981945,0.281823109257637,1000
sp5,103,mortality.additional.larva.rate.sp0,0.0245730686736114,0.186064394259722,0.488898799744504,1000
sp5,104,mortality.additional.larva.rate.sp1,-0.0046618881263889,0.145194187551389,0.312322582872936,1000
sp5,105,mortality.additional.larva.rate.sp2,-0.0132114933319443,0.319270753734722,0.816645918293897,1000
sp5,106,mortality.additional.larva.rate.sp3,-0.0552997054847224,0.330049882020833,0.871902419662793,1000
sp5,107,mortality.additional.larva.rate.sp4,0.00134308419583345,0.147575359876389,0.302699459554317,1000
sp5,108,mortality.additional.larva.rate.sp5,0.0292439345138887,0.758253284327778,1.55606755745649,1000
sp5,109,mortality.additional.larva.rate.sp6,0.00362299482222211,0.133539334405556,0.255164903088216,1000
sp5,110,mortality.additional.larva.rate.sp9,-0.0259029909347222,0.232059891301389,0.493364853086575,1000
sp5,111,mortality.additional.larva.rate.sp10,0.0273253426736108,0.346482226893056,0.770417468009344,1000
sp5,112,mortality.additional.larva.rate.sp11,-0.00545475604722236,0.138000452644444,0.28352633043546,1000
sp5,113,mortality.additional.larva.rate.sp12,0.00618834108472218,0.1534697019625,0.343503268486413,1000
sp5,114,mortality.additional.larva.rate.sp13,-0.000562834873611218,0.127860485851389,0.231748296656213,1000
sp5,115,mortality.additional.larva.rate.sp14,0.00584108557083312,0.140143222673611,0.30660339990728,1000
sp5,116,mortality.additional.larva.rate.sp15,-0.00273752144166678,0.131359285147222,0.243326683301045,1000
sp5,117,mortality.additional.larva.rate.mean.sp7,-0.0122605042194445,0.140855465838889,0.293080788441308,1000
sp5,118,mortality.additional.larva.rate.mean.sp8,-0.00642816757916629,0.146432394256945,0.311338194428428,1000
sp5,119,species.linf.sp0,-0.0122140497986112,0.185687277251389,0.357759245240028,1000
sp5,120,species.linf.sp1,0.00974590890972242,0.140619518890278,0.280310852997468,1000
sp5,121,species.linf.sp2,-0.0195506056569444,0.344708636154167,0.921164764771611,1000
sp5,122,species.linf.sp3,0.0498645466277778,0.352552170036111,0.782774906732081,1000
sp5,123,species.linf.sp4,-0.027509928233796,0.237386415897685,0.510987190342698,1000
sp5,124,species.linf.sp5,-0.133742588923611,12.9243354411597,13.0656830122372,1000
sp5,125,species.linf.sp6,0.00851557059305563,0.135750961470833,0.289951502254923,1000
sp5,126,species.linf.sp7,0.0207256907277779,0.150836512555556,0.372877066673516,1000
sp5,127,species.linf.sp8,0.00486852224444434,0.160024692216667,0.336918496682595,1000
sp5,128,species.linf.sp9,-0.0125366299041667,0.331524220893056,0.693928518934426,1000
sp5,129,species.linf.sp10,-0.0156812111652775,0.504287197584722,1.13855085701391,1000
sp5,130,species.linf.sp11,0.0162246036069445,0.1617466379375,0.345519670694811,1000
sp5,131,species.linf.sp12,-0.0109252361458334,0.188720275051389,0.420855914875846,1000
sp5,132,species.linf.sp13,0.00382956039861092,0.166240535931944,0.350111361177373,1000
sp5,133,species.linf.sp14,-0.0175335376805553,0.145632853897222,0.315943896212401,1000
sp5,134,species.linf.sp15,-0.00639976883194432,0.1371778069375,0.258347040286584,1000
sp5,135,species.accessibility2fish.sp16,0.0121947075541667,0.129400304026389,0.252831206696313,1000
sp5,136,species.accessibility2fish.sp17,-0.00407512452083352,0.147626390693055,0.308893990847482,1000
sp5,137,species.accessibility2fish.sp18,-0.0095670585500004,0.148701710052778,0.303327127054697,1000
sp5,138,species.accessibility2fish.sp19,0.000133465606944734,0.135592903551389,0.259946249788996,1000
sp5,139,species.accessibility2fish.sp20,-0.00109387786666684,0.161855551452778,0.317947006251923,1000
sp5,140,species.accessibility2fish.sp21,-0.0035628453875001,0.155100942645834,0.344903446280536,1000
sp5,141,species.accessibility2fish.sp22,0.00315141913333355,0.138329958161111,0.256968268848306,1000
sp5,142,species.accessibility2fish.sp23,-0.0017343949583335,0.157056251158333,0.325128919792345,1000
sp5,143,species.accessibility2fish.sp24,-0.00706497081111089,0.1522352867,0.303430514391308,1000
sp5,144,species.accessibility2fish.sp25,-0.00151409124999966,0.142005986383333,0.318850818620504,1000
sp5,145,species.accessibility2fish.sp26,0.00130217057638884,0.126884831354167,0.259823721805572,1000
sp5,146,species.maturity.size.ratio.sp0,-0.0103957493402778,0.183420764731945,0.474232853028351,1000
sp5,147,species.maturity.size.ratio.sp1,-0.00930803275694422,0.139863983748611,0.272829244418372,1000
sp5,148,species.maturity.size.ratio.sp2,-0.0212222849027775,0.141306022083333,0.291876258182318,1000
sp5,149,species.maturity.size.ratio.sp3,0.0110692285277778,0.148198995194444,0.302901569488413,1000
sp5,150,species.maturity.size.ratio.sp4,0.0141268876000001,0.148717299305556,0.330183365166833,1000
sp5,151,species.maturity.size.ratio.sp5,-0.0184087220527778,0.406007129986111,0.928155484388351,1000
sp5,152,species.maturity.size.ratio.sp6,-0.0151074717694446,0.134942577447222,0.272479363341414,1000
sp5,153,species.maturity.size.ratio.sp7,-0.000506356005555277,0.132164517625,0.275596108316563,1000
sp5,154,species.maturity.size.ratio.sp8,-0.00564543466666688,0.134890104611111,0.324992738448088,1000
sp5,155,species.maturity.size.ratio.sp9,0.0121351110416666,0.148192209530555,0.309140924085285,1000
sp5,156,species.maturity.size.ratio.sp10,-0.00910563749861091,0.168906666823611,0.347416465416755,1000
sp5,157,species.maturity.size.ratio.sp11,-0.0107594207777777,0.186676150811111,0.409542002912602,1000
sp5,158,species.maturity.size.ratio.sp12,0.00299971299444426,0.137853223627778,0.305877172511151,1000
sp5,159,species.maturity.size.ratio.sp13,0.0381787110736112,0.242341303468056,0.515074925618961,1000
sp5,160,species.maturity.size.ratio.sp14,-0.0222084417041668,0.1351205666125,0.268190301844994,1000
sp5,161,species.maturity.size.ratio.sp15,0.0103604378888885,0.149036609497222,0.296927835971532,1000
sp5,162,predation.predPrey.sizeRatio.teta.sp0.stage1,0.00580617886527778,0.139000765390278,0.322288388411093,1000
sp5,163,predation.predPrey.sizeRatio.alpha.sp0.stage1,0.00424705860833318,0.142739894791667,0.297316617200539,1000
sp5,164,predation.predPrey.sizeRatio.teta.sp1.stage1,0.00468459760416669,0.126095032593056,0.227339924999219,1000
sp5,165,predation.predPrey.sizeRatio.alpha.sp1.stage1,0.00159056016388869,0.145279874463889,0.331554401887247,1000
sp5,166,predation.predPrey.sizeRatio.teta.sp2.stage1,-0.0102229810375001,0.141692354776389,0.276777673662549,1000
sp5,167,predation.predPrey.sizeRatio.alpha.sp2.stage1,-0.003164654461111,0.153937423830556,0.313402593593204,1000
sp5,168,predation.predPrey.sizeRatio.teta.sp3.stage1,-0.0118947177125002,0.144410526565278,0.292626950925594,1000
sp5,169,predation.predPrey.sizeRatio.alpha.sp3.stage1,0.00789948822638914,0.326066363534722,0.532602173305623,1000
sp5,170,predation.predPrey.sizeRatio.teta.sp4.stage1,0.00382611208194458,0.137020455784722,0.281264650411698,1000
sp5,171,predation.predPrey.sizeRatio.alpha.sp4.stage1,-0.00260132164444446,0.180223948644445,0.476970197598472,1000
sp5,172,predation.predPrey.sizeRatio.teta.sp5.stage1,0.00879512388611125,0.320610871738889,1.06086911474374,1000
sp5,173,predation.predPrey.sizeRatio.teta.sp5.stage2,-0.0278303795972222,0.627843819516667,1.02026704356374,1000
sp5,174,predation.predPrey.sizeRatio.alpha.sp5.stage1,-0.00344395064027768,0.378976577223611,1.05269287646323,1000
sp5,175,predation.predPrey.sizeRatio.alpha.sp5.stage2,0.0268180953347222,0.718788961284722,0.919807732140912,1000
sp5,176,predation.predPrey.sizeRatio.teta.sp6.stage1,0.0128706619902779,0.152402072015278,0.355415361945014,1000
sp5,177,predation.predPrey.sizeRatio.alpha.sp6.stage1,-0.0138915684055559,0.141562809130556,0.29072990028846,1000
sp5,178,predation.predPrey.sizeRatio.teta.sp7.stage1,0.00807893115555572,0.153035220333333,0.301509421905122,1000
sp5,179,predation.predPrey.sizeRatio.alpha.sp7.stage1,0.000631637086111301,0.14359430365,0.295534811888126,1000
sp5,180,predation.predPrey.sizeRatio.teta.sp8.stage1,-0.00227724256666644,0.130681161177778,0.256809536197659,1000
sp5,181,predation.predPrey.sizeRatio.alpha.sp8.stage1,0.00452156815833323,0.146272448194445,0.293196719368751,1000
sp5,182,predation.predPrey.sizeRatio.teta.sp9.stage1,0.0148533422138888,0.149668188833334,0.311027461598438,1000
sp5,183,predation.predPrey.sizeRatio.alpha.sp9.stage1,-0.00426588934722228,0.194265698413889,0.386962843420136,1000
sp5,184,predation.predPrey.sizeRatio.teta.sp10.stage1,0.000502946606944621,0.134663150679167,0.286318618474637,1000
sp5,185,predation.predPrey.sizeRatio.alpha.sp10.stage1,-0.00511345770833341,0.164597383358333,0.378798176042076,1000
sp5,186,predation.predPrey.sizeRatio.teta.sp11.stage1,-0.00807220220138891,0.127574292640278,0.260681608826663,1000
sp5,187,predation.predPrey.sizeRatio.alpha.sp11.stage1,0.00895587849722198,0.136348428475,0.277522816870722,1000
sp5,188,predation.predPrey.sizeRatio.teta.sp12.stage1,0.00256113805694447,0.156303186773611,0.348762312892602,1000
sp5,189,predation.predPrey.sizeRatio.alpha.sp12.stage1,0.00323806279027784,0.163691720276389,0.348940341544744,1000
sp5,190,predation.predPrey.sizeRatio.teta.sp13.stage1,0.0058910058861109,0.142798353211111,0.285889745015747,1000
sp5,191,predation.predPrey.sizeRatio.alpha.sp13.stage1,-0.0011832535361109,0.174854156186111,0.407772434490963,1000
sp5,192,predation.predPrey.sizeRatio.teta.sp14.stage1,0.00133936829444451,0.122455403894444,0.237930085130264,1000
sp5,193,predation.predPrey.sizeRatio.alpha.sp14.stage1,0.00303165199166656,0.127775277427778,0.255585387242016,1000
sp5,194,predation.predPrey.sizeRatio.teta.sp15.stage1,0.0130212793909721,0.149172558864584,0.346807917118911,1000
sp5,195,predation.predPrey.sizeRatio.alpha.sp15.stage1,0.00729972613611096,0.165593411705555,0.268389659348339,1000
sp6,1,mortality.additional.rate.sp0,0.000630539931388952,0.0875356567672222,0.122167403394848,1000
sp6,2,mortality.additional.rate.sp1,-0.00662558452597223,0.0827027847479167,0.112033449652816,1000
sp6,3,mortality.additional.rate.sp2,0.00392794340750001,0.0991944901966667,0.129171780913246,1000
sp6,4,mortality.additional.rate.sp3,-0.00608396016666669,0.109497030896944,0.145054928597488,1000
sp6,5,mortality.additional.rate.sp4,-0.00208264757652781,0.0811680270284722,0.105896407745946,1000
sp6,6,mortality.additional.rate.sp5,-8.3870912222229e-05,0.0973774568822222,0.127725290119434,1000
sp6,7,mortality.additional.rate.sp6,0.00385718434499994,0.0822043896566667,0.10877581158995,1000
sp6,8,mortality.additional.rate.sp7,-0.00483818345791666,0.0868287157101389,0.115365505697102,1000
sp6,9,mortality.additional.rate.sp8,-0.00256791112472224,0.0828147185794445,0.112033262471213,1000
sp6,10,mortality.additional.rate.sp9,-0.00484043805972221,0.0821360456933333,0.107392624324778,1000
sp6,11,mortality.additional.rate.sp10,-0.00222229569649301,0.0841721330846181,0.113313289658782,1000
sp6,12,mortality.additional.rate.sp11,-0.000229836976250017,0.0823648398193055,0.108894905259641,1000
sp6,13,mortality.additional.rate.sp12,0.00435231416763892,0.0848226641101389,0.113067579214946,1000
sp6,14,mortality.additional.rate.sp13,-0.00520812217333334,0.0886752935969444,0.120568182963105,1000
sp6,15,mortality.additional.rate.sp14,-0.00506289392000003,0.0855879740936111,0.112752049926099,1000
sp6,16,mortality.additional.rate.sp15,-0.00428249808097219,0.0830660806879167,0.110286773814731,1000
sp6,17,fisheries.rate.base.fsh0,0.011929928605,0.140914650650278,0.184781317729023,1000
sp6,18,fisheries.rate.base.fsh1,0.00127755483819445,0.0848573255609722,0.112190622635921,1000
sp6,19,fisheries.rate.base.fsh2,0.00705758666180553,0.0809610242320833,0.109045974741876,1000
sp6,20,fisheries.rate.base.fsh3,-0.00403825913069444,0.0869916224070833,0.117725130633048,1000
sp6,21,species.catchability.fsh0.sp0,0.000996917256805564,0.0952592630140278,0.125519381429252,1000
sp6,22,species.catchability.fsh0.sp1,0.000949671327500017,0.0844308492105556,0.109504519766174,1000
sp6,23,species.catchability.fsh0.sp2,0.00755049550597221,0.0877722525448611,0.117830732840536,1000
sp6,24,species.catchability.fsh0.sp3,-0.00875257592805556,0.122694671541944,0.161114522076915,1000
sp6,25,species.catchability.fsh0.sp5,0.00132562790208335,0.0861414629123611,0.11146450974897,1000
sp6,26,species.catchability.fsh0.sp7,-0.000217357956666661,0.0873158876566667,0.115782151153165,1000
sp6,27,species.catchability.fsh0.sp8,0.00124827829291669,0.0872686473545833,0.113513602861041,1000
sp6,28,species.catchability.fsh0.sp9,0.00153660222138893,0.0861520071280556,0.113565546715553,1000
sp6,29,species.catchability.fsh0.sp10,-0.00147837947833335,0.0808761477319444,0.106335376946474,1000
sp6,30,species.catchability.fsh0.sp13,-0.00254279100736104,0.0839567776298611,0.111271357579009,1000
sp6,31,species.catchability.fsh0.sp14,-0.00171725145861112,0.0791689294083333,0.104434087765603,1000
sp6,32,species.catchability.fsh0.sp15,-0.00514028543486112,0.0845372690818056,0.111801525207796,1000
sp6,33,species.catchability.fsh1.sp9,-0.00269355628305555,0.0813118200572222,0.110325757544126,1000
sp6,34,species.catchability.fsh1.sp10,0.00297887114097222,0.0894448527184722,0.117658329270278,1000
sp6,35,species.catchability.fsh1.sp11,0.000815930939444443,0.0838880905333334,0.112472640385074,1000
sp6,36,species.catchability.fsh1.sp12,0.00422149262597221,0.0852628922240278,0.111755972781373,1000
sp6,37,species.catchability.fsh2.sp0,0.000134655959861103,0.0843124049006944,0.113311387319236,1000
sp6,38,species.catchability.fsh2.sp5,0.00147530550319446,0.0824465973731945,0.109640793080111,1000
sp6,39,species.catchability.fsh2.sp7,0.00699377108208336,0.0832760690756945,0.109619638867379,1000
sp6,40,species.catchability.fsh2.sp8,-0.00276641698861116,0.0813684063869445,0.107751187626912,1000
sp6,41,species.catchability.fsh3.sp0,-0.00014523505791666,0.0832857095651389,0.109625154791268,1000
sp6,42,species.catchability.fsh3.sp1,0.00483653734861115,0.0843825155152778,0.111127789763349,1000
sp6,43,species.catchability.fsh3.sp2,0.00162353989972221,0.0851835532566667,0.114492561599565,1000
sp6,44,species.catchability.fsh3.sp3,-0.000870409378611165,0.0842451644533333,0.111919803455777,1000
sp6,45,species.catchability.fsh3.sp5,0.00335642747513889,0.08602532469125,0.114962259077061,1000
sp6,46,species.catchability.fsh3.sp7,-0.00258394249847217,0.0821186292956944,0.107551848200333,1000
sp6,47,species.catchability.fsh3.sp8,0.00227041678888888,0.08347978765,0.108749547114692,1000
sp6,48,species.catchability.fsh3.sp9,0.00320343726305555,0.0799972014080555,0.104794269095107,1000
sp6,49,species.catchability.fsh3.sp10,-0.00221361707583335,0.083371844188889,0.11143665045113,1000
sp6,50,species.catchability.fsh3.sp11,0.00473731498138891,0.0789857337188889,0.1027601562383,1000
sp6,51,species.catchability.fsh3.sp12,0.00229196973152777,0.0819917032229167,0.108499548341712,1000
sp6,52,species.catchability.fsh3.sp13,4.33919781944085e-05,0.0805304400318056,0.106798726740828,1000
sp6,53,species.catchability.fsh3.sp14,-0.00500145603319447,0.0845403281051389,0.114054812130702,1000
sp6,54,species.catchability.fsh3.sp15,0.00150121033805556,0.0846423836475,0.110082876602453,1000
sp6,55,species.length2weight.condition.factor.sp0,0.00857964991819445,0.10481117675875,0.139783710584086,1000
sp6,56,species.length2weight.condition.factor.sp1,-0.00338905839902779,0.0834276936645833,0.10880486497559,1000
sp6,57,species.length2weight.condition.factor.sp2,0.00312379236166665,0.104266324926944,0.141995323021292,1000
sp6,58,species.length2weight.condition.factor.sp3,-0.0136387040125,0.143024754454167,0.185110881611038,1000
sp6,59,species.length2weight.condition.factor.sp4,-0.000889013673333341,0.0877298268544444,0.113957998568811,1000
sp6,60,species.length2weight.condition.factor.sp5,-0.00885028296541666,0.0807528431859722,0.106103173086044,1000
sp6,61,species.length2weight.condition.factor.sp6,0.0360645418204167,0.811620817938194,0.83065547654585,1000
sp6,62,species.length2weight.condition.factor.sp7,0.00250812981125,0.0818960224940278,0.10763728922278,1000
sp6,63,species.length2weight.condition.factor.sp8,0.00396002890694448,0.0836734727480556,0.110525159398501,1000
sp6,64,species.length2weight.condition.factor.sp9,-0.00287396263972218,0.0804720407866667,0.109871667370145,1000
sp6,65,species.length2weight.condition.factor.sp10,0.00740974848444441,0.0847137388669444,0.113366901708931,1000
sp6,66,species.length2weight.condition.factor.sp11,7.49105058333208e-05,0.0816528139933333,0.109069294448283,1000
sp6,67,species.length2weight.condition.factor.sp12,0.0116660424358333,0.0817270816172222,0.106402938354148,1000
sp6,68,species.length2weight.condition.factor.sp13,0.000730635189861114,0.0820351414040278,0.106252568250114,1000
sp6,69,species.length2weight.condition.factor.sp14,-0.00227401579319443,0.0858447389206944,0.110802114210271,1000
sp6,70,species.length2weight.condition.factor.sp15,0.00071138056305555,0.0871688784205556,0.117617988112129,1000
sp6,71,species.k.sp0,-0.00234522320861103,0.223458616857778,0.326927801317021,1000
sp6,72,species.k.sp1,0.00781187715777773,0.159545011764444,0.194975690145905,1000
sp6,73,species.k.sp2,-0.00586537459763887,0.19065633589625,0.250406996352675,1000
sp6,74,species.k.sp3,0.0130819989134722,0.285870405400417,0.385046285506313,1000
sp6,75,species.k.sp4,0.00721303366486104,0.203617392627639,0.239076892300281,1000
sp6,76,species.k.sp5,0.00125510883749997,0.0932496194855556,0.122248359808917,1000
sp6,77,species.k.sp6,0.0311732948722222,0.575207595898056,0.665361558719545,1000
sp6,78,species.k.sp7,0.00227187119930556,0.0826572344723611,0.110286457978957,1000
sp6,79,species.k.sp8,-0.00720775937486116,0.141672887932917,0.171280333952003,1000
sp6,80,species.k.sp9,-0.0055687802372222,0.0902881710986111,0.11675056488458,1000
sp6,81,species.k.sp10,-0.00422993136535491,0.0878777622092439,0.117504816690923,1000
sp6,82,species.k.sp11,-0.00261668972638898,0.0869482554888889,0.115007433359327,1000
sp6,83,species.k.sp12,0.00287439999291668,0.0895316633254167,0.117722789866872,1000
sp6,84,species.k.sp13,-0.00737902954833331,0.236727691386667,0.310275992873183,1000
sp6,85,species.k.sp14,-0.00224304821805559,0.142675340206389,0.181197285626352,1000
sp6,86,species.k.sp15,-0.000586774125000001,0.0901452018755555,0.119777214339059,1000
sp6,87,species.l0.sp0,-0.00118690182430558,0.0991458940704167,0.133465484685767,1000
sp6,88,species.l0.sp1,0.00971053797680558,0.119137633808472,0.152351056944876,1000
sp6,89,species.l0.sp2,0.00785148580902776,0.172969468800139,0.234094961813545,1000
sp6,90,species.l0.sp3,-0.00341651464583331,0.131300697663333,0.172967504331929,1000
sp6,91,species.l0.sp4,0.000208778806249987,0.146470799884306,0.179992543872307,1000
sp6,92,species.l0.sp5,0.00868258500375004,0.0847222020176389,0.110599382992893,1000
sp6,93,species.l0.sp6,-0.00649356211680553,0.361600054552917,0.467360402669126,1000
sp6,94,species.l0.sp7,-0.00202390969958335,0.0845803132076389,0.109563221848635,1000
sp6,95,species.l0.sp8,0.00494954686625004,0.10566744902875,0.135844692057414,1000
sp6,96,species.l0.sp9,-0.00078400063097219,0.0929458850181944,0.121373370068064,1000
sp6,97,species.l0.sp10,-0.00802554776236117,0.103892078242361,0.138256699471083,1000
sp6,98,species.l0.sp11,-0.00509735859500001,0.0813347454461111,0.10953477441452,1000
sp6,99,species.l0.sp12,-0.00132773821736111,0.0880690171909722,0.114893977384703,1000
sp6,100,species.l0.sp13,-0.00803920085500003,0.0803475650638889,0.106407352696399,1000
sp6,101,species.l0.sp14,0.00116162231888889,0.0834930579855555,0.110297004526209,1000
sp6,102,species.l0.sp15,-0.000678881082638932,0.0819532189573611,0.110844110705299,1000
sp6,103,mortality.additional.larva.rate.sp0,-0.0152528225801389,0.211311100104028,0.309659203816365,1000
sp6,104,mortality.additional.larva.rate.sp1,0.00128956414125,0.0877021590520833,0.114811587989796,1000
sp6,105,mortality.additional.larva.rate.sp2,-0.0159942897945833,0.50758117918375,0.664353794737687,1000
sp6,106,mortality.additional.larva.rate.sp3,-0.0104100039973611,0.72373203315875,0.939875387476526,1000
sp6,107,mortality.additional.larva.rate.sp4,-0.00227360154972224,0.08582531615,0.115340459842757,1000
sp6,108,mortality.additional.larva.rate.sp5,0.000832281627916681,0.08329362621125,0.108011360156482,1000
sp6,109,mortality.additional.larva.rate.sp6,0.00316398844027778,0.207639494414722,0.236956290363751,1000
sp6,110,mortality.additional.larva.rate.sp9,9.60284888890038e-06,0.10545932145,0.138608831496486,1000
sp6,111,mortality.additional.larva.rate.sp10,0.00798450038166663,0.121792349470556,0.163969093766044,1000
sp6,112,mortality.additional.larva.rate.sp11,-0.00229438593124999,0.0842310353879167,0.109071718100079,1000
sp6,113,mortality.additional.larva.rate.sp12,0.00159134134250002,0.0863237354777778,0.113213981193082,1000
sp6,114,mortality.additional.larva.rate.sp13,-0.00264250826097224,0.0875717807756945,0.114381134266237,1000
sp6,115,mortality.additional.larva.rate.sp14,0.000183527088888928,0.0907588902052777,0.11554759218087,1000
sp6,116,mortality.additional.larva.rate.sp15,-0.00493002593611109,0.0957101329702778,0.131504649832644,1000
sp6,117,mortality.additional.larva.rate.mean.sp7,-0.00515453158888886,0.0871193464691667,0.113842708477546,1000
sp6,118,mortality.additional.larva.rate.mean.sp8,-9.59603924999752e-05,0.108818420069722,0.143195587222962,1000
sp6,119,species.linf.sp0,-0.00357822824527778,0.282431909793056,0.416909398808966,1000
sp6,120,species.linf.sp1,0.00781891511722224,0.370543545263889,0.406972887811222,1000
sp6,121,species.linf.sp2,-0.0128739670091667,0.526406634479445,0.6404574279768,1000
sp6,122,species.linf.sp3,0.00960534853249996,0.745252553608889,0.982904637864711,1000
sp6,123,species.linf.sp4,-0.0158928339381173,0.547882884824938,0.599827606327641,1000
sp6,124,species.linf.sp5,-0.00824464878902773,0.183581672599306,0.246873838187581,1000
sp6,125,species.linf.sp6,0.0282033092969445,0.85821760801,1.05604929345389,1000
sp6,126,species.linf.sp7,-0.00425443257458332,0.0987604807845834,0.12955760517775,1000
sp6,127,species.linf.sp8,0.00951221576569444,0.380643917850972,0.422408134514861,1000
sp6,128,species.linf.sp9,0.01221550015,0.124306607572778,0.160965307191056,1000
sp6,129,species.linf.sp10,0.000787090478611127,0.142017486263333,0.187797191214604,1000
sp6,130,species.linf.sp11,0.00191418176152777,0.0873087603101389,0.113499690697266,1000
sp6,131,species.linf.sp12,0.00133581887250002,0.0947176146427778,0.12599998206471,1000
sp6,132,species.linf.sp13,-0.00367775240194444,0.116384721650556,0.15741475834721,1000
sp6,133,species.linf.sp14,-0.00299552315027776,0.21021323869,0.254397374129389,1000
sp6,134,species.linf.sp15,0.00863015895583334,0.106476091771389,0.147336297574565,1000
sp6,135,species.accessibility2fish.sp16,0.000803509878888871,0.0818126929880556,0.11016337672555,1000
sp6,136,species.accessibility2fish.sp17,0.00452016800958334,0.0845662947490278,0.112123843130999,1000
sp6,137,species.accessibility2fish.sp18,-0.00108492301361111,0.0818851949980555,0.107307975008013,1000
sp6,138,species.accessibility2fish.sp19,0.00397764221361106,0.104672770126944,0.141690208865578,1000
sp6,139,species.accessibility2fish.sp20,0.00168690472319443,0.0854128790598611,0.115801050269354,1000
sp6,140,species.accessibility2fish.sp21,-0.00242925323861108,0.117720953095278,0.155569310743178,1000
sp6,141,species.accessibility2fish.sp22,0.00394273770819448,0.0888176772923611,0.117256231721873,1000
sp6,142,species.accessibility2fish.sp23,0.00497420854291667,0.145047426225139,0.174202073166991,1000
sp6,143,species.accessibility2fish.sp24,0.00460400840083336,0.125083290052778,0.161752346410882,1000
sp6,144,species.accessibility2fish.sp25,0.00308805644583331,0.0819625035425,0.10763089080295,1000
sp6,145,species.accessibility2fish.sp26,-0.00256065444152775,0.0862151915226389,0.113019158394721,1000
sp6,146,species.maturity.size.ratio.sp0,0.00653329226861108,0.229304158861945,0.367094146255062,1000
sp6,147,species.maturity.size.ratio.sp1,0.00305904715375002,0.08729911481375,0.114785968873703,1000
sp6,148,species.maturity.size.ratio.sp2,-0.01069944255625,0.0854182359343056,0.111587375121159,1000
sp6,149,species.maturity.size.ratio.sp3,-0.00636051466944441,0.0995025677625,0.136009933924435,1000
sp6,150,species.maturity.size.ratio.sp4,-0.00167259205361116,0.0891628170047222,0.117071308240466,1000
sp6,151,species.maturity.size.ratio.sp5,-0.00283491642000001,0.0834475013341667,0.110875097744707,1000
sp6,152,species.maturity.size.ratio.sp6,-0.0339294992730556,1.73900726974917,1.89866074864861,1000
sp6,153,species.maturity.size.ratio.sp7,0.000968234649861132,0.0824425895368055,0.111436426360431,1000
sp6,154,species.maturity.size.ratio.sp8,0.00280252004958333,0.0834159366843055,0.110647172192516,1000
sp6,155,species.maturity.size.ratio.sp9,-0.0013517113069444,0.0830803364941667,0.107480530695073,1000
sp6,156,species.maturity.size.ratio.sp10,0.00180604209625,0.0890929644198611,0.118426819051541,1000
sp6,157,species.maturity.size.ratio.sp11,-0.00149826700236111,0.09477967545375,0.122618076163486,1000
sp6,158,species.maturity.size.ratio.sp12,0.00294691065763893,0.0836668829276389,0.108793353748377,1000
sp6,159,species.maturity.size.ratio.sp13,-0.0134601545127778,0.380613326496667,0.464308035263066,1000
sp6,160,species.maturity.size.ratio.sp14,-0.0032848418254167,0.0860489471829167,0.115018461147926,1000
sp6,161,species.maturity.size.ratio.sp15,0.00542555932527777,0.0936640702219444,0.126196912328429,1000
sp6,162,predation.predPrey.sizeRatio.teta.sp0.stage1,-0.00094118118305563,0.0847779925202778,0.111708620485944,1000
sp6,163,predation.predPrey.sizeRatio.alpha.sp0.stage1,0.00270515549402776,0.152387117785972,0.211711830232189,1000
sp6,164,predation.predPrey.sizeRatio.teta.sp1.stage1,-0.00407209237166669,0.0877639651175,0.115941295549653,1000
sp6,165,predation.predPrey.sizeRatio.alpha.sp1.stage1,-0.01197292130125,0.158557188962083,0.200159732185493,1000
sp6,166,predation.predPrey.sizeRatio.teta.sp2.stage1,-0.0036167126566667,0.0859760661725001,0.115884793364969,1000
sp6,167,predation.predPrey.sizeRatio.alpha.sp2.stage1,-0.00307833077027773,0.264560743852222,0.335432682017509,1000
sp6,168,predation.predPrey.sizeRatio.teta.sp3.stage1,0.00185215422291668,0.0933294747165278,0.119332892095128,1000
sp6,169,predation.predPrey.sizeRatio.alpha.sp3.stage1,0.0155880539091666,0.373929025188056,0.564190851444519,1000
sp6,170,predation.predPrey.sizeRatio.teta.sp4.stage1,-0.00410990412097221,0.0945807367681945,0.121155169408521,1000
sp6,171,predation.predPrey.sizeRatio.alpha.sp4.stage1,0.0245230796776389,0.285292118789028,0.336677518176151,1000
sp6,172,predation.predPrey.sizeRatio.teta.sp5.stage1,0.000914956426805532,0.0880360365801389,0.117768879232653,1000
sp6,173,predation.predPrey.sizeRatio.teta.sp5.stage2,-0.000150976720416638,0.134206792281528,0.173965119584323,1000
sp6,174,predation.predPrey.sizeRatio.alpha.sp5.stage1,0.00470237157249998,0.0850868977194445,0.11342007021275,1000
sp6,175,predation.predPrey.sizeRatio.alpha.sp5.stage2,-0.00315480910402776,0.109026737595417,0.141692092182366,1000
sp6,176,predation.predPrey.sizeRatio.teta.sp6.stage1,-0.00567152281013893,0.411743739752917,0.556918377328156,1000
sp6,177,predation.predPrey.sizeRatio.alpha.sp6.stage1,-0.00429203778888894,0.3085702032175,0.417385980300139,1000
sp6,178,predation.predPrey.sizeRatio.teta.sp7.stage1,0.000693961328472218,0.0849700473640279,0.115777764561235,1000
sp6,179,predation.predPrey.sizeRatio.alpha.sp7.stage1,0.00527972684361112,0.0862376079677778,0.110328358091616,1000
sp6,180,predation.predPrey.sizeRatio.teta.sp8.stage1,3.99429673611476e-05,0.0847743571918055,0.112257391879317,1000
sp6,181,predation.predPrey.sizeRatio.alpha.sp8.stage1,0.00458779478500003,0.274051041693333,0.329973196188082,1000
sp6,182,predation.predPrey.sizeRatio.teta.sp9.stage1,0.00195990202916668,0.0875468160952778,0.114457520413506,1000
sp6,183,predation.predPrey.sizeRatio.alpha.sp9.stage1,-0.00436470441263893,0.111174048530417,0.146349588089965,1000
sp6,184,predation.predPrey.sizeRatio.teta.sp10.stage1,-0.000130850951388842,0.0844257762113889,0.111688794568651,1000
sp6,185,predation.predPrey.sizeRatio.alpha.sp10.stage1,-0.00142481162736113,0.09153064787125,0.119482908089006,1000
sp6,186,predation.predPrey.sizeRatio.teta.sp11.stage1,0.00141053848638888,0.0833789439952778,0.10993058306085,1000
sp6,187,predation.predPrey.sizeRatio.alpha.sp11.stage1,0.00315882970861111,0.0803869354477778,0.105615597947609,1000
sp6,188,predation.predPrey.sizeRatio.teta.sp12.stage1,-8.1235922638857e-05,0.0888561486059722,0.115516282584794,1000
sp6,189,predation.predPrey.sizeRatio.alpha.sp12.stage1,0.000805077385972242,0.0977995478298611,0.131031600295825,1000
sp6,190,predation.predPrey.sizeRatio.teta.sp13.stage1,-0.000430432230277776,0.0840421912205555,0.11194965569448,1000
sp6,191,predation.predPrey.sizeRatio.alpha.sp13.stage1,-0.00105834266805552,0.125835987563611,0.166335335153276,1000
sp6,192,predation.predPrey.sizeRatio.teta.sp14.stage1,0.00141029265027775,0.0847392451986111,0.11220417020524,1000
sp6,193,predation.predPrey.sizeRatio.alpha.sp14.stage1,-0.00636246523402778,0.166616689539028,0.212553750100216,1000
sp6,194,predation.predPrey.sizeRatio.teta.sp15.stage1,-0.00337850837600698,0.0796783612048958,0.102779649072477,1000
sp6,195,predation.predPrey.sizeRatio.alpha.sp15.stage1,0.000706219958888881,0.0875121479419444,0.114633330879297,1000
sp7,1,mortality.additional.rate.sp0,-0.00234777289249998,0.163166079937778,0.208169577122965,1000
sp7,2,mortality.additional.rate.sp1,-0.0103971733493056,0.162181179285417,0.213744625330734,1000
sp7,3,mortality.additional.rate.sp2,-0.00102799709541665,0.164266918375972,0.210296538832621,1000
sp7,4,mortality.additional.rate.sp3,0.00524528889402783,0.251518725075139,0.325974194270459,1000
sp7,5,mortality.additional.rate.sp4,0.00436202349138902,0.157380437174722,0.205360690512526,1000
sp7,6,mortality.additional.rate.sp5,0.00241827876305569,0.187130703853333,0.238388638380632,1000
sp7,7,mortality.additional.rate.sp6,0.0111053488855555,0.168752921164722,0.218181598752846,1000
sp7,8,mortality.additional.rate.sp7,-0.0112587864559722,0.288875705180417,0.344044789346823,1000
sp7,9,mortality.additional.rate.sp8,0.00718611484986109,0.168276302194583,0.216769641178322,1000
sp7,10,mortality.additional.rate.sp9,0.00793153553208321,0.162310248044583,0.206398778905036,1000
sp7,11,mortality.additional.rate.sp10,0.00518896384465275,0.160588973045764,0.204018095995944,1000
sp7,12,mortality.additional.rate.sp11,-0.00936850093083333,0.156442095640833,0.20170708143348,1000
sp7,13,mortality.additional.rate.sp12,0.00386922870736104,0.164948318856806,0.212352905978783,1000
sp7,14,mortality.additional.rate.sp13,0.00483698790750002,0.161817726657222,0.210210978495542,1000
sp7,15,mortality.additional.rate.sp14,0.000924659443750178,0.162261975922083,0.211849436507492,1000
sp7,16,mortality.additional.rate.sp15,-0.00388114501152783,0.161929276264583,0.205743843880264,1000
sp7,17,fisheries.rate.base.fsh0,0.0144386890024999,0.267813703941389,0.335737559633932,1000
sp7,18,fisheries.rate.base.fsh1,0.00397866210388892,0.175020524871111,0.227013895708808,1000
sp7,19,fisheries.rate.base.fsh2,-0.00283346297791674,0.160525645938194,0.212606783531529,1000
sp7,20,fisheries.rate.base.fsh3,-0.00765157216833322,0.168045254060833,0.215903548974506,1000
sp7,21,species.catchability.fsh0.sp0,-0.00717125122583331,0.184385936744722,0.236052704971221,1000
sp7,22,species.catchability.fsh0.sp1,-0.00290392720625003,0.166211773094306,0.214696822829268,1000
sp7,23,species.catchability.fsh0.sp2,-0.00751322905861116,0.165171230645556,0.212263963333518,1000
sp7,24,species.catchability.fsh0.sp3,0.0117156199027779,0.305989538621667,0.38579186023616,1000
sp7,25,species.catchability.fsh0.sp5,0.00396121556444437,0.168940432770278,0.214206371471887,1000
sp7,26,species.catchability.fsh0.sp7,-0.00359147003541661,0.172418503097361,0.222116316107789,1000
sp7,27,species.catchability.fsh0.sp8,-0.0100554225138888,0.162613836295556,0.206779170095303,1000
sp7,28,species.catchability.fsh0.sp9,-0.00287370918138901,0.155836657989444,0.199794230538886,1000
sp7,29,species.catchability.fsh0.sp10,0.00670690186541661,0.170906477082639,0.220605391956312,1000
sp7,30,species.catchability.fsh0.sp13,0.00666489846944446,0.161586777848611,0.209218542037967,1000
sp7,31,species.catchability.fsh0.sp14,0.00447555170611109,0.164874340946389,0.217115691290534,1000
sp7,32,species.catchability.fsh0.sp15,0.0106546564998611,0.161066271783472,0.209962835790711,1000
sp7,33,species.catchability.fsh1.sp9,-0.0101042023862501,0.157983620801806,0.200363507792169,1000
sp7,34,species.catchability.fsh1.sp10,0.00323365203097213,0.167798099732083,0.217959154914881,1000
sp7,35,species.catchability.fsh1.sp11,0.00112699743527789,0.162631827349444,0.211400988700003,1000
sp7,36,species.catchability.fsh1.sp12,-0.0126428272881945,0.162911055505139,0.210204981187912,1000
sp7,37,species.catchability.fsh2.sp0,-0.00755014434805556,0.158091304126389,0.204855726490626,1000
sp7,38,species.catchability.fsh2.sp5,0.000106748510555668,0.155291847833889,0.202856380154324,1000
sp7,39,species.catchability.fsh2.sp7,-0.0177181686461112,0.1702440559925,0.219216998438533,1000
sp7,40,species.catchability.fsh2.sp8,-0.0128679081980556,0.161866423638889,0.210476857424116,1000
sp7,41,species.catchability.fsh3.sp0,0.00493619762902771,0.165590699809306,0.211340342787865,1000
sp7,42,species.catchability.fsh3.sp1,-0.0016593528408333,0.166808464478056,0.211039634342681,1000
sp7,43,species.catchability.fsh3.sp2,0.0118344364308333,0.165664589397222,0.217504766887935,1000
sp7,44,species.catchability.fsh3.sp3,-0.00533980604402768,0.164787473533472,0.211133537834017,1000
sp7,45,species.catchability.fsh3.sp5,-0.000427959104999931,0.165077049528611,0.210762428747852,1000
sp7,46,species.catchability.fsh3.sp7,-0.00258192347194444,0.160264815351667,0.206815904060852,1000
sp7,47,species.catchability.fsh3.sp8,0.00568397824361114,0.164564915219444,0.21060919935967,1000
sp7,48,species.catchability.fsh3.sp9,-0.010841797998889,0.161527115110278,0.208298937026273,1000
sp7,49,species.catchability.fsh3.sp10,0.0102174000172222,0.161008732523333,0.210575151978414,1000
sp7,50,species.catchability.fsh3.sp11,0.0023098624208336,0.162317604590556,0.209625328211574,1000
sp7,51,species.catchability.fsh3.sp12,0.00237096043916678,0.176483199009444,0.226251669558094,1000
sp7,52,species.catchability.fsh3.sp13,0.0121848654948613,0.157982142895695,0.202610756563986,1000
sp7,53,species.catchability.fsh3.sp14,0.00582601427722203,0.157864595497778,0.206164879430389,1000
sp7,54,species.catchability.fsh3.sp15,0.0092565546966665,0.166855023290278,0.216768123170386,1000
sp7,55,species.length2weight.condition.factor.sp0,-0.00211799540166666,0.191951446761667,0.252558632575954,1000
sp7,56,species.length2weight.condition.factor.sp1,0.000666886409583286,0.159366010417639,0.204148422950876,1000
sp7,57,species.length2weight.condition.factor.sp2,-0.00412933301569443,0.175685147857917,0.224478796396159,1000
sp7,58,species.length2weight.condition.factor.sp3,-0.00770741251583332,0.295320370685278,0.402426108950448,1000
sp7,59,species.length2weight.condition.factor.sp4,0.00608217392319437,0.163470391210972,0.211084272782727,1000
sp7,60,species.length2weight.condition.factor.sp5,-0.0114921559890278,0.158899429600139,0.207622841599562,1000
sp7,61,species.length2weight.condition.factor.sp6,0.00871313424625,0.158837013582916,0.205150463833268,1000
sp7,62,species.length2weight.condition.factor.sp7,-0.0176558655058333,0.360140924484444,0.424543097559433,1000
sp7,63,species.length2weight.condition.factor.sp8,-0.00350543609888899,0.154992568515556,0.201137708319424,1000
sp7,64,species.length2weight.condition.factor.sp9,-0.00284320873374996,0.15842673233625,0.20333499712585,1000
sp7,65,species.length2weight.condition.factor.sp10,-0.00633783691138897,0.165109466868889,0.211187428440082,1000
sp7,66,species.length2weight.condition.factor.sp11,-0.00149448254666655,0.162333828239722,0.209525432106828,1000
sp7,67,species.length2weight.condition.factor.sp12,-0.00962725768083326,0.168488150244167,0.21345234603849,1000
sp7,68,species.length2weight.condition.factor.sp13,-0.00572827199097232,0.162845019995972,0.21538439615773,1000
sp7,69,species.length2weight.condition.factor.sp14,-0.00532561415458332,0.158142080200417,0.206435437014941,1000
sp7,70,species.length2weight.condition.factor.sp15,-0.00134348477277776,0.178941231099167,0.229500036347222,1000
sp7,71,species.k.sp0,-0.0286086912504167,0.428628348445694,0.622839197754703,1000
sp7,72,species.k.sp1,-0.0145477337006946,0.160961895460139,0.208352130543785,1000
sp7,73,species.k.sp2,0.00872818496180554,0.185210728695417,0.240839365791148,1000
sp7,74,species.k.sp3,-0.0149359666156944,0.712991524858472,0.929388095889583,1000
sp7,75,species.k.sp4,0.00174595492458341,0.161792674465139,0.207160306434984,1000
sp7,76,species.k.sp5,0.00675194423652785,0.20869342022375,0.278963530937265,1000
sp7,77,species.k.sp6,-0.0123731193045833,0.163486517091528,0.207982857776624,1000
sp7,78,species.k.sp7,-0.0017376694183333,0.241293705311945,0.303484948189005,1000
sp7,79,species.k.sp8,0.0064185573336112,0.179998307154167,0.227315299589495,1000
sp7,80,species.k.sp9,0.00155026115513882,0.181386977554028,0.238644757431893,1000
sp7,81,species.k.sp10,6.97616172685267e-05,0.174337702031435,0.227968563570587,1000
sp7,82,species.k.sp11,0.0124161735181945,0.173690220980694,0.22535507460009,1000
sp7,83,species.k.sp12,-0.00506524979041651,0.166549193892083,0.213665518560845,1000
sp7,84,species.k.sp13,0.00231036673097215,0.19483040198125,0.25330561229998,1000
sp7,85,species.k.sp14,-0.00809179090222217,0.169872324418611,0.216143383220307,1000
sp7,86,species.k.sp15,0.00378839745180552,0.201291495244583,0.272414529651954,1000
sp7,87,species.l0.sp0,0.00516356464749999,0.182499449531389,0.233767506509041,1000
sp7,88,species.l0.sp1,0.00557330615625004,0.164685849999028,0.21236882825124,1000
sp7,89,species.l0.sp2,0.00139949093666657,0.191712446430556,0.251799445113572,1000
sp7,90,species.l0.sp3,-0.00895475961430551,0.287913609200972,0.379668049023242,1000
sp7,91,species.l0.sp4,-0.000250848816944515,0.167527717396667,0.216193063286099,1000
sp7,92,species.l0.sp5,0.00502551090416666,0.160323025718333,0.211130458671226,1000
sp7,93,species.l0.sp6,-0.0080226463109724,0.166218256875417,0.217204509464285,1000
sp7,94,species.l0.sp7,-0.0539063964259723,1.09370292791375,1.16321963197401,1000
sp7,95,species.l0.sp8,-0.00889456516569441,0.168278466577083,0.216874499020128,1000
sp7,96,species.l0.sp9,0.000524492650694328,0.193856249114306,0.254273195960304,1000
sp7,97,species.l0.sp10,0.00131991729722224,0.199673240240833,0.266197182199454,1000
sp7,98,species.l0.sp11,0.000678179273333241,0.163891844367222,0.209362302362636,1000
sp7,99,species.l0.sp12,0.00415331448194434,0.165417813623611,0.215405595548571,1000
sp7,100,species.l0.sp13,0.00892338311083344,0.1585361463175,0.20471857930114,1000
sp7,101,species.l0.sp14,0.00298949405611116,0.160466463723611,0.20645688147205,1000
sp7,102,species.l0.sp15,-0.00295614300819438,0.167220045337917,0.218515052770064,1000
sp7,103,mortality.additional.larva.rate.sp0,0.00713134448930555,0.358510000412083,0.521816695707086,1000
sp7,104,mortality.additional.larva.rate.sp1,-0.00178006544430557,0.170526622228472,0.217114683383615,1000
sp7,105,mortality.additional.larva.rate.sp2,0.00570732704791656,0.387541908077917,0.507637658053033,1000
sp7,106,mortality.additional.larva.rate.sp3,-0.0704088755105556,1.58070429164667,2.07123002374259,1000
sp7,107,mortality.additional.larva.rate.sp4,-0.0136499359470833,0.160070403477639,0.208479066206109,1000
sp7,108,mortality.additional.larva.rate.sp5,0.00135454643333331,0.163287257225556,0.208633000966933,1000
sp7,109,mortality.additional.larva.rate.sp6,-0.0050698753311111,0.164908423499167,0.214763175741638,1000
sp7,110,mortality.additional.larva.rate.sp9,-0.0015016847163888,0.183552339063333,0.238527246258656,1000
sp7,111,mortality.additional.larva.rate.sp10,0.00931976904055556,0.237199745937778,0.328268671985585,1000
sp7,112,mortality.additional.larva.rate.sp11,-0.00551454305986125,0.165907981838472,0.216438445867637,1000
sp7,113,mortality.additional.larva.rate.sp12,-0.00319516236374997,0.16066151003875,0.2069072502866,1000
sp7,114,mortality.additional.larva.rate.sp13,0.00194431901611111,0.159540591789445,0.205554006242553,1000
sp7,115,mortality.additional.larva.rate.sp14,0.00852418467444434,0.167242861226389,0.214596561702847,1000
sp7,116,mortality.additional.larva.rate.sp15,0.00114267115666651,0.260580735228333,0.361723621779239,1000
sp7,117,mortality.additional.larva.rate.mean.sp7,-0.0292800400705554,0.973666534464167,1.11947378608918,1000
sp7,118,mortality.additional.larva.rate.mean.sp8,-0.000225106867222144,0.164650551372222,0.208933778124637,1000
sp7,119,species.linf.sp0,0.0606559024399999,0.541646237496389,0.803363328796526,1000
sp7,120,species.linf.sp1,-0.00197043212722239,0.196589858239445,0.251159907858014,1000
sp7,121,species.linf.sp2,0.00917503795444454,0.314932857063611,0.43232396621913,1000
sp7,122,species.linf.sp3,0.197128196161944,3.01610392681306,3.43954017590957,1000
sp7,123,species.linf.sp4,-0.00508133155087977,0.192953166379491,0.247153998523624,1000
sp7,124,species.linf.sp5,0.00284474456680541,0.364208646599583,0.464691297605385,1000
sp7,125,species.linf.sp6,-0.0125078558286112,0.171365832961945,0.219484720088429,1000
sp7,126,species.linf.sp7,-0.0214214187347222,1.77543110622306,1.85592400289913,1000
sp7,127,species.linf.sp8,0.00383085274444435,0.4668959184925,0.600958673271831,1000
sp7,128,species.linf.sp9,6.13171513878364e-06,0.281219307390972,0.374113299456079,1000
sp7,129,species.linf.sp10,-0.01038615370625,0.288596542882083,0.431459892674843,1000
sp7,130,species.linf.sp11,-0.01563712817625,0.168032658325972,0.221425408418787,1000
sp7,131,species.linf.sp12,0.0104548224530555,0.185807059355556,0.243972128996176,1000
sp7,132,species.linf.sp13,-0.00686381686763891,0.178422538391805,0.23223507560634,1000
sp7,133,species.linf.sp14,-0.0142261129529167,0.200387968601528,0.252848857505462,1000
sp7,134,species.linf.sp15,0.0175910240829167,0.310630467615417,0.432228275810274,1000
sp7,135,species.accessibility2fish.sp16,-0.000447228601944433,0.1626131116225,0.205807924291014,1000
sp7,136,species.accessibility2fish.sp17,-0.00157384423194452,0.164303092473333,0.216584776435222,1000
sp7,137,species.accessibility2fish.sp18,0.00543926002958331,0.168176481317639,0.216233295452475,1000
sp7,138,species.accessibility2fish.sp19,0.00739875639611118,0.1662060503075,0.220996441116098,1000
sp7,139,species.accessibility2fish.sp20,0.0142623594477777,0.167003775796667,0.214616939294769,1000
sp7,140,species.accessibility2fish.sp21,-0.00196299986652765,0.169374181072639,0.218301752970315,1000
sp7,141,species.accessibility2fish.sp22,0.000692033546944535,0.168403966678889,0.220956814094889,1000
sp7,142,species.accessibility2fish.sp23,-0.00459702346250005,0.168711745558611,0.220488521481213,1000
sp7,143,species.accessibility2fish.sp24,-0.00449788417847215,0.314954768513194,0.380757574635616,1000
sp7,144,species.accessibility2fish.sp25,-0.00374184195486129,0.161744032495695,0.210859938085884,1000
sp7,145,species.accessibility2fish.sp26,0.00419823257875006,0.171437989102917,0.218563069188652,1000
sp7,146,species.maturity.size.ratio.sp0,-0.0143252838993055,0.363927761962917,0.544743724595629,1000
sp7,147,species.maturity.size.ratio.sp1,-0.000753406355138882,0.167905980988472,0.219155209637459,1000
sp7,148,species.maturity.size.ratio.sp2,-0.000623189528888825,0.163161012943056,0.212734207382684,1000
sp7,149,species.maturity.size.ratio.sp3,0.0122146828922223,0.1674604565025,0.213680890095411,1000
sp7,150,species.maturity.size.ratio.sp4,0.0148742505897222,0.172218431505556,0.220039043100499,1000
sp7,151,species.maturity.size.ratio.sp5,0.00200015882402783,0.167803815323472,0.216526098116915,1000
sp7,152,species.maturity.size.ratio.sp6,-0.00372842721805575,0.170505550236389,0.220452294195471,1000
sp7,153,species.maturity.size.ratio.sp7,-0.0053039909513889,0.2982001949325,0.372298315756859,1000
sp7,154,species.maturity.size.ratio.sp8,0.00130818069180568,0.15383589587625,0.198297387443525,1000
sp7,155,species.maturity.size.ratio.sp9,0.00912893146958323,0.154993393478195,0.201740372688592,1000
sp7,156,species.maturity.size.ratio.sp10,-0.0128211901523611,0.172061156290139,0.22789495619406,1000
sp7,157,species.maturity.size.ratio.sp11,0.000652256091666544,0.1719629311575,0.228579365977181,1000
sp7,158,species.maturity.size.ratio.sp12,0.00587486755916659,0.160348904031944,0.205472991087574,1000
sp7,159,species.maturity.size.ratio.sp13,0.0158162206951389,0.208562249560972,0.267722846612009,1000
sp7,160,species.maturity.size.ratio.sp14,0.00749939625555553,0.16921812593,0.219506628645726,1000
sp7,161,species.maturity.size.ratio.sp15,0.00473374005416679,0.269089338453056,0.399002526474547,1000
sp7,162,predation.predPrey.sizeRatio.teta.sp0.stage1,0.0100658971855556,0.164171125105556,0.212729324997757,1000
sp7,163,predation.predPrey.sizeRatio.alpha.sp0.stage1,-0.0057492984451388,0.299760766311806,0.427699757631829,1000
sp7,164,predation.predPrey.sizeRatio.teta.sp1.stage1,0.000536292185138919,0.164221047982639,0.215709306803201,1000
sp7,165,predation.predPrey.sizeRatio.alpha.sp1.stage1,0.00750922940055556,0.170973896210833,0.217203740179224,1000
sp7,166,predation.predPrey.sizeRatio.teta.sp2.stage1,-0.00209136713625007,0.164289379314861,0.211842445045465,1000
sp7,167,predation.predPrey.sizeRatio.alpha.sp2.stage1,0.00219418740722224,0.221974494007778,0.287753848414917,1000
sp7,168,predation.predPrey.sizeRatio.teta.sp3.stage1,0.00547806875972225,0.183914675351945,0.237319830110023,1000
sp7,169,predation.predPrey.sizeRatio.alpha.sp3.stage1,-0.0404898976173612,1.43111488034764,1.84477604175946,1000
sp7,170,predation.predPrey.sizeRatio.teta.sp4.stage1,-0.00478478921472206,0.166843174040278,0.214371830905966,1000
sp7,171,predation.predPrey.sizeRatio.alpha.sp4.stage1,-0.00981824888625012,0.168259782674861,0.220681982913689,1000
sp7,172,predation.predPrey.sizeRatio.teta.sp5.stage1,-0.00188239666416676,0.1618222452875,0.210436148338005,1000
sp7,173,predation.predPrey.sizeRatio.teta.sp5.stage2,0.0144175234845834,0.302972016389583,0.421604070448991,1000
sp7,174,predation.predPrey.sizeRatio.alpha.sp5.stage1,0.00703479389180557,0.167987864229305,0.21653542043973,1000
sp7,175,predation.predPrey.sizeRatio.alpha.sp5.stage2,0.0108074188473613,0.209687403810694,0.27958938774884,1000
sp7,176,predation.predPrey.sizeRatio.teta.sp6.stage1,-0.0177078409627778,0.163426833507778,0.20982420909558,1000
sp7,177,predation.predPrey.sizeRatio.alpha.sp6.stage1,0.00268320705236114,0.165493387590417,0.21620055763057,1000
sp7,178,predation.predPrey.sizeRatio.teta.sp7.stage1,-0.00690825810013886,0.290145847330694,0.38779063465035,1000
sp7,179,predation.predPrey.sizeRatio.alpha.sp7.stage1,-0.0118725149219443,0.718530805193056,0.920395082659507,1000
sp7,180,predation.predPrey.sizeRatio.teta.sp8.stage1,-0.00281743422624998,0.171692318895417,0.220886058726236,1000
sp7,181,predation.predPrey.sizeRatio.alpha.sp8.stage1,0.00133714312083337,0.645848227501945,0.801117559699615,1000
sp7,182,predation.predPrey.sizeRatio.teta.sp9.stage1,0.00314381773611126,0.175342421173889,0.223881428757534,1000
sp7,183,predation.predPrey.sizeRatio.alpha.sp9.stage1,-0.00562341952472221,0.201884290045278,0.263151952575897,1000
sp7,184,predation.predPrey.sizeRatio.teta.sp10.stage1,-0.00750083300944446,0.168952133587222,0.21763092027095,1000
sp7,185,predation.predPrey.sizeRatio.alpha.sp10.stage1,0.00178447664208344,0.178341000056528,0.240609392064422,1000
sp7,186,predation.predPrey.sizeRatio.teta.sp11.stage1,0.000252253505972193,0.161511954067917,0.208422042088551,1000
sp7,187,predation.predPrey.sizeRatio.alpha.sp11.stage1,0.0106185377248611,0.169099461579028,0.21733687789877,1000
sp7,188,predation.predPrey.sizeRatio.teta.sp12.stage1,-0.00464985559888872,0.16553385065,0.211920021213738,1000
sp7,189,predation.predPrey.sizeRatio.alpha.sp12.stage1,0.00618353179208328,0.17696645649375,0.232775178383815,1000
sp7,190,predation.predPrey.sizeRatio.teta.sp13.stage1,-0.00869537392208339,0.162196314432639,0.211978800560516,1000
sp7,191,predation.predPrey.sizeRatio.alpha.sp13.stage1,-0.000130961223750023,0.175116117838472,0.226939073571882,1000
sp7,192,predation.predPrey.sizeRatio.teta.sp14.stage1,0.0049550335712499,0.16330934361875,0.207457866410279,1000
sp7,193,predation.predPrey.sizeRatio.alpha.sp14.stage1,0.00269959292069448,0.198427722887917,0.2485576802419,1000
sp7,194,predation.predPrey.sizeRatio.teta.sp15.stage1,-0.0110840693303473,0.162497463387292,0.206951391156788,1000
sp7,195,predation.predPrey.sizeRatio.alpha.sp15.stage1,0.00266735244027781,0.206084724045278,0.271313597088717,1000
sp8,1,mortality.additional.rate.sp0,0.00382462247611108,0.504002541375278,0.628725904356714,1000
sp8,2,mortality.additional.rate.sp1,-0.00606077628430551,0.496381257470972,0.631973112383961,1000
sp8,3,mortality.additional.rate.sp2,0.00497825549180545,0.502347931587639,0.645622091013738,1000
sp8,4,mortality.additional.rate.sp3,0.0346824571527778,0.643360772366667,0.808380704882095,1000
sp8,5,mortality.additional.rate.sp4,0.0226361775879168,0.472790053422361,0.602728326496226,1000
sp8,6,mortality.additional.rate.sp5,0.014978477227778,0.612456710053611,0.783262643678703,1000
sp8,7,mortality.additional.rate.sp6,0.0274342822784723,0.480959450975694,0.618243181913,1000
sp8,8,mortality.additional.rate.sp7,-0.00264816993583337,0.499180469956389,0.637445324366633,1000
sp8,9,mortality.additional.rate.sp8,0.00823009127694444,0.476585299244445,0.605900903854307,1000
sp8,10,mortality.additional.rate.sp9,-0.0204904321854165,0.477161073492639,0.608354218001774,1000
sp8,11,mortality.additional.rate.sp10,0.0305891865059375,0.480027598838229,0.616268077743894,1000
sp8,12,mortality.additional.rate.sp11,-0.0093501940719445,0.485305326298333,0.614036760034403,1000
sp8,13,mortality.additional.rate.sp12,-0.0123763058377777,0.483756280773889,0.612817598938756,1000
sp8,14,mortality.additional.rate.sp13,-0.0241310424230558,0.4800737255475,0.606450750550476,1000
sp8,15,mortality.additional.rate.sp14,0.00300214106888886,0.483130411588611,0.620391027057709,1000
sp8,16,mortality.additional.rate.sp15,-0.000673587346250136,0.481707868377361,0.608964082581747,1000
sp8,17,fisheries.rate.base.fsh0,0.0322523248988889,1.13073274327417,1.31407679261648,1000
sp8,18,fisheries.rate.base.fsh1,-0.0187183132451389,0.507720832761528,0.645653689202261,1000
sp8,19,fisheries.rate.base.fsh2,-0.0158027477718056,0.483813813821528,0.609501298175996,1000
sp8,20,fisheries.rate.base.fsh3,0.0147430584145834,0.520854432179861,0.660434547750437,1000
sp8,21,species.catchability.fsh0.sp0,-0.0198108678862499,0.603042926520417,0.748580323210574,1000
sp8,22,species.catchability.fsh0.sp1,0.0369546124111111,0.500179283698889,0.637672521196419,1000
sp8,23,species.catchability.fsh0.sp2,-0.00346523357833339,0.465332783996111,0.595900904550414,1000
sp8,24,species.catchability.fsh0.sp3,0.037238221156111,0.842019454155833,1.0179170417103,1000
sp8,25,species.catchability.fsh0.sp5,0.0267631766470834,0.542175477986528,0.683596189804738,1000
sp8,26,species.catchability.fsh0.sp7,-0.0183453451475,0.486175244031944,0.619744983312544,1000
sp8,27,species.catchability.fsh0.sp8,-0.0197952444122222,0.54176232866,0.696556216161154,1000
sp8,28,species.catchability.fsh0.sp9,-0.00233153392986102,0.480791476986528,0.605153458910125,1000
sp8,29,species.catchability.fsh0.sp10,-0.0394081601268058,0.482467028780139,0.616883756937251,1000
sp8,30,species.catchability.fsh0.sp13,-0.0104559225711112,0.505590744553611,0.647997395909616,1000
sp8,31,species.catchability.fsh0.sp14,-0.0274719007227777,0.486735398393611,0.616222977902383,1000
sp8,32,species.catchability.fsh0.sp15,0.0073409267283334,0.472086287547778,0.594749563175625,1000
sp8,33,species.catchability.fsh1.sp9,0.0139003103127778,0.510216889785556,0.635684636745602,1000
sp8,34,species.catchability.fsh1.sp10,0.00498129771708327,0.491688384517361,0.613545186483208,1000
sp8,35,species.catchability.fsh1.sp11,-0.01801571996,0.509986787689167,0.649719259080259,1000
sp8,36,species.catchability.fsh1.sp12,0.00144876517819439,0.48589333048375,0.623881294510719,1000
sp8,37,species.catchability.fsh2.sp0,0.0178983184313888,0.492588396315556,0.641318011715085,1000
sp8,38,species.catchability.fsh2.sp5,-0.000752205599444534,0.508333343464722,0.638808980215617,1000
sp8,39,species.catchability.fsh2.sp7,-0.0111883849019445,0.500934393114167,0.627857436065355,1000
sp8,40,species.catchability.fsh2.sp8,-0.00100686348097219,0.478340928485972,0.60942766532546,1000
sp8,41,species.catchability.fsh3.sp0,-0.0171453466945834,0.487344965314861,0.607488633521913,1000
sp8,42,species.catchability.fsh3.sp1,0.0263571938554166,0.487713384486805,0.627292189976051,1000
sp8,43,species.catchability.fsh3.sp2,0.00313122871930571,0.510028551000695,0.64393712701396,1000
sp8,44,species.catchability.fsh3.sp3,-0.0246861020165278,0.49984652853625,0.638609192675564,1000
sp8,45,species.catchability.fsh3.sp5,0.00533161700166666,0.493324287328056,0.631034094173332,1000
sp8,46,species.catchability.fsh3.sp7,-0.00991758859680549,0.479832434782361,0.614109228994214,1000
sp8,47,species.catchability.fsh3.sp8,-0.0123311031540278,0.484161650111806,0.617083675997636,1000
sp8,48,species.catchability.fsh3.sp9,0.0110985912799999,0.483543673655,0.617778784779212,1000
sp8,49,species.catchability.fsh3.sp10,0.0100211952059723,0.482853196092361,0.614060862309258,1000
sp8,50,species.catchability.fsh3.sp11,0.0194798328462501,0.50280063423625,0.640699426214493,1000
sp8,51,species.catchability.fsh3.sp12,0.0185432311224999,0.489523451192222,0.624611419755184,1000
sp8,52,species.catchability.fsh3.sp13,0.0393762279565277,0.513221356951528,0.64572743969223,1000
sp8,53,species.catchability.fsh3.sp14,0.00181411670416662,0.480657445288611,0.615120353855802,1000
sp8,54,species.catchability.fsh3.sp15,-0.00868334058472226,0.488861783520833,0.625857374740439,1000
sp8,55,species.length2weight.condition.factor.sp0,0.0126876371426388,0.592829761405972,0.77008239376279,1000
sp8,56,species.length2weight.condition.factor.sp1,0.00842315396611112,0.498103750001667,0.621738335158188,1000
sp8,57,species.length2weight.condition.factor.sp2,-0.0233227552376388,0.502042490799306,0.64514357459905,1000
sp8,58,species.length2weight.condition.factor.sp3,-0.0154933092533333,0.708512072551111,0.927760208097893,1000
sp8,59,species.length2weight.condition.factor.sp4,0.0182656170598611,0.491841442119028,0.630212809049217,1000
sp8,60,species.length2weight.condition.factor.sp5,0.0409336051580556,0.496327554580278,0.630302563022668,1000
sp8,61,species.length2weight.condition.factor.sp6,0.0149736130823611,0.51053981780375,0.644187445658957,1000
sp8,62,species.length2weight.condition.factor.sp7,-0.0224373892934723,0.490145699103472,0.622904462357922,1000
sp8,63,species.length2weight.condition.factor.sp8,-0.00109017390902779,1.17639886231292,1.32107984744238,1000
sp8,64,species.length2weight.condition.factor.sp9,-0.00777010606555561,0.496800816996945,0.625287226709826,1000
sp8,65,species.length2weight.condition.factor.sp10,-0.00716528222472232,0.479175943055833,0.619128699453216,1000
sp8,66,species.length2weight.condition.factor.sp11,0.0315715805970834,0.522196808885695,0.654168009360871,1000
sp8,67,species.length2weight.condition.factor.sp12,-0.0142415118241667,0.489545292646667,0.609497921007955,1000
sp8,68,species.length2weight.condition.factor.sp13,0.0122521852648612,0.507781568459861,0.649852268261443,1000
sp8,69,species.length2weight.condition.factor.sp14,0.00478298483736106,0.524169121354861,0.657196216337458,1000
sp8,70,species.length2weight.condition.factor.sp15,0.00228267092763884,0.497677093865972,0.620687880247623,1000
sp8,71,species.k.sp0,-0.0358534711188889,1.2122965605275,1.63172178365992,1000
sp8,72,species.k.sp1,0.0215961872690278,0.489275636224861,0.62191194641903,1000
sp8,73,species.k.sp2,0.00658499543333319,0.575798925788333,0.724150672140532,1000
sp8,74,species.k.sp3,-0.0658183794381944,1.34193910874042,1.79020972512482,1000
sp8,75,species.k.sp4,0.0175237441263889,0.568779019503333,0.715098968247463,1000
sp8,76,species.k.sp5,-0.023325685683611,0.57578541314,0.742176733336807,1000
sp8,77,species.k.sp6,-0.0449047529768055,0.47729944677625,0.602681250810313,1000
sp8,78,species.k.sp7,0.00800180456833333,0.488114397884167,0.625281853153516,1000
sp8,79,species.k.sp8,0.0229251336747223,0.7038005347625,0.886858611140761,1000
sp8,80,species.k.sp9,0.01255564298625,0.517863355077639,0.660554241499595,1000
sp8,81,species.k.sp10,-0.0220996696611575,0.498659230494769,0.631029780077467,1000
sp8,82,species.k.sp11,-0.0203041252594445,0.524784775067778,0.663431953631962,1000
sp8,83,species.k.sp12,0.0112664569655556,0.502730982213055,0.635663568907715,1000
sp8,84,species.k.sp13,0.0253810320273611,0.580143327844306,0.746896870179252,1000
sp8,85,species.k.sp14,-0.0245485468054166,0.497756218294028,0.632613937105418,1000
sp8,86,species.k.sp15,-0.0212314531197222,0.516924934575,0.653791124597487,1000
sp8,87,species.l0.sp0,0.0383928425659723,0.532892792719584,0.675870262070401,1000
sp8,88,species.l0.sp1,-0.0184841422091667,0.510626897581111,0.644144318432182,1000
sp8,89,species.l0.sp2,0.0016251599136113,0.549678180381944,0.707456632110064,1000
sp8,90,species.l0.sp3,0.000657682105694558,0.633923010747639,0.81251117155932,1000
sp8,91,species.l0.sp4,-0.0432592174845834,0.536568384600694,0.674036503642148,1000
sp8,92,species.l0.sp5,0.0227602533229167,0.483574016849583,0.612625180376362,1000
sp8,93,species.l0.sp6,-0.030649761485,0.479182991723333,0.611877579501493,1000
sp8,94,species.l0.sp7,-0.0050382615033332,0.489110879955833,0.619466425324459,1000
sp8,95,species.l0.sp8,-0.0419776443119444,2.01729258665667,2.16433911556994,1000
sp8,96,species.l0.sp9,0.0177644484713888,0.487507406339722,0.622343321952219,1000
sp8,97,species.l0.sp10,0.0310019086786112,0.540950450438611,0.708171702696519,1000
sp8,98,species.l0.sp11,0.0133648328226389,0.51090335310875,0.643273499688871,1000
sp8,99,species.l0.sp12,-0.0322301811844445,0.487176401314167,0.616559270259562,1000
sp8,100,species.l0.sp13,0.00689099770138889,0.50980500144,0.636337776158466,1000
sp8,101,species.l0.sp14,0.00468525407291671,0.499166691122361,0.628933653454356,1000
sp8,102,species.l0.sp15,0.0114209995229167,0.487337866677083,0.622324164773812,1000
sp8,103,mortality.additional.larva.rate.sp0,0.0147945522112499,1.09925191893514,1.49908855549649,1000
sp8,104,mortality.additional.larva.rate.sp1,-0.00140608488513894,0.49452406982125,0.630821811625805,1000
sp8,105,mortality.additional.larva.rate.sp2,0.0337897869147222,0.847534220123889,1.12341175238634,1000
sp8,106,mortality.additional.larva.rate.sp3,-0.210601026405,3.06700725351222,3.98447583543628,1000
sp8,107,mortality.additional.larva.rate.sp4,-0.00430446704236112,0.488664298234583,0.618748784219546,1000
sp8,108,mortality.additional.larva.rate.sp5,-0.0294514007034723,0.473240827277361,0.603162047005065,1000
sp8,109,mortality.additional.larva.rate.sp6,-0.00538897819930553,0.519536547198472,0.657167131650508,1000
sp8,110,mortality.additional.larva.rate.sp9,-0.0280767098733335,0.584990382242778,0.724347549731561,1000
sp8,111,mortality.additional.larva.rate.sp10,-0.000884093214861141,0.607374092740139,0.793428415230807,1000
sp8,112,mortality.additional.larva.rate.sp11,0.0139242899531946,0.505678084367361,0.636656820624077,1000
sp8,113,mortality.additional.larva.rate.sp12,-0.0399463905934722,0.509254514820139,0.648050093776665,1000
sp8,114,mortality.additional.larva.rate.sp13,0.00610593212444449,0.4700478350925,0.606411641931397,1000
sp8,115,mortality.additional.larva.rate.sp14,-0.000558169836388863,0.495070656626389,0.634338822808272,1000
sp8,116,mortality.additional.larva.rate.sp15,-0.00582423288027763,0.568293946295833,0.721337263127382,1000
sp8,117,mortality.additional.larva.rate.mean.sp7,-0.00989798148208328,0.483195594632917,0.613759848350389,1000
sp8,118,mortality.additional.larva.rate.mean.sp8,0.0714282112940278,5.02064941957931,5.1987430078479,1000
sp8,119,species.linf.sp0,0.164403067647778,1.48056656287167,2.03480101134469,1000
sp8,120,species.linf.sp1,-0.0029092541984721,0.542207153315139,0.69536668044254,1000
sp8,121,species.linf.sp2,0.0278625635156945,0.792216636857917,1.0639620736987,1000
sp8,122,species.linf.sp3,0.369668826932222,5.47865902213583,6.21286663342366,1000
sp8,123,species.linf.sp4,0.0159539125203239,0.954607665587268,1.13547317727921,1000
sp8,124,species.linf.sp5,0.0108675004238889,1.48014803461,1.72600012864528,1000
sp8,125,species.linf.sp6,0.00295241306597216,0.506891399333472,0.649126431726075,1000
sp8,126,species.linf.sp7,-0.000792902328750044,0.517441006140139,0.655982943145292,1000
sp8,127,species.linf.sp8,0.0776616088869446,2.626147492815,3.03887815354004,1000
sp8,128,species.linf.sp9,-0.00156640809694446,0.721092395901111,0.895921709480322,1000
sp8,129,species.linf.sp10,-0.00790964420458341,0.699424463559306,0.946321672460807,1000
sp8,130,species.linf.sp11,-0.0327277785829168,0.518997057886806,0.664108820994576,1000
sp8,131,species.linf.sp12,0.0205720263077778,0.584467170248889,0.760111774451603,1000
sp8,132,species.linf.sp13,-0.00897022676083337,0.731456200455556,0.919126268280555,1000
sp8,133,species.linf.sp14,0.00924191939999992,0.592620194811945,0.747204879465664,1000
sp8,134,species.linf.sp15,-0.00629768700361117,0.607589765455556,0.767456468600829,1000
sp8,135,species.accessibility2fish.sp16,0.0250841279548612,0.46947993985375,0.59889443742312,1000
sp8,136,species.accessibility2fish.sp17,-0.0176102565411113,0.491963402966389,0.625233191378706,1000
sp8,137,species.accessibility2fish.sp18,0.00779738989069451,0.486150316414583,0.619079759886724,1000
sp8,138,species.accessibility2fish.sp19,-0.0132280704159722,0.493575493995694,0.624377635041513,1000
sp8,139,species.accessibility2fish.sp20,-0.0170778909768055,0.481363542499583,0.610057802030574,1000
sp8,140,species.accessibility2fish.sp21,0.0235562101988887,0.485767252948056,0.615269656553475,1000
sp8,141,species.accessibility2fish.sp22,-0.00261192696819425,0.556900614337083,0.714360038465992,1000
sp8,142,species.accessibility2fish.sp23,0.0361337875480556,0.660465847391389,0.810603525163972,1000
sp8,143,species.accessibility2fish.sp24,0.000245406543472263,1.20079451045847,1.39630452593728,1000
sp8,144,species.accessibility2fish.sp25,-0.0153908508104167,0.499949171340695,0.637959895096067,1000
sp8,145,species.accessibility2fish.sp26,0.0505832287216668,0.487357856694722,0.623186121486771,1000
sp8,146,species.maturity.size.ratio.sp0,-0.0678219535213888,1.20351097758111,1.72903680512306,1000
sp8,147,species.maturity.size.ratio.sp1,0.0164430357281944,0.493974740187639,0.618162145399509,1000
sp8,148,species.maturity.size.ratio.sp2,-0.0215674868266666,0.490517482274167,0.627118768132768,1000
sp8,149,species.maturity.size.ratio.sp3,-0.00298359997930559,0.508540086869306,0.645196283403096,1000
sp8,150,species.maturity.size.ratio.sp4,-0.0443208329161112,0.482462300178056,0.608612804807148,1000
sp8,151,species.maturity.size.ratio.sp5,0.000827945429305736,0.469097910492361,0.594788641580231,1000
sp8,152,species.maturity.size.ratio.sp6,-0.0325108921666666,0.482950183578333,0.621494287216088,1000
sp8,153,species.maturity.size.ratio.sp7,0.004957817690972,0.479272146049861,0.612455287481763,1000
sp8,154,species.maturity.size.ratio.sp8,-0.0149527691016666,0.515725914254445,0.656262803564495,1000
sp8,155,species.maturity.size.ratio.sp9,-0.0202483000086111,0.498186283071945,0.63500429356465,1000
sp8,156,species.maturity.size.ratio.sp10,0.0280251259254167,0.512268756094861,0.645575782695728,1000
sp8,157,species.maturity.size.ratio.sp11,0.0191491233908334,0.641403308180833,0.803035493843428,1000
sp8,158,species.maturity.size.ratio.sp12,-0.0088394997113889,0.504581860906667,0.632824031822052,1000
sp8,159,species.maturity.size.ratio.sp13,-0.019008689957639,0.744435548289028,0.92705893072455,1000
sp8,160,species.maturity.size.ratio.sp14,0.0219211018347222,0.50843946076,0.644359912241251,1000
sp8,161,species.maturity.size.ratio.sp15,-0.0139564282822221,0.562682454393889,0.745551277429129,1000
sp8,162,predation.predPrey.sizeRatio.teta.sp0.stage1,0.00925776611569438,0.516658416972639,0.660771265435393,1000
sp8,163,predation.predPrey.sizeRatio.alpha.sp0.stage1,-0.00375910602666667,0.645322698467222,0.875416691791967,1000
sp8,164,predation.predPrey.sizeRatio.teta.sp1.stage1,-0.0269033739975001,0.481677537065278,0.61082772172728,1000
sp8,165,predation.predPrey.sizeRatio.alpha.sp1.stage1,-0.00158561677069441,0.514757747100139,0.647676927282237,1000
sp8,166,predation.predPrey.sizeRatio.teta.sp2.stage1,0.0156367129430555,0.491106302425278,0.630137322066217,1000
sp8,167,predation.predPrey.sizeRatio.alpha.sp2.stage1,-0.0379915588470832,0.56848720350625,0.726461596703553,1000
sp8,168,predation.predPrey.sizeRatio.teta.sp3.stage1,0.0243646609636113,0.509406656064444,0.646498349582498,1000
sp8,169,predation.predPrey.sizeRatio.alpha.sp3.stage1,-0.0418301110830556,2.32772797330694,3.03043316466931,1000
sp8,170,predation.predPrey.sizeRatio.teta.sp4.stage1,0.00751911913763889,0.488653621313472,0.626788024330608,1000
sp8,171,predation.predPrey.sizeRatio.alpha.sp4.stage1,0.00658349191694462,0.535789855994167,0.668556406965546,1000
sp8,172,predation.predPrey.sizeRatio.teta.sp5.stage1,-0.00413800570458325,0.518471664928195,0.658996969386032,1000
sp8,173,predation.predPrey.sizeRatio.teta.sp5.stage2,-0.0165716288927778,0.940714657081111,1.13113070496223,1000
sp8,174,predation.predPrey.sizeRatio.alpha.sp5.stage1,0.0126344829556944,0.480406819626806,0.609078518756219,1000
sp8,175,predation.predPrey.sizeRatio.alpha.sp5.stage2,-0.00493281687402783,0.611939141532639,0.782327266882151,1000
sp8,176,predation.predPrey.sizeRatio.teta.sp6.stage1,-0.0141694229298612,0.485911612809583,0.615177310253719,1000
sp8,177,predation.predPrey.sizeRatio.alpha.sp6.stage1,-0.00317175969152787,0.482280547658194,0.620579513739208,1000
sp8,178,predation.predPrey.sizeRatio.teta.sp7.stage1,0.00273109900680555,0.474985964227639,0.599000920965375,1000
sp8,179,predation.predPrey.sizeRatio.alpha.sp7.stage1,-0.0294751759954168,0.496135592432083,0.645109878556771,1000
sp8,180,predation.predPrey.sizeRatio.teta.sp8.stage1,-0.00689018432277781,0.638712585344167,0.794383437286886,1000
sp8,181,predation.predPrey.sizeRatio.alpha.sp8.stage1,0.0268226488794445,3.75970576778028,4.12523022876623,1000
sp8,182,predation.predPrey.sizeRatio.teta.sp9.stage1,0.0110189287366666,0.621216928478611,0.789859598361423,1000
sp8,183,predation.predPrey.sizeRatio.alpha.sp9.stage1,0.00101636422805566,0.5261623927175,0.67435398063668,1000
sp8,184,predation.predPrey.sizeRatio.teta.sp10.stage1,-0.0200061560776388,0.476792000573194,0.605248263178564,1000
sp8,185,predation.predPrey.sizeRatio.alpha.sp10.stage1,0.0259628519081944,0.498564756910695,0.653967308664306,1000
sp8,186,predation.predPrey.sizeRatio.teta.sp11.stage1,0.0268280238479166,0.524156790814028,0.662210197196739,1000
sp8,187,predation.predPrey.sizeRatio.alpha.sp11.stage1,0.0447837307341666,0.489462764847778,0.611823609061021,1000
sp8,188,predation.predPrey.sizeRatio.teta.sp12.stage1,-0.00210500352708328,0.495913865485695,0.623627405504166,1000
sp8,189,predation.predPrey.sizeRatio.alpha.sp12.stage1,0.000746010828888922,0.519282598125278,0.662350895133343,1000
sp8,190,predation.predPrey.sizeRatio.teta.sp13.stage1,-0.0149734456618055,0.497944133612917,0.629138640349699,1000
sp8,191,predation.predPrey.sizeRatio.alpha.sp13.stage1,-0.03113938478875,0.69736425149125,0.866643294269348,1000
sp8,192,predation.predPrey.sizeRatio.teta.sp14.stage1,0.0125985342894446,0.497205873626389,0.619908303811851,1000
sp8,193,predation.predPrey.sizeRatio.alpha.sp14.stage1,0.0163704505883334,0.685631807439445,0.844807308125576,1000
sp8,194,predation.predPrey.sizeRatio.teta.sp15.stage1,0.0254192823594791,0.492061844026424,0.628645115576734,1000
sp8,195,predation.predPrey.sizeRatio.alpha.sp15.stage1,0.0294182633529166,0.507433967365694,0.649130825931107,1000
sp9,1,mortality.additional.rate.sp0,-0.00358804308333332,0.209207578543056,0.28756899760488,1000
sp9,2,mortality.additional.rate.sp1,0.000231165997222111,0.216184584865278,0.299518052160555,1000
sp9,3,mortality.additional.rate.sp2,-0.0141870515013889,0.224311675855556,0.308360235233668,1000
sp9,4,mortality.additional.rate.sp3,0.0262711124520833,0.387719991754861,0.509594069646562,1000
sp9,5,mortality.additional.rate.sp4,0.0188868866423611,0.211315598992361,0.286571090824173,1000
sp9,6,mortality.additional.rate.sp5,-0.00505841981944446,0.235656363045833,0.32164829372407,1000
sp9,7,mortality.additional.rate.sp6,0.0330181901874999,0.211505027144444,0.290220724424908,1000
sp9,8,mortality.additional.rate.sp7,-0.00964436704097235,0.224835379003472,0.310577248355428,1000
sp9,9,mortality.additional.rate.sp8,-0.0182632515819444,0.2111042675875,0.295535547902655,1000
sp9,10,mortality.additional.rate.sp9,0.0118597604562501,0.212016218278472,0.290723766913679,1000
sp9,11,mortality.additional.rate.sp10,0.00671212135659737,0.214690251890625,0.304893182373325,1000
sp9,12,mortality.additional.rate.sp11,0.0029684997854167,0.211954696785417,0.29744793475654,1000
sp9,13,mortality.additional.rate.sp12,0.00577165772361114,0.229628294145833,0.314142062625352,1000
sp9,14,mortality.additional.rate.sp13,-0.0218872486534723,0.215280177315972,0.295656021961629,1000
sp9,15,mortality.additional.rate.sp14,0.00389360979583339,0.225414737615278,0.315382408784839,1000
sp9,16,mortality.additional.rate.sp15,-0.0049356091215278,0.212828934475694,0.292742388220037,1000
sp9,17,fisheries.rate.base.fsh0,0.033870389913889,0.597228635276389,0.732541256818513,1000
sp9,18,fisheries.rate.base.fsh1,0.0114734792277778,0.218216395308333,0.303894649288803,1000
sp9,19,fisheries.rate.base.fsh2,0.00100466429097228,0.217216960221528,0.295141742593636,1000
sp9,20,fisheries.rate.base.fsh3,-0.00206968024861111,0.254816117490278,0.343531402823095,1000
sp9,21,species.catchability.fsh0.sp0,0.00683170336041663,0.216449825797917,0.301118489718929,1000
sp9,22,species.catchability.fsh0.sp1,0.00599036659374991,0.216815962402083,0.297194764371816,1000
sp9,23,species.catchability.fsh0.sp2,-0.0220324113090278,0.223971354964583,0.30678789446579,1000
sp9,24,species.catchability.fsh0.sp3,0.0404395876354166,0.545422282615972,0.676553546574282,1000
sp9,25,species.catchability.fsh0.sp5,0.00141529488333334,0.2185957008375,0.293275500682913,1000
sp9,26,species.catchability.fsh0.sp7,-0.0137133044562501,0.222991968320139,0.298191547178759,1000
sp9,27,species.catchability.fsh0.sp8,-0.00650977467777775,0.2111945719625,0.293226212600542,1000
sp9,28,species.catchability.fsh0.sp9,0.00105242844583335,0.21529376015,0.292717966581527,1000
sp9,29,species.catchability.fsh0.sp10,0.0173764008152778,0.244260221294444,0.336716842380697,1000
sp9,30,species.catchability.fsh0.sp13,0.00461465393958335,0.220888188602083,0.303928771140534,1000
sp9,31,species.catchability.fsh0.sp14,0.00323097386597226,0.22478791488125,0.31419466627371,1000
sp9,32,species.catchability.fsh0.sp15,-0.00890504012708331,0.211176603667361,0.293087474107408,1000
sp9,33,species.catchability.fsh1.sp9,0.00302641267152777,0.242773934010417,0.343625913316475,1000
sp9,34,species.catchability.fsh1.sp10,0.0128366576041667,0.265677021808333,0.369292359825136,1000
sp9,35,species.catchability.fsh1.sp11,-0.00271298715138877,0.205878353790278,0.285564695549889,1000
sp9,36,species.catchability.fsh1.sp12,0.0037035648416666,0.218382282504167,0.298651006312219,1000
sp9,37,species.catchability.fsh2.sp0,0.0175026569715278,0.218780180077083,0.304532833272434,1000
sp9,38,species.catchability.fsh2.sp5,-0.00521626442361115,0.214141380638889,0.295119354866765,1000
sp9,39,species.catchability.fsh2.sp7,0.00627355863750009,0.220573198018056,0.303378008764231,1000
sp9,40,species.catchability.fsh2.sp8,-0.00589795158750002,0.215114170191667,0.297912120145974,1000
sp9,41,species.catchability.fsh3.sp0,-0.00527913968263883,0.223011194286806,0.301638654539063,1000
sp9,42,species.catchability.fsh3.sp1,-0.00206674728263892,0.217602676302083,0.296273578272924,1000
sp9,43,species.catchability.fsh3.sp2,-0.0104400544743056,0.217423589750694,0.30479528156147,1000
sp9,44,species.catchability.fsh3.sp3,-0.00164795023749994,0.217985693488889,0.298761128668111,1000
sp9,45,species.catchability.fsh3.sp5,0.00665249458125,0.213305022267361,0.298776449854151,1000
sp9,46,species.catchability.fsh3.sp7,0.0114750535909722,0.215166994209028,0.293921335095309,1000
sp9,47,species.catchability.fsh3.sp8,0.00263257247847221,0.215491402053472,0.299383472060864,1000
sp9,48,species.catchability.fsh3.sp9,-0.0131885995597222,0.213964353983333,0.297839773737482,1000
sp9,49,species.catchability.fsh3.sp10,-0.01678469349375,0.216773242704861,0.303027490255044,1000
sp9,50,species.catchability.fsh3.sp11,-0.0040130247791666,0.215692246165278,0.299188779565751,1000
sp9,51,species.catchability.fsh3.sp12,0.0025477116145833,0.22251632090625,0.308724563372119,1000
sp9,52,species.catchability.fsh3.sp13,0.0121014227541665,0.213354070883333,0.2949289623016,1000
sp9,53,species.catchability.fsh3.sp14,0.00820384789097224,0.219029736299306,0.303098596211138,1000
sp9,54,species.catchability.fsh3.sp15,-0.0135839528222223,0.217432938984722,0.294472564394026,1000
sp9,55,species.length2weight.condition.factor.sp0,-0.0130349419715278,0.22432301714375,0.305429442613184,1000
sp9,56,species.length2weight.condition.factor.sp1,-0.0122135648493057,0.211889155279861,0.294588049947825,1000
sp9,57,species.length2weight.condition.factor.sp2,-0.00589826706388889,0.231199304972222,0.31448351319129,1000
sp9,58,species.length2weight.condition.factor.sp3,-0.01614808496875,0.447372902797917,0.596747704381902,1000
sp9,59,species.length2weight.condition.factor.sp4,-0.00222025811388884,0.226218841206944,0.309673447077773,1000
sp9,60,species.length2weight.condition.factor.sp5,0.000748434754861014,0.222804074796528,0.302981916972566,1000
sp9,61,species.length2weight.condition.factor.sp6,0.0191294662270833,0.209964280239583,0.290575875779252,1000
sp9,62,species.length2weight.condition.factor.sp7,-0.0100604168340278,0.225869790732639,0.308709719370601,1000
sp9,63,species.length2weight.condition.factor.sp8,-0.00606487780694445,0.214974296104167,0.299344570964357,1000
sp9,64,species.length2weight.condition.factor.sp9,-0.00790651500138892,1.65168978171944,1.7110362158706,1000
sp9,65,species.length2weight.condition.factor.sp10,0.00742126829791668,0.222040585107639,0.303865756827632,1000
sp9,66,species.length2weight.condition.factor.sp11,0.000341479070138933,0.210790088585417,0.293700694363751,1000
sp9,67,species.length2weight.condition.factor.sp12,-0.00248915028541663,0.208565085424306,0.289825555064191,1000
sp9,68,species.length2weight.condition.factor.sp13,-0.00641188043611116,0.215381877190278,0.299015847512325,1000
sp9,69,species.length2weight.condition.factor.sp14,0.0103614245972222,0.207379744697222,0.282490297372194,1000
sp9,70,species.length2weight.condition.factor.sp15,-0.00773070239861119,0.226379444559722,0.317878458817546,1000
sp9,71,species.k.sp0,-0.0139064100243055,0.266417750972917,0.377486156547169,1000
sp9,72,species.k.sp1,-0.0272130548812501,0.224128949425694,0.311089936297816,1000
sp9,73,species.k.sp2,0.0158653545604167,0.307157288865972,0.404460160225849,1000
sp9,74,species.k.sp3,-0.0041569798034723,1.21430368707569,1.53230455257081,1000
sp9,75,species.k.sp4,0.0033025983472223,0.251620813655556,0.34100540312721,1000
sp9,76,species.k.sp5,-0.000605560010416677,0.219567107049306,0.29911226962142,1000
sp9,77,species.k.sp6,-0.00203163297847212,0.212245702603472,0.291164592892684,1000
sp9,78,species.k.sp7,0.0107065204604166,0.214372208045139,0.289227632887049,1000
sp9,79,species.k.sp8,-0.00940457059305557,0.21667401805,0.290440259746713,1000
sp9,80,species.k.sp9,-0.0684444127597222,0.801842207522222,0.944190235089101,1000
sp9,81,species.k.sp10,0.0195054053239197,0.367690640246914,0.492168118053708,1000
sp9,82,species.k.sp11,0.0173686041666667,0.224996745711111,0.321353634365356,1000
sp9,83,species.k.sp12,0.0187083849312501,0.213413990003472,0.290025144236321,1000
sp9,84,species.k.sp13,-0.00620731982013886,0.662969670178472,0.845020523258692,1000
sp9,85,species.k.sp14,-0.0085348354097222,0.221654497905556,0.307552600790852,1000
sp9,86,species.k.sp15,-0.00972572241180554,0.227898993714583,0.309180924136071,1000
sp9,87,species.l0.sp0,-0.00545370374791661,0.213860263327083,0.293308630722451,1000
sp9,88,species.l0.sp1,0.00381075793680567,0.225959884300694,0.310664728251778,1000
sp9,89,species.l0.sp2,0.000559285139583477,0.289376890653472,0.390418546982799,1000
sp9,90,species.l0.sp3,-0.0121390447743057,0.475046113592361,0.632702033872955,1000
sp9,91,species.l0.sp4,0.00103034822916672,0.249678254145833,0.34149009271271,1000
sp9,92,species.l0.sp5,-0.00865044218402776,0.21226027773125,0.298099874992038,1000
sp9,93,species.l0.sp6,-0.00365797688472227,0.217371617166667,0.301483469077442,1000
sp9,94,species.l0.sp7,-0.00239801812638879,0.226596116843055,0.314544156988935,1000
sp9,95,species.l0.sp8,0.0120861792041666,0.215480108754167,0.296574533535291,1000
sp9,96,species.l0.sp9,0.0113027569180555,1.51695989573333,1.81197739778797,1000
sp9,97,species.l0.sp10,-0.00451356114027782,0.447772244713889,0.614796243457728,1000
sp9,98,species.l0.sp11,0.0187186219256943,0.211130565036806,0.289377806738666,1000
sp9,99,species.l0.sp12,-0.00684986144791668,0.226847545638194,0.313838188544993,1000
sp9,100,species.l0.sp13,-0.0053697223222221,0.213395659156944,0.292077774385708,1000
sp9,101,species.l0.sp14,0.00582412801736108,0.210587211153472,0.287338749191927,1000
sp9,102,species.l0.sp15,0.0134385715041666,0.233917360084722,0.323872296429154,1000
sp9,103,mortality.additional.larva.rate.sp0,0.0122195467916667,0.255805857931944,0.350142961981996,1000
sp9,104,mortality.additional.larva.rate.sp1,0.0197012044784723,0.215297332536806,0.294841142459794,1000
sp9,105,mortality.additional.larva.rate.sp2,-0.0144203717048611,0.562757511910417,0.732572762595136,1000
sp9,106,mortality.additional.larva.rate.sp3,-0.153683013152083,2.98015488158403,3.69420294248095,1000
sp9,107,mortality.additional.larva.rate.sp4,-0.0124114520638889,0.212507946563889,0.283261182963563,1000
sp9,108,mortality.additional.larva.rate.sp5,0.0128450629173613,0.22100167219375,0.304474037652099,1000
sp9,109,mortality.additional.larva.rate.sp6,-0.000373950835416693,0.21041820296875,0.291296953170047,1000
sp9,110,mortality.additional.larva.rate.sp9,0.801422148970139,10.8155571170549,10.984184826212,1000
sp9,111,mortality.additional.larva.rate.sp10,0.0112218417694445,0.596422080955556,0.76256907362393,1000
sp9,112,mortality.additional.larva.rate.sp11,0.0159974718069443,0.212924936768056,0.285769265014639,1000
sp9,113,mortality.additional.larva.rate.sp12,-0.00243509366527777,0.224942039379167,0.302429198128187,1000
sp9,114,mortality.additional.larva.rate.sp13,0.00308803375902783,0.21964866581875,0.299110306433489,1000
sp9,115,mortality.additional.larva.rate.sp14,0.00558575443611117,0.219751416383333,0.298376494935689,1000
sp9,116,mortality.additional.larva.rate.sp15,0.0152882351756944,0.252062704128472,0.349811927011492,1000
sp9,117,mortality.additional.larva.rate.mean.sp7,-0.000385632240972158,0.207093335754861,0.285343161041095,1000
sp9,118,mortality.additional.larva.rate.mean.sp8,-0.00234366797777766,0.212292176279167,0.289864392088377,1000
sp9,119,species.linf.sp0,-0.0039542355513889,0.311030324004167,0.460089678955566,1000
sp9,120,species.linf.sp1,-0.009004048501389,0.234869175070833,0.329317021724837,1000
sp9,121,species.linf.sp2,-0.0172996058180556,0.627346678525,0.8070935286543,1000
sp9,122,species.linf.sp3,0.248003393429167,4.20634731337917,4.86666228867047,1000
sp9,123,species.linf.sp4,-0.000181825217669786,0.328791521648225,0.441045652987611,1000
sp9,124,species.linf.sp5,-0.00213877114791668,0.328922414979861,0.440507081961776,1000
sp9,125,species.linf.sp6,0.0032800592465278,0.222359473102083,0.313002131015796,1000
sp9,126,species.linf.sp7,0.00757003385347226,0.214229787979861,0.292140804686398,1000
sp9,127,species.linf.sp8,0.00812866937847224,0.239480423140972,0.326513196384204,1000
sp9,128,species.linf.sp9,0.0414588650340277,1.93562316027986,2.41661654824948,1000
sp9,129,species.linf.sp10,0.0308105490631945,1.13704306560347,1.42978888763839,1000
sp9,130,species.linf.sp11,-0.00297028539305559,0.228865453804167,0.319312280105845,1000
sp9,131,species.linf.sp12,0.0234902706597222,0.269466900626389,0.380778509558239,1000
sp9,132,species.linf.sp13,0.00351152755625005,0.402497341550694,0.525054623759518,1000
sp9,133,species.linf.sp14,-0.0162397840013889,0.216882728027778,0.301407974884942,1000
sp9,134,species.linf.sp15,0.0123874973979167,0.260665003934028,0.35726778040937,1000
sp9,135,species.accessibility2fish.sp16,-0.00921103085972221,0.211798817620833,0.295501437259422,1000
sp9,136,species.accessibility2fish.sp17,0.00373782972500009,0.213979625086111,0.289620794635579,1000
sp9,137,species.accessibility2fish.sp18,-0.00172966198611111,0.222422470229167,0.314890822840773,1000
sp9,138,species.accessibility2fish.sp19,-0.000298230882638813,0.218348897953472,0.300729689906793,1000
sp9,139,species.accessibility2fish.sp20,-0.0051252038395834,0.218011223300694,0.305871554595985,1000
sp9,140,species.accessibility2fish.sp21,-0.00237883048472234,0.2518530314125,0.351653943779943,1000
sp9,141,species.accessibility2fish.sp22,-0.00154072628888899,0.210378292055555,0.285264747347001,1000
sp9,142,species.accessibility2fish.sp23,-0.00326124042708339,0.214972897917361,0.291402376926674,1000
sp9,143,species.accessibility2fish.sp24,0.00310446443611122,0.304445185333333,0.414653498818774,1000
sp9,144,species.accessibility2fish.sp25,-0.00840387853958336,0.206580768785417,0.284481725784738,1000
sp9,145,species.accessibility2fish.sp26,-0.00284661918333338,0.225698721188889,0.306243444927384,1000
sp9,146,species.maturity.size.ratio.sp0,-0.00225919956597227,0.293453673046528,0.419612228402539,1000
sp9,147,species.maturity.size.ratio.sp1,0.00593675491597217,0.214844630364583,0.293628678418418,1000
sp9,148,species.maturity.size.ratio.sp2,0.0036573865270833,0.216177124999306,0.298392745965386,1000
sp9,149,species.maturity.size.ratio.sp3,-0.0197529662020833,0.237588137971528,0.325227704151453,1000
sp9,150,species.maturity.size.ratio.sp4,0.00309519826388893,0.221812106016667,0.302413741412523,1000
sp9,151,species.maturity.size.ratio.sp5,0.0159181996166667,0.218523843844444,0.29941229946463,1000
sp9,152,species.maturity.size.ratio.sp6,0.00769773920902768,0.220874073695139,0.30710988860203,1000
sp9,153,species.maturity.size.ratio.sp7,0.00429718708611105,0.219684607508333,0.300677799625776,1000
sp9,154,species.maturity.size.ratio.sp8,-0.0168822391111112,0.211069097827778,0.288803001375699,1000
sp9,155,species.maturity.size.ratio.sp9,-0.0297126167527777,0.908802875575,1.02345460264969,1000
sp9,156,species.maturity.size.ratio.sp10,-0.0184122566055555,0.2365304018875,0.320733478390942,1000
sp9,157,species.maturity.size.ratio.sp11,0.00351187489722232,0.263302117069444,0.350684922495606,1000
sp9,158,species.maturity.size.ratio.sp12,0.00843741386736111,0.218967577475694,0.294182105452381,1000
sp9,159,species.maturity.size.ratio.sp13,-0.00428218925555551,0.929783937843055,1.16019044291368,1000
sp9,160,species.maturity.size.ratio.sp14,-0.0139890889979167,0.21940612798125,0.303134399132937,1000
sp9,161,species.maturity.size.ratio.sp15,-0.0151408971145833,0.261319990239583,0.364288723172424,1000
sp9,162,predation.predPrey.sizeRatio.teta.sp0.stage1,0.00780602424583334,0.215836101318056,0.309454288327043,1000
sp9,163,predation.predPrey.sizeRatio.alpha.sp0.stage1,-0.01437210709375,0.256572044025694,0.347548393622812,1000
sp9,164,predation.predPrey.sizeRatio.teta.sp1.stage1,0.0117788513694445,0.220845725693055,0.291092386251435,1000
sp9,165,predation.predPrey.sizeRatio.alpha.sp1.stage1,0.00170507055833337,0.225487680463889,0.31021691635479,1000
sp9,166,predation.predPrey.sizeRatio.teta.sp2.stage1,0.000536347675694459,0.215599452439583,0.300247462664299,1000
sp9,167,predation.predPrey.sizeRatio.alpha.sp2.stage1,0.00344708046180553,0.286476230828472,0.380557500225675,1000
sp9,168,predation.predPrey.sizeRatio.teta.sp3.stage1,-0.0104503981458333,0.236931786048611,0.326631761217073,1000
sp9,169,predation.predPrey.sizeRatio.alpha.sp3.stage1,-0.0360089646534722,1.27844391903958,1.85610485446662,1000
sp9,170,predation.predPrey.sizeRatio.teta.sp4.stage1,-0.0025580060138889,0.219448441401389,0.301685884876154,1000
sp9,171,predation.predPrey.sizeRatio.alpha.sp4.stage1,0.0076417445270834,0.252364535174306,0.335659497877411,1000
sp9,172,predation.predPrey.sizeRatio.teta.sp5.stage1,-0.00993947606944445,0.209734238330555,0.290752041206914,1000
sp9,173,predation.predPrey.sizeRatio.teta.sp5.stage2,-0.00171231524236115,0.271518976842361,0.380168348739572,1000
sp9,174,predation.predPrey.sizeRatio.alpha.sp5.stage1,0.00896711970972227,0.207201478409722,0.285121545768604,1000
sp9,175,predation.predPrey.sizeRatio.alpha.sp5.stage2,0.00806974270277768,0.246219337884722,0.34613877267533,1000
sp9,176,predation.predPrey.sizeRatio.teta.sp6.stage1,-0.00409153541319441,0.224460486177084,0.308599973847481,1000
sp9,177,predation.predPrey.sizeRatio.alpha.sp6.stage1,-0.00462502528055554,0.221542460115278,0.307911891183408,1000
sp9,178,predation.predPrey.sizeRatio.teta.sp7.stage1,0.00415213217708326,0.216969636746528,0.303432353471137,1000
sp9,179,predation.predPrey.sizeRatio.alpha.sp7.stage1,-0.00338437680972223,0.2072543692625,0.283027519403205,1000
sp9,180,predation.predPrey.sizeRatio.teta.sp8.stage1,0.00746859894374997,0.215061389000694,0.304661468430207,1000
sp9,181,predation.predPrey.sizeRatio.alpha.sp8.stage1,0.00650078397986107,0.224450021488194,0.312343805267935,1000
sp9,182,predation.predPrey.sizeRatio.teta.sp9.stage1,0.0120000377194444,0.243664259047222,0.328988286853917,1000
sp9,183,predation.predPrey.sizeRatio.alpha.sp9.stage1,0.0215375006972222,0.432237583633333,0.561822030422499,1000
sp9,184,predation.predPrey.sizeRatio.teta.sp10.stage1,-0.00713598964652766,0.220388906495139,0.303899407525604,1000
sp9,185,predation.predPrey.sizeRatio.alpha.sp10.stage1,-0.00660763339444449,0.5199105120125,0.731522045975876,1000
sp9,186,predation.predPrey.sizeRatio.teta.sp11.stage1,-0.0065277849534723,0.214999943428472,0.295870742158218,1000
sp9,187,predation.predPrey.sizeRatio.alpha.sp11.stage1,0.01264021338125,0.224026449825694,0.309379728055329,1000
sp9,188,predation.predPrey.sizeRatio.teta.sp12.stage1,-0.0123085419625,0.231074154402778,0.323776816910155,1000
sp9,189,predation.predPrey.sizeRatio.alpha.sp12.stage1,0.01637691558125,0.269756556042361,0.366886226508255,1000
sp9,190,predation.predPrey.sizeRatio.teta.sp13.stage1,0.00316751797638889,0.206864397473611,0.28178844966753,1000
sp9,191,predation.predPrey.sizeRatio.alpha.sp13.stage1,0.0184318146152778,0.502662593951389,0.650246056640906,1000
sp9,192,predation.predPrey.sizeRatio.teta.sp14.stage1,-0.0084883942840278,0.212376818815972,0.290746789328381,1000
sp9,193,predation.predPrey.sizeRatio.alpha.sp14.stage1,0.00314725526111113,0.213097403798611,0.295102649346589,1000
sp9,194,predation.predPrey.sizeRatio.teta.sp15.stage1,-0.0178929360288194,0.214685171980903,0.297691235705966,1000
sp9,195,predation.predPrey.sizeRatio.alpha.sp15.stage1,0.00507900133611103,0.226017674993056,0.299662810715222,1000
sp10,1,mortality.additional.rate.sp0,-0.012581342982639,0.287370629967361,0.39360627095835,1000
sp10,2,mortality.additional.rate.sp1,0.0190096180895833,0.296122740700694,0.405112987800782,1000
sp10,3,mortality.additional.rate.sp2,0.00674790544166663,0.294912529129167,0.407250066146877,1000
sp10,4,mortality.additional.rate.sp3,-0.00602586597569444,0.320747803536806,0.424540403884558,1000
sp10,5,mortality.additional.rate.sp4,-0.0108120357916667,0.276077033361111,0.373107031620784,1000
sp10,6,mortality.additional.rate.sp5,0.00852296739583341,0.306326793295833,0.418135130086042,1000
sp10,7,mortality.additional.rate.sp6,-0.00134619763055543,0.286990598202778,0.391786441598436,1000
sp10,8,mortality.additional.rate.sp7,-0.0169015743166667,0.299581546094444,0.418104937297626,1000
sp10,9,mortality.additional.rate.sp8,0.0101764600875,0.281061111479167,0.377635150339802,1000
sp10,10,mortality.additional.rate.sp9,0.00552733460902782,0.291601489788194,0.399865903917641,1000
sp10,11,mortality.additional.rate.sp10,0.0117786076576391,0.298743847115972,0.400992409857539,1000
sp10,12,mortality.additional.rate.sp11,0.00964282260763885,0.293193412735417,0.393511284898432,1000
sp10,13,mortality.additional.rate.sp12,0.0038326499652778,0.298717750226389,0.409866770920349,1000
sp10,14,mortality.additional.rate.sp13,0.00805609362387635,0.299081415740543,0.405577738026163,1000
sp10,15,mortality.additional.rate.sp14,-0.00383562773611114,0.281536783354167,0.395185909892563,1000
sp10,16,mortality.additional.rate.sp15,0.00237247442152776,0.281155852390972,0.386700070829235,1000
sp10,17,fisheries.rate.base.fsh0,0.014218750179861,0.333118834090972,0.450609922848872,1000
sp10,18,fisheries.rate.base.fsh1,-0.0176132946159724,0.348604557850694,0.45910020119269,1000
sp10,19,fisheries.rate.base.fsh2,0.0217793950499999,0.2827605685625,0.396773767024818,1000
sp10,20,fisheries.rate.base.fsh3,8.75276986111037e-05,0.291279342705556,0.394098077441506,1000
sp10,21,species.catchability.fsh0.sp0,-0.00975926711666676,0.297695578804167,0.411737161874345,1000
sp10,22,species.catchability.fsh0.sp1,-0.000258333614583399,0.280543160503472,0.385311362524991,1000
sp10,23,species.catchability.fsh0.sp2,-0.00812834134583328,0.293043487897222,0.402295487062324,1000
sp10,24,species.catchability.fsh0.sp3,0.0226416715340277,0.402141257140972,0.531171036990662,1000
sp10,25,species.catchability.fsh0.sp5,0.0144076579791666,0.289722558591667,0.402532731857348,1000
sp10,26,species.catchability.fsh0.sp7,0.00355172446012566,0.288224779919848,0.384354514904027,1000
sp10,27,species.catchability.fsh0.sp8,0.00105883165694436,0.292296829980556,0.39491628148087,1000
sp10,28,species.catchability.fsh0.sp9,-0.00472032208958344,0.298572346017361,0.399005712680107,1000
sp10,29,species.catchability.fsh0.sp10,0.00666788333263893,0.345257866347917,0.452444758576938,1000
sp10,30,species.catchability.fsh0.sp13,-0.0121467437194445,0.286464914176389,0.384047387038999,1000
sp10,31,species.catchability.fsh0.sp14,0.00927999915694432,0.288494375448611,0.389020672657225,1000
sp10,32,species.catchability.fsh0.sp15,4.18454749998868e-05,0.288914036745833,0.393308190219194,1000
sp10,33,species.catchability.fsh1.sp9,-0.0128381775277777,0.2959261235,0.402257713842527,1000
sp10,34,species.catchability.fsh1.sp10,-0.00864023686944454,0.3947011929875,0.514779158050112,1000
sp10,35,species.catchability.fsh1.sp11,0.0181351101215277,0.287302117282639,0.386236275555063,1000
sp10,36,species.catchability.fsh1.sp12,-0.0109708941173612,0.287398799299306,0.389356888618014,1000
sp10,37,species.catchability.fsh2.sp0,0.0105507344541667,0.2972833145625,0.402551498967724,1000
sp10,38,species.catchability.fsh2.sp5,-0.0231313530145832,0.280350085365972,0.37460474020595,1000
sp10,39,species.catchability.fsh2.sp7,0.00715189590694438,0.283458397279167,0.384229768553085,1000
sp10,40,species.catchability.fsh2.sp8,-0.00897045513194455,0.294702527165278,0.401540182302134,1000
sp10,41,species.catchability.fsh3.sp0,-0.0155706992340279,0.282673246746528,0.400166455911832,1000
sp10,42,species.catchability.fsh3.sp1,-0.00402202835902765,0.279508664910417,0.386421628045565,1000
sp10,43,species.catchability.fsh3.sp2,-0.0198949445576389,0.294678232192361,0.411584948999902,1000
sp10,44,species.catchability.fsh3.sp3,-0.00842191476388883,0.310323004706945,0.418507410942085,1000
sp10,45,species.catchability.fsh3.sp5,0.0210777471770834,0.303203223609028,0.424945936918722,1000
sp10,46,species.catchability.fsh3.sp7,0.0245704659618056,0.296794344092361,0.406939057270608,1000
sp10,47,species.catchability.fsh3.sp8,0.00402383666805565,0.301145990901389,0.414521300822804,1000
sp10,48,species.catchability.fsh3.sp9,-0.00192593415972237,0.278661592095833,0.40065000788438,1000
sp10,49,species.catchability.fsh3.sp10,-0.0139946714006946,0.289590614429861,0.396542337179566,1000
sp10,50,species.catchability.fsh3.sp11,0.0141828239291666,0.304511149988889,0.419746319324904,1000
sp10,51,species.catchability.fsh3.sp12,-0.00126938290208333,0.286811775828472,0.385094953727837,1000
sp10,52,species.catchability.fsh3.sp13,0.00362029267152791,0.28430835768125,0.38957347331443,1000
sp10,53,species.catchability.fsh3.sp14,-0.0161999707333333,0.276325808772222,0.366365483963377,1000
sp10,54,species.catchability.fsh3.sp15,0.00181449170000001,0.297647353013889,0.403302578474142,1000
sp10,55,species.length2weight.condition.factor.sp0,-0.00307425208124987,0.323094922436806,0.44553768990135,1000
sp10,56,species.length2weight.condition.factor.sp1,-0.00269320600208336,0.298165905415972,0.4098430560431,1000
sp10,57,species.length2weight.condition.factor.sp2,-0.0133443456708333,0.305812640379167,0.427487964446064,1000
sp10,58,species.length2weight.condition.factor.sp3,0.012539424498611,0.357869259591667,0.470568902491669,1000
sp10,59,species.length2weight.condition.factor.sp4,0.00602835499583332,0.286453294536111,0.39631522512302,1000
sp10,60,species.length2weight.condition.factor.sp5,-0.00355995808194421,0.277860616395833,0.375183185744489,1000
sp10,61,species.length2weight.condition.factor.sp6,-0.0128520452326388,0.298582542538195,0.405859817232842,1000
sp10,62,species.length2weight.condition.factor.sp7,0.0101543932680557,0.276524879565278,0.379166778078462,1000
sp10,63,species.length2weight.condition.factor.sp8,0.0116065574770833,0.281016196139583,0.376643358097721,1000
sp10,64,species.length2weight.condition.factor.sp9,0.00343738194722214,0.281321996063889,0.399677219586985,1000
sp10,65,species.length2weight.condition.factor.sp10,-0.0301805192548611,1.66335987822569,1.74919266465778,1000
sp10,66,species.length2weight.condition.factor.sp11,0.0187015129437501,0.274666832314583,0.370094956902611,1000
sp10,67,species.length2weight.condition.factor.sp12,0.0204896981819444,0.271275774077778,0.393758859904072,1000
sp10,68,species.length2weight.condition.factor.sp13,0.00282055447430569,0.284668169027084,0.386132697715189,1000
sp10,69,species.length2weight.condition.factor.sp14,-0.00443597207569445,0.276918662927083,0.374653826042604,1000
sp10,70,species.length2weight.condition.factor.sp15,-0.01653146000625,0.298946042913195,0.411376290769245,1000
sp10,71,species.k.sp0,0.00411821218958338,0.470297627202083,0.610685914335146,1000
sp10,72,species.k.sp1,-0.00147771399999991,0.295808464923611,0.407008370815995,1000
sp10,73,species.k.sp2,0.00474335758749989,0.418148229031945,0.576035605183372,1000
sp10,74,species.k.sp3,0.0145325144368055,0.574145422836806,0.769048339081916,1000
sp10,75,species.k.sp4,0.0142981091312499,0.44733562251875,0.563212403310084,1000
sp10,76,species.k.sp5,-0.00922211127638892,0.298314384481945,0.413707970429887,1000
sp10,77,species.k.sp6,-0.00436919500208332,0.287528161797917,0.387451156139308,1000
sp10,78,species.k.sp7,-0.000899009747222101,0.291606616408333,0.4016733494686,1000
sp10,79,species.k.sp8,0.0168623134932382,0.27832933097204,0.378378667926505,1000
sp10,80,species.k.sp9,0.0140785249013888,0.707436828544444,0.90601569525308,1000
sp10,81,species.k.sp10,-0.016813081193287,0.868007689556713,1.04793427507491,1000
sp10,82,species.k.sp11,-0.0202551604645835,0.329660807695139,0.447274542113529,1000
sp10,83,species.k.sp12,-0.0157157319326387,0.290605261717361,0.404243400244172,1000
sp10,84,species.k.sp13,0.0130392325875,1.12391978259167,1.60596745885105,1000
sp10,85,species.k.sp14,0.0080408608243055,0.29951148819375,0.413563924207349,1000
sp10,86,species.k.sp15,0.00888029155902778,0.316676900822917,0.437761628288075,1000
sp10,87,species.l0.sp0,0.00643439622777781,0.309179089498611,0.407505566377176,1000
sp10,88,species.l0.sp1,-0.00730106914930535,0.301791617327083,0.405434184457723,1000
sp10,89,species.l0.sp2,0.0255138468180556,0.445796045838889,0.615330121297225,1000
sp10,90,species.l0.sp3,0.0113554605645833,0.340282440540972,0.463716586118443,1000
sp10,91,species.l0.sp4,-0.0206285177729166,0.420796016039584,0.546013812868775,1000
sp10,92,species.l0.sp5,-0.000793970425694382,0.301595385325694,0.413340356876362,1000
sp10,93,species.l0.sp6,-0.0199454641312499,0.279592694436806,0.367959262506803,1000
sp10,94,species.l0.sp7,0.0222220661395834,0.276705018211805,0.371989980475106,1000
sp10,95,species.l0.sp8,-0.00437179079166674,0.289804593030556,0.401681492863539,1000
sp10,96,species.l0.sp9,0.0105865356527777,0.4557524818875,0.595787841623965,1000
sp10,97,species.l0.sp10,0.0470481118402153,2.79206167964022,3.10218101307572,1000
sp10,98,species.l0.sp11,-0.00954565964236098,0.312665217224306,0.422190228010957,1000
sp10,99,species.l0.sp12,-0.00790693025694432,0.2990673014,0.41828292440342,1000
sp10,100,species.l0.sp13,-0.00156591196319446,0.287070684109028,0.396376031204393,1000
sp10,101,species.l0.sp14,0.00208893308263882,0.298107191807639,0.412545953282131,1000
sp10,102,species.l0.sp15,-0.0211337418784723,0.29048877204375,0.409600003876685,1000
sp10,103,mortality.additional.larva.rate.sp0,-0.00315978993749991,0.435817830145833,0.565874130872281,1000
sp10,104,mortality.additional.larva.rate.sp1,-0.00194956110416685,0.307948764530556,0.415498771359837,1000
sp10,105,mortality.additional.larva.rate.sp2,-0.0171421742545701,1.0499239413621,1.4594230619209,1000
sp10,106,mortality.additional.larva.rate.sp3,-0.0651005375611111,1.29332674769861,1.76064251023795,1000
sp10,107,mortality.additional.larva.rate.sp4,0.01200120411875,0.281889626165972,0.391416628487536,1000
sp10,108,mortality.additional.larva.rate.sp5,0.0339585949013889,0.286397636019444,0.389995010017924,1000
sp10,109,mortality.additional.larva.rate.sp6,-0.00218688416041654,0.28434192828125,0.39234859611818,1000
sp10,110,mortality.additional.larva.rate.sp9,-0.043412069060537,0.423011498145019,0.574500776186398,1000
sp10,111,mortality.additional.larva.rate.sp10,-0.138166114333333,11.55697462815,11.7543634514068,1000
sp10,112,mortality.additional.larva.rate.sp11,-0.0133867247451389,0.29353085593125,0.392818774934933,1000
sp10,113,mortality.additional.larva.rate.sp12,-0.00709101407777781,0.293092671180555,0.408231973760853,1000
sp10,114,mortality.additional.larva.rate.sp13,-0.00466728254513891,0.288344512492361,0.395024763001263,1000
sp10,115,mortality.additional.larva.rate.sp14,-0.015165517811111,0.284699664190278,0.392038770072309,1000
sp10,116,mortality.additional.larva.rate.sp15,-0.000567703538888922,0.311853383644444,0.420059829285032,1000
sp10,117,mortality.additional.larva.rate.mean.sp7,0.00833116062430548,0.284165036832639,0.388564603802632,1000
sp10,118,mortality.additional.larva.rate.mean.sp8,-0.00629174061736105,0.281857710132639,0.389140499806288,1000
sp10,119,species.linf.sp0,0.0321609741395833,0.540267957420139,0.697824662230309,1000
sp10,120,species.linf.sp1,0.00671729888472221,0.369689315936111,0.50111626414407,1000
sp10,121,species.linf.sp2,-0.000887114316666691,1.01922309022917,1.48083199918666,1000
sp10,122,species.linf.sp3,0.156267177888889,1.96951232900139,2.4444858765963,1000
sp10,123,species.linf.sp4,-0.0261097591108797,0.985172342487731,1.10934044887673,1000
sp10,124,species.linf.sp5,-0.0083080296104167,0.561985997567361,0.72342719686098,1000
sp10,125,species.linf.sp6,0.00212938757986108,0.299648176250694,0.410916577419435,1000
sp10,126,species.linf.sp7,0.00670444927404018,0.301993394512071,0.421714767424733,1000
sp10,127,species.linf.sp8,0.0011009525138888,0.285995487322222,0.385183798470913,1000
sp10,128,species.linf.sp9,-0.0198639797951388,2.00554883951042,2.43084222072093,1000
sp10,129,species.linf.sp10,-0.0883536431847221,2.24337217165833,2.91896383874897,1000
sp10,130,species.linf.sp11,0.00267419221319456,0.424734912529861,0.604542770909681,1000
sp10,131,species.linf.sp12,0.00678753813888885,0.3535577812375,0.481874497548987,1000
sp10,132,species.linf.sp13,0.01665083485625,0.594702693486806,0.85447029417666,1000
sp10,133,species.linf.sp14,0.02194538425625,0.278889746600695,0.37718361023403,1000
sp10,134,species.linf.sp15,0.0136626143694444,0.328833165120833,0.462529575905405,1000
sp10,135,species.accessibility2fish.sp16,-0.00455802025972225,0.2906028586125,0.398218430686505,1000
sp10,136,species.accessibility2fish.sp17,-0.016102387738889,0.268909736063889,0.364961685530858,1000
sp10,137,species.accessibility2fish.sp18,-0.00347870890208336,0.296013451470139,0.406330292608377,1000
sp10,138,species.accessibility2fish.sp19,0.000382599223611109,0.272157044580556,0.375213194548237,1000
sp10,139,species.accessibility2fish.sp20,-0.0173409659111112,0.306553834047222,0.416752960680102,1000
sp10,140,species.accessibility2fish.sp21,0.0127707146388888,0.281558484306945,0.380531777336941,1000
sp10,141,species.accessibility2fish.sp22,0.00794700119791665,0.28889343739375,0.401538139870795,1000
sp10,142,species.accessibility2fish.sp23,-0.00467779766438923,0.292309567643556,0.402510551073264,1000
sp10,143,species.accessibility2fish.sp24,-0.0181092253611112,0.303424099552778,0.410802948742734,1000
sp10,144,species.accessibility2fish.sp25,-0.00320257029652777,0.278299632182639,0.393829370001538,1000
sp10,145,species.accessibility2fish.sp26,0.0078122524326389,0.281544698570139,0.394723710219462,1000
sp10,146,species.maturity.size.ratio.sp0,0.0119328474319446,0.452444991677778,0.616557781861701,1000
sp10,147,species.maturity.size.ratio.sp1,0.0167811071166666,0.288550286898611,0.401972780424342,1000
sp10,148,species.maturity.size.ratio.sp2,-0.0180414568979167,0.287624113111806,0.392465136266069,1000
sp10,149,species.maturity.size.ratio.sp3,-0.00305195237569456,0.288380901029861,0.396668741149866,1000
sp10,150,species.maturity.size.ratio.sp4,0.0248032809208334,0.298199675025,0.404543995112527,1000
sp10,151,species.maturity.size.ratio.sp5,-0.00928132066458319,0.278641703224305,0.381949178695768,1000
sp10,152,species.maturity.size.ratio.sp6,-0.0153540400805555,0.2942718638125,0.404420714478656,1000
sp10,153,species.maturity.size.ratio.sp7,-0.00230816556736102,0.280240951224306,0.378858878712294,1000
sp10,154,species.maturity.size.ratio.sp8,0.0292120667125,0.301510809813889,0.414746164622423,1000
sp10,155,species.maturity.size.ratio.sp9,0.00214561002638909,0.300587646508333,0.409283832413968,1000
sp10,156,species.maturity.size.ratio.sp10,0.0133736463243055,1.88843729042014,2.25716647675283,1000
sp10,157,species.maturity.size.ratio.sp11,0.0151195301006944,0.473434720329861,0.63446064093234,1000
sp10,158,species.maturity.size.ratio.sp12,0.00492346069930553,0.290199880653472,0.390309735760047,1000
sp10,159,species.maturity.size.ratio.sp13,-0.0881302628159722,1.70423567087569,2.26158568114245,1000
sp10,160,species.maturity.size.ratio.sp14,-0.0133447833701388,0.287383172703472,0.388202777948447,1000
sp10,161,species.maturity.size.ratio.sp15,0.00640705387777782,0.324456605598611,0.439643330405826,1000
sp10,162,predation.predPrey.sizeRatio.teta.sp0.stage1,0.0106387438645834,0.277324963489583,0.388017586026833,1000
sp10,163,predation.predPrey.sizeRatio.alpha.sp0.stage1,-0.00924510850763879,0.332480664099306,0.448125247041084,1000
sp10,164,predation.predPrey.sizeRatio.teta.sp1.stage1,-0.00729218577013869,0.287541491615972,0.388033350877745,1000
sp10,165,predation.predPrey.sizeRatio.alpha.sp1.stage1,0.0244937183555555,0.321225656626389,0.435478466459952,1000
sp10,166,predation.predPrey.sizeRatio.teta.sp2.stage1,0.0153508205229166,0.305116343938194,0.412668319430334,1000
sp10,167,predation.predPrey.sizeRatio.alpha.sp2.stage1,0.00604018325555581,0.382371940980556,0.536942993453601,1000
sp10,168,predation.predPrey.sizeRatio.teta.sp3.stage1,0.0313325427381945,0.296055686504861,0.400884715557955,1000
sp10,169,predation.predPrey.sizeRatio.alpha.sp3.stage1,-0.0126394287055556,0.680576717809722,0.980233547448573,1000
sp10,170,predation.predPrey.sizeRatio.teta.sp4.stage1,-0.0135786803590278,0.303018227297917,0.410743716182268,1000
sp10,171,predation.predPrey.sizeRatio.alpha.sp4.stage1,0.0134616588215277,0.401940318504861,0.511043858522689,1000
sp10,172,predation.predPrey.sizeRatio.teta.sp5.stage1,-0.022425881488889,0.288294709198611,0.397168213645948,1000
sp10,173,predation.predPrey.sizeRatio.teta.sp5.stage2,-0.0192227467006945,0.381537575363194,0.525667429781397,1000
sp10,174,predation.predPrey.sizeRatio.alpha.sp5.stage1,0.0255590372965277,0.290046395921528,0.388905635310965,1000
sp10,175,predation.predPrey.sizeRatio.alpha.sp5.stage2,-0.0164571359263889,0.346656884602778,0.487538070402367,1000
sp10,176,predation.predPrey.sizeRatio.teta.sp6.stage1,-0.0204205779409722,0.285245028342361,0.394813638977316,1000
sp10,177,predation.predPrey.sizeRatio.alpha.sp6.stage1,0.000231128396527816,0.292643631345139,0.398340645059706,1000
sp10,178,predation.predPrey.sizeRatio.teta.sp7.stage1,0.00543901494791669,0.283656446320139,0.394510454645121,1000
sp10,179,predation.predPrey.sizeRatio.alpha.sp7.stage1,-0.00710614054791665,0.288024227939583,0.398931360882861,1000
sp10,180,predation.predPrey.sizeRatio.teta.sp8.stage1,-0.00960298255000007,0.292399599702778,0.401770516047825,1000
sp10,181,predation.predPrey.sizeRatio.alpha.sp8.stage1,-0.00517659417916671,0.285219202731945,0.403917925717929,1000
sp10,182,predation.predPrey.sizeRatio.teta.sp9.stage1,0.0218378404805557,0.308690778122222,0.412611655773977,1000
sp10,183,predation.predPrey.sizeRatio.alpha.sp9.stage1,0.0445283236465279,1.97386354411458,2.4319466138815,1000
sp10,184,predation.predPrey.sizeRatio.teta.sp10.stage1,-0.00961695451477726,0.297458269758834,0.395189428551531,1000
sp10,185,predation.predPrey.sizeRatio.alpha.sp10.stage1,-0.0128688223756943,0.545686977096528,0.714294148611967,1000
sp10,186,predation.predPrey.sizeRatio.teta.sp11.stage1,-0.013528695157639,0.289214900882639,0.396979192117938,1000
sp10,187,predation.predPrey.sizeRatio.alpha.sp11.stage1,-0.00299806304097215,0.297167382686806,0.413397054499191,1000
sp10,188,predation.predPrey.sizeRatio.teta.sp12.stage1,0.00517131791944431,0.301919092319444,0.419509170557409,1000
sp10,189,predation.predPrey.sizeRatio.alpha.sp12.stage1,-0.00149845300208336,0.30238926326875,0.404866041285349,1000
sp10,190,predation.predPrey.sizeRatio.teta.sp13.stage1,0.00369899440555551,0.279472710591667,0.387195186819603,1000
sp10,191,predation.predPrey.sizeRatio.alpha.sp13.stage1,0.0310092155479167,0.555728324195139,0.781037034410277,1000
sp10,192,predation.predPrey.sizeRatio.teta.sp14.stage1,-0.00568646818055554,0.2869494123125,0.400472690026792,1000
sp10,193,predation.predPrey.sizeRatio.alpha.sp14.stage1,0.00484854805069455,0.26582846259375,0.361339049402812,1000
sp10,194,predation.predPrey.sizeRatio.teta.sp15.stage1,0.0109608530402777,0.302396347020833,0.416405713246773,1000
sp10,195,predation.predPrey.sizeRatio.alpha.sp15.stage1,0.0137245798958332,0.2873083317125,0.394322074448821,1000
sp11,1,mortality.additional.rate.sp0,-0.00261599872430562,0.0658638138229166,0.0839289968388023,1000
sp11,2,mortality.additional.rate.sp1,0.00228705591041666,0.0654848862354167,0.0843416758455829,1000
sp11,3,mortality.additional.rate.sp2,-0.00397874503055553,0.0629837403513889,0.081583398138715,1000
sp11,4,mortality.additional.rate.sp3,-0.00150348778125003,0.0668116300201389,0.0855973618363155,1000
sp11,5,mortality.additional.rate.sp4,0.00275424967708333,0.0661717021340277,0.0841364322197796,1000
sp11,6,mortality.additional.rate.sp5,0.000871543222083312,0.0674480862193056,0.0860500362311371,1000
sp11,7,mortality.additional.rate.sp6,0.00157735477083331,0.0631790891861112,0.0805142556381546,1000
sp11,8,mortality.additional.rate.sp7,-0.00601286661888887,0.0676683634938889,0.0864351317758624,1000
sp11,9,mortality.additional.rate.sp8,-0.00374869226666666,0.0658687235597223,0.0841030304067828,1000
sp11,10,mortality.additional.rate.sp9,-0.00195553414097227,0.0634373443520833,0.0819606714456471,1000
sp11,11,mortality.additional.rate.sp10,-0.00532060297708334,0.06436292673125,0.0832167455829162,1000
sp11,12,mortality.additional.rate.sp11,0.00334379135416672,0.0649939792638889,0.0836406644041287,1000
sp11,13,mortality.additional.rate.sp12,0.00218090837513888,0.0660998488956945,0.0837007197166524,1000
sp11,14,mortality.additional.rate.sp13,0.000348836804166619,0.0659830644666667,0.082598735607114,1000
sp11,15,mortality.additional.rate.sp14,-0.00132470900624993,0.0620322688659722,0.0797147281794384,1000
sp11,16,mortality.additional.rate.sp15,0.0034969854840278,0.0642539803548611,0.0811899377694836,1000
sp11,17,fisheries.rate.base.fsh0,-0.0027891046701389,0.0697381929465279,0.0906184202651498,1000
sp11,18,fisheries.rate.base.fsh1,0.00126717162055559,0.124668306771944,0.151493398902532,1000
sp11,19,fisheries.rate.base.fsh2,0.000717617347222146,0.0621426030166667,0.0803311430665615,1000
sp11,20,fisheries.rate.base.fsh3,-0.00226963125277772,0.0674892115430555,0.0868272552563264,1000
sp11,21,species.catchability.fsh0.sp0,0.00184655705694438,0.0662992081597222,0.0846533174406457,1000
sp11,22,species.catchability.fsh0.sp1,0.00525814440374996,0.066378431827361,0.0846172428303996,1000
sp11,23,species.catchability.fsh0.sp2,0.00169385887222223,0.066259239063889,0.0853895741278559,1000
sp11,24,species.catchability.fsh0.sp3,0.00186923421805558,0.0719864731638889,0.0921800249603826,1000
sp11,25,species.catchability.fsh0.sp5,0.00183131333097219,0.0625247930523611,0.0795305810918269,1000
sp11,26,species.catchability.fsh0.sp7,-0.00204645578958343,0.0653375032576388,0.08267093079338,1000
sp11,27,species.catchability.fsh0.sp8,-0.00103044689027779,0.0645833292708333,0.0838548667431288,1000
sp11,28,species.catchability.fsh0.sp9,-0.00137519969027788,0.0664173847847221,0.0859156705892008,1000
sp11,29,species.catchability.fsh0.sp10,-0.00231755695694443,0.0632532043305555,0.0817855932689094,1000
sp11,30,species.catchability.fsh0.sp13,9.93504604166664e-05,0.0626971633409723,0.0807963573044716,1000
sp11,31,species.catchability.fsh0.sp14,-0.00265764939999996,0.0659057457527777,0.0852681582101119,1000
sp11,32,species.catchability.fsh0.sp15,-5.62061791665758e-05,0.0650034760375,0.084182895741347,1000
sp11,33,species.catchability.fsh1.sp9,0.00294588517222226,0.0647881695513889,0.083987737560789,1000
sp11,34,species.catchability.fsh1.sp10,0.00381240815763888,0.0645522008784722,0.0812813879907139,1000
sp11,35,species.catchability.fsh1.sp11,0.000476145171250084,0.145884609462083,0.171815944158968,1000
sp11,36,species.catchability.fsh1.sp12,-0.00194827569027777,0.0669179694555555,0.0866012507369983,1000
sp11,37,species.catchability.fsh2.sp0,-0.00137641707777786,0.0645528369597221,0.0829263242247748,1000
sp11,38,species.catchability.fsh2.sp5,0.00268549708777786,0.0652972686391667,0.0833599995751483,1000
sp11,39,species.catchability.fsh2.sp7,-0.0042915385041666,0.064253657076389,0.0835708195667617,1000
sp11,40,species.catchability.fsh2.sp8,0.000770317904027713,0.0658682609501389,0.0848747535452121,1000
sp11,41,species.catchability.fsh3.sp0,0.00137350303124996,0.0637196459326388,0.082026224084502,1000
sp11,42,species.catchability.fsh3.sp1,0.00240724515694449,0.0636118993475,0.0816121577308871,1000
sp11,43,species.catchability.fsh3.sp2,0.000836388879861022,0.0635433442729166,0.0814909582729796,1000
sp11,44,species.catchability.fsh3.sp3,-0.00034474979097216,0.0643635063604166,0.0834068461522271,1000
sp11,45,species.catchability.fsh3.sp5,-0.000551651100000039,0.0640829137958334,0.0825134755611428,1000
sp11,46,species.catchability.fsh3.sp7,-0.000707073503888899,0.0656042225844444,0.084256201002968,1000
sp11,47,species.catchability.fsh3.sp8,-0.00265441028611117,0.0674231305513888,0.086461619672838,1000
sp11,48,species.catchability.fsh3.sp9,0.000735817536805527,0.0623770174854167,0.080143099726067,1000
sp11,49,species.catchability.fsh3.sp10,0.00532743533097218,0.0675052888426389,0.0851386280134773,1000
sp11,50,species.catchability.fsh3.sp11,0.00119372159861118,0.0641389097416667,0.081773355395685,1000
sp11,51,species.catchability.fsh3.sp12,0.00732822843472229,0.0645988024208334,0.0819478356556088,1000
sp11,52,species.catchability.fsh3.sp13,-0.00507546329305553,0.0644204780333333,0.0814690147893918,1000
sp11,53,species.catchability.fsh3.sp14,-0.00487114785694444,0.0655792485541668,0.0841421287329198,1000
sp11,54,species.catchability.fsh3.sp15,0.000848265954861012,0.0650954458145833,0.0842559241196862,1000
sp11,55,species.length2weight.condition.factor.sp0,-0.00272210801041665,0.0721228898006944,0.0927511092695804,1000
sp11,56,species.length2weight.condition.factor.sp1,-0.000684041130694481,0.0656928035098612,0.0843136613100963,1000
sp11,57,species.length2weight.condition.factor.sp2,0.000968767420833363,0.0671608142625001,0.0879158707877533,1000
sp11,58,species.length2weight.condition.factor.sp3,0.00723500900694449,0.0662296931916668,0.0849516758871103,1000
sp11,59,species.length2weight.condition.factor.sp4,-0.00570914029583335,0.0670549514833333,0.0835139262523859,1000
sp11,60,species.length2weight.condition.factor.sp5,-0.00795378397916659,0.0645844455958334,0.0842194683029557,1000
sp11,61,species.length2weight.condition.factor.sp6,-0.00304351819819444,0.0630839783495833,0.0822927573567993,1000
sp11,62,species.length2weight.condition.factor.sp7,0.00212048722375006,0.0627394733748612,0.0799297282893864,1000
sp11,63,species.length2weight.condition.factor.sp8,-0.0034222452473611,0.0658105941081944,0.0856399045749488,1000
sp11,64,species.length2weight.condition.factor.sp9,-0.00503619076236111,0.0680931957193056,0.0867431685427852,1000
sp11,65,species.length2weight.condition.factor.sp10,-0.000898817203472232,0.0640555064284723,0.0828084957264339,1000
sp11,66,species.length2weight.condition.factor.sp11,-0.00374855956805552,0.344197739870833,0.359177182138737,1000
sp11,67,species.length2weight.condition.factor.sp12,-0.00149853051347222,0.0643781533101389,0.0825578798797399,1000
sp11,68,species.length2weight.condition.factor.sp13,0.00217529214583329,0.0660487510666667,0.0853145254843478,1000
sp11,69,species.length2weight.condition.factor.sp14,-0.00297342605000006,0.0637657146777779,0.0824658278208717,1000
sp11,70,species.length2weight.condition.factor.sp15,0.000425203848611126,0.060610147363889,0.0784060571816077,1000
sp11,71,species.k.sp0,-0.00331256776180552,0.0980231238048611,0.130970137549544,1000
sp11,72,species.k.sp1,0.000894088032638912,0.0655602808437501,0.084836711527598,1000
sp11,73,species.k.sp2,-0.00192356963750006,0.0735505085000001,0.0930284521150531,1000
sp11,74,species.k.sp3,-1.61867640278191e-05,0.0782256163276389,0.0991052510923609,1000
sp11,75,species.k.sp4,0.00262982987361112,0.0788100786763889,0.0969638271467185,1000
sp11,76,species.k.sp5,0.00051783467361105,0.0657583542097222,0.0850168324318183,1000
sp11,77,species.k.sp6,-0.00240687831319449,0.0597889297201389,0.0766549796964514,1000
sp11,78,species.k.sp7,-0.00412383979388894,0.0644062645605556,0.0836723194137109,1000
sp11,79,species.k.sp8,0.00193140031388888,0.0637422823333333,0.0836119745632332,1000
sp11,80,species.k.sp9,0.00230416720138889,0.0779649454694445,0.100282448445236,1000
sp11,81,species.k.sp10,0.00206108452331792,0.0636409557752932,0.0826542971385902,1000
sp11,82,species.k.sp11,-0.0246672718590279,0.71821645783125,0.755779326915809,1000
sp11,83,species.k.sp12,-0.00577842314777778,0.0679953137908333,0.0888603879568673,1000
sp11,84,species.k.sp13,0.000790224793750027,0.0854099009798611,0.11415071637562,1000
sp11,85,species.k.sp14,-0.0025810938854166,0.0667990554048611,0.0847365091159706,1000
sp11,86,species.k.sp15,0.00038256167833338,0.0636939013394444,0.0828152088047905,1000
sp11,87,species.l0.sp0,-0.00358948686249996,0.0669025467736112,0.085635848093983,1000
sp11,88,species.l0.sp1,0.0014340146381944,0.0644410307576389,0.0834427993950141,1000
sp11,89,species.l0.sp2,0.000506404149999956,0.0716958448986111,0.0915359247904323,1000
sp11,90,species.l0.sp3,0.00408058864597226,0.0673691770140278,0.0855128301733653,1000
sp11,91,species.l0.sp4,-0.00101660757430551,0.0711812329909723,0.0910344696737996,1000
sp11,92,species.l0.sp5,-0.00223348418805557,0.0644616684425,0.0847502930402706,1000
sp11,93,species.l0.sp6,-0.00116779117777772,0.0653674468027778,0.0842686263904805,1000
sp11,94,species.l0.sp7,-0.000416515351388899,0.063532146338889,0.0821131966434699,1000
sp11,95,species.l0.sp8,-0.0013737627458333,0.0644040126333333,0.0836710367909675,1000
sp11,96,species.l0.sp9,0.00227452162972221,0.0771618095713889,0.100232768405189,1000
sp11,97,species.l0.sp10,-0.00289638980847222,0.0752622319098611,0.0965799640939007,1000
sp11,98,species.l0.sp11,0.0124563373968055,1.00406790235597,1.04046110786178,1000
sp11,99,species.l0.sp12,0.000944444189305596,0.0675603380073611,0.088528663768298,1000
sp11,100,species.l0.sp13,-0.00234679226250009,0.0648125761986111,0.0836319709106738,1000
sp11,101,species.l0.sp14,0.00181078964791664,0.064694827657639,0.0837535509380744,1000
sp11,102,species.l0.sp15,-0.00237651046597228,0.0637868535451389,0.0820409139351844,1000
sp11,103,mortality.additional.larva.rate.sp0,-0.00334422771958329,0.100105685902639,0.133363622678304,1000
sp11,104,mortality.additional.larva.rate.sp1,0.00100519225333329,0.0627671874161111,0.0811998074777486,1000
sp11,105,mortality.additional.larva.rate.sp2,0.00434648689513884,0.0978441848368055,0.125858264064837,1000
sp11,106,mortality.additional.larva.rate.sp3,0.00727360529097224,0.111526189167361,0.157242332395765,1000
sp11,107,mortality.additional.larva.rate.sp4,-0.00413802923722214,0.0631145775788889,0.0820010923285892,1000
sp11,108,mortality.additional.larva.rate.sp5,0.00138998610333331,0.0665177151352779,0.0858521814217531,1000
sp11,109,mortality.additional.larva.rate.sp6,-0.000189400725694374,0.0646810538159722,0.0824428554554782,1000
sp11,110,mortality.additional.larva.rate.sp9,-0.00845221149305556,0.104339423776389,0.132747868762062,1000
sp11,111,mortality.additional.larva.rate.sp10,0.00196776328194442,0.0803334787888889,0.10306649315523,1000
sp11,112,mortality.additional.larva.rate.sp11,7.42098583333512e-05,0.0638003080652778,0.0827265157070916,1000
sp11,113,mortality.additional.larva.rate.sp12,-0.0057394489444444,0.0666690645152778,0.0863079106222348,1000
sp11,114,mortality.additional.larva.rate.sp13,0.00395319630416666,0.0643183385541667,0.0827039418411028,1000
sp11,115,mortality.additional.larva.rate.sp14,0.00388864917777782,0.0646772356027779,0.0817976806667205,1000
sp11,116,mortality.additional.larva.rate.sp15,-0.00243982112500005,0.065747707238889,0.08344536864794,1000
sp11,117,mortality.additional.larva.rate.mean.sp7,-0.00192258646805553,0.0637086567541668,0.0814493062691786,1000
sp11,118,mortality.additional.larva.rate.mean.sp8,-0.00228618082777782,0.0647088958833333,0.0830872737641768,1000
sp11,119,species.linf.sp0,-0.00613024909583336,0.112194959916667,0.159478263604266,1000
sp11,120,species.linf.sp1,0.00381841131291675,0.0668645973440278,0.0854221232098182,1000
sp11,121,species.linf.sp2,-0.00362824851180557,0.0966969012479166,0.124560310384833,1000
sp11,122,species.linf.sp3,-0.00714023844236104,0.193694143586806,0.275531181132705,1000
sp11,123,species.linf.sp4,-0.005401723634568,0.130223075465432,0.155308921361677,1000
sp11,124,species.linf.sp5,0.0014319016006944,0.0739633151395833,0.0940800491299238,1000
sp11,125,species.linf.sp6,-0.00186675663611107,0.0627513535736112,0.0813268122510775,1000
sp11,126,species.linf.sp7,0.000360836651388855,0.0663784949333333,0.0845439803452641,1000
sp11,127,species.linf.sp8,0.000541808900694456,0.06310654783125,0.0806759941518335,1000
sp11,128,species.linf.sp9,0.00165003197819444,0.160252260244028,0.194620465912368,1000
sp11,129,species.linf.sp10,-0.000342035152083306,0.08328225548125,0.10782715436544,1000
sp11,130,species.linf.sp11,0.0366459535108333,4.30038242436833,4.34279787794512,1000
sp11,131,species.linf.sp12,-0.00359798437638889,0.0756617905069445,0.0961601422274537,1000
sp11,132,species.linf.sp13,-0.000556679934027796,0.0724762265645834,0.0929378136668398,1000
sp11,133,species.linf.sp14,0.00448368812111122,0.0682701178697221,0.0885874333198133,1000
sp11,134,species.linf.sp15,0.00302216247083336,0.0680327373444445,0.0870778494674277,1000
sp11,135,species.accessibility2fish.sp16,0.00139309237763885,0.0636441275681945,0.0819033535817111,1000
sp11,136,species.accessibility2fish.sp17,-0.00330725859916662,0.0644240133133334,0.0836185861634334,1000
sp11,137,species.accessibility2fish.sp18,0.00232826979583332,0.0659170156166666,0.0850836025384422,1000
sp11,138,species.accessibility2fish.sp19,-0.00370087403875005,0.06298096233625,0.0814486211053184,1000
sp11,139,species.accessibility2fish.sp20,0.00107065264930561,0.0647818200701389,0.0836683039501064,1000
sp11,140,species.accessibility2fish.sp21,0.00330660785972224,0.0706490705958333,0.0897842938386685,1000
sp11,141,species.accessibility2fish.sp22,0.00152712214375003,0.0648526874770832,0.082418341913733,1000
sp11,142,species.accessibility2fish.sp23,0.00500358811944446,0.0635086660736112,0.0825375221508336,1000
sp11,143,species.accessibility2fish.sp24,-0.000828342788194452,0.0683295188770833,0.0891447324751629,1000
sp11,144,species.accessibility2fish.sp25,0.00274845984583329,0.066163519936111,0.0846579131814471,1000
sp11,145,species.accessibility2fish.sp26,0.000924794114027774,0.0634323562181944,0.0822779866736641,1000
sp11,146,species.maturity.size.ratio.sp0,-0.00469041516125003,0.102924588757083,0.137180190553505,1000
sp11,147,species.maturity.size.ratio.sp1,-0.000419885083333378,0.0665913068527778,0.0834609053685051,1000
sp11,148,species.maturity.size.ratio.sp2,-0.00104658181736116,0.0648467080381944,0.0829056013905848,1000
sp11,149,species.maturity.size.ratio.sp3,-0.000819964220833362,0.0651752580013889,0.0840277699565534,1000
sp11,150,species.maturity.size.ratio.sp4,9.33491173611167e-05,0.0683554922020833,0.0877809323653078,1000
sp11,151,species.maturity.size.ratio.sp5,-0.0036126118097222,0.0632137312916667,0.0811947775090032,1000
sp11,152,species.maturity.size.ratio.sp6,-0.000897511961111121,0.0641435951236111,0.0819360602811086,1000
sp11,153,species.maturity.size.ratio.sp7,0.000247384457638951,0.0658191947340277,0.0854882545158252,1000
sp11,154,species.maturity.size.ratio.sp8,-0.000457714906249969,0.06276876029375,0.0828118070033577,1000
sp11,155,species.maturity.size.ratio.sp9,-0.000254816085416735,0.0666016364951389,0.0847973581039703,1000
sp11,156,species.maturity.size.ratio.sp10,0.00812221769527786,0.0644937380383334,0.0819645640903979,1000
sp11,157,species.maturity.size.ratio.sp11,-0.171897751263194,3.98608911591042,4.09325128296354,1000
sp11,158,species.maturity.size.ratio.sp12,0.000542386896527765,0.06315507349375,0.0823073981415918,1000
sp11,159,species.maturity.size.ratio.sp13,4.44271819443833e-05,0.0964275215263889,0.129696278529741,1000
sp11,160,species.maturity.size.ratio.sp14,-0.00255493445763893,0.06437766750625,0.0813600778674675,1000
sp11,161,species.maturity.size.ratio.sp15,0.000762820566666692,0.0658089685263889,0.0850550354550993,1000
sp11,162,predation.predPrey.sizeRatio.teta.sp0.stage1,-4.03062333333661e-05,0.0680508213680555,0.0863450310448511,1000
sp11,163,predation.predPrey.sizeRatio.alpha.sp0.stage1,-0.0016377757180555,0.0990793245847222,0.143507246693776,1000
sp11,164,predation.predPrey.sizeRatio.teta.sp1.stage1,0.00161473959791667,0.0634985627548611,0.0838443970280104,1000
sp11,165,predation.predPrey.sizeRatio.alpha.sp1.stage1,0.00131477777083338,0.0658362983444444,0.0841934545846574,1000
sp11,166,predation.predPrey.sizeRatio.teta.sp2.stage1,0.00161650866319445,0.0635490852743056,0.0829116216364143,1000
sp11,167,predation.predPrey.sizeRatio.alpha.sp2.stage1,-0.000545009665277755,0.0691393918152777,0.0892567808810728,1000
sp11,168,predation.predPrey.sizeRatio.teta.sp3.stage1,-0.00376424600902777,0.0641213455506945,0.0824895075101284,1000
sp11,169,predation.predPrey.sizeRatio.alpha.sp3.stage1,-0.00381358960208327,0.171290661524306,0.238491618635559,1000
sp11,170,predation.predPrey.sizeRatio.teta.sp4.stage1,-0.00407135781597227,0.06928549403125,0.0883614400441682,1000
sp11,171,predation.predPrey.sizeRatio.alpha.sp4.stage1,0.00192738361666672,0.0859340859805554,0.105535635082613,1000
sp11,172,predation.predPrey.sizeRatio.teta.sp5.stage1,-0.00196904678055553,0.063966832348611,0.0816663503364329,1000
sp11,173,predation.predPrey.sizeRatio.teta.sp5.stage2,0.00219114560388891,0.0678376727116667,0.0868387504743406,1000
sp11,174,predation.predPrey.sizeRatio.alpha.sp5.stage1,-0.00272055541041672,0.0648660447215278,0.0828027184110432,1000
sp11,175,predation.predPrey.sizeRatio.alpha.sp5.stage2,6.9624425694454e-05,0.0685775503204167,0.0873524728285173,1000
sp11,176,predation.predPrey.sizeRatio.teta.sp6.stage1,-0.000518709826249965,0.0656127451456944,0.0846810123431261,1000
sp11,177,predation.predPrey.sizeRatio.alpha.sp6.stage1,0.00437954624236101,0.0650517929590278,0.0825382139573597,1000
sp11,178,predation.predPrey.sizeRatio.teta.sp7.stage1,0.00149103011458337,0.0626144328493056,0.0796076982686305,1000
sp11,179,predation.predPrey.sizeRatio.alpha.sp7.stage1,-0.000515775686805573,0.0692541221604166,0.0889451673466487,1000
sp11,180,predation.predPrey.sizeRatio.teta.sp8.stage1,-0.00158969099236111,0.0659278306506945,0.0857452032778271,1000
sp11,181,predation.predPrey.sizeRatio.alpha.sp8.stage1,0.00321823645208331,0.0655624161354167,0.0829565223544449,1000
sp11,182,predation.predPrey.sizeRatio.teta.sp9.stage1,-0.00146318839722224,0.0683470941805555,0.0874544305853019,1000
sp11,183,predation.predPrey.sizeRatio.alpha.sp9.stage1,0.00496343693708347,0.0739177624704166,0.0964668080036728,1000
sp11,184,predation.predPrey.sizeRatio.teta.sp10.stage1,-0.000233758837083343,0.0666338942218056,0.0849368616120193,1000
sp11,185,predation.predPrey.sizeRatio.alpha.sp10.stage1,0.00319800353055557,0.0682156120236111,0.0869240635459905,1000
sp11,186,predation.predPrey.sizeRatio.teta.sp11.stage1,-0.0117778007763889,0.210625507925,0.342710280475009,1000
sp11,187,predation.predPrey.sizeRatio.alpha.sp11.stage1,-0.00151999987222223,0.0838439466472223,0.105252095166894,1000
sp11,188,predation.predPrey.sizeRatio.teta.sp12.stage1,0.00107015123250004,0.0795278957491667,0.102774705927037,1000
sp11,189,predation.predPrey.sizeRatio.alpha.sp12.stage1,2.28968833333845e-05,0.0662996324666667,0.0847642291741698,1000
sp11,190,predation.predPrey.sizeRatio.teta.sp13.stage1,0.00466074980972212,0.0644059910180555,0.0823209039795153,1000
sp11,191,predation.predPrey.sizeRatio.alpha.sp13.stage1,-0.00302017430069444,0.0728660471048612,0.0949334832306772,1000
sp11,192,predation.predPrey.sizeRatio.teta.sp14.stage1,0.000589999072638921,0.0699516817523611,0.0885801059914519,1000
sp11,193,predation.predPrey.sizeRatio.alpha.sp14.stage1,0.00047003359374999,0.0657696636479166,0.0848567059121972,1000
sp11,194,predation.predPrey.sizeRatio.teta.sp15.stage1,0.00304067697499991,0.0640644857416667,0.0844372184161792,1000
sp11,195,predation.predPrey.sizeRatio.alpha.sp15.stage1,0.00358797593583338,0.0653522198447222,0.0847144639388364,1000
sp12,1,mortality.additional.rate.sp0,-0.00733950900569444,0.112311077270972,0.14853557453279,1000
sp12,2,mortality.additional.rate.sp1,-0.000466936163749992,0.113272378979861,0.149041896076735,1000
sp12,3,mortality.additional.rate.sp2,0.00706684417930553,0.114452142502639,0.14619022576327,1000
sp12,4,mortality.additional.rate.sp3,-0.000118011241249983,0.116940329839861,0.151829365165062,1000
sp12,5,mortality.additional.rate.sp4,-0.00918902574430555,0.11121789226625,0.145381007727045,1000
sp12,6,mortality.additional.rate.sp5,0.000942437107499994,0.124875275933333,0.163800218174087,1000
sp12,7,mortality.additional.rate.sp6,-0.00808487577527774,0.113693765653611,0.146233316901096,1000
sp12,8,mortality.additional.rate.sp7,0.0047933212318056,0.107475030704028,0.140898890596169,1000
sp12,9,mortality.additional.rate.sp8,-0.00358963050833344,0.11445207305,0.14821122096448,1000
sp12,10,mortality.additional.rate.sp9,0.00590880089527784,0.117057555988333,0.152717299172035,1000
sp12,11,mortality.additional.rate.sp10,-0.00131532400197911,0.11206131332059,0.147379683577786,1000
sp12,12,mortality.additional.rate.sp11,-0.000669856072083355,0.114079938747639,0.149918217664093,1000
sp12,13,mortality.additional.rate.sp12,0.00583340908986115,0.109228247414028,0.142238780174094,1000
sp12,14,mortality.additional.rate.sp13,0.00023711458166666,0.107911314884722,0.138502332405425,1000
sp12,15,mortality.additional.rate.sp14,-0.00156166176541667,0.116137797055972,0.151539003703828,1000
sp12,16,mortality.additional.rate.sp15,0.000317452133055634,0.114827575096111,0.150277726888346,1000
sp12,17,fisheries.rate.base.fsh0,-0.00677594210125003,0.139357338599306,0.180092163810914,1000
sp12,18,fisheries.rate.base.fsh1,0.0148127509920833,0.130098024070972,0.173058027086651,1000
sp12,19,fisheries.rate.base.fsh2,0.00797800080194442,0.109712275497222,0.143935931627302,1000
sp12,20,fisheries.rate.base.fsh3,-0.00310015468486111,0.119737882455139,0.15370747182007,1000
sp12,21,species.catchability.fsh0.sp0,-0.00281180753583332,0.114919417036667,0.15148683713044,1000
sp12,22,species.catchability.fsh0.sp1,0.000257136790555558,0.110995728034722,0.14353229301457,1000
sp12,23,species.catchability.fsh0.sp2,-0.00194316724583331,0.106933506792778,0.136434418840069,1000
sp12,24,species.catchability.fsh0.sp3,0.00710028571000004,0.1278667075175,0.165361627230967,1000
sp12,25,species.catchability.fsh0.sp5,-0.0042954097151389,0.113351134820972,0.14877119257889,1000
sp12,26,species.catchability.fsh0.sp7,0.00323436117374995,0.108742004384028,0.143035006149395,1000
sp12,27,species.catchability.fsh0.sp8,-0.00084502264097222,0.115817131792639,0.149930808603862,1000
sp12,28,species.catchability.fsh0.sp9,-0.00718947817972223,0.112545073054167,0.145475683318059,1000
sp12,29,species.catchability.fsh0.sp10,-0.00251412905041669,0.113553445289861,0.147492118684253,1000
sp12,30,species.catchability.fsh0.sp13,0.00194689794930555,0.111162967232917,0.148780078284702,1000
sp12,31,species.catchability.fsh0.sp14,-0.00391699118416668,0.112903815702222,0.147428297941171,1000
sp12,32,species.catchability.fsh0.sp15,0.00263859931027776,0.110541901232778,0.145033435845828,1000
sp12,33,species.catchability.fsh1.sp9,0.000394735912083382,0.111283000576806,0.14457619636759,1000
sp12,34,species.catchability.fsh1.sp10,-2.05993180552898e-06,0.11733084015625,0.153825207780686,1000
sp12,35,species.catchability.fsh1.sp11,-0.00404334403375003,0.114029876942917,0.148908840701637,1000
sp12,36,species.catchability.fsh1.sp12,-0.0032416881525,0.125244783200833,0.161873862562911,1000
sp12,37,species.catchability.fsh2.sp0,-0.000375832045555554,0.116111344933889,0.150041562297928,1000
sp12,38,species.catchability.fsh2.sp5,-0.00131734910805551,0.110742693213056,0.147273735693128,1000
sp12,39,species.catchability.fsh2.sp7,-0.00249958107388891,0.112077763439444,0.149201824189904,1000
sp12,40,species.catchability.fsh2.sp8,-0.00482533239611114,0.118154358968333,0.152716240086368,1000
sp12,41,species.catchability.fsh3.sp0,-0.00573581278861111,0.110227972199722,0.141699215817106,1000
sp12,42,species.catchability.fsh3.sp1,0.00654244168083333,0.113096390184167,0.148921943357398,1000
sp12,43,species.catchability.fsh3.sp2,-0.00277535887416665,0.111945389138333,0.145223395931251,1000
sp12,44,species.catchability.fsh3.sp3,-0.0022486876961111,0.114715529156667,0.148116500122797,1000
sp12,45,species.catchability.fsh3.sp5,0.00627955632500001,0.114200481375556,0.146886787551165,1000
sp12,46,species.catchability.fsh3.sp7,0.0014534553765278,0.112835754209306,0.150387349226824,1000
sp12,47,species.catchability.fsh3.sp8,-0.00354671067527776,0.108093077668333,0.140655132096311,1000
sp12,48,species.catchability.fsh3.sp9,-0.000828450248888836,0.112255772241667,0.147844996769338,1000
sp12,49,species.catchability.fsh3.sp10,-0.00259816179972227,0.111395077266667,0.145248404716547,1000
sp12,50,species.catchability.fsh3.sp11,0.000642904071250016,0.113683620822917,0.143111075618367,1000
sp12,51,species.catchability.fsh3.sp12,-0.00346204918694449,0.114498218399444,0.147612608471437,1000
sp12,52,species.catchability.fsh3.sp13,0.00435610679874996,0.11372841473875,0.146655374892928,1000
sp12,53,species.catchability.fsh3.sp14,-0.00222085844555556,0.110082904349445,0.142972476979385,1000
sp12,54,species.catchability.fsh3.sp15,0.00265819757194442,0.108475613191944,0.141397312105839,1000
sp12,55,species.length2weight.condition.factor.sp0,0.000711101798749985,0.128767920774306,0.16784554709663,1000
sp12,56,species.length2weight.condition.factor.sp1,0.00979049444430555,0.116152970283194,0.152880480023627,1000
sp12,57,species.length2weight.condition.factor.sp2,0.00613587842388887,0.118377890209444,0.154395309614728,1000
sp12,58,species.length2weight.condition.factor.sp3,-0.000992332884861076,0.136073023172917,0.172845026206697,1000
sp12,59,species.length2weight.condition.factor.sp4,0.0132128451515277,0.131190919654861,0.171681150092006,1000
sp12,60,species.length2weight.condition.factor.sp5,-0.00725897064083336,0.114010758110278,0.148705743833626,1000
sp12,61,species.length2weight.condition.factor.sp6,0.00124733718861106,0.1076363344525,0.141773370419435,1000
sp12,62,species.length2weight.condition.factor.sp7,-0.00274919560319445,0.114780623724861,0.1476835212934,1000
sp12,63,species.length2weight.condition.factor.sp8,0.000120546193055543,0.109892438726389,0.142903560795748,1000
sp12,64,species.length2weight.condition.factor.sp9,0.00160075508833337,0.120482890099444,0.155140769406406,1000
sp12,65,species.length2weight.condition.factor.sp10,-0.000884371351111133,0.122582933983611,0.157278989401613,1000
sp12,66,species.length2weight.condition.factor.sp11,-0.00826018019555552,0.111952070301944,0.144493475012485,1000
sp12,67,species.length2weight.condition.factor.sp12,0.0146453750518055,0.898111523999861,0.930168643986343,1000
sp12,68,species.length2weight.condition.factor.sp13,-0.00446765287694448,0.112924648375,0.146411634672492,1000
sp12,69,species.length2weight.condition.factor.sp14,-0.00344569589777777,0.110131542439722,0.145473518127363,1000
sp12,70,species.length2weight.condition.factor.sp15,0.00392086096208335,0.110789224594028,0.146448200838109,1000
sp12,71,species.k.sp0,-0.00936932686958334,0.208140121440417,0.281481118410296,1000
sp12,72,species.k.sp1,0.00505935734597225,0.111727563856806,0.147907526019917,1000
sp12,73,species.k.sp2,0.00512506493625001,0.14494041608375,0.191438229164366,1000
sp12,74,species.k.sp3,0.00346268553652773,0.239086205399028,0.304982317482112,1000
sp12,75,species.k.sp4,0.0119333986255556,0.27858527438,0.335857547992042,1000
sp12,76,species.k.sp5,0.00588196552611111,0.118590650673056,0.15588907850974,1000
sp12,77,species.k.sp6,0.00107007372694448,0.118119001974167,0.152481653311245,1000
sp12,78,species.k.sp7,-0.00361074871694442,0.1113351211875,0.147247719215725,1000
sp12,79,species.k.sp8,0.00249637151069444,0.108360875683472,0.13946025426783,1000
sp12,80,species.k.sp9,0.00588427066500002,0.186294331548889,0.237546894481353,1000
sp12,81,species.k.sp10,0.00370117350966044,0.136640156267006,0.17279347138084,1000
sp12,82,species.k.sp11,-0.00633916309347223,0.112381576155139,0.149507276825166,1000
sp12,83,species.k.sp12,-0.0172139624504166,0.44978198125875,0.541704210625097,1000
sp12,84,species.k.sp13,-0.0082034623163888,0.358997418853889,0.467611378714206,1000
sp12,85,species.k.sp14,-0.00723061174402775,0.114314076207917,0.149075400996453,1000
sp12,86,species.k.sp15,0.00018080615777778,0.113664649071944,0.147997740752389,1000
sp12,87,species.l0.sp0,0.00138187334638891,0.122720840271944,0.159913489304555,1000
sp12,88,species.l0.sp1,-0.000163706841666686,0.111848574681667,0.145214877603623,1000
sp12,89,species.l0.sp2,0.00511868307708329,0.137297494822639,0.178434752501005,1000
sp12,90,species.l0.sp3,-0.00339968259361121,0.135174622020278,0.178401752791725,1000
sp12,91,species.l0.sp4,0.00276223912027778,0.21361965527,0.262239024369988,1000
sp12,92,species.l0.sp5,-0.00523079628263888,0.111534011762639,0.147976686429382,1000
sp12,93,species.l0.sp6,0.00692671660430555,0.109253702604861,0.142468342234457,1000
sp12,94,species.l0.sp7,-0.00311709420166671,0.116129778984722,0.154437068422141,1000
sp12,95,species.l0.sp8,0.000493359343750012,0.111933526756528,0.146765332287368,1000
sp12,96,species.l0.sp9,0.00270673136124994,0.17214499649375,0.220461506992549,1000
sp12,97,species.l0.sp10,0.00446905506250001,0.175940332730556,0.220990872475475,1000
sp12,98,species.l0.sp11,0.00330413248375004,0.105854308269306,0.139470284755038,1000
sp12,99,species.l0.sp12,0.00919437535138892,0.272945196931944,0.327083398779348,1000
sp12,100,species.l0.sp13,0.00804991385430555,0.10934210058625,0.143900954538239,1000
sp12,101,species.l0.sp14,0.00241638470402778,0.111084294818194,0.143072861263092,1000
sp12,102,species.l0.sp15,0.00539995189319444,0.112520395616806,0.145875329021442,1000
sp12,103,mortality.additional.larva.rate.sp0,0.00583112814472223,0.202849701339444,0.27002070476478,1000
sp12,104,mortality.additional.larva.rate.sp1,0.00220386682736112,0.111205707508194,0.148834212825742,1000
sp12,105,mortality.additional.larva.rate.sp2,-0.00162367732527782,0.284078820019167,0.378832225748423,1000
sp12,106,mortality.additional.larva.rate.sp3,-0.0263481445179167,0.608837639428472,0.732132258729633,1000
sp12,107,mortality.additional.larva.rate.sp4,-0.00425325644819446,0.11371735806375,0.147294964831301,1000
sp12,108,mortality.additional.larva.rate.sp5,-0.00367205634638889,0.113623690135278,0.147198288367063,1000
sp12,109,mortality.additional.larva.rate.sp6,-0.0020896814905556,0.111630999841667,0.145440868625816,1000
sp12,110,mortality.additional.larva.rate.sp9,-0.00180602152791672,0.233881282575695,0.305586289994266,1000
sp12,111,mortality.additional.larva.rate.sp10,0.000949996964583346,0.231334374161528,0.300375761512885,1000
sp12,112,mortality.additional.larva.rate.sp11,-0.00448761340999997,0.112951460109444,0.147974096255814,1000
sp12,113,mortality.additional.larva.rate.sp12,-0.177722417701111,3.78112481147917,3.85541017213817,1000
sp12,114,mortality.additional.larva.rate.sp13,-0.0023943551586111,0.114309147915278,0.154177616043492,1000
sp12,115,mortality.additional.larva.rate.sp14,0.00648831986444447,0.116033101790278,0.149860752654648,1000
sp12,116,mortality.additional.larva.rate.sp15,-0.00136749751055558,0.116764247405556,0.155322285203367,1000
sp12,117,mortality.additional.larva.rate.mean.sp7,0.0106138421054166,0.115596623116528,0.150294081542402,1000
sp12,118,mortality.additional.larva.rate.mean.sp8,-0.00503803799819444,0.111268711037361,0.1475711512082,1000
sp12,119,species.linf.sp0,0.00547993472930557,0.227670135220694,0.315255363743466,1000
sp12,120,species.linf.sp1,-0.00186681262638885,0.109188926208056,0.145731843237269,1000
sp12,121,species.linf.sp2,-0.0106343177422222,0.292205702664167,0.394544865730831,1000
sp12,122,species.linf.sp3,0.0224045062023612,0.524510634840694,0.662498288723626,1000
sp12,123,species.linf.sp4,-0.0235531215997994,0.711480671582701,0.796533136961259,1000
sp12,124,species.linf.sp5,0.00226221539736112,0.187030039597917,0.237859458292399,1000
sp12,125,species.linf.sp6,-0.000222200768611074,0.118398397926667,0.154437999874451,1000
sp12,126,species.linf.sp7,0.00196099672708333,0.120093354219028,0.157514634679435,1000
sp12,127,species.linf.sp8,-0.00730020066805551,0.126304804970556,0.164869840495688,1000
sp12,128,species.linf.sp9,0.000215773392916676,0.441823124492361,0.512556000140024,1000
sp12,129,species.linf.sp10,0.01275625476125,0.31567465260625,0.393182005325049,1000
sp12,130,species.linf.sp11,-0.00511185555611115,0.113994724800833,0.149072104993204,1000
sp12,131,species.linf.sp12,0.00899566200944449,0.589497696375,0.723908105243998,1000
sp12,132,species.linf.sp13,-0.000833486690555488,0.177116295105556,0.234529325334741,1000
sp12,133,species.linf.sp14,0.00216060012000001,0.116694404263889,0.153039728864115,1000
sp12,134,species.linf.sp15,0.00934546919930558,0.122630295094028,0.162421439712965,1000
sp12,135,species.accessibility2fish.sp16,-0.00411557912208337,0.111397902765139,0.147756747812701,1000
sp12,136,species.accessibility2fish.sp17,-0.00252999348388885,0.107701160680556,0.139759782723396,1000
sp12,137,species.accessibility2fish.sp18,-0.00260871539736108,0.121072540453472,0.156384663711067,1000
sp12,138,species.accessibility2fish.sp19,0.00795457908000001,0.178328511569444,0.257918146683816,1000
sp12,139,species.accessibility2fish.sp20,0.00335766538916671,0.113100191009167,0.149374014029937,1000
sp12,140,species.accessibility2fish.sp21,0.00958926533638887,0.157870823601944,0.218847991314623,1000
sp12,141,species.accessibility2fish.sp22,-0.00826278390583332,0.110147812506667,0.144778673066319,1000
sp12,142,species.accessibility2fish.sp23,-0.00822294497597222,0.120438605712639,0.160227895905207,1000
sp12,143,species.accessibility2fish.sp24,-0.00615173511555549,0.168531531097222,0.217572141916503,1000
sp12,144,species.accessibility2fish.sp25,-0.00290259641972227,0.111933144160833,0.14518445008643,1000
sp12,145,species.accessibility2fish.sp26,0.00682755857875004,0.111538319255417,0.146977290726856,1000
sp12,146,species.maturity.size.ratio.sp0,0.0146764071426388,0.211967759588472,0.293986242715958,1000
sp12,147,species.maturity.size.ratio.sp1,-0.00274228394708326,0.108697040397361,0.143826882329884,1000
sp12,148,species.maturity.size.ratio.sp2,0.000406018284583348,0.112816783909861,0.14891083359054,1000
sp12,149,species.maturity.size.ratio.sp3,-0.00323777691416666,0.115244816604167,0.14746210101174,1000
sp12,150,species.maturity.size.ratio.sp4,0.00811861729194436,0.131699129374167,0.167512569250807,1000
sp12,151,species.maturity.size.ratio.sp5,-0.00353167042180561,0.115285531794028,0.153225298262682,1000
sp12,152,species.maturity.size.ratio.sp6,0.00435482159680549,0.110847034117361,0.144731813986428,1000
sp12,153,species.maturity.size.ratio.sp7,-0.00250161614013886,0.115909653223195,0.151898858192083,1000
sp12,154,species.maturity.size.ratio.sp8,0.00459765830416663,0.112428158894722,0.146863986074282,1000
sp12,155,species.maturity.size.ratio.sp9,-0.00419876644055559,0.112709826699167,0.146768133074852,1000
sp12,156,species.maturity.size.ratio.sp10,-0.00421966958777786,0.121799726879444,0.160096839315978,1000
sp12,157,species.maturity.size.ratio.sp11,0.0108304610283333,0.138068096531944,0.178085877291665,1000
sp12,158,species.maturity.size.ratio.sp12,0.000194970686944408,1.09805635028833,1.22379520938372,1000
sp12,159,species.maturity.size.ratio.sp13,-0.0300030807659722,0.615027531668472,0.728224459934557,1000
sp12,160,species.maturity.size.ratio.sp14,-0.00487451071236104,0.113932460859583,0.145905889322303,1000
sp12,161,species.maturity.size.ratio.sp15,-0.000791458476666654,0.120496774080278,0.158918197673576,1000
sp12,162,predation.predPrey.sizeRatio.teta.sp0.stage1,0.000554469345694453,0.111893086935972,0.14495462857504,1000
sp12,163,predation.predPrey.sizeRatio.alpha.sp0.stage1,0.00991465740319451,0.171167541785139,0.228393747073669,1000
sp12,164,predation.predPrey.sizeRatio.teta.sp1.stage1,-0.00809829676055559,0.111421083433333,0.147673834215068,1000
sp12,165,predation.predPrey.sizeRatio.alpha.sp1.stage1,-0.00665854803541662,0.110902007857083,0.144560170065438,1000
sp12,166,predation.predPrey.sizeRatio.teta.sp2.stage1,-0.00037589250027775,0.113285139936111,0.146994291789605,1000
sp12,167,predation.predPrey.sizeRatio.alpha.sp2.stage1,0.00903411246305557,0.2140885848325,0.271507703672042,1000
sp12,168,predation.predPrey.sizeRatio.teta.sp3.stage1,-0.00309590222763891,0.112995770839583,0.147037700900661,1000
sp12,169,predation.predPrey.sizeRatio.alpha.sp3.stage1,-0.00300314769027772,0.339875243077222,0.497143817825596,1000
sp12,170,predation.predPrey.sizeRatio.teta.sp4.stage1,-0.0019316707754167,0.114219649717639,0.153342839543067,1000
sp12,171,predation.predPrey.sizeRatio.alpha.sp4.stage1,0.0204194348322222,0.346363936294444,0.425422099237841,1000
sp12,172,predation.predPrey.sizeRatio.teta.sp5.stage1,0.00228899454097222,0.114799488707361,0.151706620723079,1000
sp12,173,predation.predPrey.sizeRatio.teta.sp5.stage2,-0.00163416960097222,0.130146456071528,0.17236579407633,1000
sp12,174,predation.predPrey.sizeRatio.alpha.sp5.stage1,0.0093854360259722,0.109699838112083,0.142827641344284,1000
sp12,175,predation.predPrey.sizeRatio.alpha.sp5.stage2,-0.00395430288652779,0.118184032400972,0.151331854048758,1000
sp12,176,predation.predPrey.sizeRatio.teta.sp6.stage1,0.00265245458041664,0.110652170777361,0.145829309964828,1000
sp12,177,predation.predPrey.sizeRatio.alpha.sp6.stage1,-0.00822613336805561,0.113502398407222,0.146578170800356,1000
sp12,178,predation.predPrey.sizeRatio.teta.sp7.stage1,0.00369812755569447,0.114117857337361,0.148424136485222,1000
sp12,179,predation.predPrey.sizeRatio.alpha.sp7.stage1,0.00182129858361112,0.1146645010525,0.150558483402099,1000
sp12,180,predation.predPrey.sizeRatio.teta.sp8.stage1,0.00335670361833336,0.117499656783056,0.154749992650013,1000
sp12,181,predation.predPrey.sizeRatio.alpha.sp8.stage1,0.00255872798319443,0.112065457576528,0.148305451005696,1000
sp12,182,predation.predPrey.sizeRatio.teta.sp9.stage1,0.00284538559374996,0.137942328192083,0.177539150942148,1000
sp12,183,predation.predPrey.sizeRatio.alpha.sp9.stage1,0.00662650164069446,0.362692762954861,0.446652194045228,1000
sp12,184,predation.predPrey.sizeRatio.teta.sp10.stage1,0.000646051504583339,0.115621810674028,0.148825377826426,1000
sp12,185,predation.predPrey.sizeRatio.alpha.sp10.stage1,-0.00760538728347214,0.185250043499305,0.245167939896878,1000
sp12,186,predation.predPrey.sizeRatio.teta.sp11.stage1,0.00223354153555558,0.111332394355,0.143975239889324,1000
sp12,187,predation.predPrey.sizeRatio.alpha.sp11.stage1,-0.00564089493041672,0.11691911399875,0.151841012470829,1000
sp12,188,predation.predPrey.sizeRatio.teta.sp12.stage1,-0.0235584367365278,0.556947871305972,0.695408674722135,1000
sp12,189,predation.predPrey.sizeRatio.alpha.sp12.stage1,0.0288681226020833,0.640375357689861,0.757846542555583,1000
sp12,190,predation.predPrey.sizeRatio.teta.sp13.stage1,-0.00196496683833332,0.115370686180556,0.15072972258446,1000
sp12,191,predation.predPrey.sizeRatio.alpha.sp13.stage1,0.0101197948940277,0.20607532115625,0.270147731668322,1000
sp12,192,predation.predPrey.sizeRatio.teta.sp14.stage1,-0.00302338040277781,0.113815864555556,0.149687277848145,1000
sp12,193,predation.predPrey.sizeRatio.alpha.sp14.stage1,0.00675784624083334,0.110994835223611,0.14365133147031,1000
sp12,194,predation.predPrey.sizeRatio.teta.sp15.stage1,0.00768258306156252,0.11027129685566,0.142922897254948,1000
sp12,195,predation.predPrey.sizeRatio.alpha.sp15.stage1,-0.00126995799486112,0.128483434487917,0.170717887976194,1000
sp13,1,mortality.additional.rate.sp0,0.040866242617619,0.905822588668318,1.63830086100992,994
sp13,2,mortality.additional.rate.sp1,-0.0370333097627874,0.822710247261838,1.4498982896729,992
sp13,3,mortality.additional.rate.sp2,0.0508609687518623,0.846977233886386,1.47453154215117,992
sp13,4,mortality.additional.rate.sp3,0.00791231795856512,0.897522558062062,1.59742960943756,988
sp13,5,mortality.additional.rate.sp4,-0.0364406307966073,0.853976307581803,1.5731946081684,991
sp13,6,mortality.additional.rate.sp5,0.074637577813553,0.806992905619812,1.40814343631775,988
sp13,7,mortality.additional.rate.sp6,-0.0459277741996848,0.8417868492812,1.48525729257362,992
sp13,8,mortality.additional.rate.sp7,0.0774989418924644,0.78880156654022,1.37881541510519,995
sp13,9,mortality.additional.rate.sp8,0.0102202241991306,0.827357192673433,1.45123047896799,993
sp13,10,mortality.additional.rate.sp9,-0.0904967710645014,0.76737552035554,1.34781350968293,991
sp13,11,mortality.additional.rate.sp10,0.0349133503027819,0.812192332054356,1.40742538308843,985
sp13,12,mortality.additional.rate.sp11,-0.0633302444780452,0.783203629111107,1.37442153337316,988
sp13,13,mortality.additional.rate.sp12,0.0421883849484139,0.777855226478287,1.35576182832739,989
sp13,14,mortality.additional.rate.sp13,0.028411343724455,0.82756643162732,1.42271100921054,991
sp13,15,mortality.additional.rate.sp14,0.0385989085155357,0.75333858828,1.31111559051154,988
sp13,16,mortality.additional.rate.sp15,0.0146851228102665,0.848622111037979,1.49198250203846,989
sp13,17,fisheries.rate.base.fsh0,0.0363884699807254,0.866146499958626,1.520974065329,990
sp13,18,fisheries.rate.base.fsh1,-0.077865450661556,0.844454101663258,1.44495096985842,989
sp13,19,fisheries.rate.base.fsh2,-0.0237571810870494,0.868278565156149,1.50654704493085,990
sp13,20,fisheries.rate.base.fsh3,0.012375005532716,0.800274100957534,1.46055926240646,992
sp13,21,species.catchability.fsh0.sp0,0.0391586447189652,0.843415043068612,1.40935578352482,990
sp13,22,species.catchability.fsh0.sp1,0.0110825319255001,0.862011351707488,1.5364774542878,996
sp13,23,species.catchability.fsh0.sp2,0.00165035363160127,0.827608221277527,1.44590380313712,993
sp13,24,species.catchability.fsh0.sp3,0.0354764116007302,0.852015495907425,1.5074899781869,989
sp13,25,species.catchability.fsh0.sp5,0.00825113879467521,0.796183661056021,1.43103504431697,990
sp13,26,species.catchability.fsh0.sp7,-0.00262822328122414,0.815101326207609,1.4044056348693,996
sp13,27,species.catchability.fsh0.sp8,0.0409934692515765,0.770218076342846,1.3638047979665,991
sp13,28,species.catchability.fsh0.sp9,-0.0962583526668511,0.846593207574867,1.47912667375492,988
sp13,29,species.catchability.fsh0.sp10,-0.0296235972673356,0.810230875072826,1.42563422200648,996
sp13,30,species.catchability.fsh0.sp13,-0.0219291002789833,0.789990240595422,1.41044475493567,992
sp13,31,species.catchability.fsh0.sp14,-0.0228572943708849,0.78677817147146,1.44896278436981,993
sp13,32,species.catchability.fsh0.sp15,0.020515213142844,0.807828346610192,1.42218972683562,988
sp13,33,species.catchability.fsh1.sp9,0.0663237684351198,0.815924777661896,1.49141637910019,988
sp13,34,species.catchability.fsh1.sp10,-0.0162503219020465,0.759543496953692,1.33013211516114,989
sp13,35,species.catchability.fsh1.sp11,0.0432018844304607,0.828088586790941,1.4159845865636,988
sp13,36,species.catchability.fsh1.sp12,-0.0372943833239515,0.900131944741547,1.55256109565031,991
sp13,37,species.catchability.fsh2.sp0,0.0154897340858099,0.873365205832155,1.53735891023577,988
sp13,38,species.catchability.fsh2.sp5,-0.0212535181310464,0.848775650230142,1.44255337496014,992
sp13,39,species.catchability.fsh2.sp7,0.0118869796191773,0.80482803831813,1.42341164984647,989
sp13,40,species.catchability.fsh2.sp8,0.00317745803306549,0.877064928237008,1.52630871183452,987
sp13,41,species.catchability.fsh3.sp0,-0.0359007780809382,0.820767401807853,1.41830698035914,987
sp13,42,species.catchability.fsh3.sp1,-0.0405025074313713,0.813694805139867,1.46623743479515,988
sp13,43,species.catchability.fsh3.sp2,-0.0354907297463334,0.794329760000436,1.33762127765272,989
sp13,44,species.catchability.fsh3.sp3,0.0393740439363872,0.831189426369475,1.49072301332554,987
sp13,45,species.catchability.fsh3.sp5,0.0124331538897164,0.894318585471072,1.51042109539232,994
sp13,46,species.catchability.fsh3.sp7,-0.0774857627893199,0.815935162367403,1.3854458590549,990
sp13,47,species.catchability.fsh3.sp8,0.0283253286621726,0.770703561872145,1.36369874967314,991
sp13,48,species.catchability.fsh3.sp9,-0.0992632457553503,0.861428706540469,1.5353818791826,990
sp13,49,species.catchability.fsh3.sp10,-0.00559649979167018,0.848478294268476,1.53952948822062,992
sp13,50,species.catchability.fsh3.sp11,0.00927355901780927,0.79007399939601,1.38119237192331,987
sp13,51,species.catchability.fsh3.sp12,-0.0130409689873869,0.884547213935162,1.57070559775698,992
sp13,52,species.catchability.fsh3.sp13,-0.0537714906076309,0.851372892545749,1.55626576838483,995
sp13,53,species.catchability.fsh3.sp14,0.0102041863233075,0.796343397214557,1.43620434670412,993
sp13,54,species.catchability.fsh3.sp15,0.0605510714656469,0.836880585892601,1.45905276027121,988
sp13,55,species.length2weight.condition.factor.sp0,0.0285843406028358,0.831728693577983,1.43029697722726,990
sp13,56,species.length2weight.condition.factor.sp1,0.0923663982492552,0.841864204192427,1.46096411877845,985
sp13,57,species.length2weight.condition.factor.sp2,-0.0320709969468824,0.811199794863861,1.42019137558797,990
sp13,58,species.length2weight.condition.factor.sp3,0.0187769743443179,0.866589641901701,1.53533714368404,991
sp13,59,species.length2weight.condition.factor.sp4,0.0437543915727342,0.782427107233435,1.32024278334447,986
sp13,60,species.length2weight.condition.factor.sp5,-0.0563997507589553,0.80943303443995,1.34921187015771,988
sp13,61,species.length2weight.condition.factor.sp6,-0.00586652117841298,0.824177333647623,1.44219458535385,992
sp13,62,species.length2weight.condition.factor.sp7,0.030871669192307,0.817905630884203,1.45291105298685,991
sp13,63,species.length2weight.condition.factor.sp8,0.0332005463369511,0.87254577766413,1.55756281988124,989
sp13,64,species.length2weight.condition.factor.sp9,-0.0384475409003726,0.788662612472304,1.35154412448231,995
sp13,65,species.length2weight.condition.factor.sp10,0.00365243452552916,0.82321208873809,1.46178153757394,988
sp13,66,species.length2weight.condition.factor.sp11,-0.0321876569180151,0.801363478671923,1.42561681009704,993
sp13,67,species.length2weight.condition.factor.sp12,0.00709948760556801,0.812878170441583,1.36326441320972,991
sp13,68,species.length2weight.condition.factor.sp13,0.0519638706907042,1.00585839809453,1.542058312218,991
sp13,69,species.length2weight.condition.factor.sp14,0.00521716348456529,0.849816409236752,1.48144335842451,987
sp13,70,species.length2weight.condition.factor.sp15,0.0897572615785492,0.906477209731502,1.64876858743689,990
sp13,71,species.k.sp0,0.101553095369918,0.953266935175303,1.583552859534,987
sp13,72,species.k.sp1,0.0199652224067791,0.849760967830664,1.49318184150641,990
sp13,73,species.k.sp2,0.0205781855621848,0.858006207927682,1.43759254932436,988
sp13,74,species.k.sp3,0.0282002077884338,0.868719651539715,1.51966062148251,990
sp13,75,species.k.sp4,0.0193058979635357,0.832677594560448,1.45321666349227,990
sp13,76,species.k.sp5,0.0930328624992339,0.816660674300604,1.45951249674798,990
sp13,77,species.k.sp6,-0.00036406253627412,0.821212280442296,1.40599252881806,987
sp13,78,species.k.sp7,0.0136453792296021,0.803171314608358,1.38830525328202,993
sp13,79,species.k.sp8,-0.056384430778587,0.813854843372292,1.4419922281764,991
sp13,80,species.k.sp9,0.0242294682754708,0.96206747256897,1.45317002757833,986
sp13,81,species.k.sp10,0.0395661778826348,0.81536428151705,1.39010482220657,988
sp13,82,species.k.sp11,-0.0792483003408485,0.904327161349783,1.61935230995324,986
sp13,83,species.k.sp12,0.073553045338361,0.864150902880303,1.49496087138313,987
sp13,84,species.k.sp13,0.0373755971566534,4.39890353429201,5.20289644417914,979
sp13,85,species.k.sp14,-0.0658500768664973,0.793086710623902,1.42646469413032,991
sp13,86,species.k.sp15,-0.0225563590627966,0.860496701931485,1.51143346478707,987
sp13,87,species.l0.sp0,-0.0432464581869638,0.769227429982235,1.33216275140664,991
sp13,88,species.l0.sp1,-0.0479451018249276,0.779259889183821,1.35082857600266,993
sp13,89,species.l0.sp2,-0.0602750918823994,0.833617228713804,1.47231619023282,988
sp13,90,species.l0.sp3,0.0510215176881716,0.81998856826329,1.43691360035918,996
sp13,91,species.l0.sp4,-0.00877707849827626,0.792793787897447,1.39094141551801,986
sp13,92,species.l0.sp5,0.0333751736204495,0.792806986303876,1.45845773979128,987
sp13,93,species.l0.sp6,-0.00356697325445787,0.864958785685981,1.48329079827374,991
sp13,94,species.l0.sp7,-0.0372382640603967,0.749522321540358,1.3072786079201,991
sp13,95,species.l0.sp8,-0.0143910795516424,0.846886613547751,1.4879531012563,989
sp13,96,species.l0.sp9,-0.0149558980800549,0.889002057937158,1.49061195529711,993
sp13,97,species.l0.sp10,0.0324843496918443,0.750167502315858,1.25556966299792,986
sp13,98,species.l0.sp11,0.0221073574728343,0.875435509588656,1.51489039318867,992
sp13,99,species.l0.sp12,-0.0412461762854056,0.877018581605667,1.59090809011848,990
sp13,100,species.l0.sp13,0.0114255755696569,0.815837881880737,1.43333957387219,989
sp13,101,species.l0.sp14,-0.0574938300512462,0.847652058031183,1.48015635176774,991
sp13,102,species.l0.sp15,-0.024169280550214,0.836836721485543,1.50720280933152,990
sp13,103,mortality.additional.larva.rate.sp0,0.0448550509194401,0.952694695080576,1.51972817806934,983
sp13,104,mortality.additional.larva.rate.sp1,-0.0228237571205873,0.802135262019675,1.40150661382819,984
sp13,105,mortality.additional.larva.rate.sp2,0.031597441812783,0.956019316464204,1.5278888522605,994
sp13,106,mortality.additional.larva.rate.sp3,-0.0121247212151457,0.945914256911614,1.55467636580421,992
sp13,107,mortality.additional.larva.rate.sp4,-0.0371530356842905,0.846553658499976,1.47917708544291,991
sp13,108,mortality.additional.larva.rate.sp5,0.0104740842393058,0.841563963760132,1.52090509189763,986
sp13,109,mortality.additional.larva.rate.sp6,0.0107058791682163,0.761173286013207,1.33673055936824,984
sp13,110,mortality.additional.larva.rate.sp9,-0.0082115912040064,0.829694598910146,1.37669013414198,981
sp13,111,mortality.additional.larva.rate.sp10,0.0214714782256414,0.788399294024326,1.37796192344398,989
sp13,112,mortality.additional.larva.rate.sp11,-0.0320050348150286,0.817285651540513,1.37052227024454,988
sp13,113,mortality.additional.larva.rate.sp12,-0.015905729541259,0.846014023299477,1.48375869419769,994
sp13,114,mortality.additional.larva.rate.sp13,0.0304309668389143,0.821741725251507,1.45047055652672,988
sp13,115,mortality.additional.larva.rate.sp14,-0.0242530812929087,0.872038147495323,1.61262809765673,992
sp13,116,mortality.additional.larva.rate.sp15,0.0258373423548548,0.865013587015584,1.537651633816,988
sp13,117,mortality.additional.larva.rate.mean.sp7,-0.0296592475615421,0.804548559261411,1.37003368617946,991
sp13,118,mortality.additional.larva.rate.mean.sp8,-0.00531470487155964,0.784938674349234,1.38487815181116,987
sp13,119,species.linf.sp0,0.0130941753578705,0.923887367544428,1.49779113543946,993
sp13,120,species.linf.sp1,-0.0215889321207384,0.823440644952872,1.42256194689854,990
sp13,121,species.linf.sp2,-0.021056709955874,0.963936065322015,1.4933505796213,995
sp13,122,species.linf.sp3,0.0238867051511163,0.9122371085318,1.56691469600449,995
sp13,123,species.linf.sp4,0.060782158010705,0.935466450810396,1.58632381537903,993
sp13,124,species.linf.sp5,0.0913261907603188,0.880677603985182,1.55873896288466,992
sp13,125,species.linf.sp6,-0.0437201375889865,0.834171502224665,1.44346949294204,991
sp13,126,species.linf.sp7,-0.0678392876662336,0.863955680916909,1.50260768901324,992
sp13,127,species.linf.sp8,0.00128556378350104,0.821172309843003,1.38058987191597,994
sp13,128,species.linf.sp9,0.00225122783629412,1.58255576558685,2.1342443028757,991
sp13,129,species.linf.sp10,0.0986230198267196,0.842744137216196,1.41170329391662,995
sp13,130,species.linf.sp11,0.0268894802547098,0.875072518157138,1.56689704910058,992
sp13,131,species.linf.sp12,-0.0794816287905789,0.859751728774796,1.45865873361738,992
sp13,132,species.linf.sp13,-0.0298123863823964,5.13195704339934,7.61671940392815,981
sp13,133,species.linf.sp14,0.0502988496368313,0.844245641665736,1.44548001514631,993
sp13,134,species.linf.sp15,-0.0385861276362046,0.760045371618252,1.28877739258257,991
sp13,135,species.accessibility2fish.sp16,-0.00148323636294624,0.807102557327649,1.52191616388964,988
sp13,136,species.accessibility2fish.sp17,0.00965358263549755,0.814868732999145,1.42531964515128,991
sp13,137,species.accessibility2fish.sp18,-0.0223434897950948,0.75801073070218,1.28919310141921,988
sp13,138,species.accessibility2fish.sp19,0.0845270041546146,0.808571889861274,1.42790369974449,990
sp13,139,species.accessibility2fish.sp20,0.0278398769079846,0.819551800063102,1.37959040051875,990
sp13,140,species.accessibility2fish.sp21,0.0599232935328337,0.821874739581006,1.41145202536312,992
sp13,141,species.accessibility2fish.sp22,-0.0425744834046245,0.754578289716231,1.33513606118185,989
sp13,142,species.accessibility2fish.sp23,0.113600225134197,0.857208841612033,1.52147627900437,989
sp13,143,species.accessibility2fish.sp24,-0.0244244150742603,0.805218086109741,1.35314071771434,990
sp13,144,species.accessibility2fish.sp25,-0.0180069243443611,0.787015919843733,1.34830785555043,992
sp13,145,species.accessibility2fish.sp26,0.0411543619676018,0.846667207186756,1.47227483413831,990
sp13,146,species.maturity.size.ratio.sp0,-0.010749609622023,0.955962834872781,1.56323232515699,993
sp13,147,species.maturity.size.ratio.sp1,0.025838644183365,0.878911954061479,1.59213360180229,992
sp13,148,species.maturity.size.ratio.sp2,-0.0220621159597609,0.841732218475711,1.52035647624317,992
sp13,149,species.maturity.size.ratio.sp3,0.0528519770930957,0.79821129669733,1.40376803450348,986
sp13,150,species.maturity.size.ratio.sp4,0.0969531555414093,0.831862043697908,1.45499427968805,988
sp13,151,species.maturity.size.ratio.sp5,0.0614191762784252,0.80941986426785,1.41109741885694,989
sp13,152,species.maturity.size.ratio.sp6,-0.0695743117458443,0.783436094704196,1.35793161044344,988
sp13,153,species.maturity.size.ratio.sp7,-0.0121423997922624,0.815273876171767,1.43533047873408,994
sp13,154,species.maturity.size.ratio.sp8,0.0611525047435498,0.825071791664644,1.47070047602166,993
sp13,155,species.maturity.size.ratio.sp9,0.0166011650079094,0.815672021059808,1.44545853519432,991
sp13,156,species.maturity.size.ratio.sp10,0.0381141214942894,0.875596676612129,1.53297002556551,991
sp13,157,species.maturity.size.ratio.sp11,0.0682897456403725,0.845362916330276,1.57772788912684,989
sp13,158,species.maturity.size.ratio.sp12,-0.0778305347847515,0.777252938880655,1.38858329191077,989
sp13,159,species.maturity.size.ratio.sp13,0.133486067614493,8.79903899679656,10.3805719961568,978
sp13,160,species.maturity.size.ratio.sp14,-0.0114007411563486,0.756884463092223,1.29341876670732,988
sp13,161,species.maturity.size.ratio.sp15,0.0113401309965263,0.856917900562121,1.55002299066016,986
sp13,162,predation.predPrey.sizeRatio.teta.sp0.stage1,-0.00376001062533096,0.821154792763493,1.41645244309669,991
sp13,163,predation.predPrey.sizeRatio.alpha.sp0.stage1,0.0132834593371151,0.849507876360991,1.43997111633673,987
sp13,164,predation.predPrey.sizeRatio.teta.sp1.stage1,0.021642109403794,0.803376747971698,1.53023957891973,992
sp13,165,predation.predPrey.sizeRatio.alpha.sp1.stage1,-0.01248058111517,0.844128378177576,1.45818988180202,987
sp13,166,predation.predPrey.sizeRatio.teta.sp2.stage1,-0.0144804635738108,0.855645107018017,1.47520644892959,986
sp13,167,predation.predPrey.sizeRatio.alpha.sp2.stage1,-0.0780755218374243,0.851638483657007,1.52845463885115,992
sp13,168,predation.predPrey.sizeRatio.teta.sp3.stage1,-0.0013160311559406,0.805314132333257,1.37912630332109,989
sp13,169,predation.predPrey.sizeRatio.alpha.sp3.stage1,0.0227364584875781,0.875668303981388,1.43692098037066,992
sp13,170,predation.predPrey.sizeRatio.teta.sp4.stage1,-0.0198280872660049,0.84155196498516,1.44591829895149,986
sp13,171,predation.predPrey.sizeRatio.alpha.sp4.stage1,-0.0093719736651826,0.818828652245938,1.32413896013418,991
sp13,172,predation.predPrey.sizeRatio.teta.sp5.stage1,-0.0645172858268844,0.787563844515822,1.3218826358691,991
sp13,173,predation.predPrey.sizeRatio.teta.sp5.stage2,-0.0914371758108511,0.792509833754708,1.37030676880496,991
sp13,174,predation.predPrey.sizeRatio.alpha.sp5.stage1,-0.0166864899008138,0.852885641120059,1.46186011158449,990
sp13,175,predation.predPrey.sizeRatio.alpha.sp5.stage2,0.109392027652183,0.889594152773567,1.54994652370046,992
sp13,176,predation.predPrey.sizeRatio.teta.sp6.stage1,-0.0284732459370348,0.814546268319272,1.42747161852636,988
sp13,177,predation.predPrey.sizeRatio.alpha.sp6.stage1,0.0335585727785604,0.785386251950887,1.3789216018959,993
sp13,178,predation.predPrey.sizeRatio.teta.sp7.stage1,-0.00991478331359745,0.816407473004637,1.44575596036745,990
sp13,179,predation.predPrey.sizeRatio.alpha.sp7.stage1,0.0184579588143334,0.889119947753168,1.5196699445238,987
sp13,180,predation.predPrey.sizeRatio.teta.sp8.stage1,-0.0348904193366198,0.878652657516849,1.54393325733048,991
sp13,181,predation.predPrey.sizeRatio.alpha.sp8.stage1,0.0333191997665811,0.797485192856544,1.37123825332153,990
sp13,182,predation.predPrey.sizeRatio.teta.sp9.stage1,-0.129331681143745,0.800027059588881,1.39781037786076,991
sp13,183,predation.predPrey.sizeRatio.alpha.sp9.stage1,-0.110030256997015,1.15662469101345,1.67950573337778,989
sp13,184,predation.predPrey.sizeRatio.teta.sp10.stage1,-0.083684861831058,0.823037531723203,1.44526599153932,989
sp13,185,predation.predPrey.sizeRatio.alpha.sp10.stage1,-0.011303188460952,0.84815741135663,1.43958095281565,988
sp13,186,predation.predPrey.sizeRatio.teta.sp11.stage1,0.0618993739936035,0.81784354488057,1.42484683185893,987
sp13,187,predation.predPrey.sizeRatio.alpha.sp11.stage1,-0.0331143793179879,0.837620624619311,1.49932974268729,988
sp13,188,predation.predPrey.sizeRatio.teta.sp12.stage1,-0.0744065328018324,0.798257414798104,1.38115197550781,991
sp13,189,predation.predPrey.sizeRatio.alpha.sp12.stage1,-0.0266978561451542,0.854713336129694,1.52907247113062,990
sp13,190,predation.predPrey.sizeRatio.teta.sp13.stage1,0.0170752752636232,0.857613688580734,1.50293400889952,992
sp13,191,predation.predPrey.sizeRatio.alpha.sp13.stage1,-0.0264512427266172,1.66937789079295,2.41222836691633,988
sp13,192,predation.predPrey.sizeRatio.teta.sp14.stage1,-0.0631028132985755,0.813353825258426,1.46149339654211,992
sp13,193,predation.predPrey.sizeRatio.alpha.sp14.stage1,0.0134753606072425,0.786170444912473,1.36706037240247,993
sp13,194,predation.predPrey.sizeRatio.teta.sp15.stage1,-0.0529959057510785,0.824259146873374,1.45518772011979,988
sp13,195,predation.predPrey.sizeRatio.alpha.sp15.stage1,-0.0116699847839622,0.792793204655155,1.46752810804475,992
sp14,1,mortality.additional.rate.sp0,-0.00266233684694445,0.0783848655294445,0.112165545468547,1000
sp14,2,mortality.additional.rate.sp1,-0.000127912784999989,0.0746006556536112,0.111454894892946,1000
sp14,3,mortality.additional.rate.sp2,-0.00550103726569443,0.0863961898323611,0.117466914808204,1000
sp14,4,mortality.additional.rate.sp3,0.0052452453073611,0.0883131411818055,0.13613761604317,1000
sp14,5,mortality.additional.rate.sp4,-0.0016645493034722,0.0786248312509723,0.116069974825507,1000
sp14,6,mortality.additional.rate.sp5,-0.00858028503888894,0.1211715476825,0.180090054115345,1000
sp14,7,mortality.additional.rate.sp6,0.00452169081744635,0.0760061059388352,0.114917696221912,1000
sp14,8,mortality.additional.rate.sp7,-0.00454444464347218,0.0794602985701389,0.115978229318492,1000
sp14,9,mortality.additional.rate.sp8,-0.000184437212629983,0.0762084644856855,0.109552498280981,1000
sp14,10,mortality.additional.rate.sp9,0.00282390502236109,0.0769280136206944,0.113993404982039,1000
sp14,11,mortality.additional.rate.sp10,0.000957639473923626,0.0759738190300347,0.107198748203397,1000
sp14,12,mortality.additional.rate.sp11,-0.00400292870250003,0.0746985914072222,0.110137315090335,1000
sp14,13,mortality.additional.rate.sp12,-0.00195146425250002,0.0764596378583333,0.112638090113887,1000
sp14,14,mortality.additional.rate.sp13,0.00222311342750008,0.0740869543244444,0.106477827384371,1000
sp14,15,mortality.additional.rate.sp14,0.00271173529277778,0.0950602311302778,0.13612747666123,1000
sp14,16,mortality.additional.rate.sp15,-0.00085930583952902,0.0759954973157488,0.110882750597404,1000
sp14,17,fisheries.rate.base.fsh0,0.00941446882638888,0.202596175191667,0.293147926284485,1000
sp14,18,fisheries.rate.base.fsh1,0.00941041964624997,0.0897014965962499,0.134792186694013,1000
sp14,19,fisheries.rate.base.fsh2,0.000851842248055564,0.0805268262361111,0.117571733648273,1000
sp14,20,fisheries.rate.base.fsh3,-0.007784243215,0.0861229718027778,0.125753537798728,1000
sp14,21,species.catchability.fsh0.sp0,-0.00959307360666664,0.195225929066389,0.284777283407546,1000
sp14,22,species.catchability.fsh0.sp1,-0.000537808386111117,0.0752120656544444,0.111239470674831,1000
sp14,23,species.catchability.fsh0.sp2,-0.00245548631319448,0.0796014914343056,0.115703196511528,1000
sp14,24,species.catchability.fsh0.sp3,0.00564628843722223,0.0885054530052778,0.135848975878228,1000
sp14,25,species.catchability.fsh0.sp5,-0.00276158188638889,0.0942574260502778,0.138055790024975,1000
sp14,26,species.catchability.fsh0.sp7,0.00422339279174297,0.0788680157754793,0.115112458677567,1000
sp14,27,species.catchability.fsh0.sp8,-0.00045779852319444,0.0785683104140278,0.125728066994168,1000
sp14,28,species.catchability.fsh0.sp9,-0.00164108927111111,0.0757923420430556,0.110803962922021,1000
sp14,29,species.catchability.fsh0.sp10,0.0052315610517303,0.0748310492254919,0.108337085734946,1000
sp14,30,species.catchability.fsh0.sp13,0.00154598529361112,0.0721475947130556,0.104828777580478,1000
sp14,31,species.catchability.fsh0.sp14,0.000633940545000026,0.0761496024352777,0.113399561434703,1000
sp14,32,species.catchability.fsh0.sp15,0.00492331813069445,0.07504685355125,0.108616187376761,1000
sp14,33,species.catchability.fsh1.sp9,0.00153179050208335,0.0759925921056944,0.10866636220443,1000
sp14,34,species.catchability.fsh1.sp10,-0.00298044793472226,0.0843757079005555,0.12711380897319,1000
sp14,35,species.catchability.fsh1.sp11,-0.00215663984666665,0.0791780350511111,0.118615380585004,1000
sp14,36,species.catchability.fsh1.sp12,-0.00305029511402776,0.0766380056234722,0.108693231162067,1000
sp14,37,species.catchability.fsh2.sp0,-0.00237650644000002,0.0788506070430556,0.112557674734094,1000
sp14,38,species.catchability.fsh2.sp5,-0.00283803797472221,0.0757736386672222,0.108501007042609,1000
sp14,39,species.catchability.fsh2.sp7,0.000800817693472249,0.0775193187698612,0.111487845106637,1000
sp14,40,species.catchability.fsh2.sp8,0.000353131596430971,0.0754030688282912,0.106645007221607,1000
sp14,41,species.catchability.fsh3.sp0,-0.00157351860458333,0.0764831467623612,0.111091402484443,1000
sp14,42,species.catchability.fsh3.sp1,-0.000475106872916657,0.0730825541318056,0.106257710403898,1000
sp14,43,species.catchability.fsh3.sp2,0.000466414706527771,0.0741203156370833,0.11048108596423,1000
sp14,44,species.catchability.fsh3.sp3,0.0028469761298611,0.0778238550104167,0.111828815157323,1000
sp14,45,species.catchability.fsh3.sp5,0.000805903631944447,0.0771255828019445,0.109443289822594,1000
sp14,46,species.catchability.fsh3.sp7,0.00177496714402778,0.0810414914001389,0.119181725552009,1000
sp14,47,species.catchability.fsh3.sp8,-0.00466880522597224,0.0789127016309722,0.114527795004311,1000
sp14,48,species.catchability.fsh3.sp9,-0.00342630852958333,0.0742027241268056,0.105422601308352,1000
sp14,49,species.catchability.fsh3.sp10,0.00128677740073383,0.0790588069457339,0.115433359387902,1000
sp14,50,species.catchability.fsh3.sp11,-0.00316597419736115,0.0732754009915278,0.103857381364861,1000
sp14,51,species.catchability.fsh3.sp12,-0.00226947538513887,0.0757968106845833,0.108157117351091,1000
sp14,52,species.catchability.fsh3.sp13,-0.00579598504916667,0.0796137127372223,0.114192357821557,1000
sp14,53,species.catchability.fsh3.sp14,-0.0061084198157022,0.07326288683598,0.103670594271906,1000
sp14,54,species.catchability.fsh3.sp15,0.0074048919165278,0.0744923332076389,0.110267512937206,1000
sp14,55,species.length2weight.condition.factor.sp0,0.0195707192858333,0.285211313628889,0.417042021649385,1000
sp14,56,species.length2weight.condition.factor.sp1,-0.000542593799027829,0.0765843773206945,0.110863807267752,1000
sp14,57,species.length2weight.condition.factor.sp2,-0.00323455450473932,0.101067664462205,0.14064125917484,1000
sp14,58,species.length2weight.condition.factor.sp3,-0.00651042865666667,0.126544846967778,0.182643161320177,1000
sp14,59,species.length2weight.condition.factor.sp4,-0.000745291469526301,0.0882979596445262,0.126453327332195,1000
sp14,60,species.length2weight.condition.factor.sp5,-0.00443353898750001,0.0770322162633333,0.114099754407596,1000
sp14,61,species.length2weight.condition.factor.sp6,0.000492543415972255,0.0734585294265278,0.105960330272867,1000
sp14,62,species.length2weight.condition.factor.sp7,0.00324297288388889,0.0781414520463888,0.11572110426951,1000
sp14,63,species.length2weight.condition.factor.sp8,0.00249124025402776,0.0752506379556945,0.11059865597794,1000
sp14,64,species.length2weight.condition.factor.sp9,-0.000526362228194454,0.0787347769551389,0.115589681365516,1000
sp14,65,species.length2weight.condition.factor.sp10,-0.00145485038027777,0.0822878124580556,0.117932644803782,1000
sp14,66,species.length2weight.condition.factor.sp11,0.000898778505138908,0.0752360018520834,0.107387064901907,1000
sp14,67,species.length2weight.condition.factor.sp12,0.00782862877689469,0.0731892670456053,0.105560656404199,1000
sp14,68,species.length2weight.condition.factor.sp13,0.00254157007416669,0.0759484181905556,0.111665443505488,1000
sp14,69,species.length2weight.condition.factor.sp14,-0.0177623776331945,1.10131155854514,1.14184867774408,1000
sp14,70,species.length2weight.condition.factor.sp15,-0.00285128039583331,0.0872080592463889,0.130581788717744,1000
sp14,71,species.k.sp0,0.00330970511569448,0.830384195743472,1.19276882580112,1000
sp14,72,species.k.sp1,0.00389756033138889,0.0793298334227778,0.111005128166143,1000
sp14,73,species.k.sp2,-0.000228255881388904,0.152654316422222,0.201607491662566,1000
sp14,74,species.k.sp3,-0.00666567470722219,0.247436056948889,0.362279108631493,1000
sp14,75,species.k.sp4,0.0168605559004167,0.299249016475694,0.354792134197568,1000
sp14,76,species.k.sp5,-0.00554512675013888,0.11877264772625,0.167323102266929,1000
sp14,77,species.k.sp6,0.000231437029444468,0.0780264474072222,0.114112428441505,1000
sp14,78,species.k.sp7,0.00790826498388887,0.0781120312447223,0.113507504278586,1000
sp14,79,species.k.sp8,0.00223573015555557,0.0921857411805555,0.138938184438111,1000
sp14,80,species.k.sp9,-0.000730591479722194,0.124364867896111,0.175810650794675,1000
sp14,81,species.k.sp10,-0.00459881533405867,0.0899370688901698,0.129094560732861,1000
sp14,82,species.k.sp11,0.000164245093055559,0.0809518579527777,0.122062459351878,1000
sp14,83,species.k.sp12,-0.00348280792805554,0.0777786338427778,0.11062273280492,1000
sp14,84,species.k.sp13,0.00229607469388889,0.211799145881944,0.3053540650955,1000
sp14,85,species.k.sp14,0.0213449881711905,0.61890362735242,0.73420569735814,1000
sp14,86,species.k.sp15,-0.0108348878954167,0.102163075224583,0.181614589887017,1000
sp14,87,species.l0.sp0,-0.0178239263086871,0.201973831581743,0.348837783312638,1000
sp14,88,species.l0.sp1,-0.00282679269347225,0.0819367813201389,0.122229965499676,1000
sp14,89,species.l0.sp2,0.000855629901388861,0.151998642633056,0.202611917139054,1000
sp14,90,species.l0.sp3,-0.00108845636569438,0.117934265760694,0.175883583239318,1000
sp14,91,species.l0.sp4,0.0067536963725,0.131305863251111,0.172953988989283,1000
sp14,92,species.l0.sp5,0.00330510721819441,0.0764921000404167,0.111815970047246,1000
sp14,93,species.l0.sp6,-0.00180379404056955,0.0757636500416807,0.110229003432124,1000
sp14,94,species.l0.sp7,0.00276549431763888,0.0742031928565278,0.104449195727139,1000
sp14,95,species.l0.sp8,-0.00214745294458333,0.08909422556125,0.132730404853086,1000
sp14,96,species.l0.sp9,-2.19831431944506e-05,0.109491755979861,0.151050565899826,1000
sp14,97,species.l0.sp10,-0.00111227401541669,0.111284033331528,0.160973481736516,1000
sp14,98,species.l0.sp11,0.00156754202500001,0.0752645851572223,0.107520826808982,1000
sp14,99,species.l0.sp12,-0.00543993976829102,0.0721652516464312,0.10330954407703,1000
sp14,100,species.l0.sp13,-0.00112268384569443,0.0746362360090278,0.108393472478455,1000
sp14,101,species.l0.sp14,0.00300034139708329,0.0728273475543056,0.105968177821517,1000
sp14,102,species.l0.sp15,-0.0016441676018056,0.0794834428043056,0.114398268839376,1000
sp14,103,mortality.additional.larva.rate.sp0,-0.0397576958916667,0.892579745575,1.29798096031143,1000
sp14,104,mortality.additional.larva.rate.sp1,-0.0036821025247222,0.0786313261825,0.113848229409735,1000
sp14,105,mortality.additional.larva.rate.sp2,-0.0108801649405556,0.470323654824722,0.576974111190921,1000
sp14,106,mortality.additional.larva.rate.sp3,-0.0218135777727778,0.7087263886325,0.972107694629168,1000
sp14,107,mortality.additional.larva.rate.sp4,0.000666462331111089,0.0777493705061112,0.113596050610778,1000
sp14,108,mortality.additional.larva.rate.sp5,0.00377095337791672,0.0758207218154167,0.110279213855198,1000
sp14,109,mortality.additional.larva.rate.sp6,3.51691073610887e-05,0.0774407591484722,0.110595459570851,1000
sp14,110,mortality.additional.larva.rate.sp9,0.00372094249236112,0.15995860337625,0.209804270360195,1000
sp14,111,mortality.additional.larva.rate.sp10,-0.00233149534333334,0.151008704937222,0.220140229158594,1000
sp14,112,mortality.additional.larva.rate.sp11,0.00733163751055559,0.0756394479769444,0.111567232509552,1000
sp14,113,mortality.additional.larva.rate.sp12,-0.00672241156027775,0.0821365377622222,0.1176396570697,1000
sp14,114,mortality.additional.larva.rate.sp13,-0.00235420140569441,0.0771787214868056,0.113403736789388,1000
sp14,115,mortality.additional.larva.rate.sp14,-0.00677264507013888,0.170997965647639,0.211949273539814,1000
sp14,116,mortality.additional.larva.rate.sp15,0.0067062630697222,0.1151264612225,0.190351519367698,1000
sp14,117,mortality.additional.larva.rate.mean.sp7,0.00258497813000002,0.0760608061052778,0.111691592668212,1000
sp14,118,mortality.additional.larva.rate.mean.sp8,-0.000914878992222186,0.0757195353775,0.110786546259249,1000
sp14,119,species.linf.sp0,0.102657717728611,0.948620358112778,1.47866333588243,1000
sp14,120,species.linf.sp1,-0.000683299203611163,0.0902655216419444,0.127013098401986,1000
sp14,121,species.linf.sp2,-0.000890724984722224,0.409207927549167,0.499246757616522,1000
sp14,122,species.linf.sp3,0.037494496997963,0.591869600487315,0.882696035648922,1000
sp14,123,species.linf.sp4,-0.015846186938858,0.862419813189753,0.979131033216235,1000
sp14,124,species.linf.sp5,0.0117973270372222,0.298585516425,0.428977896332931,1000
sp14,125,species.linf.sp6,0.00664043482763885,0.0889023465526389,0.126080902724013,1000
sp14,126,species.linf.sp7,0.00451909367531734,0.0756053667741271,0.106661326902742,1000
sp14,127,species.linf.sp8,0.00800413248833335,0.178347519182778,0.257049050920551,1000
sp14,128,species.linf.sp9,0.00862798750146492,0.279848249658132,0.356478417165537,1000
sp14,129,species.linf.sp10,-0.0107706635283333,0.173133884281944,0.250969558741383,1000
sp14,130,species.linf.sp11,-0.00342496578277778,0.0811099860452778,0.117874064727905,1000
sp14,131,species.linf.sp12,0.000681882161527774,0.135560622002361,0.189140576536501,1000
sp14,132,species.linf.sp13,0.000704790913750013,0.127034719537639,0.187857852721755,1000
sp14,133,species.linf.sp14,0.0199947745054167,0.479289183904028,0.626602556535809,1000
sp14,134,species.linf.sp15,0.0127840467465278,0.114574350200139,0.211446583425721,1000
sp14,135,species.accessibility2fish.sp16,-4.80996152777553e-05,0.0792830075741667,0.115364518880703,1000
sp14,136,species.accessibility2fish.sp17,0.00407032688513887,0.0783931389159722,0.111191542661757,1000
sp14,137,species.accessibility2fish.sp18,0.000843966580138863,0.0778733890715278,0.116632031434484,1000
sp14,138,species.accessibility2fish.sp19,-0.00160006773219741,0.0753105254950248,0.109487214696618,1000
sp14,139,species.accessibility2fish.sp20,0.0012274748879166,0.0702339457331945,0.103948853972926,1000
sp14,140,species.accessibility2fish.sp21,0.00862930786523349,0.101049741662456,0.14580556792479,1000
sp14,141,species.accessibility2fish.sp22,0.00818887695986115,0.127000863045972,0.202247332414145,1000
sp14,142,species.accessibility2fish.sp23,0.00160603636569446,0.10390339239875,0.151732897719863,1000
sp14,143,species.accessibility2fish.sp24,0.00782286160541669,0.149517252327917,0.218142949400232,1000
sp14,144,species.accessibility2fish.sp25,-0.0082131364076474,0.0768872859609808,0.111692395320085,1000
sp14,145,species.accessibility2fish.sp26,0.000756951088055524,0.0790145536911111,0.12577408017231,1000
sp14,146,species.maturity.size.ratio.sp0,-0.0344984589871009,0.97563783369901,1.54854533626576,1000
sp14,147,species.maturity.size.ratio.sp1,-0.00522758089972223,0.0768535327836111,0.111271616268347,1000
sp14,148,species.maturity.size.ratio.sp2,0.000826553896388876,0.0815068168522222,0.117072740406218,1000
sp14,149,species.maturity.size.ratio.sp3,-0.00476114967999998,0.0822786841041667,0.121309561270145,1000
sp14,150,species.maturity.size.ratio.sp4,0.00941237236819444,0.0822015471229166,0.115164466723293,1000
sp14,151,species.maturity.size.ratio.sp5,-0.0021191331641667,0.0796988814766667,0.112989558155341,1000
sp14,152,species.maturity.size.ratio.sp6,-0.0012451944575,0.0808899682111111,0.117967404252805,1000
sp14,153,species.maturity.size.ratio.sp7,0.00734888553680557,0.0805312726331944,0.128518353860264,1000
sp14,154,species.maturity.size.ratio.sp8,-0.00495442360291666,0.0766724486529167,0.11186045577049,1000
sp14,155,species.maturity.size.ratio.sp9,-0.00605242036875001,0.0767773246556944,0.109830278012953,1000
sp14,156,species.maturity.size.ratio.sp10,0.00443296637972224,0.0846718127422222,0.119585882055112,1000
sp14,157,species.maturity.size.ratio.sp11,-0.000775287606527799,0.0917866359540278,0.135251944557439,1000
sp14,158,species.maturity.size.ratio.sp12,0.00209144661250001,0.0756312797411111,0.111614927842824,1000
sp14,159,species.maturity.size.ratio.sp13,0.0021229348398611,0.294587934461528,0.399760093543603,1000
sp14,160,species.maturity.size.ratio.sp14,-0.00796475325430555,0.758041370575417,0.856884479486004,1000
sp14,161,species.maturity.size.ratio.sp15,-0.00528505013750004,0.121501434520278,0.198595195583562,1000
sp14,162,predation.predPrey.sizeRatio.teta.sp0.stage1,0.00504645570624998,0.0775752810145833,0.115301739620483,1000
sp14,163,predation.predPrey.sizeRatio.alpha.sp0.stage1,-0.00709969112513893,0.184836291395972,0.324530960391395,1000
sp14,164,predation.predPrey.sizeRatio.teta.sp1.stage1,0.0017898931225,0.0794505602955556,0.112738147608124,1000
sp14,165,predation.predPrey.sizeRatio.alpha.sp1.stage1,-0.00738059701944446,0.133569239879444,0.176197576458221,1000
sp14,166,predation.predPrey.sizeRatio.teta.sp2.stage1,-0.00224661934291665,0.0756297729765278,0.111748809230441,1000
sp14,167,predation.predPrey.sizeRatio.alpha.sp2.stage1,0.00832653468655885,0.147834129812052,0.201843077787996,1000
sp14,168,predation.predPrey.sizeRatio.teta.sp3.stage1,0.00511489703180557,0.0808893120340278,0.122271645032453,1000
sp14,169,predation.predPrey.sizeRatio.alpha.sp3.stage1,-0.00245740469236109,0.224645843907917,0.352588483992085,1000
sp14,170,predation.predPrey.sizeRatio.teta.sp4.stage1,-0.000262793074444417,0.0886613116569445,0.119842337295074,1000
sp14,171,predation.predPrey.sizeRatio.alpha.sp4.stage1,0.0280483038227778,0.616970384988611,0.721742889094754,1000
sp14,172,predation.predPrey.sizeRatio.teta.sp5.stage1,0.0027163976466667,0.0775740323652778,0.109359884019972,1000
sp14,173,predation.predPrey.sizeRatio.teta.sp5.stage2,-0.000534872874861112,0.116452004430417,0.173296394791307,1000
sp14,174,predation.predPrey.sizeRatio.alpha.sp5.stage1,-0.000680595677222235,0.0756232017508333,0.107304270043102,1000
sp14,175,predation.predPrey.sizeRatio.alpha.sp5.stage2,-0.000232430917638844,0.107140309644861,0.158815539952791,1000
sp14,176,predation.predPrey.sizeRatio.teta.sp6.stage1,0.00274767109847226,0.0748676949815278,0.110822921261439,1000
sp14,177,predation.predPrey.sizeRatio.alpha.sp6.stage1,-0.00186569901212567,0.0767698423121257,0.116487009505425,1000
sp14,178,predation.predPrey.sizeRatio.teta.sp7.stage1,-0.00301194186478586,0.075451112720897,0.111358732385567,1000
sp14,179,predation.predPrey.sizeRatio.alpha.sp7.stage1,-0.000316140084166668,0.0833636607105556,0.117069622769105,1000
sp14,180,predation.predPrey.sizeRatio.teta.sp8.stage1,0.000382867515138862,0.0780816285734722,0.116978325500094,1000
sp14,181,predation.predPrey.sizeRatio.alpha.sp8.stage1,0.000669897764861107,0.117185643626528,0.175208295353854,1000
sp14,182,predation.predPrey.sizeRatio.teta.sp9.stage1,0.0012276416026389,0.0812538878481945,0.118720255071362,1000
sp14,183,predation.predPrey.sizeRatio.alpha.sp9.stage1,0.00578986448152781,0.113049534077083,0.16475035426945,1000
sp14,184,predation.predPrey.sizeRatio.teta.sp10.stage1,-0.00178234650222224,0.0774226288227778,0.110872909225477,1000
sp14,185,predation.predPrey.sizeRatio.alpha.sp10.stage1,-0.00013634953888887,0.0872116874066667,0.129780016563723,1000
sp14,186,predation.predPrey.sizeRatio.teta.sp11.stage1,-0.00250608287902776,0.0758656234068055,0.110648728321664,1000
sp14,187,predation.predPrey.sizeRatio.alpha.sp11.stage1,-0.000741884670138881,0.0775682748876388,0.112034766908255,1000
sp14,188,predation.predPrey.sizeRatio.teta.sp12.stage1,-0.000223436315277799,0.0799138165291667,0.115709200663911,1000
sp14,189,predation.predPrey.sizeRatio.alpha.sp12.stage1,0.00282233089055555,0.0947022559447222,0.138833015000855,1000
sp14,190,predation.predPrey.sizeRatio.teta.sp13.stage1,0.00112701726666666,0.0779672183072222,0.112547723006376,1000
sp14,191,predation.predPrey.sizeRatio.alpha.sp13.stage1,0.000601145917361114,0.104398876082083,0.153819117615515,1000
sp14,192,predation.predPrey.sizeRatio.teta.sp14.stage1,0.00620708122605684,0.0785823258169988,0.11051136361558,1000
sp14,193,predation.predPrey.sizeRatio.alpha.sp14.stage1,0.0102547521329166,0.267337233818472,0.334332395535235,1000
sp14,194,predation.predPrey.sizeRatio.teta.sp15.stage1,-0.000991317515173623,0.0743594585545487,0.105231921189106,1000
sp14,195,predation.predPrey.sizeRatio.alpha.sp15.stage1,-0.000738186909444426,0.100627648663889,0.148080307162616,1000
sp15,1,mortality.additional.rate.sp0,0.00109128892638882,0.0164930763958335,0.0234189499553839,1000
sp15,2,mortality.additional.rate.sp1,0.000911594668055661,0.0170642471319444,0.024068223900131,1000
sp15,3,mortality.additional.rate.sp2,0.00161182934305502,0.0224038994569448,0.0304919914984223,1000
sp15,4,mortality.additional.rate.sp3,0.00046147898611113,0.0226657666472219,0.0344806548933033,1000
sp15,5,mortality.additional.rate.sp4,6.59593277778505e-05,0.016551732263889,0.024332734094189,1000
sp15,6,mortality.additional.rate.sp5,-0.00195406750972233,0.0229523618041667,0.0396989086396068,1000
sp15,7,mortality.additional.rate.sp6,-0.0010900104541668,0.0161104180124998,0.0238101394504238,1000
sp15,8,mortality.additional.rate.sp7,-9.65770069443934e-05,0.0165231594208335,0.0239858463758425,1000
sp15,9,mortality.additional.rate.sp8,-3.10774916667249e-05,0.0170640201666668,0.0250928265551128,1000
sp15,10,mortality.additional.rate.sp9,-6.18477805553841e-05,0.0165260566722224,0.0233865996342016,1000
sp15,11,mortality.additional.rate.sp10,-0.000312798815972254,0.0161708390909723,0.0227442080362194,1000
sp15,12,mortality.additional.rate.sp11,-0.000507343511111094,0.0162020256027777,0.0233150107382445,1000
sp15,13,mortality.additional.rate.sp12,-7.61943875000615e-05,0.0164051296208333,0.0244980976008268,1000
sp15,14,mortality.additional.rate.sp13,-4.93402777768459e-06,0.0159022773000004,0.0233133506713233,1000
sp15,15,mortality.additional.rate.sp14,0.000507213019444585,0.016538261561111,0.0233040420172435,1000
sp15,16,mortality.additional.rate.sp15,-8.74085236109607e-05,0.0226587603374999,0.0307086675617008,1000
sp15,17,fisheries.rate.base.fsh0,0.00325872187083312,0.0694251699263889,0.105458854507259,1000
sp15,18,fisheries.rate.base.fsh1,-0.00159621292638884,0.0192995056819444,0.0275751027495046,1000
sp15,19,fisheries.rate.base.fsh2,0.000952734523611088,0.016703271715278,0.0240107781806511,1000
sp15,20,fisheries.rate.base.fsh3,0.000264322381944632,0.0766317724763891,0.0972120315817988,1000
sp15,21,species.catchability.fsh0.sp0,-0.00134058457361152,0.0408230272819446,0.0811807595360666,1000
sp15,22,species.catchability.fsh0.sp1,-0.0010274143930555,0.0167736047986109,0.0239594289579175,1000
sp15,23,species.catchability.fsh0.sp2,-0.000781081252777646,0.0177894757833333,0.0256634227444887,1000
sp15,24,species.catchability.fsh0.sp3,0.00103184491666657,0.0271819787944445,0.0435877888029725,1000
sp15,25,species.catchability.fsh0.sp5,0.000139766588888971,0.0176334067972227,0.0253148115315124,1000
sp15,26,species.catchability.fsh0.sp7,-0.000200978847222434,0.0171799044277779,0.0240427078745468,1000
sp15,27,species.catchability.fsh0.sp8,0.000361824837500038,0.0311271025236111,0.0405768283914297,1000
sp15,28,species.catchability.fsh0.sp9,0.000681534243055765,0.0164395425541668,0.0233463682199649,1000
sp15,29,species.catchability.fsh0.sp10,-0.000811607183333296,0.0165147581472225,0.0239475443705627,1000
sp15,30,species.catchability.fsh0.sp13,0.000540193043055513,0.0163398390652773,0.0236456657281581,1000
sp15,31,species.catchability.fsh0.sp14,0.000190835370833536,0.0162782203013888,0.0235025135707605,1000
sp15,32,species.catchability.fsh0.sp15,0.000725594702777933,0.0478442593027779,0.0596143222265487,1000
sp15,33,species.catchability.fsh1.sp9,-0.000218498194444686,0.0158186130666671,0.0229639626398018,1000
sp15,34,species.catchability.fsh1.sp10,0.000102661805555615,0.0178500459277777,0.0258556050610749,1000
sp15,35,species.catchability.fsh1.sp11,0.000966016926388933,0.0170873950625001,0.0246982975861597,1000
sp15,36,species.catchability.fsh1.sp12,-0.000879461313889225,0.017069774088889,0.0248956578275705,1000
sp15,37,species.catchability.fsh2.sp0,0.000424557291666492,0.0174491061499999,0.0252188546778063,1000
sp15,38,species.catchability.fsh2.sp5,0.000410546402777817,0.0161357339499998,0.0237942620894152,1000
sp15,39,species.catchability.fsh2.sp7,-0.000366521341666568,0.0157862337500001,0.0225087009399616,1000
sp15,40,species.catchability.fsh2.sp8,-0.000503003870833099,0.0162319053652778,0.0232141058982368,1000
sp15,41,species.catchability.fsh3.sp0,-0.000392717704166532,0.0165624963875001,0.0244935255662968,1000
sp15,42,species.catchability.fsh3.sp1,0.000496479511111005,0.0176446700500003,0.0266007014428486,1000
sp15,43,species.catchability.fsh3.sp2,-0.000865454041666583,0.0171016058888885,0.0250846291920249,1000
sp15,44,species.catchability.fsh3.sp3,-0.000578672363889185,0.0165530021611111,0.0255420251871642,1000
sp15,45,species.catchability.fsh3.sp5,-0.00080254093888888,0.0163665978972224,0.0232487757930018,1000
sp15,46,species.catchability.fsh3.sp7,0.000461547051388907,0.0169255392930558,0.0248636538440376,1000
sp15,47,species.catchability.fsh3.sp8,3.34246597220726e-05,0.0160811881708331,0.022798968953949,1000
sp15,48,species.catchability.fsh3.sp9,-1.28101458335319e-05,0.0161273448875,0.022626636942659,1000
sp15,49,species.catchability.fsh3.sp10,0.00076512395555573,0.016230382311111,0.0222192246888562,1000
sp15,50,species.catchability.fsh3.sp11,0.000310816031944524,0.0161758877680555,0.0233373991968161,1000
sp15,51,species.catchability.fsh3.sp12,0.000713703831944624,0.0165904102097225,0.0235305552182033,1000
sp15,52,species.catchability.fsh3.sp13,6.39932222231821e-06,0.0160069382666669,0.0236465121875263,1000
sp15,53,species.catchability.fsh3.sp14,0.000354937275000156,0.0161050345166664,0.023249111518309,1000
sp15,54,species.catchability.fsh3.sp15,0.00373593615694426,0.0720399042513893,0.0894188918118343,1000
sp15,55,species.length2weight.condition.factor.sp0,-0.00154033340416675,0.0502260359708332,0.114522805929488,1000
sp15,56,species.length2weight.condition.factor.sp1,-0.00029789155277796,0.016270388166667,0.0232396471228401,1000
sp15,57,species.length2weight.condition.factor.sp2,-0.00130617551944416,0.0244346988277779,0.0355514802297228,1000
sp15,58,species.length2weight.condition.factor.sp3,-0.00159069289166659,0.0379635991388889,0.0565746981650185,1000
sp15,59,species.length2weight.condition.factor.sp4,0.000809135473611061,0.0188942336236112,0.0257050695995099,1000
sp15,60,species.length2weight.condition.factor.sp5,-0.000536927348611203,0.0163009948208331,0.0232922823474266,1000
sp15,61,species.length2weight.condition.factor.sp6,0.00125173077361137,0.0163677677236109,0.0235524331876755,1000
sp15,62,species.length2weight.condition.factor.sp7,-0.000640177776388651,0.0166853676208333,0.023776382955602,1000
sp15,63,species.length2weight.condition.factor.sp8,0.000720367394444226,0.0168290974249998,0.0243848208426933,1000
sp15,64,species.length2weight.condition.factor.sp9,-0.00111950966944446,0.0168774082361114,0.0238594705662837,1000
sp15,65,species.length2weight.condition.factor.sp10,-0.000362023112500054,0.017901559384722,0.0256515351088847,1000
sp15,66,species.length2weight.condition.factor.sp11,-0.000638934061111348,0.0176722100333335,0.0253265031445289,1000
sp15,67,species.length2weight.condition.factor.sp12,0.000500395748611155,0.0167109908680555,0.0244811922224705,1000
sp15,68,species.length2weight.condition.factor.sp13,-8.82242180555508e-05,0.0178392295374999,0.0261904860556435,1000
sp15,69,species.length2weight.condition.factor.sp14,-0.000696371433333482,0.0196086232416666,0.0300292656439757,1000
sp15,70,species.length2weight.condition.factor.sp15,-0.0116747420222222,1.84785044375556,1.89634470570767,1000
sp15,71,species.k.sp0,-0.00561435156527822,0.165128503526389,0.376688951252878,1000
sp15,72,species.k.sp1,-0.00110711963055534,0.0190492723944445,0.0269617776656249,1000
sp15,73,species.k.sp2,-0.00191794745138878,0.0507743038541669,0.0717370713698026,1000
sp15,74,species.k.sp3,-0.00453329861249993,0.0638753972986115,0.0987146159637544,1000
sp15,75,species.k.sp4,-0.00204799897361115,0.0279308528430554,0.03835126685358,1000
sp15,76,species.k.sp5,0.00221029142638896,0.0230801548152774,0.0361528247583253,1000
sp15,77,species.k.sp6,-0.00030573257361128,0.0169454452319442,0.0238696892916194,1000
sp15,78,species.k.sp7,-0.000455353772221622,0.0171008944166664,0.024224293616465,1000
sp15,79,species.k.sp8,0.000191655819444353,0.0571926179611112,0.0695972666342083,1000
sp15,80,species.k.sp9,0.000153053843055211,0.0224518879375003,0.0318184616989738,1000
sp15,81,species.k.sp10,-0.000791200979938211,0.0189846794493826,0.0270493483934891,1000
sp15,82,species.k.sp11,0.000399553272222294,0.0178076114805555,0.0254666636643888,1000
sp15,83,species.k.sp12,-0.000768585572222408,0.0174789829472222,0.0259608610730469,1000
sp15,84,species.k.sp13,0.00076255085277762,0.0284500483555556,0.0418262932876505,1000
sp15,85,species.k.sp14,-0.000992037481944132,0.0311609068263889,0.0443428235235287,1000
sp15,86,species.k.sp15,-0.0849831493097223,5.7706034766625,6.56970613980074,1000
sp15,87,species.l0.sp0,-0.00134951842083334,0.0332082365125001,0.0695848487377584,1000
sp15,88,species.l0.sp1,0.00227166392638896,0.0171236195958335,0.0241116342787871,1000
sp15,89,species.l0.sp2,0.00238678305833311,0.0469526800944447,0.0665737233227186,1000
sp15,90,species.l0.sp3,0.00158142200416682,0.0313213059152781,0.0465670060264332,1000
sp15,91,species.l0.sp4,0.000147726473610843,0.0206301966013887,0.0286624609493467,1000
sp15,92,species.l0.sp5,-7.66626000000556e-05,0.0162123629499998,0.0233747084686732,1000
sp15,93,species.l0.sp6,-0.000207191930555636,0.0169709810472221,0.0241038860985364,1000
sp15,94,species.l0.sp7,6.41755041666308e-05,0.0169274214180557,0.0239436599196374,1000
sp15,95,species.l0.sp8,-0.00137984641666653,0.0193178435138891,0.0260973860280735,1000
sp15,96,species.l0.sp9,0.000110354659722368,0.021988433726389,0.0312516938972924,1000
sp15,97,species.l0.sp10,-0.000991467963888519,0.0233285130555555,0.0351644893556136,1000
sp15,98,species.l0.sp11,-0.000565637031944673,0.0167256599125001,0.0235863265112942,1000
sp15,99,species.l0.sp12,-0.000274876418055564,0.0171090790013889,0.0238780099462485,1000
sp15,100,species.l0.sp13,0.000495061456944713,0.0161426944291667,0.0231034516654253,1000
sp15,101,species.l0.sp14,-0.000780312623611147,0.0162315886152778,0.0238460784293671,1000
sp15,102,species.l0.sp15,-0.0409723638236113,2.11467574584583,2.23857430854591,1000
sp15,103,mortality.additional.larva.rate.sp0,0.0026134422902778,0.141364820323611,0.345127917693576,1000
sp15,104,mortality.additional.larva.rate.sp1,-0.000188545593055244,0.0170912090125002,0.0247222249671332,1000
sp15,105,mortality.additional.larva.rate.sp2,0.00655925651111118,0.145355590022222,0.205245205367292,1000
sp15,106,mortality.additional.larva.rate.sp3,0.00385474341388865,0.166926692488889,0.264371737324265,1000
sp15,107,mortality.additional.larva.rate.sp4,-0.0016321420888891,0.0167479886194446,0.0239671668295264,1000
sp15,108,mortality.additional.larva.rate.sp5,0.00019299205138894,0.0161760779541666,0.0228991063114584,1000
sp15,109,mortality.additional.larva.rate.sp6,0.000692373023611014,0.0161855133708335,0.0228026978332645,1000
sp15,110,mortality.additional.larva.rate.sp9,-0.00185454419305557,0.0271697169430552,0.037357010647946,1000
sp15,111,mortality.additional.larva.rate.sp10,0.00112893935972249,0.0311656806902776,0.0462580057792685,1000
sp15,112,mortality.additional.larva.rate.sp11,0.000779882570833014,0.0165018633597225,0.023280792126046,1000
sp15,113,mortality.additional.larva.rate.sp12,0.000733315022222524,0.0184510954055557,0.0265785732871715,1000
sp15,114,mortality.additional.larva.rate.sp13,0.00153706536666697,0.0167315557888888,0.0236322037084437,1000
sp15,115,mortality.additional.larva.rate.sp14,-0.000863292927778014,0.024431105591667,0.0413903178833404,1000
sp15,116,mortality.additional.larva.rate.sp15,-0.0257656424763888,5.12993029973472,5.25272936344484,1000
sp15,117,mortality.additional.larva.rate.mean.sp7,0.00055116372500043,0.016235505688889,0.0236889545913957,1000
sp15,118,mortality.additional.larva.rate.mean.sp8,3.14964222222631e-05,0.0230500910694445,0.0334776298162398,1000
sp15,119,species.linf.sp0,0.0337611729486112,0.207482974465278,0.479944028719525,1000
sp15,120,species.linf.sp1,-0.00150699713888864,0.0257022796916665,0.0364265261504715,1000
sp15,121,species.linf.sp2,0.00131940669583296,0.134925851929167,0.186773914252826,1000
sp15,122,species.linf.sp3,0.00642307053888879,0.159616446908333,0.249379145392419,1000
sp15,123,species.linf.sp4,-0.0017663957283952,0.0646759512950616,0.0856738250161349,1000
sp15,124,species.linf.sp5,-0.00365506422361112,0.0489654706624998,0.0962243408188082,1000
sp15,125,species.linf.sp6,-4.00465624998851e-05,0.0182448619986112,0.0249894725676634,1000
sp15,126,species.linf.sp7,-0.000698208029166292,0.016987448051389,0.0248939435526176,1000
sp15,127,species.linf.sp8,-0.00353355892361115,0.157192653809723,0.187372255219721,1000
sp15,128,species.linf.sp9,-0.000288702215277814,0.0474041084902779,0.0618452360033147,1000
sp15,129,species.linf.sp10,0.00203503864861075,0.0384346889013891,0.0599214761913776,1000
sp15,130,species.linf.sp11,8.01828416665238e-05,0.0216852009111111,0.0322653175109619,1000
sp15,131,species.linf.sp12,4.67567527778279e-05,0.0255619453638888,0.0383670671461147,1000
sp15,132,species.linf.sp13,-0.000759225570833353,0.0209636166736111,0.0296657345270117,1000
sp15,133,species.linf.sp14,-0.00104194062777733,0.0795384316027777,0.135208250993974,1000
sp15,134,species.linf.sp15,0.803661800929167,19.4003509608903,21.5543164527232,1000
sp15,135,species.accessibility2fish.sp16,7.30317000001381e-05,0.0162550448666666,0.0232082955433047,1000
sp15,136,species.accessibility2fish.sp17,-2.05051097220359e-05,0.0162414048902776,0.022875368449109,1000
sp15,137,species.accessibility2fish.sp18,-0.000220493826388722,0.0160802769458332,0.0241940729832072,1000
sp15,138,species.accessibility2fish.sp19,-0.000170506943055642,0.0157867424263889,0.022434619325045,1000
sp15,139,species.accessibility2fish.sp20,5.05558083331881e-05,0.0161369528833335,0.0242804844199874,1000
sp15,140,species.accessibility2fish.sp21,0.00139459353055552,0.0242560268027781,0.0371730560347145,1000
sp15,141,species.accessibility2fish.sp22,0.00051443022361099,0.0209227230236111,0.0298326934055547,1000
sp15,142,species.accessibility2fish.sp23,0.00109400669583351,0.0276859272180555,0.0353561194475468,1000
sp15,143,species.accessibility2fish.sp24,0.000680370143055715,0.0509092421541672,0.0661972614388525,1000
sp15,144,species.accessibility2fish.sp25,-0.00039923364444453,0.0169338942888888,0.0247107846316679,1000
sp15,145,species.accessibility2fish.sp26,-0.000442742786111161,0.0303650410972224,0.0555288063675211,1000
sp15,146,species.maturity.size.ratio.sp0,-0.0176085881416665,0.144254443919445,0.369051394737778,1000
sp15,147,species.maturity.size.ratio.sp1,0.000132339715277995,0.0170620346263889,0.0257207497749343,1000
sp15,148,species.maturity.size.ratio.sp2,-0.00171173637638863,0.0187111777319444,0.0269578363914173,1000
sp15,149,species.maturity.size.ratio.sp3,0.000691689726388807,0.0233495976875001,0.036411434826783,1000
sp15,150,species.maturity.size.ratio.sp4,-0.000148087916666935,0.020243543308333,0.0285028089843439,1000
sp15,151,species.maturity.size.ratio.sp5,0.00011724161944446,0.0162594101055559,0.0229499433005751,1000
sp15,152,species.maturity.size.ratio.sp6,0.00114135243055522,0.0177707647444446,0.0254833014870192,1000
sp15,153,species.maturity.size.ratio.sp7,0.000144736900000318,0.0162724193722221,0.0236646078561123,1000
sp15,154,species.maturity.size.ratio.sp8,0.00128857572083344,0.0162202989375,0.0226713429229529,1000
sp15,155,species.maturity.size.ratio.sp9,0.000612687240277891,0.0170466457291667,0.0249864190980615,1000
sp15,156,species.maturity.size.ratio.sp10,-0.0012253221069445,0.0172427478319441,0.0241098754978544,1000
sp15,157,species.maturity.size.ratio.sp11,-0.000837553081944364,0.0327743860597223,0.0467830177874087,1000
sp15,158,species.maturity.size.ratio.sp12,-0.000756578093055705,0.0167562327430558,0.024680692560748,1000
sp15,159,species.maturity.size.ratio.sp13,-0.000354618823611254,0.0387446910958334,0.0571059582509693,1000
sp15,160,species.maturity.size.ratio.sp14,-0.000787845751389064,0.0158988705069443,0.0233267281944863,1000
sp15,161,species.maturity.size.ratio.sp15,0.0574787948972221,13.0405198737139,16.1352064139111,1000
sp15,162,predation.predPrey.sizeRatio.teta.sp0.stage1,0.00361579986249991,0.0221459532291665,0.0375631982968659,1000
sp15,163,predation.predPrey.sizeRatio.alpha.sp0.stage1,-0.00722420877499983,0.115173465361111,0.311243050499013,1000
sp15,164,predation.predPrey.sizeRatio.teta.sp1.stage1,-0.000958406186110787,0.0167370885888887,0.0233308292048823,1000
sp15,165,predation.predPrey.sizeRatio.alpha.sp1.stage1,0.00341330373611094,0.0380350728527782,0.0530117618519734,1000
sp15,166,predation.predPrey.sizeRatio.teta.sp2.stage1,-1.72246958333933e-05,0.0185824936597221,0.0263316603572339,1000
sp15,167,predation.predPrey.sizeRatio.alpha.sp2.stage1,-0.00540206741666656,0.0782006468444442,0.119682319145599,1000
sp15,168,predation.predPrey.sizeRatio.teta.sp3.stage1,0.000380728347222332,0.023144261602778,0.0338737924293722,1000
sp15,169,predation.predPrey.sizeRatio.alpha.sp3.stage1,-0.00170325476805536,0.146703049918056,0.251414103952108,1000
sp15,170,predation.predPrey.sizeRatio.teta.sp4.stage1,0.000230565611111164,0.0166216397277777,0.0235225277415069,1000
sp15,171,predation.predPrey.sizeRatio.alpha.sp4.stage1,-0.00190183485138921,0.0468707536986109,0.0655782073478379,1000
sp15,172,predation.predPrey.sizeRatio.teta.sp5.stage1,-7.24315277834543e-06,0.0169393642638889,0.0245394515854173,1000
sp15,173,predation.predPrey.sizeRatio.teta.sp5.stage2,-0.000969406297221971,0.0263434904055554,0.0428968501759989,1000
sp15,174,predation.predPrey.sizeRatio.alpha.sp5.stage1,0.00127746531111128,0.0158630830361115,0.0225351541020174,1000
sp15,175,predation.predPrey.sizeRatio.alpha.sp5.stage2,0.00109025290694393,0.0204931757819442,0.0310306171779955,1000
sp15,176,predation.predPrey.sizeRatio.teta.sp6.stage1,-0.00139358092222239,0.0164289767250004,0.0234414924608759,1000
sp15,177,predation.predPrey.sizeRatio.alpha.sp6.stage1,-7.24253638887458e-05,0.0180536156500003,0.0258856038791925,1000
sp15,178,predation.predPrey.sizeRatio.teta.sp7.stage1,0.00131023621944432,0.0169632563527775,0.0241930194693978,1000
sp15,179,predation.predPrey.sizeRatio.alpha.sp7.stage1,0.000112499819444716,0.0201510817472222,0.0286269306709986,1000
sp15,180,predation.predPrey.sizeRatio.teta.sp8.stage1,-0.000468753979166543,0.0242326847097221,0.0339331013868179,1000
sp15,181,predation.predPrey.sizeRatio.alpha.sp8.stage1,0.00234164924583344,0.136017216056944,0.161063980787068,1000
sp15,182,predation.predPrey.sizeRatio.teta.sp9.stage1,0.000465720422222303,0.0170794666583328,0.0244054612428949,1000
sp15,183,predation.predPrey.sizeRatio.alpha.sp9.stage1,0.000605347691666331,0.0237453946333335,0.0322676505865788,1000
sp15,184,predation.predPrey.sizeRatio.teta.sp10.stage1,0.0022769687013886,0.0165589580430556,0.0230626595196934,1000
sp15,185,predation.predPrey.sizeRatio.alpha.sp10.stage1,-0.00103135940833322,0.0183288309555556,0.0262084654924895,1000
sp15,186,predation.predPrey.sizeRatio.teta.sp11.stage1,-0.000867147234722632,0.0163315877180552,0.0229408853997841,1000
sp15,187,predation.predPrey.sizeRatio.alpha.sp11.stage1,0.00190167502777802,0.0167596028444443,0.0241290479904411,1000
sp15,188,predation.predPrey.sizeRatio.teta.sp12.stage1,2.54272666665489e-05,0.017538885175,0.0253133549064057,1000
sp15,189,predation.predPrey.sizeRatio.alpha.sp12.stage1,0.000117924508333772,0.0203369726194446,0.030544328608067,1000
sp15,190,predation.predPrey.sizeRatio.teta.sp13.stage1,-0.000337961623611296,0.0160408700958334,0.0227483753310123,1000
sp15,191,predation.predPrey.sizeRatio.alpha.sp13.stage1,0.000523962483333033,0.0190782429444444,0.0272206094420557,1000
sp15,192,predation.predPrey.sizeRatio.teta.sp14.stage1,-0.000650440904166626,0.0225277398986111,0.0324739122917449,1000
sp15,193,predation.predPrey.sizeRatio.alpha.sp14.stage1,-0.00415385572777774,0.0884320410166668,0.155676296712134,1000
sp15,194,predation.predPrey.sizeRatio.teta.sp15.stage1,-0.000699595278472238,0.0188780990076388,0.0275934352096763,1000
sp15,195,predation.predPrey.sizeRatio.alpha.sp15.stage1,-0.00650805632361125,0.616050916143056,0.705259332565697,1000
