species,param_id,param_name,mu,mu_star,sigma,n_ee
sp0,1,mortality.additional.rate.sp0,-2.73442998743922e-05,0.00458959817909993,0.00669489632030714,1000
sp0,2,mortality.additional.rate.sp1,8.86414088417126e-05,0.00419875933887126,0.00586439055499583,1000
sp0,3,mortality.additional.rate.sp2,9.7010008197995e-05,0.00586269416776833,0.00792486082657795,1000
sp0,4,mortality.additional.rate.sp3,-4.67659912186543e-05,0.00527691628878134,0.00678484538137931,1000
sp0,5,mortality.additional.rate.sp4,-0.000180105980787746,0.00426189689369349,0.00582962079035161,1000
sp0,6,mortality.additional.rate.sp5,0.000543482909618077,0.0126105362582986,0.0149641320535948,1000
sp0,7,mortality.additional.rate.sp6,0.00020814866889318,0.00411036775492948,0.00627331705631338,1000
sp0,8,mortality.additional.rate.sp7,-9.87707560849502e-05,0.00404564028719607,0.00648920866807154,1000
sp0,9,mortality.additional.rate.sp8,0.000132497797213325,0.00429140532727906,0.00669829351085864,1000
sp0,10,mortality.additional.rate.sp9,0.000238995124791655,0.00410384539847896,0.00617367268870818,1000
sp0,11,mortality.additional.rate.sp10,-9.85809404059224e-05,0.00408793060063577,0.00549334259720554,1000
sp0,12,mortality.additional.rate.sp11,-1.52025865386873e-06,0.00385495354677048,0.005372294009846,1000
sp0,13,mortality.additional.rate.sp12,-3.60080283119686e-05,0.00411674287852029,0.00542766954479851,1000
sp0,14,mortality.additional.rate.sp13,-0.00028438535567864,0.00441496496336819,0.00719256696369433,1000
sp0,15,mortality.additional.rate.sp14,-0.000103313785656329,0.0040295323576592,0.00535096643837711,1000
sp0,16,mortality.additional.rate.sp15,1.43356569090501e-05,0.00399729016836874,0.00539499566250968,1000
sp0,17,fisheries.rate.base.fsh0,-0.000186735403993061,0.0130831316896875,0.0161050397570223,1000
sp0,18,fisheries.rate.base.fsh1,-0.000189901146690536,0.00448396147085718,0.00683992923749218,1000
sp0,19,fisheries.rate.base.fsh2,3.55499187847319e-05,0.00430428975690973,0.00552941031344868,1000
sp0,20,fisheries.rate.base.fsh3,2.20085922484365e-05,0.0046433146110849,0.00608736299285117,1000
sp0,21,species.catchability.fsh0.sp0,0.000364449988873568,0.0143204297555263,0.0181499131679728,1000
sp0,22,species.catchability.fsh0.sp1,-0.000634422199600814,0.00404441033829956,0.0054089446446424,1000
sp0,23,species.catchability.fsh0.sp2,-0.000111947768090267,0.00425265391614584,0.00562620840170993,1000
sp0,24,species.catchability.fsh0.sp3,-0.000346970074518604,0.00616322270611081,0.0078682252802005,1000
sp0,25,species.catchability.fsh0.sp5,0.000135171978997247,0.00746568299302597,0.010175146214081,1000
sp0,26,species.catchability.fsh0.sp7,-0.000199481526659729,0.00404705963554859,0.00552411758981335,1000
sp0,27,species.catchability.fsh0.sp8,-2.54630927942833e-05,0.00420489781319478,0.00575117825146281,1000
sp0,28,species.catchability.fsh0.sp9,-3.49848232045359e-05,0.00426658741470073,0.00564623941689671,1000
sp0,29,species.catchability.fsh0.sp10,-3.60745482871097e-05,0.0046348787774443,0.00727718639144467,1000
sp0,30,species.catchability.fsh0.sp13,0.000201434965034721,0.00401731533121527,0.00549664904913733,1000
sp0,31,species.catchability.fsh0.sp14,0.00024767101580741,0.00402514570687847,0.00672586585155713,1000
sp0,32,species.catchability.fsh0.sp15,-1.01870697528939e-05,0.00405254600639921,0.00548050592509632,1000
sp0,33,species.catchability.fsh1.sp9,-4.75054574119173e-05,0.00481338870036586,0.00630918533101189,1000
sp0,34,species.catchability.fsh1.sp10,-0.000277919496215298,0.00454870705260416,0.00600557951920155,1000
sp0,35,species.catchability.fsh1.sp11,-0.000297332189161108,0.00411176426065831,0.00587357985820213,1000
sp0,36,species.catchability.fsh1.sp12,9.27647646575633e-05,0.00390764485610635,0.00526087749809436,1000
sp0,37,species.catchability.fsh2.sp0,4.1749343469238e-05,0.00491346995803862,0.00650525923201749,1000
sp0,38,species.catchability.fsh2.sp5,0.000171187867723651,0.0041703218639042,0.00582976565802167,1000
sp0,39,species.catchability.fsh2.sp7,0.000337695199072691,0.00387790871448935,0.00619331297409281,1000
sp0,40,species.catchability.fsh2.sp8,2.49673838127885e-05,0.00388358764243721,0.00523607584900632,1000
sp0,41,species.catchability.fsh3.sp0,-6.31251092288854e-05,0.00443101510167116,0.00585108444089894,1000
sp0,42,species.catchability.fsh3.sp1,9.8918244682752e-05,0.00400473389258001,0.00521951008826491,1000
sp0,43,species.catchability.fsh3.sp2,0.000118133581352608,0.00421176196650475,0.00644421910562977,1000
sp0,44,species.catchability.fsh3.sp3,2.32636471836611e-05,0.00398785132984271,0.00522907357702825,1000
sp0,45,species.catchability.fsh3.sp5,-0.000199481352534737,0.00412673715975695,0.0054017117114444,1000
sp0,46,species.catchability.fsh3.sp7,-1.80689700150968e-05,0.00388823199168175,0.00521027759245685,1000
sp0,47,species.catchability.fsh3.sp8,-0.000201829639106603,0.00413143520783788,0.00544425869420231,1000
sp0,48,species.catchability.fsh3.sp9,0.000585453117719005,0.00421877606812475,0.00603618178150073,1000
sp0,49,species.catchability.fsh3.sp10,-0.000160053739288675,0.00388860470585776,0.00512034117060771,1000
sp0,50,species.catchability.fsh3.sp11,-0.000163924976150918,0.00420913303433129,0.00624442097139694,1000
sp0,51,species.catchability.fsh3.sp12,-0.000141548889920271,0.00409114444765639,0.00583057579467928,1000
sp0,52,species.catchability.fsh3.sp13,0.000242088846095671,0.00397233176445988,0.00535216804698182,1000
sp0,53,species.catchability.fsh3.sp14,-4.01966753044363e-05,0.00415773348641559,0.00554848914908577,1000
sp0,54,species.catchability.fsh3.sp15,0.000239376569808333,0.00397805559751666,0.0055788525626183,1000
sp0,55,species.length2weight.condition.factor.sp0,-0.00164416190414902,0.0378426932455379,0.0447600114142104,1000
sp0,56,species.length2weight.condition.factor.sp1,-0.000244732175911862,0.0040135123605892,0.00543989435553736,1000
sp0,57,species.length2weight.condition.factor.sp2,4.92824611238025e-05,0.00629200375187378,0.00944501217417497,1000
sp0,58,species.length2weight.condition.factor.sp3,-0.000131916830300607,0.00642952369437742,0.00839455495509772,1000
sp0,59,species.length2weight.condition.factor.sp4,0.00065581613863054,0.0121099776229551,0.0141340561972869,1000
sp0,60,species.length2weight.condition.factor.sp5,0.000261642650238976,0.00422742310766951,0.0054771199790984,1000
sp0,61,species.length2weight.condition.factor.sp6,0.000267558004778297,0.00447304916558075,0.00620896058394049,1000
sp0,62,species.length2weight.condition.factor.sp7,8.88889584909384e-05,0.00402255727900908,0.00533613098801386,1000
sp0,63,species.length2weight.condition.factor.sp8,-0.000257484029792934,0.00411929966423735,0.00563961782928812,1000
sp0,64,species.length2weight.condition.factor.sp9,1.92102730555584e-05,0.00444071347124999,0.00585813226186341,1000
sp0,65,species.length2weight.condition.factor.sp10,8.48343501736186e-05,0.00431847191975696,0.00565624419229085,1000
sp0,66,species.length2weight.condition.factor.sp11,0.000136165520547599,0.00422254027002269,0.00668386961687081,1000
sp0,67,species.length2weight.condition.factor.sp12,-2.77093198784737e-05,0.00429198927737848,0.00578990246625747,1000
sp0,68,species.length2weight.condition.factor.sp13,3.19493108269157e-05,0.0060538875816492,0.00850821275361669,1000
sp0,69,species.length2weight.condition.factor.sp14,8.3686366623782e-05,0.0105394953604833,0.0120665947070038,1000
sp0,70,species.length2weight.condition.factor.sp15,3.03816274036228e-06,0.00451946221843484,0.0061639948204451,1000
sp0,71,species.k.sp0,-0.00214770750208189,0.0491665457041492,0.058266907124397,1000
sp0,72,species.k.sp1,-6.1975939309467e-05,0.00428249518660111,0.00605694676763668,1000
sp0,73,species.k.sp2,-0.000915474753678401,0.0139606612870313,0.0193794177777885,1000
sp0,74,species.k.sp3,0.000203657296142419,0.0139633089394826,0.0177332392075062,1000
sp0,75,species.k.sp4,0.000812031997048612,0.0299780963409375,0.0318240574707016,1000
sp0,76,species.k.sp5,0.000707660902449941,0.0119580127285203,0.0150451089608272,1000
sp0,77,species.k.sp6,-5.93663856668818e-05,0.00469231585509699,0.00616258049622352,1000
sp0,78,species.k.sp7,0.000145096964382545,0.00399721615267013,0.0053615555340078,1000
sp0,79,species.k.sp8,-2.03238372278833e-05,0.0046394257273229,0.00612294606727431,1000
sp0,80,species.k.sp9,-0.00041793064352811,0.0154289680821209,0.0176855307233303,1000
sp0,81,species.k.sp10,6.1949169500745e-05,0.00520298112612426,0.0070920599276538,1000
sp0,82,species.k.sp11,0.000264575415850586,0.00425923134723947,0.00597207683474453,1000
sp0,83,species.k.sp12,8.95887232412578e-05,0.00486991490069059,0.00692618434235067,1000
sp0,84,species.k.sp13,-0.00126422495647827,0.0229068668857059,0.0312066705011873,1000
sp0,85,species.k.sp14,-0.000581987658977529,0.0168775820531058,0.0186158451909192,1000
sp0,86,species.k.sp15,0.000162775590223652,0.00506995960077922,0.00697668371276387,1000
sp0,87,species.l0.sp0,0.00112532174345997,0.0263021486089911,0.0346844254718372,1000
sp0,88,species.l0.sp1,-0.000252265217449504,0.00420646378161617,0.00540993579542593,1000
sp0,89,species.l0.sp2,-0.000600160015349843,0.011856762204399,0.0163767344418943,1000
sp0,90,species.l0.sp3,7.64097739496794e-06,0.00638189870597956,0.00831063021359006,1000
sp0,91,species.l0.sp4,0.000102780518340006,0.0308940222864264,0.033227321591207,1000
sp0,92,species.l0.sp5,3.45671887083531e-05,0.00420949663248406,0.00557388411651972,1000
sp0,93,species.l0.sp6,-0.000135324319876566,0.00465423996043208,0.00606173007636046,1000
sp0,94,species.l0.sp7,-3.17583646775236e-05,0.00437816119793252,0.00711500678735922,1000
sp0,95,species.l0.sp8,0.000127809760259785,0.00398117861212863,0.00521975721542066,1000
sp0,96,species.l0.sp9,-0.000168458495625013,0.008765717646875,0.0111474006374132,1000
sp0,97,species.l0.sp10,-0.000122556875783185,0.00632761538810569,0.00853404644304599,1000
sp0,98,species.l0.sp11,-0.000209210506458358,0.00396918212736113,0.0052025972138468,1000
sp0,99,species.l0.sp12,-5.76533032343732e-05,0.00444074933543428,0.0057409967924582,1000
sp0,100,species.l0.sp13,-0.000210815337353681,0.0040171118512299,0.00549383768683008,1000
sp0,101,species.l0.sp14,-0.000197028538552135,0.00420703357116242,0.00590389172647012,1000
sp0,102,species.l0.sp15,0.000253199696089063,0.00426719660262004,0.00602152329072347,1000
sp0,103,mortality.additional.larva.rate.sp0,0.000866569574033613,0.127146845294795,0.147984489182119,1000
sp0,104,mortality.additional.larva.rate.sp1,0.000177717534652298,0.00433505016424157,0.00617789537193991,1000
sp0,105,mortality.additional.larva.rate.sp2,0.00114908449174779,0.0400571550076967,0.0517977627366116,1000
sp0,106,mortality.additional.larva.rate.sp3,0.00304123000226423,0.0374405038677087,0.0459962390250341,1000
sp0,107,mortality.additional.larva.rate.sp4,-0.000196668717313764,0.00428605690759786,0.00656651295408194,1000
sp0,108,mortality.additional.larva.rate.sp5,0.000138774831926018,0.0041539227448029,0.0055676121476971,1000
sp0,109,mortality.additional.larva.rate.sp6,-3.81337699652876e-05,0.00399724251135417,0.00530622651473111,1000
sp0,110,mortality.additional.larva.rate.sp9,0.000944409312561209,0.0134648666247834,0.0176978990632082,1000
sp0,111,mortality.additional.larva.rate.sp10,-0.000225160561782975,0.00929385675335686,0.0130349806603553,1000
sp0,112,mortality.additional.larva.rate.sp11,8.17165623654881e-05,0.00418696227511169,0.00552695946170093,1000
sp0,113,mortality.additional.larva.rate.sp12,0.000189574613713726,0.00722677778789535,0.0095912521613936,1000
sp0,114,mortality.additional.larva.rate.sp13,0.000157472658576239,0.00385642934362072,0.00520494039743773,1000
sp0,115,mortality.additional.larva.rate.sp14,0.000325534121068474,0.00855233815580653,0.0106105684329385,1000
sp0,116,mortality.additional.larva.rate.sp15,-0.000263152723324669,0.00642980148082467,0.00924059333756752,1000
sp0,117,mortality.additional.larva.rate.mean.sp7,0.000189454056962761,0.00405537255668498,0.00548074139383346,1000
sp0,118,mortality.additional.larva.rate.mean.sp8,0.000219868172998432,0.00421271344108786,0.00618146418181703,1000
sp0,119,species.linf.sp0,0.00112959014184522,0.124410254921192,0.143786507235803,1000
sp0,120,species.linf.sp1,0.000183869682413027,0.00452646960942419,0.00601272965548867,1000
sp0,121,species.linf.sp2,0.000779170845341806,0.0429680324950407,0.0559774883956707,1000
sp0,122,species.linf.sp3,-0.00132009226095295,0.0347189307099498,0.0422415652488885,1000
sp0,123,species.linf.sp4,-0.00204246593713618,0.0690638528765537,0.0720925361506219,1000
sp0,124,species.linf.sp5,-0.00136493045399248,0.036757682382071,0.0431077524774129,1000
sp0,125,species.linf.sp6,0.000233121386155494,0.00594581497064151,0.00789265738375969,1000
sp0,126,species.linf.sp7,8.94628989236171e-05,0.00414255735906251,0.0054080623027595,1000
sp0,127,species.linf.sp8,1.27880743951795e-05,0.00751936128859094,0.00914647265960258,1000
sp0,128,species.linf.sp9,-0.000442811300407554,0.0402455438606159,0.0443781420367955,1000
sp0,129,species.linf.sp10,0.000143736679623323,0.0119512960742761,0.0172640517118624,1000
sp0,130,species.linf.sp11,3.70001343055583e-05,0.00574181819263888,0.00739230231230476,1000
sp0,131,species.linf.sp12,-0.000132121603888653,0.00527853698590253,0.00684419305403489,1000
sp0,132,species.linf.sp13,7.27404551297787e-05,0.0139058461145123,0.0214383302299701,1000
sp0,133,species.linf.sp14,-0.0010676269009165,0.0185859432506428,0.021404130428278,1000
sp0,134,species.linf.sp15,-0.000479602292427415,0.00669089787666984,0.00958515865613008,1000
sp0,135,species.accessibility2fish.sp16,7.33166245693483e-05,0.00427125432293065,0.00561915326230889,1000
sp0,136,species.accessibility2fish.sp17,9.93126555798174e-06,0.00414374579725135,0.00568903365365118,1000
sp0,137,species.accessibility2fish.sp18,0.000115904390699559,0.00412401190076901,0.0061989041064369,1000
sp0,138,species.accessibility2fish.sp19,-4.9617174828912e-05,0.00410266095371275,0.00558640781695415,1000
sp0,139,species.accessibility2fish.sp20,-0.000317324098467169,0.00418935860699035,0.00611326115295036,1000
sp0,140,species.accessibility2fish.sp21,9.83229405101271e-05,0.00492727585448988,0.0070711996116315,1000
sp0,141,species.accessibility2fish.sp22,-0.000464806884171454,0.0115127229043674,0.0180234770195399,1000
sp0,142,species.accessibility2fish.sp23,-8.12790384845448e-05,0.00544028594867699,0.00700816652899459,1000
sp0,143,species.accessibility2fish.sp24,0.00170126530237571,0.0543320157695424,0.0552211810202306,1000
sp0,144,species.accessibility2fish.sp25,0.000177222816837397,0.0040251873580237,0.00538265460910209,1000
sp0,145,species.accessibility2fish.sp26,9.08459085958281e-05,0.00882844646534356,0.014244377322548,1000
sp0,146,species.maturity.size.ratio.sp0,0.00286689583528074,0.110506551293828,0.136719666163392,1000
sp0,147,species.maturity.size.ratio.sp1,0.000163066076857163,0.00399150473349006,0.00520082607662098,1000
sp0,148,species.maturity.size.ratio.sp2,0.000135831071515726,0.00426066961105345,0.00629628880052446,1000
sp0,149,species.maturity.size.ratio.sp3,-1.80583003525696e-05,0.00410600211174146,0.00557020539057298,1000
sp0,150,species.maturity.size.ratio.sp4,0.000341040839408819,0.0156516033779319,0.0184319658220234,1000
sp0,151,species.maturity.size.ratio.sp5,2.52094426035041e-05,0.00430870579378539,0.00621628394631497,1000
sp0,152,species.maturity.size.ratio.sp6,0.000337053963361557,0.00552282923995876,0.00728406993774057,1000
sp0,153,species.maturity.size.ratio.sp7,4.14046504954695e-05,0.00409856281624067,0.00539581960312,1000
sp0,154,species.maturity.size.ratio.sp8,-0.00034281053273986,0.00394884352628115,0.0051816432805781,1000
sp0,155,species.maturity.size.ratio.sp9,0.000122056178289728,0.00414163131111183,0.00551906742587627,1000
sp0,156,species.maturity.size.ratio.sp10,8.9254491462481e-05,0.00479697330530004,0.00660667614353435,1000
sp0,157,species.maturity.size.ratio.sp11,0.000127806806075797,0.00707446939607579,0.00892191465579134,1000
sp0,158,species.maturity.size.ratio.sp12,3.55094406053852e-05,0.00478697590696584,0.00642664537316612,1000
sp0,159,species.maturity.size.ratio.sp13,-0.000704819761296162,0.045825631483565,0.0579307975518307,1000
sp0,160,species.maturity.size.ratio.sp14,-0.000186672706049271,0.00678371894283965,0.00853384889521542,1000
sp0,161,species.maturity.size.ratio.sp15,0.000116805184602973,0.00712031361026576,0.0105663865763061,1000
sp0,162,predation.predPrey.sizeRatio.teta.sp0.stage1,0.000258574440401799,0.0230031803502629,0.0242848017077827,1000
sp0,163,predation.predPrey.sizeRatio.alpha.sp0.stage1,-0.00496385276447421,0.284835225807391,0.290461395962387,1000
sp0,164,predation.predPrey.sizeRatio.teta.sp1.stage1,-5.6061586157695e-05,0.00398087615844933,0.00530068887401129,1000
sp0,165,predation.predPrey.sizeRatio.alpha.sp1.stage1,-4.0295749372545e-05,0.00514795314055801,0.00673497670371792,1000
sp0,166,predation.predPrey.sizeRatio.teta.sp2.stage1,0.000164883043355401,0.00419003223874195,0.00573414555401421,1000
sp0,167,predation.predPrey.sizeRatio.alpha.sp2.stage1,-0.00135904510547453,0.0149217458354945,0.0215621266267394,1000
sp0,168,predation.predPrey.sizeRatio.teta.sp3.stage1,4.03518635227425e-05,0.00446812390491162,0.00588492972526128,1000
sp0,169,predation.predPrey.sizeRatio.alpha.sp3.stage1,-0.000162452681107515,0.0184683853151564,0.027462384311575,1000
sp0,170,predation.predPrey.sizeRatio.teta.sp4.stage1,0.00012722455992969,0.00669149257487671,0.00974006440244337,1000
sp0,171,predation.predPrey.sizeRatio.alpha.sp4.stage1,0.0013115261627732,0.0270636464055762,0.0303705261188415,1000
sp0,172,predation.predPrey.sizeRatio.teta.sp5.stage1,1.99191640953517e-05,0.00397308475746071,0.00537294041215265,1000
sp0,173,predation.predPrey.sizeRatio.teta.sp5.stage2,0.000415235791326074,0.012589794759927,0.0163153252144771,1000
sp0,174,predation.predPrey.sizeRatio.alpha.sp5.stage1,-0.000224351662922616,0.00417286000000596,0.00584241065511132,1000
sp0,175,predation.predPrey.sizeRatio.alpha.sp5.stage2,-0.000167816168468599,0.0103230745887031,0.0136667330585407,1000
sp0,176,predation.predPrey.sizeRatio.teta.sp6.stage1,4.92818838659143e-05,0.00438257766655076,0.00585779941846302,1000
sp0,177,predation.predPrey.sizeRatio.alpha.sp6.stage1,-0.00029201663917455,0.00464627993760618,0.00644894467070303,1000
sp0,178,predation.predPrey.sizeRatio.teta.sp7.stage1,6.0574187099123e-05,0.00393765227348802,0.0052236262502613,1000
sp0,179,predation.predPrey.sizeRatio.alpha.sp7.stage1,1.57884113316727e-05,0.00421190617283498,0.00560005459603349,1000
sp0,180,predation.predPrey.sizeRatio.teta.sp8.stage1,-0.00010564857910621,0.00428991748587642,0.00684219872461846,1000
sp0,181,predation.predPrey.sizeRatio.alpha.sp8.stage1,9.91223118713535e-05,0.00549820926351094,0.00712190458495965,1000
sp0,182,predation.predPrey.sizeRatio.teta.sp9.stage1,-0.000146288742027669,0.00477749717304156,0.00651135430633076,1000
sp0,183,predation.predPrey.sizeRatio.alpha.sp9.stage1,-0.000966476715497016,0.0221048244621027,0.0265261281228242,1000
sp0,184,predation.predPrey.sizeRatio.teta.sp10.stage1,0.000494883514440005,0.0040377120712896,0.00564838829845327,1000
sp0,185,predation.predPrey.sizeRatio.alpha.sp10.stage1,-0.000613947070567111,0.0055883097683724,0.00783314204599895,1000
sp0,186,predation.predPrey.sizeRatio.teta.sp11.stage1,9.55028070506622e-05,0.0041243603681201,0.0060407579795744,1000
sp0,187,predation.predPrey.sizeRatio.alpha.sp11.stage1,-2.80925963888907e-05,0.00432522732881944,0.00566053603933491,1000
sp0,188,predation.predPrey.sizeRatio.teta.sp12.stage1,-2.03456111577596e-05,0.00462352928207192,0.00653586754224963,1000
sp0,189,predation.predPrey.sizeRatio.alpha.sp12.stage1,0.000278662853752511,0.00662943999443089,0.00843386699747501,1000
sp0,190,predation.predPrey.sizeRatio.teta.sp13.stage1,0.000162142266323883,0.00424697903145388,0.00554707369659852,1000
sp0,191,predation.predPrey.sizeRatio.alpha.sp13.stage1,-0.000189923959352557,0.0105744347097855,0.0153555906007666,1000
sp0,192,predation.predPrey.sizeRatio.teta.sp14.stage1,-0.000357896648958335,0.00449019196062498,0.00603777476315477,1000
sp0,193,predation.predPrey.sizeRatio.alpha.sp14.stage1,0.000118735199985578,0.00916928333877643,0.0109084784090143,1000
sp0,194,predation.predPrey.sizeRatio.teta.sp15.stage1,-0.000373101640942999,0.00411154499760966,0.00542355226169832,1000
sp0,195,predation.predPrey.sizeRatio.alpha.sp15.stage1,-0.000153069217156498,0.0048817400735454,0.00704870576260354,1000
sp1,1,mortality.additional.rate.sp0,2.71041555556562e-06,0.00255456418,0.00331994725811544,1000
sp1,2,mortality.additional.rate.sp1,4.56553251388596e-05,0.00254039046430554,0.00331142466243666,1000
sp1,3,mortality.additional.rate.sp2,-6.62783605555467e-05,0.00251997442277778,0.00319363359242918,1000
sp1,4,mortality.additional.rate.sp3,-0.000193388577083327,0.00413782714430554,0.00538871057160664,1000
sp1,5,mortality.additional.rate.sp4,2.08758316666499e-05,0.00255315612805555,0.00326997701511197,1000
sp1,6,mortality.additional.rate.sp5,-6.70732066666623e-05,0.00342287343027777,0.00442229770991606,1000
sp1,7,mortality.additional.rate.sp6,-1.37631277778316e-06,0.00254499448388888,0.00325196678370889,1000
sp1,8,mortality.additional.rate.sp7,0.000280624116111121,0.00267343267527777,0.00345041847686713,1000
sp1,9,mortality.additional.rate.sp8,9.62106444444999e-06,0.0025739130725,0.0033852172431777,1000
sp1,10,mortality.additional.rate.sp9,-7.61257680556204e-06,0.00258994083347221,0.00335413476523151,1000
sp1,11,mortality.additional.rate.sp10,-0.000107248029583342,0.00256674582597224,0.00336002897155105,1000
sp1,12,mortality.additional.rate.sp11,8.04288761111059e-05,0.00251876066166667,0.00331806346479308,1000
sp1,13,mortality.additional.rate.sp12,-3.01848370833255e-05,0.00253810697291666,0.00330377214044106,1000
sp1,14,mortality.additional.rate.sp13,-0.000118925497638893,0.00255915911124999,0.00332881722384993,1000
sp1,15,mortality.additional.rate.sp14,-0.000173190822777775,0.00251268161861111,0.00323639753692594,1000
sp1,16,mortality.additional.rate.sp15,-8.98211416666272e-06,0.0024943465963889,0.00324597678887134,1000
sp1,17,fisheries.rate.base.fsh0,-0.000365055731249998,0.0100214452984722,0.0113592424220139,1000
sp1,18,fisheries.rate.base.fsh1,5.45953138888278e-06,0.00269280513444444,0.00350113829751702,1000
sp1,19,fisheries.rate.base.fsh2,0.000201216371805558,0.00266843463541667,0.00345323006876459,1000
sp1,20,fisheries.rate.base.fsh3,-1.11379994444378e-05,0.00284762157361109,0.00364923567057908,1000
sp1,21,species.catchability.fsh0.sp0,2.97385870833284e-05,0.00271788332180556,0.00352897552448381,1000
sp1,22,species.catchability.fsh0.sp1,9.12444565277873e-05,0.00428896174291667,0.00537886570467509,1000
sp1,23,species.catchability.fsh0.sp2,2.91663438888971e-05,0.00251966319111111,0.00327110435139854,1000
sp1,24,species.catchability.fsh0.sp3,-0.00034933401222223,0.00671640983222223,0.00819264772421747,1000
sp1,25,species.catchability.fsh0.sp5,1.56039576388899e-05,0.00269384017097222,0.00347370785150099,1000
sp1,26,species.catchability.fsh0.sp7,6.56636195833231e-05,0.00245196368763889,0.00328864381788851,1000
sp1,27,species.catchability.fsh0.sp8,-7.97577131944542e-05,0.00250724911986111,0.00324117553165815,1000
sp1,28,species.catchability.fsh0.sp9,8.13228451388899e-05,0.00247406768680557,0.00323997593822014,1000
sp1,29,species.catchability.fsh0.sp10,-1.71330638888791e-05,0.00263384374944445,0.00347194402855742,1000
sp1,30,species.catchability.fsh0.sp13,4.56770368055469e-05,0.00255448205736111,0.0032370036590553,1000
sp1,31,species.catchability.fsh0.sp14,3.83273547222298e-05,0.00244855171555555,0.00322313490478613,1000
sp1,32,species.catchability.fsh0.sp15,0.000100182691388908,0.0025846014561111,0.00336673987432708,1000
sp1,33,species.catchability.fsh1.sp9,0.000110903434444447,0.00239978170833332,0.00311895100154716,1000
sp1,34,species.catchability.fsh1.sp10,-1.9888182222236e-05,0.00262707595500001,0.00339339997237414,1000
sp1,35,species.catchability.fsh1.sp11,-1.63179615277717e-05,0.00241442826819445,0.00316618739710077,1000
sp1,36,species.catchability.fsh1.sp12,0.000111604839305549,0.00239880194069445,0.00316944692242726,1000
sp1,37,species.catchability.fsh2.sp0,-0.000148283032916675,0.00256552137625002,0.00345002912524283,1000
sp1,38,species.catchability.fsh2.sp5,-1.06079934722332e-05,0.00255448232763887,0.00331157644000256,1000
sp1,39,species.catchability.fsh2.sp7,0.000126215294722227,0.00237816308722222,0.00307934939662222,1000
sp1,40,species.catchability.fsh2.sp8,1.68936988888798e-05,0.00252187997055557,0.0032524755940788,1000
sp1,41,species.catchability.fsh3.sp0,5.30117155555662e-05,0.00254925626083334,0.00336899840610132,1000
sp1,42,species.catchability.fsh3.sp1,6.9803261111105e-05,0.00257315579888889,0.00332676737090472,1000
sp1,43,species.catchability.fsh3.sp2,0.000122361225972211,0.00244892255125001,0.00324078462151146,1000
sp1,44,species.catchability.fsh3.sp3,7.29316991666831e-05,0.00270743384722223,0.00349582929588681,1000
sp1,45,species.catchability.fsh3.sp5,-0.000131656208055554,0.00259337446083333,0.00334938528218983,1000
sp1,46,species.catchability.fsh3.sp7,-1.36798472222275e-05,0.00259003851944444,0.00335794470499745,1000
sp1,47,species.catchability.fsh3.sp8,7.01226361111201e-05,0.00254195188333332,0.00333726916763356,1000
sp1,48,species.catchability.fsh3.sp9,-6.33445400000114e-05,0.00236697724861111,0.00310121495303683,1000
sp1,49,species.catchability.fsh3.sp10,0.0003025219448611,0.00247578493847223,0.00322644194084331,1000
sp1,50,species.catchability.fsh3.sp11,-1.13778165277659e-05,0.00249208534069445,0.00329860128684748,1000
sp1,51,species.catchability.fsh3.sp12,-0.000197065948333331,0.00247706652861112,0.00320946860998356,1000
sp1,52,species.catchability.fsh3.sp13,-6.14662154166603e-05,0.00248718741930555,0.00324437277494901,1000
sp1,53,species.catchability.fsh3.sp14,-0.000186534057500016,0.00254137139861113,0.0033053008239934,1000
sp1,54,species.catchability.fsh3.sp15,4.93409515277791e-05,0.00258039033875001,0.00334246154629235,1000
sp1,55,species.length2weight.condition.factor.sp0,9.53623329166662e-05,0.00262252440236111,0.00345797551095466,1000
sp1,56,species.length2weight.condition.factor.sp1,-0.000269451228472196,0.00520403564236112,0.00616425436201948,1000
sp1,57,species.length2weight.condition.factor.sp2,8.8530379583347e-05,0.00263994071347222,0.00343166418843183,1000
sp1,58,species.length2weight.condition.factor.sp3,0.000118603127222217,0.00418013222083333,0.00601964368544306,1000
sp1,59,species.length2weight.condition.factor.sp4,-0.000202700246388896,0.00312548389611111,0.00391935260250217,1000
sp1,60,species.length2weight.condition.factor.sp5,-0.000135107240138882,0.0025568597298611,0.00341135843538045,1000
sp1,61,species.length2weight.condition.factor.sp6,-0.000149582474999988,0.00283714329500001,0.00365129542375021,1000
sp1,62,species.length2weight.condition.factor.sp7,-0.000268564827222215,0.00265100431555556,0.00338601532742129,1000
sp1,63,species.length2weight.condition.factor.sp8,0.000103344923888909,0.00258982482499999,0.00338444028835591,1000
sp1,64,species.length2weight.condition.factor.sp9,0.000221316965138898,0.00257055943180555,0.00338082334904012,1000
sp1,65,species.length2weight.condition.factor.sp10,7.33390836111022e-05,0.00252255317416666,0.00331091861162318,1000
sp1,66,species.length2weight.condition.factor.sp11,0.000110324669583345,0.00246603261819444,0.00324247943087879,1000
sp1,67,species.length2weight.condition.factor.sp12,0.000128637536805553,0.00251976512180555,0.00327754092999769,1000
sp1,68,species.length2weight.condition.factor.sp13,-2.96428484722128e-05,0.00254522707152778,0.00336737948886785,1000
sp1,69,species.length2weight.condition.factor.sp14,0.000138181095694446,0.0028944850073611,0.00383516594555284,1000
sp1,70,species.length2weight.condition.factor.sp15,-1.47498108333326e-05,0.00233530291361111,0.00307404084427669,1000
sp1,71,species.k.sp0,0.000143404555972227,0.00422044048319445,0.00620598267243828,1000
sp1,72,species.k.sp1,-0.000621981932638872,0.0149940248684722,0.0171948191026981,1000
sp1,73,species.k.sp2,-0.000152281074166673,0.00334993661527777,0.00439935556761989,1000
sp1,74,species.k.sp3,0.000205557595833346,0.00912172739916668,0.013584672441695,1000
sp1,75,species.k.sp4,-0.000175075421111113,0.00496985185472222,0.00611127414183057,1000
sp1,76,species.k.sp5,0.000178011694583347,0.00337100411958332,0.00441915905054062,1000
sp1,77,species.k.sp6,0.000338194185972224,0.00364456464847223,0.00452086771713298,1000
sp1,78,species.k.sp7,-6.38820515277756e-05,0.00242189135125002,0.00313580080540584,1000
sp1,79,species.k.sp8,-9.63975668055595e-05,0.00285299947625001,0.00379796161148219,1000
sp1,80,species.k.sp9,-5.28863640277731e-05,0.00269797866819444,0.00356106380322212,1000
sp1,81,species.k.sp10,0.000230780813904318,0.00266009850501543,0.00344169156354067,1000
sp1,82,species.k.sp11,-0.000153797337361111,0.00247955651513888,0.00325712106060163,1000
sp1,83,species.k.sp12,-4.73439351388844e-05,0.00246966780180557,0.00317598675681652,1000
sp1,84,species.k.sp13,-0.000142659683055552,0.00395907899333333,0.00533220029369778,1000
sp1,85,species.k.sp14,-2.45478731944245e-05,0.00339475598680555,0.00445688950211837,1000
sp1,86,species.k.sp15,-0.00014071545833335,0.00274691158388889,0.00356840366735004,1000
sp1,87,species.l0.sp0,3.24052088888797e-05,0.0026156031786111,0.00341804275356334,1000
sp1,88,species.l0.sp1,0.000761366076527757,0.0202317464115278,0.0215137957521095,1000
sp1,89,species.l0.sp2,-0.000103176197638897,0.00307901457208332,0.00396138153466418,1000
sp1,90,species.l0.sp3,7.63889204166676e-05,0.00392079547319444,0.00547551600477777,1000
sp1,91,species.l0.sp4,-9.37238166667986e-06,0.00511386061666666,0.00623023510162878,1000
sp1,92,species.l0.sp5,7.32070266666659e-05,0.00253401680194444,0.00335103636937298,1000
sp1,93,species.l0.sp6,1.16430086111015e-05,0.00381461007083333,0.00460678594221298,1000
sp1,94,species.l0.sp7,-8.03126459722244e-05,0.00288644846680557,0.00369846321146514,1000
sp1,95,species.l0.sp8,0.000115015228611129,0.00284347575555556,0.00367179987889662,1000
sp1,96,species.l0.sp9,-0.000101274796388888,0.00283284971666668,0.00378987222961552,1000
sp1,97,species.l0.sp10,-1.72519977777932e-05,0.00307987150722223,0.00408362947349637,1000
sp1,98,species.l0.sp11,-8.34499293055443e-05,0.00251715884291666,0.00322467174967573,1000
sp1,99,species.l0.sp12,-1.97233176388891e-05,0.00253691754652778,0.00334907003244996,1000
sp1,100,species.l0.sp13,-5.50090605555448e-05,0.00250526316249999,0.00327506459874671,1000
sp1,101,species.l0.sp14,-0.000123827440138888,0.00244375259624998,0.00322518805491711,1000
sp1,102,species.l0.sp15,-9.38890399999964e-05,0.00258119864138888,0.00336299292493578,1000
sp1,103,mortality.additional.larva.rate.sp0,6.57399263889036e-06,0.00354066313708333,0.00498840334287622,1000
sp1,104,mortality.additional.larva.rate.sp1,-0.000128747389166661,0.0134162921394444,0.014508009442549,1000
sp1,105,mortality.additional.larva.rate.sp2,1.57952452777815e-05,0.00660787351777778,0.00890438295980964,1000
sp1,106,mortality.additional.larva.rate.sp3,0.00181973782083335,0.0212322614680556,0.0313584215328191,1000
sp1,107,mortality.additional.larva.rate.sp4,-3.21818544444581e-05,0.00255098010027779,0.00333193564595337,1000
sp1,108,mortality.additional.larva.rate.sp5,-9.97411070833357e-05,0.00256938868569446,0.00335925663608908,1000
sp1,109,mortality.additional.larva.rate.sp6,7.16757620833411e-05,0.00252933745069445,0.00327775429395834,1000
sp1,110,mortality.additional.larva.rate.sp9,-4.01536012499869e-05,0.00301047742625,0.00401303421715728,1000
sp1,111,mortality.additional.larva.rate.sp10,-9.28502293055523e-05,0.00374378737541667,0.00496466507478484,1000
sp1,112,mortality.additional.larva.rate.sp11,-4.33503534722224e-05,0.00238229554986111,0.00313214849171493,1000
sp1,113,mortality.additional.larva.rate.sp12,4.56597847222208e-05,0.00280588950444445,0.00366199298866685,1000
sp1,114,mortality.additional.larva.rate.sp13,-3.41340737499928e-05,0.00236933269513891,0.00310199087695562,1000
sp1,115,mortality.additional.larva.rate.sp14,-0.000165910418333352,0.00318578183,0.00404717121037457,1000
sp1,116,mortality.additional.larva.rate.sp15,0.000123339504166673,0.00268691062694445,0.00358344261301878,1000
sp1,117,mortality.additional.larva.rate.mean.sp7,-5.09941279166519e-05,0.00247447986819444,0.00320560898959332,1000
sp1,118,mortality.additional.larva.rate.mean.sp8,-2.53863224999832e-05,0.00292285011472223,0.00373724028682544,1000
sp1,119,species.linf.sp0,-0.000312206945555553,0.00517216266583333,0.00788711364957995,1000
sp1,120,species.linf.sp1,-0.00154992488,0.0579736369255556,0.0612499284723217,1000
sp1,121,species.linf.sp2,0.000162906399444455,0.00652456416888889,0.00913093065728252,1000
sp1,122,species.linf.sp3,-0.00252078172986111,0.0396244747256945,0.0499987637972308,1000
sp1,123,species.linf.sp4,-2.59592680709763e-05,0.0117503070022377,0.0136633931300437,1000
sp1,124,species.linf.sp5,-0.000131202170555552,0.010438152935,0.0126923796322205,1000
sp1,125,species.linf.sp6,0.000250840381944448,0.00370051435833334,0.00461019285176981,1000
sp1,126,species.linf.sp7,-0.000163396334305583,0.00281436652097223,0.0035705577118207,1000
sp1,127,species.linf.sp8,-0.000164094687361101,0.00500138011041668,0.00654658359554465,1000
sp1,128,species.linf.sp9,3.9459689305552e-05,0.00465617729402778,0.00644521876536057,1000
sp1,129,species.linf.sp10,0.000116754150138878,0.00423119062236112,0.00586245189762753,1000
sp1,130,species.linf.sp11,9.70690223611142e-05,0.00296063859486112,0.00384437899769929,1000
sp1,131,species.linf.sp12,3.25755743055518e-05,0.00335663538291666,0.00428842966749082,1000
sp1,132,species.linf.sp13,9.15499588888771e-05,0.00349127528944443,0.00455473018633463,1000
sp1,133,species.linf.sp14,5.12258697222312e-05,0.00360055028861111,0.00466448162095747,1000
sp1,134,species.linf.sp15,-0.000128705032361119,0.00327487638430556,0.0043727283358059,1000
sp1,135,species.accessibility2fish.sp16,-9.45421001388942e-05,0.00251284591347223,0.0032772007342907,1000
sp1,136,species.accessibility2fish.sp17,-0.000133189007777772,0.00244601412805556,0.00322471967040213,1000
sp1,137,species.accessibility2fish.sp18,-2.61708397222397e-05,0.00250443189500001,0.00326527896972934,1000
sp1,138,species.accessibility2fish.sp19,-0.000111880550833318,0.00258949462138889,0.00338716712915281,1000
sp1,139,species.accessibility2fish.sp20,-7.02052380555858e-05,0.00241537968583333,0.00316579025470354,1000
sp1,140,species.accessibility2fish.sp21,-3.79029690277811e-05,0.00270278043680555,0.00343767999740673,1000
sp1,141,species.accessibility2fish.sp22,-0.000681639763194464,0.0202616393106944,0.0362157857937846,1000
sp1,142,species.accessibility2fish.sp23,0.00377251547847222,0.0694764225079167,0.0709799622742753,1000
sp1,143,species.accessibility2fish.sp24,0.000258989304583316,0.0116600835293056,0.0136075479329619,1000
sp1,144,species.accessibility2fish.sp25,-6.49238012500044e-05,0.00248704768180555,0.00318964080071388,1000
sp1,145,species.accessibility2fish.sp26,-1.12721359722241e-05,0.00260943424680557,0.00342454062733279,1000
sp1,146,species.maturity.size.ratio.sp0,0.000311804611805568,0.00397687404625001,0.00604476235457939,1000
sp1,147,species.maturity.size.ratio.sp1,3.31964538889001e-05,0.00280331784444446,0.00358476592714397,1000
sp1,148,species.maturity.size.ratio.sp2,2.25915676388906e-05,0.00257436399597222,0.0033017263904516,1000
sp1,149,species.maturity.size.ratio.sp3,-0.000273427537638897,0.00280616008069446,0.00368133766626821,1000
sp1,150,species.maturity.size.ratio.sp4,-3.89816184722209e-05,0.00336790607319443,0.0041800313383681,1000
sp1,151,species.maturity.size.ratio.sp5,-0.00017225434625,0.00259554506847222,0.00344114515929265,1000
sp1,152,species.maturity.size.ratio.sp6,-9.81289759722382e-05,0.00378915613125,0.00475067389152157,1000
sp1,153,species.maturity.size.ratio.sp7,3.57106497222135e-05,0.00247562657611111,0.00323777727616476,1000
sp1,154,species.maturity.size.ratio.sp8,-4.29662129166678e-05,0.00257669758597222,0.00338415672768459,1000
sp1,155,species.maturity.size.ratio.sp9,-4.16052223611102e-05,0.00244461987486111,0.00322817099070521,1000
sp1,156,species.maturity.size.ratio.sp10,0.000135855730694451,0.00257552559152779,0.00338259471291208,1000
sp1,157,species.maturity.size.ratio.sp11,0.000148552425972214,0.00287939482541664,0.00372838943788638,1000
sp1,158,species.maturity.size.ratio.sp12,3.22695245833406e-05,0.00254567742430556,0.0032898579529912,1000
sp1,159,species.maturity.size.ratio.sp13,0.000327161399444444,0.00434590694027779,0.00604339692308108,1000
sp1,160,species.maturity.size.ratio.sp14,-1.24555423611208e-05,0.00255136043458332,0.00337304786568314,1000
sp1,161,species.maturity.size.ratio.sp15,0.000101954706388884,0.00276161327749999,0.00360741378488796,1000
sp1,162,predation.predPrey.sizeRatio.teta.sp0.stage1,5.6289317777796e-05,0.00246346559472222,0.00322165582969823,1000
sp1,163,predation.predPrey.sizeRatio.alpha.sp0.stage1,0.000162159158194464,0.00373236558041667,0.00522345835302288,1000
sp1,164,predation.predPrey.sizeRatio.teta.sp1.stage1,-0.00103698112680554,0.0270993484309722,0.0284459294327757,1000
sp1,165,predation.predPrey.sizeRatio.alpha.sp1.stage1,0.00722875680527777,0.1523541073075,0.155326375079836,1000
sp1,166,predation.predPrey.sizeRatio.teta.sp2.stage1,-4.02217345833427e-05,0.00288299556513888,0.00373378554334893,1000
sp1,167,predation.predPrey.sizeRatio.alpha.sp2.stage1,-4.49887793055627e-05,0.00534803803819444,0.00755083804531031,1000
sp1,168,predation.predPrey.sizeRatio.teta.sp3.stage1,-0.000107211555694425,0.00265829371208333,0.00343660424622124,1000
sp1,169,predation.predPrey.sizeRatio.alpha.sp3.stage1,7.15258026388986e-05,0.02267900070625,0.0321155864807992,1000
sp1,170,predation.predPrey.sizeRatio.teta.sp4.stage1,-6.73413611111084e-06,0.00342072600333334,0.00428344290221684,1000
sp1,171,predation.predPrey.sizeRatio.alpha.sp4.stage1,1.37195352777733e-05,0.00395542357388888,0.00511804358558381,1000
sp1,172,predation.predPrey.sizeRatio.teta.sp5.stage1,0.000244034215833321,0.0023370508836111,0.00309081213709587,1000
sp1,173,predation.predPrey.sizeRatio.teta.sp5.stage2,0.000419930695138891,0.00873555158486111,0.0103275741466555,1000
sp1,174,predation.predPrey.sizeRatio.alpha.sp5.stage1,1.5044793749995e-05,0.00259482880319444,0.00339226426233383,1000
sp1,175,predation.predPrey.sizeRatio.alpha.sp5.stage2,-0.000151433066944455,0.00544499078666666,0.00688682050462862,1000
sp1,176,predation.predPrey.sizeRatio.teta.sp6.stage1,0.00011242382861112,0.00470424804111112,0.0056094352217933,1000
sp1,177,predation.predPrey.sizeRatio.alpha.sp6.stage1,-4.2403547083334e-05,0.00489064085708334,0.0058436710658111,1000
sp1,178,predation.predPrey.sizeRatio.teta.sp7.stage1,0.000195413727638885,0.00262638383291668,0.0033704977072524,1000
sp1,179,predation.predPrey.sizeRatio.alpha.sp7.stage1,6.94175319444423e-05,0.00378622211333334,0.00484839548805673,1000
sp1,180,predation.predPrey.sizeRatio.teta.sp8.stage1,-0.000193977103055554,0.00256668242833332,0.00334117968780787,1000
sp1,181,predation.predPrey.sizeRatio.alpha.sp8.stage1,4.9165620972216e-05,0.0101537599051389,0.0123287534270774,1000
sp1,182,predation.predPrey.sizeRatio.teta.sp9.stage1,-0.000104888057361107,0.00261287072374998,0.00335768266170087,1000
sp1,183,predation.predPrey.sizeRatio.alpha.sp9.stage1,0.000128144878749982,0.00356041479791667,0.00471028912068018,1000
sp1,184,predation.predPrey.sizeRatio.teta.sp10.stage1,-0.000114348496111114,0.00253233805805555,0.00332602409580836,1000
sp1,185,predation.predPrey.sizeRatio.alpha.sp10.stage1,1.57405956944503e-05,0.00261827658652777,0.003457813979985,1000
sp1,186,predation.predPrey.sizeRatio.teta.sp11.stage1,2.10217845833336e-05,0.00257317659569444,0.00336707775231252,1000
sp1,187,predation.predPrey.sizeRatio.alpha.sp11.stage1,6.28379499998899e-06,0.00258357707416666,0.0034085784414496,1000
sp1,188,predation.predPrey.sizeRatio.teta.sp12.stage1,0.000144058965555553,0.0026289033575,0.00342191508890588,1000
sp1,189,predation.predPrey.sizeRatio.alpha.sp12.stage1,-0.000248748666250002,0.00279618963263889,0.00376542855020584,1000
sp1,190,predation.predPrey.sizeRatio.teta.sp13.stage1,0.000165870828472217,0.00252262718263888,0.00324676070882193,1000
sp1,191,predation.predPrey.sizeRatio.alpha.sp13.stage1,3.61371684722271e-05,0.00284623902791666,0.00373712994730748,1000
sp1,192,predation.predPrey.sizeRatio.teta.sp14.stage1,-0.000128832666666677,0.0024594300675,0.00319900471300339,1000
sp1,193,predation.predPrey.sizeRatio.alpha.sp14.stage1,0.00014253744555553,0.00463639556333332,0.0056972332130854,1000
sp1,194,predation.predPrey.sizeRatio.teta.sp15.stage1,1.11863052777789e-05,0.00240056894777778,0.00312496252961542,1000
sp1,195,predation.predPrey.sizeRatio.alpha.sp15.stage1,-4.69921209722386e-05,0.00271779911958333,0.0035677838481315,1000
sp2,1,mortality.additional.rate.sp0,7.62378675653741e-05,0.00402087926371741,0.00547547615959376,1000
sp2,2,mortality.additional.rate.sp1,0.000186453266900222,0.00397177492012411,0.0053605981625911,1000
sp2,3,mortality.additional.rate.sp2,0.000247667110332248,0.00979398945604849,0.0133528800165521,1000
sp2,4,mortality.additional.rate.sp3,-0.000138826338718428,0.00414991508800827,0.00551168854803127,1000
sp2,5,mortality.additional.rate.sp4,-0.00028075402501337,0.00409703267043079,0.00542966835524671,1000
sp2,6,mortality.additional.rate.sp5,0.000283782021156295,0.00466874086159,0.00616245400177537,1000
sp2,7,mortality.additional.rate.sp6,0.000153639630142991,0.00384149554777529,0.00507218231708582,1000
sp2,8,mortality.additional.rate.sp7,-1.23112548301755e-05,0.00379735263120988,0.00502052730782237,1000
sp2,9,mortality.additional.rate.sp8,0.000246989732638867,0.00391496467113346,0.00519115918042145,1000
sp2,10,mortality.additional.rate.sp9,4.48374551847324e-05,0.00376223760219163,0.00495545448618527,1000
sp2,11,mortality.additional.rate.sp10,-0.00012749226457232,0.00378787443521284,0.00508384259766069,1000
sp2,12,mortality.additional.rate.sp11,9.30314005967691e-05,0.0040732759113078,0.00539360627351749,1000
sp2,13,mortality.additional.rate.sp12,-8.77750766998068e-05,0.00380264483826976,0.00507419870544379,1000
sp2,14,mortality.additional.rate.sp13,-1.61265219161738e-05,0.00386178109650702,0.00514520991264581,1000
sp2,15,mortality.additional.rate.sp14,-7.90508958881898e-05,0.00375844589792045,0.00509029560751892,1000
sp2,16,mortality.additional.rate.sp15,0.000104867511476322,0.0037686408465323,0.00518203478550475,1000
sp2,17,fisheries.rate.base.fsh0,-0.000235956147646755,0.00622592706319145,0.00810796202687821,1000
sp2,18,fisheries.rate.base.fsh1,0.000183800009809609,0.00416147632300445,0.00554231312573383,1000
sp2,19,fisheries.rate.base.fsh2,-0.000165426656924182,0.00384668363088185,0.00507970883341416,1000
sp2,20,fisheries.rate.base.fsh3,8.66440571120656e-05,0.00392309089838761,0.00520191976265051,1000
sp2,21,species.catchability.fsh0.sp0,0.000338032455052672,0.00556323186140754,0.00734697154961742,1000
sp2,22,species.catchability.fsh0.sp1,-0.000276336074042986,0.00377150336963644,0.00488932631035898,1000
sp2,23,species.catchability.fsh0.sp2,-0.000174537522248211,0.00464581568452492,0.00642004708413009,1000
sp2,24,species.catchability.fsh0.sp3,-0.00019984657528222,0.00420028283015836,0.00550225264787115,1000
sp2,25,species.catchability.fsh0.sp5,0.000142380103174376,0.00382435729188173,0.00510257632864247,1000
sp2,26,species.catchability.fsh0.sp7,-0.00021757395383002,0.00393446644051055,0.00536155341246893,1000
sp2,27,species.catchability.fsh0.sp8,1.21188316071749e-05,0.00355112534059152,0.00466359369013953,1000
sp2,28,species.catchability.fsh0.sp9,-2.94710908866397e-05,0.00384379127903976,0.00501612555139421,1000
sp2,29,species.catchability.fsh0.sp10,-0.000263234425648809,0.0040656340253506,0.00542141988747122,1000
sp2,30,species.catchability.fsh0.sp13,0.000140382355496834,0.0038083255967721,0.00514959921727515,1000
sp2,31,species.catchability.fsh0.sp14,0.000232529195125504,0.00366506141223509,0.00486552758015791,1000
sp2,32,species.catchability.fsh0.sp15,2.19697065184873e-05,0.00371002937423848,0.00498985357785122,1000
sp2,33,species.catchability.fsh1.sp9,9.20834449649414e-05,0.00400234073666132,0.00529007073487056,1000
sp2,34,species.catchability.fsh1.sp10,-0.000212605344457501,0.00418658741710247,0.00571838581869436,1000
sp2,35,species.catchability.fsh1.sp11,-1.84494090639823e-05,0.0037653002127084,0.00509778108021813,1000
sp2,36,species.catchability.fsh1.sp12,4.15206424213851e-05,0.00405157193861355,0.0052138745178094,1000
sp2,37,species.catchability.fsh2.sp0,0.000133200444289951,0.00359626550974368,0.00480215628653239,1000
sp2,38,species.catchability.fsh2.sp5,6.60494065279768e-05,0.00401007961425801,0.00536277619628388,1000
sp2,39,species.catchability.fsh2.sp7,-9.96855230592941e-05,0.00364048504077108,0.00483254303273918,1000
sp2,40,species.catchability.fsh2.sp8,-2.25144681935657e-05,0.0037357156781424,0.00506543435296358,1000
sp2,41,species.catchability.fsh3.sp0,0.000144351688893998,0.00382681401771233,0.00507502151735877,1000
sp2,42,species.catchability.fsh3.sp1,-0.000266867822516104,0.00377224937793291,0.00502148284645107,1000
sp2,43,species.catchability.fsh3.sp2,6.82557741383221e-05,0.00366845617785755,0.0049304575345257,1000
sp2,44,species.catchability.fsh3.sp3,-0.000456895766772513,0.00374618230577798,0.0050379744091646,1000
sp2,45,species.catchability.fsh3.sp5,-6.02530987525716e-05,0.00386659537321965,0.00527972235886778,1000
sp2,46,species.catchability.fsh3.sp7,-0.000201308152481901,0.00384235449899563,0.00515506578808871,1000
sp2,47,species.catchability.fsh3.sp8,-0.000189764099156299,0.00373715322578525,0.00504235792990823,1000
sp2,48,species.catchability.fsh3.sp9,0.000157809399134673,0.00392641989572363,0.0052648281797314,1000
sp2,49,species.catchability.fsh3.sp10,-0.000184520227637636,0.00377629653103167,0.00492895891796286,1000
sp2,50,species.catchability.fsh3.sp11,-0.000345554627194475,0.00375384476568706,0.00506773788605128,1000
sp2,51,species.catchability.fsh3.sp12,0.000205669236903437,0.00371937721292879,0.00499668410223637,1000
sp2,52,species.catchability.fsh3.sp13,8.37054395344948e-05,0.00387503742630764,0.0051605183232385,1000
sp2,53,species.catchability.fsh3.sp14,-0.000229249396709592,0.00382823568240666,0.00510398357778247,1000
sp2,54,species.catchability.fsh3.sp15,0.000215670788608659,0.00375987598087844,0.00511138602514659,1000
sp2,55,species.length2weight.condition.factor.sp0,-3.19961130509999e-05,0.00690624730710594,0.00934312859525696,1000
sp2,56,species.length2weight.condition.factor.sp1,-0.000331047077471874,0.00506551955938172,0.00642380939236823,1000
sp2,57,species.length2weight.condition.factor.sp2,-0.00078416130406101,0.0167114643514611,0.0234204341227987,1000
sp2,58,species.length2weight.condition.factor.sp3,-0.000259636660345966,0.00493010886769759,0.00652352325355632,1000
sp2,59,species.length2weight.condition.factor.sp4,0.00136845667360149,0.0184641414668034,0.0204504626344725,1000
sp2,60,species.length2weight.condition.factor.sp5,0.000366062476306736,0.00377461141306074,0.00497921336093988,1000
sp2,61,species.length2weight.condition.factor.sp6,0.000213137639936427,0.0065992243146115,0.0081842838144601,1000
sp2,62,species.length2weight.condition.factor.sp7,-9.61996294642853e-06,0.00391173383987824,0.00523830119692911,1000
sp2,63,species.length2weight.condition.factor.sp8,-0.000114667203666779,0.00384050557328376,0.00498601385124876,1000
sp2,64,species.length2weight.condition.factor.sp9,0.000105907028595799,0.00420997629811865,0.00562131072956163,1000
sp2,65,species.length2weight.condition.factor.sp10,0.000105960941129118,0.00392357615696446,0.00519636564171683,1000
sp2,66,species.length2weight.condition.factor.sp11,0.000193090645292631,0.00377450888570992,0.00504739037158314,1000
sp2,67,species.length2weight.condition.factor.sp12,-0.000266317922870833,0.00411557246777006,0.00540013353894135,1000
sp2,68,species.length2weight.condition.factor.sp13,-9.77186889488048e-05,0.00538066451311861,0.00718251493362898,1000
sp2,69,species.length2weight.condition.factor.sp14,1.60934864146273e-05,0.00544100706316897,0.00672238047042334,1000
sp2,70,species.length2weight.condition.factor.sp15,-1.44858790243628e-05,0.00388879137869452,0.00513121485964969,1000
sp2,71,species.k.sp0,-0.000277640009647249,0.0176615815093875,0.0253093418481616,1000
sp2,72,species.k.sp1,0.000191601408745791,0.00554777324200806,0.00695299458846472,1000
sp2,73,species.k.sp2,-0.00135083565533566,0.0228285240852777,0.0289963997924404,1000
sp2,74,species.k.sp3,-0.000213657902789593,0.00779623476490527,0.0109354849313988,1000
sp2,75,species.k.sp4,0.00107160216674337,0.0279026206008053,0.0300649031097902,1000
sp2,76,species.k.sp5,5.82163183463447e-05,0.00454076941850448,0.00615745456434615,1000
sp2,77,species.k.sp6,-4.16182168693157e-05,0.00655876827704732,0.00816535465136289,1000
sp2,78,species.k.sp7,0.000250383446739453,0.00391830197061986,0.00533271177019909,1000
sp2,79,species.k.sp8,-1.58333989432109e-05,0.00382959755007345,0.00501401267528886,1000
sp2,80,species.k.sp9,-0.000457314861139602,0.00810848458664802,0.0102322643172176,1000
sp2,81,species.k.sp10,0.000106447497798347,0.00477257399187186,0.00652426264554455,1000
sp2,82,species.k.sp11,0.000233661962606849,0.00391115214500123,0.00528377320676145,1000
sp2,83,species.k.sp12,0.000118424241865397,0.00403612114140499,0.00530691163338241,1000
sp2,84,species.k.sp13,-0.000541728412063067,0.014303328503997,0.0192650717079302,1000
sp2,85,species.k.sp14,-0.000323482687908427,0.00779055826994792,0.00903753338709927,1000
sp2,86,species.k.sp15,-4.86930395252944e-05,0.00404397309811388,0.00542047470260292,1000
sp2,87,species.l0.sp0,0.00017730355513122,0.0054770036574444,0.00765298328335907,1000
sp2,88,species.l0.sp1,-4.85943886764824e-05,0.0047201356085407,0.00622820915776151,1000
sp2,89,species.l0.sp2,-0.00077025064676511,0.0275665397491507,0.0356090304467153,1000
sp2,90,species.l0.sp3,-1.76875615884989e-05,0.00474468758923978,0.00634298492807612,1000
sp2,91,species.l0.sp4,-6.55283132716961e-05,0.0259045525514993,0.0289880184433837,1000
sp2,92,species.l0.sp5,-0.000120255351557783,0.00386392572358221,0.00502937893860658,1000
sp2,93,species.l0.sp6,-0.000145255992468542,0.005027224698125,0.0065077176445234,1000
sp2,94,species.l0.sp7,-0.000153925240550174,0.00384934963253761,0.00513107865274673,1000
sp2,95,species.l0.sp8,6.64428142992461e-05,0.00371346066404584,0.00493515885772818,1000
sp2,96,species.l0.sp9,-2.8363896277191e-05,0.00680970216869919,0.00880761821001955,1000
sp2,97,species.l0.sp10,0.000294778564364134,0.00567602573982067,0.00793199254897465,1000
sp2,98,species.l0.sp11,-0.000139286020581381,0.0039677377370128,0.00531798803982682,1000
sp2,99,species.l0.sp12,2.22603539180496e-05,0.00394944519002267,0.00517937557757753,1000
sp2,100,species.l0.sp13,9.19875285852159e-05,0.00396794083131008,0.00524259937495794,1000
sp2,101,species.l0.sp14,-3.13974505801995e-05,0.00382219455971978,0.00510815166235095,1000
sp2,102,species.l0.sp15,0.000174568708494582,0.00408975864334033,0.0054397510961767,1000
sp2,103,mortality.additional.larva.rate.sp0,0.000716315385804056,0.0183444251204033,0.0278805206394568,1000
sp2,104,mortality.additional.larva.rate.sp1,-0.000157019402129277,0.0106320858008491,0.0124710798904264,1000
sp2,105,mortality.additional.larva.rate.sp2,0.00179358977702331,0.167430031437967,0.191130737047429,1000
sp2,106,mortality.additional.larva.rate.sp3,0.00168540417868457,0.018700751891362,0.0276060980735451,1000
sp2,107,mortality.additional.larva.rate.sp4,9.79493690338317e-05,0.00394089320156089,0.00531702930308303,1000
sp2,108,mortality.additional.larva.rate.sp5,0.000162168913123141,0.00376914581804062,0.00507372981452181,1000
sp2,109,mortality.additional.larva.rate.sp6,9.49931004916893e-06,0.0037389672750866,0.0049758658205233,1000
sp2,110,mortality.additional.larva.rate.sp9,0.000483886568610815,0.0126713044676923,0.0158150868140914,1000
sp2,111,mortality.additional.larva.rate.sp10,-0.000390355211380161,0.00697306548020263,0.0101201643020166,1000
sp2,112,mortality.additional.larva.rate.sp11,0.000147330216194049,0.0036798379178528,0.00489665005617684,1000
sp2,113,mortality.additional.larva.rate.sp12,0.000317000600558381,0.00781624605187149,0.00940474144370718,1000
sp2,114,mortality.additional.larva.rate.sp13,0.00013548398401205,0.00367584359557716,0.00494695619090623,1000
sp2,115,mortality.additional.larva.rate.sp14,0.000232520463703675,0.00491687100856827,0.00633305556769628,1000
sp2,116,mortality.additional.larva.rate.sp15,0.000117974677416698,0.00435912082568624,0.00587141431639844,1000
sp2,117,mortality.additional.larva.rate.mean.sp7,0.000105309876153075,0.00386496895390831,0.00512149739985661,1000
sp2,118,mortality.additional.larva.rate.mean.sp8,0.000182463369827972,0.00403011154978432,0.00525507489770925,1000
sp2,119,species.linf.sp0,-0.00171224871237595,0.0204373230723776,0.0307777793146215,1000
sp2,120,species.linf.sp1,0.000614869399087426,0.00984162737544528,0.0121270998685145,1000
sp2,121,species.linf.sp2,-0.000456363645539451,0.0579390911810031,0.0713721795503817,1000
sp2,122,species.linf.sp3,-0.000643894248301012,0.0176546433178889,0.0250194917114221,1000
sp2,123,species.linf.sp4,-0.00135575876862451,0.0634096008152507,0.0681145896737829,1000
sp2,124,species.linf.sp5,-0.000523997426126886,0.00839986483469078,0.0120384950096397,1000
sp2,125,species.linf.sp6,-0.000131758549921425,0.0105008975221244,0.0130938343683279,1000
sp2,126,species.linf.sp7,0.00013173757112465,0.00397285681962662,0.00530281216874194,1000
sp2,127,species.linf.sp8,0.000333077371332551,0.00467637189316957,0.00612056294123487,1000
sp2,128,species.linf.sp9,-0.000117136704803724,0.0208792239869111,0.0255062831448874,1000
sp2,129,species.linf.sp10,0.000196283455816392,0.0103541286733333,0.014711000452395,1000
sp2,130,species.linf.sp11,-0.000116918765470535,0.00415538068976049,0.00547021523897907,1000
sp2,131,species.linf.sp12,-5.94954748094952e-05,0.00480157287058715,0.00641739891562416,1000
sp2,132,species.linf.sp13,-9.07868626728866e-05,0.00720826345299393,0.010737382436686,1000
sp2,133,species.linf.sp14,-0.000571132482905073,0.00967901798522215,0.0110897246598736,1000
sp2,134,species.linf.sp15,5.12666224300785e-05,0.00472178609984925,0.00641646988281948,1000
sp2,135,species.accessibility2fish.sp16,2.34434241094299e-05,0.00383342506923849,0.00513818258343655,1000
sp2,136,species.accessibility2fish.sp17,-2.84039888023977e-05,0.00376642113849957,0.00500340517714476,1000
sp2,137,species.accessibility2fish.sp18,0.000114903439134437,0.0039320302477947,0.00535092512995955,1000
sp2,138,species.accessibility2fish.sp19,-3.52050638375792e-05,0.00433953657544962,0.00582465361663166,1000
sp2,139,species.accessibility2fish.sp20,-0.000204988258693097,0.00379765143753591,0.00499415496870044,1000
sp2,140,species.accessibility2fish.sp21,9.24180054856394e-07,0.00433459133462022,0.0057311160056286,1000
sp2,141,species.accessibility2fish.sp22,-0.000486741441540963,0.00896756081357439,0.0134396348324259,1000
sp2,142,species.accessibility2fish.sp23,0.00012206200362787,0.00425161629823422,0.00561735140095803,1000
sp2,143,species.accessibility2fish.sp24,0.000621326848581687,0.0246025424442679,0.0268293846945831,1000
sp2,144,species.accessibility2fish.sp25,-7.73214033695347e-05,0.00384105885791884,0.00507749462502478,1000
sp2,145,species.accessibility2fish.sp26,-3.41270455595637e-05,0.00379699005911369,0.00505379808740286,1000
sp2,146,species.maturity.size.ratio.sp0,0.00116728014218566,0.0186226991248755,0.0284221372892561,1000
sp2,147,species.maturity.size.ratio.sp1,0.000270350238430518,0.00405567747145522,0.00539790736849808,1000
sp2,148,species.maturity.size.ratio.sp2,-0.000247162646206037,0.00598915906119284,0.0083817120129651,1000
sp2,149,species.maturity.size.ratio.sp3,9.76449069202889e-05,0.00388552883189522,0.00533184545109083,1000
sp2,150,species.maturity.size.ratio.sp4,0.000773275166302137,0.020845934200556,0.0233107385591455,1000
sp2,151,species.maturity.size.ratio.sp5,4.20812299316907e-05,0.00373908241552394,0.00507562248756361,1000
sp2,152,species.maturity.size.ratio.sp6,0.00054161750000327,0.0106800368270996,0.0134828277335423,1000
sp2,153,species.maturity.size.ratio.sp7,-2.34781217027666e-05,0.00398515717460101,0.00524232485979895,1000
sp2,154,species.maturity.size.ratio.sp8,2.7476716437432e-05,0.00377044599264189,0.00492596465289262,1000
sp2,155,species.maturity.size.ratio.sp9,3.27915740840279e-06,0.00411218700018105,0.00540064073386173,1000
sp2,156,species.maturity.size.ratio.sp10,-7.64586916460075e-05,0.00418802573834867,0.00563109899277739,1000
sp2,157,species.maturity.size.ratio.sp11,-8.10592135092604e-05,0.00512178968497991,0.00670982750838431,1000
sp2,158,species.maturity.size.ratio.sp12,0.000103349696943703,0.00462182099448171,0.0060755733096522,1000
sp2,159,species.maturity.size.ratio.sp13,-0.000245776762008964,0.026243942287933,0.0340428650385903,1000
sp2,160,species.maturity.size.ratio.sp14,-0.000170477568511112,0.00461765517693047,0.00603627281020311,1000
sp2,161,species.maturity.size.ratio.sp15,3.95759024552428e-05,0.00464005234984417,0.00638448570513775,1000
sp2,162,predation.predPrey.sizeRatio.teta.sp0.stage1,-2.43176065298631e-05,0.00424294399517764,0.00566165240095842,1000
sp2,163,predation.predPrey.sizeRatio.alpha.sp0.stage1,0.000438039859002572,0.00754049753619661,0.0107191271334711,1000
sp2,164,predation.predPrey.sizeRatio.teta.sp1.stage1,-0.00012114092445362,0.00429252635076802,0.00571387118290425,1000
sp2,165,predation.predPrey.sizeRatio.alpha.sp1.stage1,-0.000469017464700326,0.0094761186015853,0.0115512594606951,1000
sp2,166,predation.predPrey.sizeRatio.teta.sp2.stage1,-0.00023449373810444,0.00536891714019483,0.00700265127093489,1000
sp2,167,predation.predPrey.sizeRatio.alpha.sp2.stage1,0.00126598120054846,0.0827286943048559,0.0949614694566775,1000
sp2,168,predation.predPrey.sizeRatio.teta.sp3.stage1,6.92859362815129e-05,0.00435715560579539,0.00574958657485646,1000
sp2,169,predation.predPrey.sizeRatio.alpha.sp3.stage1,-0.000322794537479179,0.00772579627916416,0.0105071658914143,1000
sp2,170,predation.predPrey.sizeRatio.teta.sp4.stage1,0.000244782395554683,0.00693972524852195,0.00924322176914175,1000
sp2,171,predation.predPrey.sizeRatio.alpha.sp4.stage1,0.00174150736049355,0.0334558777953369,0.0377257007000471,1000
sp2,172,predation.predPrey.sizeRatio.teta.sp5.stage1,-7.99978762989966e-05,0.00396211421687327,0.00521931144223266,1000
sp2,173,predation.predPrey.sizeRatio.teta.sp5.stage2,-0.000146017278048866,0.00447686311426382,0.00628856582236449,1000
sp2,174,predation.predPrey.sizeRatio.alpha.sp5.stage1,-9.44854927244078e-05,0.00376451350903526,0.00491799699187221,1000
sp2,175,predation.predPrey.sizeRatio.alpha.sp5.stage2,-0.000148787063677612,0.00428828544437119,0.00571336431481169,1000
sp2,176,predation.predPrey.sizeRatio.teta.sp6.stage1,0.000102507516765848,0.00432038078363156,0.00576296691368265,1000
sp2,177,predation.predPrey.sizeRatio.alpha.sp6.stage1,-0.000159165045032628,0.00450857044151628,0.00588663766465934,1000
sp2,178,predation.predPrey.sizeRatio.teta.sp7.stage1,0.000364094024916129,0.00377691476874084,0.00501940920145831,1000
sp2,179,predation.predPrey.sizeRatio.alpha.sp7.stage1,-0.000112731961739386,0.00459548287684389,0.00602591349098091,1000
sp2,180,predation.predPrey.sizeRatio.teta.sp8.stage1,-0.000111097757682626,0.003890997378101,0.00519116833501595,1000
sp2,181,predation.predPrey.sizeRatio.alpha.sp8.stage1,0.000226055236847869,0.00453491310600033,0.00602476975950183,1000
sp2,182,predation.predPrey.sizeRatio.teta.sp9.stage1,-0.000223025602046538,0.00443921955478273,0.00593048314088356,1000
sp2,183,predation.predPrey.sizeRatio.alpha.sp9.stage1,-0.000122481292329855,0.00648574207892075,0.00888863164429071,1000
sp2,184,predation.predPrey.sizeRatio.teta.sp10.stage1,0.00015281636917941,0.00389306062951966,0.0051678452429171,1000
sp2,185,predation.predPrey.sizeRatio.alpha.sp10.stage1,-0.000343355091371513,0.00584296952440425,0.00815347339095844,1000
sp2,186,predation.predPrey.sizeRatio.teta.sp11.stage1,-2.33838912175067e-05,0.00399640748199193,0.00527919714999576,1000
sp2,187,predation.predPrey.sizeRatio.alpha.sp11.stage1,3.24583096590849e-05,0.00391406995119355,0.00511236910174376,1000
sp2,188,predation.predPrey.sizeRatio.teta.sp12.stage1,-0.000187558802003404,0.00399532869873109,0.0054713282121525,1000
sp2,189,predation.predPrey.sizeRatio.alpha.sp12.stage1,0.000165530738471627,0.00501839638109274,0.00673637214381347,1000
sp2,190,predation.predPrey.sizeRatio.teta.sp13.stage1,0.00010606900167807,0.00401309383619339,0.00528000530286847,1000
sp2,191,predation.predPrey.sizeRatio.alpha.sp13.stage1,-6.83044156752082e-05,0.00701668362467755,0.00981357871032753,1000
sp2,192,predation.predPrey.sizeRatio.teta.sp14.stage1,-0.000370899155130319,0.00410407902905452,0.00545388441881879,1000
sp2,193,predation.predPrey.sizeRatio.alpha.sp14.stage1,0.000200617190988074,0.00636344552613001,0.00754935267575994,1000
sp2,194,predation.predPrey.sizeRatio.teta.sp15.stage1,-3.51269727589754e-06,0.00383779511799045,0.00509307531441661,1000
sp2,195,predation.predPrey.sizeRatio.alpha.sp15.stage1,0.000101921199070417,0.00421399649657513,0.00570300911208821,1000
sp3,1,mortality.additional.rate.sp0,0.000265797442361094,0.00877950805763888,0.0115211767469096,1000
sp3,2,mortality.additional.rate.sp1,0.00013948619125,0.00907901461736114,0.0119710730116345,1000
sp3,3,mortality.additional.rate.sp2,-5.95355172222486e-05,0.00902723554249998,0.0122556831453529,1000
sp3,4,mortality.additional.rate.sp3,0.000239329234861102,0.0110207556093055,0.0147094711804293,1000
sp3,5,mortality.additional.rate.sp4,-0.000388104926805536,0.00878555480930554,0.0115498092510639,1000
sp3,6,mortality.additional.rate.sp5,0.000227683796666659,0.00940465706444443,0.0120900625995987,1000
sp3,7,mortality.additional.rate.sp6,-5.58788047222369e-05,0.00890180541444447,0.0121379472989088,1000
sp3,8,mortality.additional.rate.sp7,0.000370243285416676,0.0090134060576389,0.0119041590653798,1000
sp3,9,mortality.additional.rate.sp8,-0.000338308023472202,0.00930617986180554,0.0124987530657694,1000
sp3,10,mortality.additional.rate.sp9,0.000193187435000021,0.00902808339416668,0.0119154809967135,1000
sp3,11,mortality.additional.rate.sp10,5.52753424999852e-05,0.00833311013888892,0.0111337069211466,1000
sp3,12,mortality.additional.rate.sp11,0.000207312490972225,0.00886453467180558,0.0115529644458582,1000
sp3,13,mortality.additional.rate.sp12,-0.000238364653333337,0.00874668627972222,0.0118573774614659,1000
sp3,14,mortality.additional.rate.sp13,-0.000121295325277786,0.0089654923827778,0.0121499535243853,1000
sp3,15,mortality.additional.rate.sp14,-0.000152558032083327,0.00853455690013891,0.0114823919068544,1000
sp3,16,mortality.additional.rate.sp15,-0.000368415766250007,0.00882207567597221,0.0120292580765768,1000
sp3,17,fisheries.rate.base.fsh0,0.000531578491111104,0.0111031421647222,0.0145878140478994,1000
sp3,18,fisheries.rate.base.fsh1,-0.000150474820416673,0.00977417212430556,0.0132734178158069,1000
sp3,19,fisheries.rate.base.fsh2,0.000214165112777749,0.00869328869500001,0.0116007506355467,1000
sp3,20,fisheries.rate.base.fsh3,8.26676248611002e-05,0.00862064251125,0.0116605201822553,1000
sp3,21,species.catchability.fsh0.sp0,0.000467041475833327,0.00990464198694444,0.0131333906530017,1000
sp3,22,species.catchability.fsh0.sp1,-0.000739311480833335,0.00906386870472222,0.012299399365666,1000
sp3,23,species.catchability.fsh0.sp2,-2.70745397222116e-05,0.0089627246138889,0.0122375422781886,1000
sp3,24,species.catchability.fsh0.sp3,-0.000193234862916676,0.0112183670909722,0.0146397410443324,1000
sp3,25,species.catchability.fsh0.sp5,4.67627805556847e-06,0.00921346859805556,0.0125504192994789,1000
sp3,26,species.catchability.fsh0.sp7,-6.00310734722219e-05,0.0088907602009722,0.0121909595685831,1000
sp3,27,species.catchability.fsh0.sp8,-0.000387707515416657,0.0087932425923611,0.0119827235914642,1000
sp3,28,species.catchability.fsh0.sp9,3.08965027779284e-06,0.0085468916361111,0.0116484736916222,1000
sp3,29,species.catchability.fsh0.sp10,-0.000480692848611098,0.00926556218194445,0.0124235369892668,1000
sp3,30,species.catchability.fsh0.sp13,-0.000200609478611093,0.00893495393194448,0.0122863064169023,1000
sp3,31,species.catchability.fsh0.sp14,-0.00033384993833332,0.00890903400916665,0.0119430682185515,1000
sp3,32,species.catchability.fsh0.sp15,0.000347601934166663,0.00857878555527779,0.0115912453807391,1000
sp3,33,species.catchability.fsh1.sp9,0.000521318684444449,0.00864833430416666,0.011579742576582,1000
sp3,34,species.catchability.fsh1.sp10,-0.000924155737361108,0.00978626799986112,0.0131823242329403,1000
sp3,35,species.catchability.fsh1.sp11,-0.0003326002973611,0.00865294463736108,0.0115763748136436,1000
sp3,36,species.catchability.fsh1.sp12,0.0003427931723611,0.00939311498708334,0.0128642868299524,1000
sp3,37,species.catchability.fsh2.sp0,0.000328100072222217,0.00930639752972221,0.0124177129091917,1000
sp3,38,species.catchability.fsh2.sp5,0.000604663584583343,0.00892314271041668,0.0119898471654524,1000
sp3,39,species.catchability.fsh2.sp7,0.000103659359027782,0.00895715112930558,0.0120131277250475,1000
sp3,40,species.catchability.fsh2.sp8,0.000548891516250009,0.00887917115847223,0.011636295147404,1000
sp3,41,species.catchability.fsh3.sp0,0.000180671559444474,0.00915557468972222,0.0123876897965373,1000
sp3,42,species.catchability.fsh3.sp1,0.000421909098333334,0.00921576333416665,0.0124163361745214,1000
sp3,43,species.catchability.fsh3.sp2,-0.000192526050694454,0.00888427895541667,0.0118371259035343,1000
sp3,44,species.catchability.fsh3.sp3,0.000270426690138886,0.00864631344791665,0.0117095489870535,1000
sp3,45,species.catchability.fsh3.sp5,-0.00017447641749999,0.00855478310166668,0.0114227953505165,1000
sp3,46,species.catchability.fsh3.sp7,-5.45986272222145e-05,0.00875290338222223,0.011974848119647,1000
sp3,47,species.catchability.fsh3.sp8,0.000321093198611128,0.0090976529291667,0.0121231888297415,1000
sp3,48,species.catchability.fsh3.sp9,0.000695246458472219,0.00900440808652778,0.012318407723311,1000
sp3,49,species.catchability.fsh3.sp10,-0.000177718912777783,0.00909702416972223,0.0121465945837262,1000
sp3,50,species.catchability.fsh3.sp11,-0.000580845529444436,0.00912914805249999,0.0124255549215819,1000
sp3,51,species.catchability.fsh3.sp12,-0.000719001736249994,0.00876820779236109,0.0120156232025662,1000
sp3,52,species.catchability.fsh3.sp13,0.000137778768749983,0.00859022036930555,0.0114168683384631,1000
sp3,53,species.catchability.fsh3.sp14,-0.000294374926805558,0.00912480193430556,0.0123645730575703,1000
sp3,54,species.catchability.fsh3.sp15,-0.000242831839444431,0.00899316644722224,0.0119413489155406,1000
sp3,55,species.length2weight.condition.factor.sp0,-0.000211924627638904,0.0100794544306945,0.0136495364493494,1000
sp3,56,species.length2weight.condition.factor.sp1,-0.000298901144305564,0.00918485250958334,0.0123255936118118,1000
sp3,57,species.length2weight.condition.factor.sp2,-0.000165911848472218,0.00880913071013888,0.0119656507137356,1000
sp3,58,species.length2weight.condition.factor.sp3,-0.000204904517222214,0.0530169608208333,0.0586121724099275,1000
sp3,59,species.length2weight.condition.factor.sp4,-0.000378532872083322,0.0105622390018055,0.0138112730998187,1000
sp3,60,species.length2weight.condition.factor.sp5,0.000158139858333327,0.00899721211277779,0.0122993739109421,1000
sp3,61,species.length2weight.condition.factor.sp6,-5.55821680555465e-05,0.00863618981361113,0.0116731680178875,1000
sp3,62,species.length2weight.condition.factor.sp7,-0.000455743877361118,0.00879632779763887,0.0117430862740151,1000
sp3,63,species.length2weight.condition.factor.sp8,-1.42344105555615e-05,0.0087453913361111,0.0118135558072321,1000
sp3,64,species.length2weight.condition.factor.sp9,0.000114194986111133,0.00918654723777777,0.0122446177727114,1000
sp3,65,species.length2weight.condition.factor.sp10,0.000535043006944459,0.00983025092,0.0130341032364358,1000
sp3,66,species.length2weight.condition.factor.sp11,-4.6596791111136e-05,0.0088876653386111,0.0118503398489938,1000
sp3,67,species.length2weight.condition.factor.sp12,-1.16964040277633e-05,0.00907359446291666,0.0122761683557228,1000
sp3,68,species.length2weight.condition.factor.sp13,-0.000378931103055556,0.00880040835916667,0.0117044489386313,1000
sp3,69,species.length2weight.condition.factor.sp14,0.000634787264027778,0.00963331973430555,0.0127362167468991,1000
sp3,70,species.length2weight.condition.factor.sp15,-0.000211938393333344,0.00837739563111112,0.0110755547522113,1000
sp3,71,species.k.sp0,0.00103029290291668,0.0185601231754167,0.0257890246625315,1000
sp3,72,species.k.sp1,0.000327745110972238,0.00944074683708333,0.0125863057864958,1000
sp3,73,species.k.sp2,-0.00131272685736111,0.0113690125120833,0.0150546277684053,1000
sp3,74,species.k.sp3,0.00273999268958334,0.0995511563190278,0.107262909300786,1000
sp3,75,species.k.sp4,0.000884387487083339,0.0272653284351389,0.0307490076383175,1000
sp3,76,species.k.sp5,-0.000916732472638882,0.00959711376847223,0.0127580184545619,1000
sp3,77,species.k.sp6,0.000278533740138881,0.0105757727454167,0.0134111624772437,1000
sp3,78,species.k.sp7,0.000187504963333347,0.00885131861055556,0.0119748489458255,1000
sp3,79,species.k.sp8,4.58715133332983e-05,0.00913149766861112,0.0124893457251803,1000
sp3,80,species.k.sp9,0.000151325162916644,0.00977945399569447,0.0130351943193511,1000
sp3,81,species.k.sp10,9.16204862655546e-06,0.0116548236472068,0.0153605803431517,1000
sp3,82,species.k.sp11,0.000543618220833368,0.00980322066888888,0.0134816522793323,1000
sp3,83,species.k.sp12,-2.99804691666929e-05,0.00915205905638887,0.0124801004728879,1000
sp3,84,species.k.sp13,-0.00135544183152778,0.0237156448151389,0.0308158277524363,1000
sp3,85,species.k.sp14,4.83331362499837e-05,0.0098824222554167,0.0127490289521503,1000
sp3,86,species.k.sp15,3.23884516666597e-05,0.00912115303166667,0.012240529734297,1000
sp3,87,species.l0.sp0,-0.000120422654722249,0.00927938527444447,0.0122102345149864,1000
sp3,88,species.l0.sp1,0.000368738122083348,0.00965829818430554,0.0126864881774935,1000
sp3,89,species.l0.sp2,-1.01592293055782e-05,0.0117884411604167,0.0159995605094401,1000
sp3,90,species.l0.sp3,-0.00041630023458331,0.0435742749020833,0.0484725347384474,1000
sp3,91,species.l0.sp4,-0.000716421860972224,0.0231590694484722,0.0274331991883634,1000
sp3,92,species.l0.sp5,0.000436570266805589,0.00860756511708333,0.01152027177043,1000
sp3,93,species.l0.sp6,-0.000189622961111089,0.00997320808555555,0.0132703656398168,1000
sp3,94,species.l0.sp7,-0.000318993722638883,0.00891477956347223,0.0121351607033503,1000
sp3,95,species.l0.sp8,0.000100941157916628,0.00906157001263889,0.0120026532869438,1000
sp3,96,species.l0.sp9,-3.52201111104344e-07,0.0120835103238889,0.0160166210275512,1000
sp3,97,species.l0.sp10,0.000187315824305553,0.0160501096184722,0.0209768899718996,1000
sp3,98,species.l0.sp11,-0.00103044143027776,0.00955077489527778,0.0127052681413181,1000
sp3,99,species.l0.sp12,0.000320974906388891,0.00877925122666666,0.0116304026077063,1000
sp3,100,species.l0.sp13,-0.000216605389583302,0.0087771855509722,0.0116784846443774,1000
sp3,101,species.l0.sp14,0.00015947186208333,0.00879047147513887,0.0117080478942995,1000
sp3,102,species.l0.sp15,-1.52633162500044e-05,0.00868554365875,0.0114867947662774,1000
sp3,103,mortality.additional.larva.rate.sp0,0.000634077104305558,0.0189130165884722,0.0263349788700033,1000
sp3,104,mortality.additional.larva.rate.sp1,0.000495128322499979,0.0099292277311111,0.0133384782819974,1000
sp3,105,mortality.additional.larva.rate.sp2,-0.000147345315833349,0.0211350440252778,0.0285411156840073,1000
sp3,106,mortality.additional.larva.rate.sp3,0.01413523104875,0.394669239197917,0.406673189235973,1000
sp3,107,mortality.additional.larva.rate.sp4,-5.35757959722353e-05,0.00856347515236111,0.0113795807275554,1000
sp3,108,mortality.additional.larva.rate.sp5,0.000662685011527776,0.00884865909180556,0.0121435487126321,1000
sp3,109,mortality.additional.larva.rate.sp6,5.54326490277644e-05,0.00887234192736112,0.0120584548046262,1000
sp3,110,mortality.additional.larva.rate.sp9,-0.000328871829999999,0.0141287453397222,0.0182088732644674,1000
sp3,111,mortality.additional.larva.rate.sp10,-0.000411698924583343,0.0229402185026389,0.0292303032730528,1000
sp3,112,mortality.additional.larva.rate.sp11,0.000333914335416657,0.00902989664402779,0.0122912060589178,1000
sp3,113,mortality.additional.larva.rate.sp12,0.000367850662083302,0.0110709180079167,0.0145815730076792,1000
sp3,114,mortality.additional.larva.rate.sp13,0.000302308541111097,0.00862575863916666,0.0115292388782381,1000
sp3,115,mortality.additional.larva.rate.sp14,2.60355637500134e-05,0.00907855955902777,0.0122624623649392,1000
sp3,116,mortality.additional.larva.rate.sp15,3.42963541667996e-06,0.00918802798763888,0.0121758423437079,1000
sp3,117,mortality.additional.larva.rate.mean.sp7,0.000188448642083314,0.00887402155402776,0.0117974963429602,1000
sp3,118,mortality.additional.larva.rate.mean.sp8,0.000307058232638899,0.0089187805184722,0.0121221422390599,1000
sp3,119,species.linf.sp0,-0.00158093146361109,0.0205732155358333,0.0286907821208286,1000
sp3,120,species.linf.sp1,0.000736112411805574,0.0130205825779166,0.0165318648789157,1000
sp3,121,species.linf.sp2,-0.000344501557361119,0.0192883587098611,0.0260277120749031,1000
sp3,122,species.linf.sp3,-0.0024995505101389,0.0849161738045833,0.103504137500129,1000
sp3,123,species.linf.sp4,-0.00142705555070988,0.0681234517226235,0.0727093800047159,1000
sp3,124,species.linf.sp5,-0.000102016225694439,0.0183614967870833,0.0275021236505506,1000
sp3,125,species.linf.sp6,0.000790452559166671,0.0123185499947222,0.01526846179645,1000
sp3,126,species.linf.sp7,0.000126519126805522,0.00921593089958332,0.0122701648332336,1000
sp3,127,species.linf.sp8,-0.000137763804305548,0.00973970016736111,0.0128857358153269,1000
sp3,128,species.linf.sp9,-2.25810472220389e-06,0.0141276249119444,0.0188636248209848,1000
sp3,129,species.linf.sp10,0.00116749452847221,0.0296036220093056,0.0370414336331716,1000
sp3,130,species.linf.sp11,0.000518358883194431,0.0119286944690278,0.015403859189257,1000
sp3,131,species.linf.sp12,-0.000211000517777775,0.0111939707152778,0.0145154619107289,1000
sp3,132,species.linf.sp13,0.00106476259847224,0.0121315730481945,0.0160774399833252,1000
sp3,133,species.linf.sp14,-0.000159774744305551,0.0113850158206944,0.0148281887568556,1000
sp3,134,species.linf.sp15,0.000104743290555582,0.00927107947305559,0.0125195288181514,1000
sp3,135,species.accessibility2fish.sp16,-0.000649115250972223,0.00855609408791668,0.011552955289385,1000
sp3,136,species.accessibility2fish.sp17,-0.000320720152083311,0.00881832371875003,0.0118185773687439,1000
sp3,137,species.accessibility2fish.sp18,5.49431273611069e-05,0.00860348976374998,0.0117313348320942,1000
sp3,138,species.accessibility2fish.sp19,0.000169028197916653,0.00884890544902778,0.0121844034738956,1000
sp3,139,species.accessibility2fish.sp20,-0.000359393703472215,0.00896194705291667,0.0119741560516856,1000
sp3,140,species.accessibility2fish.sp21,-0.000118595001388889,0.00965028978861112,0.0130310880550166,1000
sp3,141,species.accessibility2fish.sp22,0.000250839484583345,0.01491819006125,0.0206242130912785,1000
sp3,142,species.accessibility2fish.sp23,6.43690366666584e-05,0.00912803031583336,0.0122891327560704,1000
sp3,143,species.accessibility2fish.sp24,0.00238494827861113,0.0755726904138889,0.0770327167718144,1000
sp3,144,species.accessibility2fish.sp25,0.000287681534583328,0.00908775538513888,0.0124170999114332,1000
sp3,145,species.accessibility2fish.sp26,0.000790763290138898,0.0135461522709722,0.0191758689894398,1000
sp3,146,species.maturity.size.ratio.sp0,0.00111718956319445,0.0182734436373611,0.0262287937962968,1000
sp3,147,species.maturity.size.ratio.sp1,0.000435059779583341,0.00891099133069446,0.0119603845136893,1000
sp3,148,species.maturity.size.ratio.sp2,0.000281218927499991,0.00944018167944443,0.0127269953291462,1000
sp3,149,species.maturity.size.ratio.sp3,0.000937000442777738,0.0152498074341667,0.0202467394276945,1000
sp3,150,species.maturity.size.ratio.sp4,-3.9530065555568e-05,0.0113369340505556,0.0147431112869179,1000
sp3,151,species.maturity.size.ratio.sp5,0.000189245591111113,0.00910402047333332,0.0121959289508714,1000
sp3,152,species.maturity.size.ratio.sp6,0.000180287583194423,0.01107299916625,0.0144869674306866,1000
sp3,153,species.maturity.size.ratio.sp7,-0.000237537852222219,0.0085806101713889,0.0115806242610969,1000
sp3,154,species.maturity.size.ratio.sp8,0.000163250996805548,0.00912095037291671,0.0122555055574516,1000
sp3,155,species.maturity.size.ratio.sp9,0.00010932503555558,0.00894053813138887,0.0122190416270532,1000
sp3,156,species.maturity.size.ratio.sp10,-2.5336677916686e-05,0.0102690427748611,0.0137596017557988,1000
sp3,157,species.maturity.size.ratio.sp11,-0.000131997723472217,0.0109364894498611,0.0146849653343737,1000
sp3,158,species.maturity.size.ratio.sp12,0.000268570871527775,0.00956362255236112,0.0127632954076961,1000
sp3,159,species.maturity.size.ratio.sp13,-0.000861155457361105,0.0435454887845833,0.0525471220593268,1000
sp3,160,species.maturity.size.ratio.sp14,-0.00101962469875,0.00925979291902778,0.0119786143678179,1000
sp3,161,species.maturity.size.ratio.sp15,-0.000338160132916659,0.00905413808152778,0.0121022261124536,1000
sp3,162,predation.predPrey.sizeRatio.teta.sp0.stage1,-0.000342279470555562,0.00853029309027778,0.0116667406507898,1000
sp3,163,predation.predPrey.sizeRatio.alpha.sp0.stage1,0.000304171680555557,0.01152744796,0.0149672124052431,1000
sp3,164,predation.predPrey.sizeRatio.teta.sp1.stage1,0.000442898494305531,0.00910990443708334,0.012356571523153,1000
sp3,165,predation.predPrey.sizeRatio.alpha.sp1.stage1,-0.000308743402916687,0.0138636389781944,0.0174194581699199,1000
sp3,166,predation.predPrey.sizeRatio.teta.sp2.stage1,-0.00010800308361111,0.00912383249361111,0.0124297431994486,1000
sp3,167,predation.predPrey.sizeRatio.alpha.sp2.stage1,-0.000183329249444443,0.0117741879033333,0.0161109303356878,1000
sp3,168,predation.predPrey.sizeRatio.teta.sp3.stage1,-0.00010512957388888,0.0213598550511111,0.0247252252025619,1000
sp3,169,predation.predPrey.sizeRatio.alpha.sp3.stage1,-0.0103543297258333,0.275177862946389,0.281566644749215,1000
sp3,170,predation.predPrey.sizeRatio.teta.sp4.stage1,0.00015776010444443,0.00901868634916666,0.0122051479755727,1000
sp3,171,predation.predPrey.sizeRatio.alpha.sp4.stage1,0.00200390269138887,0.0285727395119445,0.033418188621228,1000
sp3,172,predation.predPrey.sizeRatio.teta.sp5.stage1,0.000186485736111119,0.00906827841694447,0.0123787129457695,1000
sp3,173,predation.predPrey.sizeRatio.teta.sp5.stage2,-0.0020402225715278,0.0206963390365278,0.0314294576495199,1000
sp3,174,predation.predPrey.sizeRatio.alpha.sp5.stage1,-7.08369550000109e-05,0.00890643255055558,0.0119847826142384,1000
sp3,175,predation.predPrey.sizeRatio.alpha.sp5.stage2,-0.000819388791666653,0.0165245534688889,0.0244280230240838,1000
sp3,176,predation.predPrey.sizeRatio.teta.sp6.stage1,-0.000333278976527816,0.0100102729756945,0.0133327241286371,1000
sp3,177,predation.predPrey.sizeRatio.alpha.sp6.stage1,-0.000675046180277777,0.0101621145616667,0.0136366729816727,1000
sp3,178,predation.predPrey.sizeRatio.teta.sp7.stage1,-0.000159896543333337,0.00913941213499998,0.0124913424648257,1000
sp3,179,predation.predPrey.sizeRatio.alpha.sp7.stage1,-4.90306979166389e-05,0.00981305916597219,0.0129527284521075,1000
sp3,180,predation.predPrey.sizeRatio.teta.sp8.stage1,5.20223199999962e-05,0.00909857351861111,0.0121583539606757,1000
sp3,181,predation.predPrey.sizeRatio.alpha.sp8.stage1,0.00012758714694445,0.00921111220166667,0.0125971725904439,1000
sp3,182,predation.predPrey.sizeRatio.teta.sp9.stage1,0.000336460096388886,0.00926219515472222,0.0122442422539144,1000
sp3,183,predation.predPrey.sizeRatio.alpha.sp9.stage1,-0.000415279460555551,0.0109962106119444,0.014452202160957,1000
sp3,184,predation.predPrey.sizeRatio.teta.sp10.stage1,0.000698388762361106,0.00902441584236111,0.0119170324659589,1000
sp3,185,predation.predPrey.sizeRatio.alpha.sp10.stage1,-0.000561891097638885,0.0104851757781944,0.0140373359762438,1000
sp3,186,predation.predPrey.sizeRatio.teta.sp11.stage1,-0.000181660254999988,0.00902856132305558,0.0121927528352521,1000
sp3,187,predation.predPrey.sizeRatio.alpha.sp11.stage1,0.000293314268333335,0.00917701452500003,0.0122525061984641,1000
sp3,188,predation.predPrey.sizeRatio.teta.sp12.stage1,-0.000169832740972213,0.00926230198347221,0.0127574242455596,1000
sp3,189,predation.predPrey.sizeRatio.alpha.sp12.stage1,-0.00120639452791667,0.0134258247190278,0.0174233536246818,1000
sp3,190,predation.predPrey.sizeRatio.teta.sp13.stage1,0.000146305646666681,0.0084184204786111,0.0112378309338519,1000
sp3,191,predation.predPrey.sizeRatio.alpha.sp13.stage1,-0.000360403043194449,0.0124212057559722,0.0163858297403034,1000
sp3,192,predation.predPrey.sizeRatio.teta.sp14.stage1,-0.000307013635833323,0.0090370759013889,0.011996773805772,1000
sp3,193,predation.predPrey.sizeRatio.alpha.sp14.stage1,8.63633419444473e-05,0.00899299001027777,0.0121717352275813,1000
sp3,194,predation.predPrey.sizeRatio.teta.sp15.stage1,-0.000309052670694428,0.00866167734541669,0.0116352815058427,1000
sp3,195,predation.predPrey.sizeRatio.alpha.sp15.stage1,-0.000419852818194461,0.00973988169097221,0.0130591209550209,1000
sp4,1,mortality.additional.rate.sp0,6.83803740277643e-05,0.00140638036291668,0.00200445692233897,1000
sp4,2,mortality.additional.rate.sp1,0.000131917002777785,0.00139259492750001,0.00197786368462425,1000
sp4,3,mortality.additional.rate.sp2,5.49965577777731e-05,0.00170140873972223,0.0024060962672356,1000
sp4,4,mortality.additional.rate.sp3,-7.83925488888839e-05,0.00140495919277776,0.00200083912721547,1000
sp4,5,mortality.additional.rate.sp4,-7.34749341666588e-05,0.00141094910638889,0.00202948587980365,1000
sp4,6,mortality.additional.rate.sp5,5.93080852777694e-05,0.00153330987444446,0.00211345728785258,1000
sp4,7,mortality.additional.rate.sp6,7.45336763888271e-06,0.00135932426680556,0.00194901583066306,1000
sp4,8,mortality.additional.rate.sp7,-4.13600813888801e-05,0.00142040934388889,0.00204923720995499,1000
sp4,9,mortality.additional.rate.sp8,7.10183736111047e-06,0.00142697746041666,0.00203655299606909,1000
sp4,10,mortality.additional.rate.sp9,0.000101438941527766,0.00130899283375,0.00187249461312948,1000
sp4,11,mortality.additional.rate.sp10,8.70904431250123e-05,0.00131659602618056,0.00180603870616563,1000
sp4,12,mortality.additional.rate.sp11,-8.54488979166681e-05,0.00132584737736111,0.00184730553034009,1000
sp4,13,mortality.additional.rate.sp12,-0.000105626342499997,0.00139632760944443,0.00190657913871321,1000
sp4,14,mortality.additional.rate.sp13,0.000114715766666686,0.00140502566361113,0.00198912579174803,1000
sp4,15,mortality.additional.rate.sp14,-8.36244441666693e-05,0.00141185738361111,0.00200686668759984,1000
sp4,16,mortality.additional.rate.sp15,7.61980236111937e-06,0.00135311062930555,0.00190267795282967,1000
sp4,17,fisheries.rate.base.fsh0,-6.78335301388886e-05,0.00212465125152777,0.00286238077292501,1000
sp4,18,fisheries.rate.base.fsh1,0.000116339771527771,0.00137897133208333,0.00191013194202001,1000
sp4,19,fisheries.rate.base.fsh2,-6.74389488888767e-05,0.00138901817055555,0.00199754901651942,1000
sp4,20,fisheries.rate.base.fsh3,1.49827406944383e-05,0.00131526535291667,0.00185494157503719,1000
sp4,21,species.catchability.fsh0.sp0,0.000165011304305559,0.00204889242541666,0.00282417152528403,1000
sp4,22,species.catchability.fsh0.sp1,-4.2810712777784e-05,0.00136587428444443,0.00193741396143292,1000
sp4,23,species.catchability.fsh0.sp2,6.04908500000023e-06,0.00141338473499999,0.00200742505771601,1000
sp4,24,species.catchability.fsh0.sp3,1.03864775000126e-05,0.00147528801388889,0.00208334788799479,1000
sp4,25,species.catchability.fsh0.sp5,1.14596698611222e-05,0.00140530465541668,0.00195767792495688,1000
sp4,26,species.catchability.fsh0.sp7,-0.000104773337083333,0.00136409145541665,0.00194580780339344,1000
sp4,27,species.catchability.fsh0.sp8,-7.89978048611131e-05,0.00133948420763891,0.00188095805972018,1000
sp4,28,species.catchability.fsh0.sp9,3.75972080555379e-05,0.00133166239111111,0.00179604211092025,1000
sp4,29,species.catchability.fsh0.sp10,-3.00328456944368e-05,0.00137607264180556,0.00190269458128306,1000
sp4,30,species.catchability.fsh0.sp13,-9.23721069444299e-05,0.00131133285888889,0.00179713251447586,1000
sp4,31,species.catchability.fsh0.sp14,2.83553618055585e-05,0.00130072926569445,0.00186450618404253,1000
sp4,32,species.catchability.fsh0.sp15,-4.83145279166743e-05,0.00128229566597223,0.00181831709453817,1000
sp4,33,species.catchability.fsh1.sp9,-3.83147294444449e-05,0.00142604792750001,0.00199214073153782,1000
sp4,34,species.catchability.fsh1.sp10,3.40563008333268e-05,0.00134652943833334,0.00189370485482865,1000
sp4,35,species.catchability.fsh1.sp11,-6.38544559722286e-05,0.00135286651013889,0.00181888086033281,1000
sp4,36,species.catchability.fsh1.sp12,2.30465549999935e-05,0.00131244317944446,0.00183128904021452,1000
sp4,37,species.catchability.fsh2.sp0,4.45869481944436e-05,0.00141722981458331,0.00200971307474028,1000
sp4,38,species.catchability.fsh2.sp5,7.59545500000036e-06,0.00134480774750001,0.00191547517352162,1000
sp4,39,species.catchability.fsh2.sp7,-8.40679155555453e-05,0.0013538101713889,0.00189817284507935,1000
sp4,40,species.catchability.fsh2.sp8,-8.45828258333411e-05,0.00139622754444446,0.00195514867847843,1000
sp4,41,species.catchability.fsh3.sp0,3.28456109722205e-05,0.00129517530236111,0.00183098415944216,1000
sp4,42,species.catchability.fsh3.sp1,-5.6971320972203e-05,0.00133226886819445,0.00180474406049786,1000
sp4,43,species.catchability.fsh3.sp2,4.11560955555566e-05,0.00136241953555555,0.00188711921031728,1000
sp4,44,species.catchability.fsh3.sp3,-7.82780094444554e-05,0.00137849169888889,0.00193208393265702,1000
sp4,45,species.catchability.fsh3.sp5,2.67185002777905e-05,0.00142113867777777,0.00198538190450429,1000
sp4,46,species.catchability.fsh3.sp7,5.16491888888885e-05,0.00125824967722222,0.00176347297900069,1000
sp4,47,species.catchability.fsh3.sp8,-6.64774813888734e-05,0.00135503031611111,0.00190087377053477,1000
sp4,48,species.catchability.fsh3.sp9,9.6361385555551e-05,0.00136679801027778,0.00194079619332298,1000
sp4,49,species.catchability.fsh3.sp10,-2.86486734722086e-05,0.00133055262958332,0.00179378714893278,1000
sp4,50,species.catchability.fsh3.sp11,3.12349333333295e-06,0.00140558779083332,0.00199728042891282,1000
sp4,51,species.catchability.fsh3.sp12,4.23430456944473e-05,0.00135220409236111,0.00188271699957692,1000
sp4,52,species.catchability.fsh3.sp13,-1.62928947222318e-05,0.00137862655777777,0.00197598814778302,1000
sp4,53,species.catchability.fsh3.sp14,5.97425694451647e-07,0.00147267352069444,0.00205669763891394,1000
sp4,54,species.catchability.fsh3.sp15,5.85937012499899e-05,0.00134164663791666,0.00190587036120978,1000
sp4,55,species.length2weight.condition.factor.sp0,6.4033313750012e-05,0.00261384092958334,0.00362926418262722,1000
sp4,56,species.length2weight.condition.factor.sp1,-0.000113901680277766,0.00162071409111113,0.00221948904644064,1000
sp4,57,species.length2weight.condition.factor.sp2,-0.000112851881527786,0.00197103524041666,0.00294957628994206,1000
sp4,58,species.length2weight.condition.factor.sp3,2.48149027778888e-06,0.00161148383083333,0.00233961219267426,1000
sp4,59,species.length2weight.condition.factor.sp4,0.000750677969999997,0.00970617541638887,0.0118123866995563,1000
sp4,60,species.length2weight.condition.factor.sp5,0.000124936257638889,0.00136095164625,0.00188184013911338,1000
sp4,61,species.length2weight.condition.factor.sp6,0.00018150079013888,0.00184673752763888,0.00250613027930566,1000
sp4,62,species.length2weight.condition.factor.sp7,-3.47892815277924e-05,0.00137123733347222,0.00195146038914272,1000
sp4,63,species.length2weight.condition.factor.sp8,-3.00813975000041e-05,0.0013485490375,0.00187227929068472,1000
sp4,64,species.length2weight.condition.factor.sp9,-3.59259580555701e-05,0.0014787840725,0.00208149081603233,1000
sp4,65,species.length2weight.condition.factor.sp10,-0.000109216030972243,0.00140490203875,0.00201239563199792,1000
sp4,66,species.length2weight.condition.factor.sp11,1.31875722223718e-06,0.00133856343444444,0.00184258859979586,1000
sp4,67,species.length2weight.condition.factor.sp12,-3.08240790277655e-05,0.00148048944069444,0.00206230543008525,1000
sp4,68,species.length2weight.condition.factor.sp13,1.79599291667321e-06,0.0023172933573611,0.00345092364885919,1000
sp4,69,species.length2weight.condition.factor.sp14,-4.08539765277902e-05,0.00372154163402777,0.00451034204446163,1000
sp4,70,species.length2weight.condition.factor.sp15,1.15163027777931e-06,0.00133917268527777,0.00185402737898046,1000
sp4,71,species.k.sp0,-9.15521726388784e-05,0.00690684371708334,0.00991857008909311,1000
sp4,72,species.k.sp1,6.19603658333355e-05,0.00161521722638888,0.00215437894095824,1000
sp4,73,species.k.sp2,-8.7718668333346e-05,0.00331340035638888,0.00484952087489582,1000
sp4,74,species.k.sp3,-1.76658727777694e-05,0.00207857218916665,0.00284656810802292,1000
sp4,75,species.k.sp4,0.000861496159027793,0.0134358541673611,0.0175863105563495,1000
sp4,76,species.k.sp5,3.94016068055685e-05,0.00154128423263889,0.00210803222936715,1000
sp4,77,species.k.sp6,2.76808204166507e-05,0.00169830404430556,0.00226648908066256,1000
sp4,78,species.k.sp7,0.000143114943611118,0.00143140038805557,0.00204584147039484,1000
sp4,79,species.k.sp8,-4.79833200000083e-05,0.00145635579638889,0.00206388490792317,1000
sp4,80,species.k.sp9,-6.70584162500021e-05,0.00232486766652779,0.00313857324630565,1000
sp4,81,species.k.sp10,9.71876766820845e-05,0.00145226147748456,0.00203497102197273,1000
sp4,82,species.k.sp11,0.000116574455277764,0.0018511262661111,0.00237254897237187,1000
sp4,83,species.k.sp12,-3.79122158333425e-05,0.001377586875,0.00191968207174071,1000
sp4,84,species.k.sp13,-0.00035864164583334,0.00922155805472223,0.0125541073691204,1000
sp4,85,species.k.sp14,-0.000229727453472228,0.00426057364347224,0.00523975236121727,1000
sp4,86,species.k.sp15,2.19719208333373e-05,0.00143811588861111,0.00205742251275912,1000
sp4,87,species.l0.sp0,8.7541485694437e-05,0.00202201652430556,0.00297200978784906,1000
sp4,88,species.l0.sp1,-3.93521576388788e-05,0.00168022558180554,0.0021730451052026,1000
sp4,89,species.l0.sp2,-0.000158957923055543,0.00344061830777776,0.00505466895108463,1000
sp4,90,species.l0.sp3,-7.5897844166667e-05,0.00151063119666667,0.0021473141293917,1000
sp4,91,species.l0.sp4,-0.000221670814166671,0.00905317285055557,0.0126003322284299,1000
sp4,92,species.l0.sp5,-2.9419408472227e-05,0.00133154788569444,0.00185840156729101,1000
sp4,93,species.l0.sp6,-4.72442522222163e-05,0.00147841309194444,0.00197530640600775,1000
sp4,94,species.l0.sp7,-1.43747440277734e-05,0.00138202173763887,0.00195717124102284,1000
sp4,95,species.l0.sp8,3.39539054166884e-05,0.00133922729402776,0.00186859250718394,1000
sp4,96,species.l0.sp9,4.3951318055555e-05,0.0023976688925,0.00331195699143759,1000
sp4,97,species.l0.sp10,3.28963580555397e-05,0.00160126442388889,0.00218544296817374,1000
sp4,98,species.l0.sp11,-4.91582709722109e-05,0.00163722270347221,0.00217672067958331,1000
sp4,99,species.l0.sp12,7.29872072222205e-05,0.00150116736388888,0.00226107707273198,1000
sp4,100,species.l0.sp13,2.69109205555451e-05,0.00138890574083334,0.00196850157740408,1000
sp4,101,species.l0.sp14,2.405737541667e-05,0.00129977312013888,0.00179644004040537,1000
sp4,102,species.l0.sp15,9.14999458334997e-06,0.00140839141430557,0.00203597286102696,1000
sp4,103,mortality.additional.larva.rate.sp0,0.000202710848472232,0.00696797703097223,0.0106011715364526,1000
sp4,104,mortality.additional.larva.rate.sp1,-1.081512833332e-05,0.00239565640222222,0.00328054729018004,1000
sp4,105,mortality.additional.larva.rate.sp2,1.01028511110939e-05,0.0130713278616667,0.0180137646870156,1000
sp4,106,mortality.additional.larva.rate.sp3,0.000244111101111106,0.00391548986499999,0.00556248841453665,1000
sp4,107,mortality.additional.larva.rate.sp4,2.33587550000212e-05,0.00141542306499999,0.00195649262625534,1000
sp4,108,mortality.additional.larva.rate.sp5,9.5648469583328e-05,0.00141765721513889,0.00196900422505553,1000
sp4,109,mortality.additional.larva.rate.sp6,7.59852819445972e-06,0.00135234117958332,0.00185587882055122,1000
sp4,110,mortality.additional.larva.rate.sp9,0.000310896627222213,0.00418481822305554,0.00557522245077848,1000
sp4,111,mortality.additional.larva.rate.sp10,8.91042969444514e-05,0.00182038354944444,0.00250895197949065,1000
sp4,112,mortality.additional.larva.rate.sp11,9.46866452777653e-05,0.00137611699750001,0.0019763381710971,1000
sp4,113,mortality.additional.larva.rate.sp12,8.04692534722223e-05,0.00254673434847222,0.00327213191803814,1000
sp4,114,mortality.additional.larva.rate.sp13,4.12240373611156e-05,0.00136528979125001,0.00199010679723753,1000
sp4,115,mortality.additional.larva.rate.sp14,6.19655993055688e-05,0.00203729307347222,0.00285560268656891,1000
sp4,116,mortality.additional.larva.rate.sp15,1.4996015416667e-05,0.00156042735236112,0.00217258160398166,1000
sp4,117,mortality.additional.larva.rate.mean.sp7,-1.05353645833361e-05,0.00137182982319444,0.00189178977839592,1000
sp4,118,mortality.additional.larva.rate.mean.sp8,5.83043805555635e-05,0.00135850908083333,0.00192221803770233,1000
sp4,119,species.linf.sp0,-0.00090661278750001,0.00795495564888889,0.012053038445452,1000
sp4,120,species.linf.sp1,0.000103559400972219,0.00234029130708335,0.00291288394465865,1000
sp4,121,species.linf.sp2,-0.00021172055722223,0.00964998619472222,0.0140069208466124,1000
sp4,122,species.linf.sp3,0.000283133212638882,0.00425562111236111,0.00615009073070302,1000
sp4,123,species.linf.sp4,-0.000389756755154329,0.0326450807370679,0.0433193014144176,1000
sp4,124,species.linf.sp5,-0.000110515038472221,0.00266535534319444,0.00367484500088334,1000
sp4,125,species.linf.sp6,-8.24720477777854e-05,0.00251990358472222,0.0031354390368542,1000
sp4,126,species.linf.sp7,-2.23756127777999e-05,0.00147047103388889,0.00202897206462582,1000
sp4,127,species.linf.sp8,-8.32444374999897e-06,0.00177555236347222,0.0023721299084966,1000
sp4,128,species.linf.sp9,-4.7112650277785e-05,0.00577694404,0.00718016340595629,1000
sp4,129,species.linf.sp10,6.07022500000853e-06,0.002073652525,0.00288515226832888,1000
sp4,130,species.linf.sp11,-0.000118029714444462,0.00152135129027776,0.0021608431074355,1000
sp4,131,species.linf.sp12,-5.05433415277566e-05,0.00172410468708332,0.00235896045881536,1000
sp4,132,species.linf.sp13,-6.32619944446033e-06,0.00240152636694443,0.00375603557729783,1000
sp4,133,species.linf.sp14,-0.000255701914027786,0.00567931092458333,0.00710193534603767,1000
sp4,134,species.linf.sp15,6.62934523611021e-05,0.00179470089652779,0.00254972933724288,1000
sp4,135,species.accessibility2fish.sp16,4.20392544444385e-05,0.00135233443333334,0.00193639517767204,1000
sp4,136,species.accessibility2fish.sp17,-5.41738263889724e-06,0.0013064298848611,0.00181718551058392,1000
sp4,137,species.accessibility2fish.sp18,3.90278145833191e-05,0.00141237873097222,0.00203660097236384,1000
sp4,138,species.accessibility2fish.sp19,-0.000101456918888893,0.00132933323055555,0.00186284232400085,1000
sp4,139,species.accessibility2fish.sp20,-3.56116736111066e-05,0.0013777915686111,0.00197875912708153,1000
sp4,140,species.accessibility2fish.sp21,2.24923883333427e-05,0.00529143248277777,0.00867593536268121,1000
sp4,141,species.accessibility2fish.sp22,-0.000297851328055563,0.00899649673222221,0.0158170777015509,1000
sp4,142,species.accessibility2fish.sp23,0.00021629089124998,0.0123042380076389,0.0127363741949813,1000
sp4,143,species.accessibility2fish.sp24,0.000152082117638898,0.00407400270763889,0.0048738946857337,1000
sp4,144,species.accessibility2fish.sp25,0.000104848135,0.00139608371388889,0.00197878002786974,1000
sp4,145,species.accessibility2fish.sp26,6.00269444437474e-07,0.00136861954833334,0.00188551337900528,1000
sp4,146,species.maturity.size.ratio.sp0,0.000372783646666678,0.00725101327222221,0.0111615780032938,1000
sp4,147,species.maturity.size.ratio.sp1,7.92610826388847e-05,0.00143465307708332,0.00200079923300055,1000
sp4,148,species.maturity.size.ratio.sp2,4.26633277779454e-06,0.00149874135833333,0.00210503752931443,1000
sp4,149,species.maturity.size.ratio.sp3,-1.93583940277751e-05,0.00137546811402778,0.00193558679645344,1000
sp4,150,species.maturity.size.ratio.sp4,0.000242621807361109,0.0092548683451389,0.010513270191336,1000
sp4,151,species.maturity.size.ratio.sp5,-6.03870876388701e-05,0.00135665065374999,0.00194803150638482,1000
sp4,152,species.maturity.size.ratio.sp6,5.6189580416658e-05,0.00220200932680557,0.00312120400042921,1000
sp4,153,species.maturity.size.ratio.sp7,3.93176243055683e-05,0.00138836414791667,0.00196467507612217,1000
sp4,154,species.maturity.size.ratio.sp8,4.55186180555367e-06,0.00134795531986111,0.00189508362830335,1000
sp4,155,species.maturity.size.ratio.sp9,2.725739722228e-06,0.00141022890944444,0.00194593541819867,1000
sp4,156,species.maturity.size.ratio.sp10,0.000111900627222236,0.00142032602444445,0.00199578277775803,1000
sp4,157,species.maturity.size.ratio.sp11,0.000251951640694443,0.00445501556791667,0.00528861353400035,1000
sp4,158,species.maturity.size.ratio.sp12,2.83526541666943e-05,0.00158630253638889,0.00217119896540745,1000
sp4,159,species.maturity.size.ratio.sp13,-0.000301621253888892,0.0178499832719444,0.0222305517970041,1000
sp4,160,species.maturity.size.ratio.sp14,-0.00022656250361112,0.00255820935611112,0.00324471402733244,1000
sp4,161,species.maturity.size.ratio.sp15,-1.12952116666738e-05,0.00169888124388889,0.00240480166411194,1000
sp4,162,predation.predPrey.sizeRatio.teta.sp0.stage1,4.8333164444432e-05,0.00147028341444447,0.0020047019782276,1000
sp4,163,predation.predPrey.sizeRatio.alpha.sp0.stage1,0.000133788822222228,0.0032870740836111,0.00475183401225787,1000
sp4,164,predation.predPrey.sizeRatio.teta.sp1.stage1,-4.24450833333365e-05,0.00174170044027776,0.00234914713919727,1000
sp4,165,predation.predPrey.sizeRatio.alpha.sp1.stage1,-0.000130732528888909,0.00211146850055557,0.00284035630664072,1000
sp4,166,predation.predPrey.sizeRatio.teta.sp2.stage1,-1.97483183333194e-05,0.00186354743361111,0.00242271991547404,1000
sp4,167,predation.predPrey.sizeRatio.alpha.sp2.stage1,5.20755083333122e-05,0.00269502191194447,0.00428608418246802,1000
sp4,168,predation.predPrey.sizeRatio.teta.sp3.stage1,6.92675238888909e-05,0.00152243939555556,0.00206418858510562,1000
sp4,169,predation.predPrey.sizeRatio.alpha.sp3.stage1,-4.55145133333246e-05,0.00281893731583333,0.00409746557628981,1000
sp4,170,predation.predPrey.sizeRatio.teta.sp4.stage1,-6.78738180555904e-06,0.00407331826902777,0.00482934296364472,1000
sp4,171,predation.predPrey.sizeRatio.alpha.sp4.stage1,0.00156811338250001,0.0258755758897222,0.0341873174537224,1000
sp4,172,predation.predPrey.sizeRatio.teta.sp5.stage1,-3.68474574999974e-05,0.00134758590944444,0.00184377645244318,1000
sp4,173,predation.predPrey.sizeRatio.teta.sp5.stage2,6.48015297222206e-05,0.0016345731325,0.00228239654155623,1000
sp4,174,predation.predPrey.sizeRatio.alpha.sp5.stage1,-1.00838791667879e-06,0.00133318920875001,0.00190689455225347,1000
sp4,175,predation.predPrey.sizeRatio.alpha.sp5.stage2,-1.81119370833308e-05,0.00149241792875,0.00204793369762431,1000
sp4,176,predation.predPrey.sizeRatio.teta.sp6.stage1,-7.00444393055566e-05,0.00173630318263888,0.0022506748111335,1000
sp4,177,predation.predPrey.sizeRatio.alpha.sp6.stage1,-7.45641011111389e-05,0.00145273633555554,0.00202819058942339,1000
sp4,178,predation.predPrey.sizeRatio.teta.sp7.stage1,0.000110917535555572,0.00140809551555557,0.00192170273964792,1000
sp4,179,predation.predPrey.sizeRatio.alpha.sp7.stage1,4.37883677777775e-05,0.00140483159833334,0.00201357805327556,1000
sp4,180,predation.predPrey.sizeRatio.teta.sp8.stage1,-4.26859562499952e-05,0.00150811548902778,0.00206123072611749,1000
sp4,181,predation.predPrey.sizeRatio.alpha.sp8.stage1,-1.57535952777735e-05,0.00202881911555554,0.00256766912096576,1000
sp4,182,predation.predPrey.sizeRatio.teta.sp9.stage1,-6.90354806944429e-05,0.00153787412819445,0.0021132842493638,1000
sp4,183,predation.predPrey.sizeRatio.alpha.sp9.stage1,-0.000127198959027786,0.00393839138291668,0.00526356930708042,1000
sp4,184,predation.predPrey.sizeRatio.teta.sp10.stage1,0.000134892952638897,0.00133502997736112,0.00187902962327403,1000
sp4,185,predation.predPrey.sizeRatio.alpha.sp10.stage1,2.58120109722234e-05,0.00164506875069444,0.00233961497894504,1000
sp4,186,predation.predPrey.sizeRatio.teta.sp11.stage1,-2.40642402778113e-06,0.00138787852097223,0.00194596923346823,1000
sp4,187,predation.predPrey.sizeRatio.alpha.sp11.stage1,0.000102660082777787,0.00144446394555557,0.00200841054832088,1000
sp4,188,predation.predPrey.sizeRatio.teta.sp12.stage1,-0.000108304422916665,0.00145900197041666,0.00203082757439634,1000
sp4,189,predation.predPrey.sizeRatio.alpha.sp12.stage1,6.15216661111037e-05,0.00151798311388889,0.00209297216523381,1000
sp4,190,predation.predPrey.sizeRatio.teta.sp13.stage1,2.27873838889036e-05,0.00149615094999999,0.00216341362177943,1000
sp4,191,predation.predPrey.sizeRatio.alpha.sp13.stage1,0.000190799420972216,0.0034001047723611,0.00540692725791211,1000
sp4,192,predation.predPrey.sizeRatio.teta.sp14.stage1,-0.000161606793055549,0.00185412327527778,0.00247851579892154,1000
sp4,193,predation.predPrey.sizeRatio.alpha.sp14.stage1,3.20139672222046e-05,0.00689416357583332,0.00744286507054052,1000
sp4,194,predation.predPrey.sizeRatio.teta.sp15.stage1,-4.66162749305598e-05,0.001356686778125,0.00190499764917723,1000
sp4,195,predation.predPrey.sizeRatio.alpha.sp15.stage1,-3.66500866666647e-05,0.00157244315666667,0.00223413029247163,1000
sp5,1,mortality.additional.rate.sp0,-3.70524281944677e-05,0.00289633019180555,0.00373180094096277,1000
sp5,2,mortality.additional.rate.sp1,0.000146729620138893,0.00300413394847225,0.00384830523067849,1000
sp5,3,mortality.additional.rate.sp2,5.83925387500273e-05,0.00428571274347225,0.00571208887060347,1000
sp5,4,mortality.additional.rate.sp3,0.000152305745277766,0.00534300629916664,0.00692981444152408,1000
sp5,5,mortality.additional.rate.sp4,-5.86962920833414e-05,0.00295587178347225,0.003747528681173,1000
sp5,6,mortality.additional.rate.sp5,1.3267747500008e-05,0.00387628124916666,0.00491633953155137,1000
sp5,7,mortality.additional.rate.sp6,0.000120761872777782,0.00288990830916665,0.00371824162779978,1000
sp5,8,mortality.additional.rate.sp7,0.00014828464291664,0.00310868527569444,0.00399107574809013,1000
sp5,9,mortality.additional.rate.sp8,-5.7207666249979e-05,0.00305086572291664,0.00399343715856791,1000
sp5,10,mortality.additional.rate.sp9,0.000182097712222223,0.00294402081166666,0.00381583967267351,1000
sp5,11,mortality.additional.rate.sp10,-2.91586341666439e-05,0.00283633624750002,0.00364567130942319,1000
sp5,12,mortality.additional.rate.sp11,-0.000117135393472201,0.00292279994124997,0.00383462565009331,1000
sp5,13,mortality.additional.rate.sp12,-8.03603529166674e-05,0.00298782614763888,0.00381143296005525,1000
sp5,14,mortality.additional.rate.sp13,-3.16730681944393e-05,0.00295972510458333,0.00382747874250284,1000
sp5,15,mortality.additional.rate.sp14,0.000183871441249988,0.00295040999069443,0.0038799515005112,1000
sp5,16,mortality.additional.rate.sp15,-1.29582638888834e-05,0.00292145164694444,0.00372289805055126,1000
sp5,17,fisheries.rate.base.fsh0,0.000204580622361092,0.00527320080874997,0.00700159844962853,1000
sp5,18,fisheries.rate.base.fsh1,0.000341194360694441,0.00528428055847224,0.00661919397856691,1000
sp5,19,fisheries.rate.base.fsh2,-9.7747870694366e-05,0.00310374170458329,0.00397997939054716,1000
sp5,20,fisheries.rate.base.fsh3,4.2051492777792e-05,0.00310559883666663,0.00404564352277866,1000
sp5,21,species.catchability.fsh0.sp0,0.000260882006388874,0.00464239534500002,0.00605575993499631,1000
sp5,22,species.catchability.fsh0.sp1,-1.77260912500175e-05,0.00298347157986114,0.00392835939110224,1000
sp5,23,species.catchability.fsh0.sp2,-0.000338801945416692,0.00311209071152778,0.00400301057225127,1000
sp5,24,species.catchability.fsh0.sp3,0.000509494181388879,0.00810596521000001,0.0104196349717703,1000
sp5,25,species.catchability.fsh0.sp5,-6.01598365277463e-05,0.00320851419875,0.0040857236579786,1000
sp5,26,species.catchability.fsh0.sp7,-0.000204878718333323,0.00311511514027777,0.00403654825485371,1000
sp5,27,species.catchability.fsh0.sp8,-0.00015846811749998,0.00295615060416663,0.00387724995312022,1000
sp5,28,species.catchability.fsh0.sp9,-0.000124378857361124,0.00298905909458334,0.00381491557809863,1000
sp5,29,species.catchability.fsh0.sp10,-1.00590243055445e-05,0.00315869372680558,0.00415770188497639,1000
sp5,30,species.catchability.fsh0.sp13,-0.000255363985138902,0.0028113177759722,0.00375640332689615,1000
sp5,31,species.catchability.fsh0.sp14,-7.0323747083352e-05,0.00287079789791668,0.00368508419208446,1000
sp5,32,species.catchability.fsh0.sp15,0.000100407992222226,0.00309418556805555,0.00402494896535157,1000
sp5,33,species.catchability.fsh1.sp9,-0.000164643363888917,0.00317672822833333,0.00410606580199051,1000
sp5,34,species.catchability.fsh1.sp10,9.68533708332475e-06,0.00329202082319441,0.00428756384514049,1000
sp5,35,species.catchability.fsh1.sp11,4.12203545833074e-05,0.00299164499375002,0.0038961958070302,1000
sp5,36,species.catchability.fsh1.sp12,0.00027216582652778,0.0038987677098611,0.00498746916498214,1000
sp5,37,species.catchability.fsh2.sp0,0.000258292382638888,0.00310288208125,0.00396831142509097,1000
sp5,38,species.catchability.fsh2.sp5,-1.19034319444489e-06,0.00297041523625001,0.00377137730059609,1000
sp5,39,species.catchability.fsh2.sp7,4.94780669444435e-05,0.00277598383611112,0.00362581799752814,1000
sp5,40,species.catchability.fsh2.sp8,-0.000151577023888907,0.00282802627527776,0.00369405406763297,1000
sp5,41,species.catchability.fsh3.sp0,9.3280366666626e-06,0.00304336071277774,0.00392259321241854,1000
sp5,42,species.catchability.fsh3.sp1,-0.000231674594861121,0.00301409812958335,0.00388084845047388,1000
sp5,43,species.catchability.fsh3.sp2,2.62554940277919e-05,0.00295583258930558,0.00376428520675272,1000
sp5,44,species.catchability.fsh3.sp3,-0.000173968393472248,0.00319065428791668,0.00419644853894512,1000
sp5,45,species.catchability.fsh3.sp5,-2.76347905556051e-05,0.00300161476222225,0.00390349377442425,1000
sp5,46,species.catchability.fsh3.sp7,2.09235036111257e-05,0.00290701531555559,0.00371824212580606,1000
sp5,47,species.catchability.fsh3.sp8,4.64018576388892e-05,0.00289597694847225,0.0037681404847048,1000
sp5,48,species.catchability.fsh3.sp9,0.000176549592916666,0.00294242217597222,0.00380426761411773,1000
sp5,49,species.catchability.fsh3.sp10,7.79548738889435e-05,0.00305814291611113,0.00403174004667675,1000
sp5,50,species.catchability.fsh3.sp11,-6.3525651388745e-06,0.00294463486041667,0.00389456819415482,1000
sp5,51,species.catchability.fsh3.sp12,2.5224002222219e-05,0.00303763890499998,0.00395845882350255,1000
sp5,52,species.catchability.fsh3.sp13,0.000120798184305526,0.00280194304736117,0.00364477108011229,1000
sp5,53,species.catchability.fsh3.sp14,3.9796983332967e-06,0.00307932851722223,0.00398238575486953,1000
sp5,54,species.catchability.fsh3.sp15,0.000110356953194409,0.00299287061013888,0.00394694776956266,1000
sp5,55,species.length2weight.condition.factor.sp0,7.50722836111497e-05,0.00634488711694442,0.00849558195435805,1000
sp5,56,species.length2weight.condition.factor.sp1,-2.06559558333226e-05,0.00326499221611115,0.00418702513927211,1000
sp5,57,species.length2weight.condition.factor.sp2,-0.000203687593472216,0.00519908041430557,0.00700412505777696,1000
sp5,58,species.length2weight.condition.factor.sp3,-0.000283638198472231,0.00655479983763889,0.00862194644843515,1000
sp5,59,species.length2weight.condition.factor.sp4,0.000851472378750008,0.0109047326393055,0.0120487250519612,1000
sp5,60,species.length2weight.condition.factor.sp5,0.000319323724999978,0.00304240654472223,0.00392575188332465,1000
sp5,61,species.length2weight.condition.factor.sp6,0.00023735981986112,0.00387195150902774,0.00491533477202719,1000
sp5,62,species.length2weight.condition.factor.sp7,-0.000163839237916684,0.00306591268180559,0.00394306413975388,1000
sp5,63,species.length2weight.condition.factor.sp8,-0.000216870708055574,0.00303529947583332,0.00383243717511448,1000
sp5,64,species.length2weight.condition.factor.sp9,-0.000176662527222208,0.00343798048805554,0.00445471164445552,1000
sp5,65,species.length2weight.condition.factor.sp10,-5.96827301389153e-05,0.00321126812124998,0.00421326558051274,1000
sp5,66,species.length2weight.condition.factor.sp11,6.21376320832949e-05,0.00308535349402782,0.0039825636098604,1000
sp5,67,species.length2weight.condition.factor.sp12,-0.000152402832361123,0.00360756328236114,0.00462678551543919,1000
sp5,68,species.length2weight.condition.factor.sp13,-2.59598636111016e-05,0.00351982878138892,0.00451006183006052,1000
sp5,69,species.length2weight.condition.factor.sp14,-0.000213127616527768,0.00345637472541661,0.00444394973138346,1000
sp5,70,species.length2weight.condition.factor.sp15,-9.61897873611024e-05,0.00304876394958331,0.00392503650880412,1000
sp5,71,species.k.sp0,8.03967499999581e-06,0.0169676273297222,0.0226606977224231,1000
sp5,72,species.k.sp1,6.61934320833284e-05,0.00390732635125,0.00493599909317051,1000
sp5,73,species.k.sp2,-0.000486030124027794,0.0117621355804167,0.0150789349313225,1000
sp5,74,species.k.sp3,-0.000427596174444466,0.0149298320227778,0.0199205769914609,1000
sp5,75,species.k.sp4,0.000648995069722236,0.0176281573902778,0.0191409894119919,1000
sp5,76,species.k.sp5,-3.4629725277765e-05,0.0046039531630556,0.00604448855987204,1000
sp5,77,species.k.sp6,-6.59311819444344e-05,0.00466922431500001,0.00579097117991393,1000
sp5,78,species.k.sp7,1.81113586111268e-05,0.00301683362361109,0.00400099310662067,1000
sp5,79,species.k.sp8,-3.39047206944627e-05,0.00349660653708332,0.00463224303277239,1000
sp5,80,species.k.sp9,-0.000453120184027813,0.00759313466624998,0.00922023389987474,1000
sp5,81,species.k.sp10,-0.000109258806913584,0.00393785228774687,0.00517259309981432,1000
sp5,82,species.k.sp11,0.000488862034305531,0.0037898750565277,0.00485389947060101,1000
sp5,83,species.k.sp12,0.000125430611249991,0.00420371566513886,0.00527468843275409,1000
sp5,84,species.k.sp13,-0.000678849216111102,0.0140007433455556,0.0177752185008781,1000
sp5,85,species.k.sp14,-0.000259606965138875,0.00493481770347221,0.00603596350434839,1000
sp5,86,species.k.sp15,0.000107990107361129,0.00327381238430557,0.00431522914743693,1000
sp5,87,species.l0.sp0,0.000214238539861092,0.00503613171736109,0.00708276599510465,1000
sp5,88,species.l0.sp1,5.47198263889244e-05,0.00361799890277779,0.00458584243241445,1000
sp5,89,species.l0.sp2,-0.000272035744166655,0.0129083624444445,0.016192601006051,1000
sp5,90,species.l0.sp3,0.000225651326250018,0.00632286105986111,0.00836439275827694,1000
sp5,91,species.l0.sp4,-0.000431810042222242,0.0185123974233334,0.0200732041521567,1000
sp5,92,species.l0.sp5,-0.000210037283750023,0.0031181399015278,0.0040969639665507,1000
sp5,93,species.l0.sp6,0.000142162955277812,0.00397763059361109,0.00500574641909131,1000
sp5,94,species.l0.sp7,3.99730819442712e-06,0.00316634743347224,0.00408456552554322,1000
sp5,95,species.l0.sp8,-0.000112456787916689,0.00421264793152779,0.00546699205019452,1000
sp5,96,species.l0.sp9,0.000280450554027772,0.00680010838986115,0.00850396513569642,1000
sp5,97,species.l0.sp10,0.000260905212361095,0.00579523525875,0.00795122598890278,1000
sp5,98,species.l0.sp11,-7.57078097222186e-06,0.00348330009902777,0.00442310670748216,1000
sp5,99,species.l0.sp12,-0.00017870802152777,0.0032301023173611,0.0041650078591457,1000
sp5,100,species.l0.sp13,0.000157424684861128,0.00310807644680557,0.00401479100170527,1000
sp5,101,species.l0.sp14,0.000100204264027786,0.00289037600736113,0.00369955518399421,1000
sp5,102,species.l0.sp15,0.000214781740833311,0.00301705953888887,0.00389753653460722,1000
sp5,103,mortality.additional.larva.rate.sp0,0.000600844589722215,0.0174284846866666,0.0243103055374335,1000
sp5,104,mortality.additional.larva.rate.sp1,-0.000171246588333327,0.00519089258333334,0.0062726395111025,1000
sp5,105,mortality.additional.larva.rate.sp2,0.000948043553333361,0.0406813972502778,0.0480354335364169,1000
sp5,106,mortality.additional.larva.rate.sp3,-0.000772590534722222,0.0353878873561111,0.045695717102508,1000
sp5,107,mortality.additional.larva.rate.sp4,-3.97345336111561e-05,0.00304355283555556,0.00388341822348771,1000
sp5,108,mortality.additional.larva.rate.sp5,0.000224726952916648,0.00316924348902778,0.00412380457087012,1000
sp5,109,mortality.additional.larva.rate.sp6,8.10206181944806e-05,0.00292665406930555,0.00375773735231713,1000
sp5,110,mortality.additional.larva.rate.sp9,0.00104005007263886,0.0123514410259722,0.0145495466857407,1000
sp5,111,mortality.additional.larva.rate.sp10,6.56337830555154e-05,0.00809685657861112,0.0117262647141937,1000
sp5,112,mortality.additional.larva.rate.sp11,-3.64213937499958e-05,0.00310571840152779,0.00405730841528857,1000
sp5,113,mortality.additional.larva.rate.sp12,0.000391034382083297,0.00980857607041668,0.0112585278840984,1000
sp5,114,mortality.additional.larva.rate.sp13,-7.07398008333375e-05,0.00296420161138888,0.00378543987634155,1000
sp5,115,mortality.additional.larva.rate.sp14,0.000419924592500006,0.00327766936777778,0.00421758912088364,1000
sp5,116,mortality.additional.larva.rate.sp15,-4.9250351111104e-05,0.0037415450761111,0.00500595525513894,1000
sp5,117,mortality.additional.larva.rate.mean.sp7,2.159283680556e-05,0.00300394646319445,0.00385334871510197,1000
sp5,118,mortality.additional.larva.rate.mean.sp8,0.000260881738055589,0.00393288872861112,0.00523391496841401,1000
sp5,119,species.linf.sp0,-0.00161492751097221,0.0200728555815278,0.0287941520210454,1000
sp5,120,species.linf.sp1,0.000101209521388879,0.00712892643555558,0.00844348907416225,1000
sp5,121,species.linf.sp2,8.34907665277438e-05,0.0343798625265278,0.0414887553996206,1000
sp5,122,species.linf.sp3,0.00318117205000001,0.0530900710861111,0.066937056575521,1000
sp5,123,species.linf.sp4,-0.00104722225600308,0.0402955647423303,0.0435476708988209,1000
sp5,124,species.linf.sp5,-0.00161207517236113,0.0414199783190278,0.0483720981539887,1000
sp5,125,species.linf.sp6,-8.19157820833214e-05,0.00777209354930559,0.00953871315483852,1000
sp5,126,species.linf.sp7,1.6261413194445e-05,0.00298347374208338,0.00387327964142477,1000
sp5,127,species.linf.sp8,-9.18190019444387e-05,0.00411631413083334,0.00558024268361879,1000
sp5,128,species.linf.sp9,-1.60542647222179e-05,0.0212669403702778,0.02490973156839,1000
sp5,129,species.linf.sp10,-0.000382445454999994,0.00912262632166666,0.0133782632314466,1000
sp5,130,species.linf.sp11,-0.000202201337916658,0.0102848561034723,0.0124855033736314,1000
sp5,131,species.linf.sp12,0.00111388558263889,0.0134995997101389,0.0151759517637626,1000
sp5,132,species.linf.sp13,3.99064652782632e-06,0.00477717903347221,0.00631085902641667,1000
sp5,133,species.linf.sp14,-0.000287617856944451,0.00725739435749999,0.00849660087241584,1000
sp5,134,species.linf.sp15,9.24530259722241e-05,0.0037935115973611,0.00520057224219497,1000
sp5,135,species.accessibility2fish.sp16,0.000114755943750001,0.00298310934541666,0.00391478847916229,1000
sp5,136,species.accessibility2fish.sp17,-3.5508438194443e-05,0.00298225740069441,0.00391856579295314,1000
sp5,137,species.accessibility2fish.sp18,5.56719770833496e-05,0.00303973629069444,0.0039899787524844,1000
sp5,138,species.accessibility2fish.sp19,-0.000101314010972207,0.00344832803097225,0.00444915466005212,1000
sp5,139,species.accessibility2fish.sp20,-2.44761990277875e-05,0.00301810349069443,0.00394263951031181,1000
sp5,140,species.accessibility2fish.sp21,0.000150399565555537,0.00396171236027778,0.00535631775191044,1000
sp5,141,species.accessibility2fish.sp22,-6.20588295833184e-05,0.00738698960319442,0.0110374494387345,1000
sp5,142,species.accessibility2fish.sp23,0.000484544785277789,0.00671060625666665,0.00780366817079332,1000
sp5,143,species.accessibility2fish.sp24,0.000836847259305559,0.0147488136434722,0.0169869677565103,1000
sp5,144,species.accessibility2fish.sp25,-1.2497706666643e-05,0.00291589284583334,0.00380719809085376,1000
sp5,145,species.accessibility2fish.sp26,0.000113343643194429,0.00399247659124998,0.00536521076455651,1000
sp5,146,species.maturity.size.ratio.sp0,0.000228094929027774,0.0183452645823611,0.0271710473713309,1000
sp5,147,species.maturity.size.ratio.sp1,0.000103863030833314,0.00287710125694443,0.00372538665636146,1000
sp5,148,species.maturity.size.ratio.sp2,-4.48260545833361e-05,0.00318607571236109,0.00418794956224691,1000
sp5,149,species.maturity.size.ratio.sp3,0.000108803345000014,0.00340423594000002,0.00439372910268125,1000
sp5,150,species.maturity.size.ratio.sp4,0.00042685394791665,0.0127245219198611,0.0142908152029871,1000
sp5,151,species.maturity.size.ratio.sp5,5.06619711111249e-05,0.0029160677563889,0.00384885593106322,1000
sp5,152,species.maturity.size.ratio.sp6,6.26222877777667e-05,0.00613350966861114,0.00766910459854086,1000
sp5,153,species.maturity.size.ratio.sp7,0.000142659240694474,0.00301227386930555,0.00386436022169984,1000
sp5,154,species.maturity.size.ratio.sp8,1.74850345833537e-05,0.00303317416402777,0.00398634854716435,1000
sp5,155,species.maturity.size.ratio.sp9,-0.000143854282638861,0.00306536814402778,0.00401823671166704,1000
sp5,156,species.maturity.size.ratio.sp10,-0.000190785947916661,0.00385064787624999,0.0052849335399684,1000
sp5,157,species.maturity.size.ratio.sp11,0.000465440642916672,0.00896113129041667,0.0123213920514029,1000
sp5,158,species.maturity.size.ratio.sp12,0.000208570431805592,0.00460175250791667,0.00584202239522371,1000
sp5,159,species.maturity.size.ratio.sp13,-0.00046186381888889,0.0260927859597222,0.0304633461681307,1000
sp5,160,species.maturity.size.ratio.sp14,-3.5264683611149e-05,0.00338812454555558,0.00436107809758464,1000
sp5,161,species.maturity.size.ratio.sp15,0.000111782692777812,0.00376727722777778,0.00530694385682979,1000
sp5,162,predation.predPrey.sizeRatio.teta.sp0.stage1,-1.39060629166363e-05,0.0030939621951389,0.00402105769293616,1000
sp5,163,predation.predPrey.sizeRatio.alpha.sp0.stage1,7.52346038888914e-05,0.00569117653027781,0.00828114523727714,1000
sp5,164,predation.predPrey.sizeRatio.teta.sp1.stage1,-7.84943541666825e-05,0.0030145584,0.00387827425823071,1000
sp5,165,predation.predPrey.sizeRatio.alpha.sp1.stage1,-0.000208521256805549,0.0041513096576389,0.00524510176404067,1000
sp5,166,predation.predPrey.sizeRatio.teta.sp2.stage1,-2.06864563889055e-05,0.00300312180972225,0.00387917273835978,1000
sp5,167,predation.predPrey.sizeRatio.alpha.sp2.stage1,-3.38622102777635e-05,0.00575002140805555,0.00794693690960769,1000
sp5,168,predation.predPrey.sizeRatio.teta.sp3.stage1,5.91139888887371e-06,0.00510710339222222,0.00641875138507118,1000
sp5,169,predation.predPrey.sizeRatio.alpha.sp3.stage1,-0.00121646730916671,0.0613242426183334,0.0738445604368054,1000
sp5,170,predation.predPrey.sizeRatio.teta.sp4.stage1,7.48251515277596e-05,0.00458600263430556,0.0060381202285176,1000
sp5,171,predation.predPrey.sizeRatio.alpha.sp4.stage1,0.00155145133694442,0.0246970803430555,0.027738768845273,1000
sp5,172,predation.predPrey.sizeRatio.teta.sp5.stage1,-0.000291604707916656,0.00287363443402774,0.00373808552046957,1000
sp5,173,predation.predPrey.sizeRatio.teta.sp5.stage2,0.00274787336638888,0.0590350762575,0.0660150713482009,1000
sp5,174,predation.predPrey.sizeRatio.alpha.sp5.stage1,0.000139963068194424,0.00301918697402777,0.00396401600204157,1000
sp5,175,predation.predPrey.sizeRatio.alpha.sp5.stage2,0.000446605396805524,0.0298548538584722,0.0376074499214298,1000
sp5,176,predation.predPrey.sizeRatio.teta.sp6.stage1,3.86879937500026e-05,0.00321067165708334,0.00408608606548727,1000
sp5,177,predation.predPrey.sizeRatio.alpha.sp6.stage1,-3.1927474444428e-05,0.00326528508250001,0.00422071164276441,1000
sp5,178,predation.predPrey.sizeRatio.teta.sp7.stage1,0.00019951905652778,0.00295446776430553,0.00390505880161978,1000
sp5,179,predation.predPrey.sizeRatio.alpha.sp7.stage1,-5.8292725555545e-05,0.00347696146583332,0.0045783433476618,1000
sp5,180,predation.predPrey.sizeRatio.teta.sp8.stage1,3.35546118055548e-05,0.00300399338458334,0.00391573043342462,1000
sp5,181,predation.predPrey.sizeRatio.alpha.sp8.stage1,1.60370563889047e-05,0.00532380145111113,0.00721020823405457,1000
sp5,182,predation.predPrey.sizeRatio.teta.sp9.stage1,-5.89736106944236e-05,0.00364921673180554,0.004702890508191,1000
sp5,183,predation.predPrey.sizeRatio.alpha.sp9.stage1,-0.000102405066944423,0.00954671496527776,0.012351333698074,1000
sp5,184,predation.predPrey.sizeRatio.teta.sp10.stage1,-0.000157700848472217,0.00329795439847224,0.00421129192854677,1000
sp5,185,predation.predPrey.sizeRatio.alpha.sp10.stage1,0.000340103760694495,0.00606052668958331,0.00835079061408378,1000
sp5,186,predation.predPrey.sizeRatio.teta.sp11.stage1,-0.00016133041166667,0.00296293553694447,0.00381996676904101,1000
sp5,187,predation.predPrey.sizeRatio.alpha.sp11.stage1,0.00012032554041666,0.00355424112847219,0.00454589284722636,1000
sp5,188,predation.predPrey.sizeRatio.teta.sp12.stage1,7.21210933333392e-05,0.00333457265166664,0.00435216101293062,1000
sp5,189,predation.predPrey.sizeRatio.alpha.sp12.stage1,-0.000153381303055554,0.005506291665,0.00678305320873765,1000
sp5,190,predation.predPrey.sizeRatio.teta.sp13.stage1,-0.000131062564305564,0.00310797929069445,0.0039989329623622,1000
sp5,191,predation.predPrey.sizeRatio.alpha.sp13.stage1,0.000256128443472188,0.00688250801486113,0.00877130277222635,1000
sp5,192,predation.predPrey.sizeRatio.teta.sp14.stage1,-0.000179906440972198,0.00310855374180558,0.00403292926082405,1000
sp5,193,predation.predPrey.sizeRatio.alpha.sp14.stage1,6.64042195833188e-05,0.00791944591180557,0.00910041938463279,1000
sp5,194,predation.predPrey.sizeRatio.teta.sp15.stage1,-0.000155066376111102,0.00301100247388889,0.00381565392484854,1000
sp5,195,predation.predPrey.sizeRatio.alpha.sp15.stage1,-6.12530343055193e-05,0.00337805073763892,0.00440961955126823,1000
sp6,1,mortality.additional.rate.sp0,2.07550943055579e-05,0.00103495625430556,0.001316788615332,1000
sp6,2,mortality.additional.rate.sp1,-6.79002887500009e-05,0.00105543613291667,0.00137447743621134,1000
sp6,3,mortality.additional.rate.sp2,-8.71207341666634e-05,0.00162000872833335,0.00201990372885572,1000
sp6,4,mortality.additional.rate.sp3,6.35199074999995e-05,0.00116740854805555,0.00150818118079242,1000
sp6,5,mortality.additional.rate.sp4,-1.44809388888869e-05,0.00100841554333332,0.00130998362722013,1000
sp6,6,mortality.additional.rate.sp5,-5.77015901388864e-05,0.00115905105263886,0.00150233118174388,1000
sp6,7,mortality.additional.rate.sp6,-2.88198030555539e-05,0.00102141405138889,0.00131151363278983,1000
sp6,8,mortality.additional.rate.sp7,-2.67667672222309e-05,0.001150504355,0.00147277662910476,1000
sp6,9,mortality.additional.rate.sp8,-4.48702099999989e-05,0.00100351460805554,0.00130364440509689,1000
sp6,10,mortality.additional.rate.sp9,-3.19428277778799e-06,0.00102294792250001,0.00132478447209423,1000
sp6,11,mortality.additional.rate.sp10,6.53331554166735e-05,0.00105158730541668,0.00133981159902582,1000
sp6,12,mortality.additional.rate.sp11,3.78354831944424e-05,0.00104818723430554,0.00139576187539815,1000
sp6,13,mortality.additional.rate.sp12,1.01644520833312e-05,0.000998537480694433,0.00127768005713399,1000
sp6,14,mortality.additional.rate.sp13,5.492651791668e-05,0.00101913774569444,0.00129552723109291,1000
sp6,15,mortality.additional.rate.sp14,-3.50112301388933e-05,0.00102582547375,0.0012955008150078,1000
sp6,16,mortality.additional.rate.sp15,8.68523036111237e-05,0.00102552455055556,0.00132001422400082,1000
sp6,17,fisheries.rate.base.fsh0,5.12470748611066e-05,0.00140348624013889,0.00179711026716131,1000
sp6,18,fisheries.rate.base.fsh1,2.5614672222229e-05,0.00115977298694445,0.00147248295634526,1000
sp6,19,fisheries.rate.base.fsh2,-5.07125675000121e-05,0.00102592415527778,0.00130507303323663,1000
sp6,20,fisheries.rate.base.fsh3,-6.76939958330847e-06,0.00104180645236113,0.00133776959519762,1000
sp6,21,species.catchability.fsh0.sp0,-4.24398819444393e-05,0.00116520008694447,0.00155649878928558,1000
sp6,22,species.catchability.fsh0.sp1,-1.87417893055698e-05,0.00108822271541666,0.00142047249748727,1000
sp6,23,species.catchability.fsh0.sp2,3.4164432361104e-05,0.0010973378723611,0.00145041299188046,1000
sp6,24,species.catchability.fsh0.sp3,-0.000103377044166668,0.0012838938213889,0.00171274733946209,1000
sp6,25,species.catchability.fsh0.sp5,-4.45558147222248e-05,0.00103288485222224,0.00130925438604524,1000
sp6,26,species.catchability.fsh0.sp7,8.8192377777756e-06,0.00102840385277778,0.00132049500563323,1000
sp6,27,species.catchability.fsh0.sp8,-4.88241551388863e-05,0.00102409466930555,0.00130839879021822,1000
sp6,28,species.catchability.fsh0.sp9,-0.000122191393333332,0.0010464437375,0.0013276416378014,1000
sp6,29,species.catchability.fsh0.sp10,-5.21403711111014e-05,0.0010693403408333,0.00138203297988929,1000
sp6,30,species.catchability.fsh0.sp13,-1.47849984722466e-05,0.00101179864430555,0.00129717077582781,1000
sp6,31,species.catchability.fsh0.sp14,-3.71868223610989e-05,0.00105836621819445,0.00135285355023653,1000
sp6,32,species.catchability.fsh0.sp15,1.04537475000219e-05,0.0010533779588889,0.00133430207133458,1000
sp6,33,species.catchability.fsh1.sp9,5.48287483333342e-05,0.00108666238138888,0.00137213256388292,1000
sp6,34,species.catchability.fsh1.sp10,4.26483895833304e-05,0.0010627271501389,0.00136814469398421,1000
sp6,35,species.catchability.fsh1.sp11,-1.77530888888211e-06,0.00105938702138889,0.00139891666443368,1000
sp6,36,species.catchability.fsh1.sp12,2.18115916666757e-05,0.00106473887333332,0.00137018046968754,1000
sp6,37,species.catchability.fsh2.sp0,-1.19007097222159e-05,0.00102539733333334,0.00132905132931494,1000
sp6,38,species.catchability.fsh2.sp5,-1.11505275000064e-05,0.00102282205277778,0.00135398011543388,1000
sp6,39,species.catchability.fsh2.sp7,-1.05138327777849e-05,0.000975401301388873,0.0012659705831374,1000
sp6,40,species.catchability.fsh2.sp8,-7.38503218055616e-05,0.00101033810791667,0.00130875355482079,1000
sp6,41,species.catchability.fsh3.sp0,-1.78330181944448e-05,0.000971041132638894,0.00127873061042793,1000
sp6,42,species.catchability.fsh3.sp1,6.71614037500002e-05,0.00100073559152776,0.00128625804111758,1000
sp6,43,species.catchability.fsh3.sp2,3.01695877777921e-05,0.000978396533333344,0.0012552931829414,1000
sp6,44,species.catchability.fsh3.sp3,2.85680043055446e-05,0.00104585214125,0.0013347798275969,1000
sp6,45,species.catchability.fsh3.sp5,-9.87884722222061e-05,0.00100229754916667,0.00130351236304315,1000
sp6,46,species.catchability.fsh3.sp7,2.48968241666586e-05,0.00102349004333333,0.00131203776235206,1000
sp6,47,species.catchability.fsh3.sp8,2.15595770833339e-05,0.00102244270236109,0.00132815148613942,1000
sp6,48,species.catchability.fsh3.sp9,-5.11941597221177e-06,0.00102401912180555,0.00132301187406168,1000
sp6,49,species.catchability.fsh3.sp10,1.26932011111118e-05,0.00101125017000001,0.0012897756429967,1000
sp6,50,species.catchability.fsh3.sp11,1.95894387499828e-05,0.00101520525458333,0.00128749229150155,1000
sp6,51,species.catchability.fsh3.sp12,-1.53596119444304e-05,0.000985807686111084,0.00128289567613951,1000
sp6,52,species.catchability.fsh3.sp13,2.80616719444289e-05,0.000990359768611111,0.00128572938975318,1000
sp6,53,species.catchability.fsh3.sp14,7.61528794444459e-05,0.0010444005561111,0.0013300317798314,1000
sp6,54,species.catchability.fsh3.sp15,4.83849061111171e-05,0.00104687873694443,0.00138047516269588,1000
sp6,55,species.length2weight.condition.factor.sp0,6.26246911111147e-05,0.00132094488944445,0.00172366106186749,1000
sp6,56,species.length2weight.condition.factor.sp1,8.41337126388842e-05,0.00151479130541667,0.00188591538114475,1000
sp6,57,species.length2weight.condition.factor.sp2,0.000112167601388895,0.00207862907000001,0.00268542586704797,1000
sp6,58,species.length2weight.condition.factor.sp3,-1.64036016666735e-05,0.00158879272416667,0.00208803594054358,1000
sp6,59,species.length2weight.condition.factor.sp4,-0.000136566108194441,0.00255799944458334,0.00305054377517105,1000
sp6,60,species.length2weight.condition.factor.sp5,-7.73643519444375e-05,0.00101013159333332,0.00129449606031853,1000
sp6,61,species.length2weight.condition.factor.sp6,-0.000187822152777774,0.00376504689361111,0.00417456753563589,1000
sp6,62,species.length2weight.condition.factor.sp7,9.29418670833357e-05,0.00105361618152776,0.00134888831896048,1000
sp6,63,species.length2weight.condition.factor.sp8,-4.41893861111082e-05,0.00106171365416667,0.00134715150647716,1000
sp6,64,species.length2weight.condition.factor.sp9,3.29810736110714e-06,0.00108120750986112,0.00137503069146986,1000
sp6,65,species.length2weight.condition.factor.sp10,-5.43855608333511e-05,0.00105528270750002,0.00137993871109422,1000
sp6,66,species.length2weight.condition.factor.sp11,-2.26904659722218e-05,0.00100966899347221,0.00133694579168251,1000
sp6,67,species.length2weight.condition.factor.sp12,-1.30981666666743e-05,0.000982322271388871,0.00126930013367422,1000
sp6,68,species.length2weight.condition.factor.sp13,1.68331712500103e-05,0.00108899104708334,0.00138257797397853,1000
sp6,69,species.length2weight.condition.factor.sp14,-6.51639722222219e-06,0.00141513398444444,0.0017646514274808,1000
sp6,70,species.length2weight.condition.factor.sp15,1.63179284722242e-05,0.00103124413875001,0.00136423843471546,1000
sp6,71,species.k.sp0,7.07888961111192e-05,0.00243849732777778,0.00342080933860507,1000
sp6,72,species.k.sp1,-0.000106627249166654,0.0019685951638889,0.00251069053555685,1000
sp6,73,species.k.sp2,-1.37319320833302e-05,0.00446899131875001,0.00550341853166345,1000
sp6,74,species.k.sp3,0.00018187330875,0.00253923540208333,0.00346296627888026,1000
sp6,75,species.k.sp4,-6.4200017777762e-05,0.0018654604986111,0.00240647674456563,1000
sp6,76,species.k.sp5,6.75258888888869e-05,0.0010826060661111,0.00136299086582035,1000
sp6,77,species.k.sp6,0.000108162307361097,0.00410830555236111,0.00510296910253089,1000
sp6,78,species.k.sp7,8.77202423611125e-05,0.00104261346874999,0.00135348234761593,1000
sp6,79,species.k.sp8,2.06155541667263e-06,0.00114473566958334,0.00144598492790072,1000
sp6,80,species.k.sp9,-1.83328823611079e-05,0.00126899738680556,0.00164584818770113,1000
sp6,81,species.k.sp10,-4.22974991357904e-05,0.00116128359364198,0.00147951918832471,1000
sp6,82,species.k.sp11,-0.000100112807083323,0.00101861191347223,0.00130764947708489,1000
sp6,83,species.k.sp12,1.93966111109334e-07,0.0011116813263889,0.00139813923893094,1000
sp6,84,species.k.sp13,-7.48079791665302e-06,0.00183239489125001,0.00247765133035214,1000
sp6,85,species.k.sp14,-7.15531930556967e-06,0.00267064898430555,0.00339390088870142,1000
sp6,86,species.k.sp15,-3.1128292222221e-05,0.00109955221055557,0.00139731937716357,1000
sp6,87,species.l0.sp0,2.81901744444461e-05,0.00117945951472221,0.0015562841682823,1000
sp6,88,species.l0.sp1,-4.61606901388829e-05,0.00352070355875,0.00414569467316564,1000
sp6,89,species.l0.sp2,2.90106104166661e-05,0.0047227309976389,0.00579750233501495,1000
sp6,90,species.l0.sp3,-2.47509665277955e-05,0.0014292428548611,0.00187075364640272,1000
sp6,91,species.l0.sp4,1.60099955555527e-05,0.00222327373916667,0.00283493139343521,1000
sp6,92,species.l0.sp5,-2.26533669444434e-05,0.000995346446111114,0.00127487010022928,1000
sp6,93,species.l0.sp6,0.000109953869861132,0.00272298894097223,0.00361561188515644,1000
sp6,94,species.l0.sp7,2.64955356944377e-05,0.00129025043291667,0.00165433250450055,1000
sp6,95,species.l0.sp8,-1.29051650000037e-05,0.00111727273777776,0.00144770066705577,1000
sp6,96,species.l0.sp9,-6.67471563888704e-05,0.00128720637305556,0.00163113057855169,1000
sp6,97,species.l0.sp10,-3.55232694444485e-06,0.00139350101916667,0.00177783055560476,1000
sp6,98,species.l0.sp11,7.94676720833203e-05,0.00103564267430556,0.00131866029635337,1000
sp6,99,species.l0.sp12,-2.29529766666859e-05,0.00104008325750002,0.00134266190588535,1000
sp6,100,species.l0.sp13,-2.85503963888907e-05,0.000992135159166673,0.00127774434471789,1000
sp6,101,species.l0.sp14,-2.23304569445337e-06,0.00102594807680555,0.00130081595295818,1000
sp6,102,species.l0.sp15,3.94315541665835e-06,0.00103218327236111,0.00131780384362897,1000
sp6,103,mortality.additional.larva.rate.sp0,-0.000209521807638887,0.00229118008097221,0.0033972778721567,1000
sp6,104,mortality.additional.larva.rate.sp1,4.58449026388872e-05,0.00361634293708333,0.00408042842725734,1000
sp6,105,mortality.additional.larva.rate.sp2,-0.000407726868888879,0.0172180672786111,0.0198743841624101,1000
sp6,106,mortality.additional.larva.rate.sp3,-1.19471916666765e-05,0.00612447048305555,0.00874004667557301,1000
sp6,107,mortality.additional.larva.rate.sp4,2.77270913888855e-05,0.00105501195527779,0.00137774089055103,1000
sp6,108,mortality.additional.larva.rate.sp5,7.22097249998599e-06,0.000997768640555569,0.00128883505849269,1000
sp6,109,mortality.additional.larva.rate.sp6,-5.58525129166618e-05,0.00130543790513889,0.00166465651664976,1000
sp6,110,mortality.additional.larva.rate.sp9,3.27615069444535e-05,0.00167557950194444,0.00207579037182803,1000
sp6,111,mortality.additional.larva.rate.sp10,3.93164090277762e-05,0.00182681259736111,0.00234982703812772,1000
sp6,112,mortality.additional.larva.rate.sp11,-4.72281638888994e-06,0.000995365099166685,0.00131401023330857,1000
sp6,113,mortality.additional.larva.rate.sp12,-7.83681286111078e-05,0.00112976259472222,0.0014471035602597,1000
sp6,114,mortality.additional.larva.rate.sp13,-1.70880383333262e-05,0.0010604426097222,0.00135167140162848,1000
sp6,115,mortality.additional.larva.rate.sp14,-6.16999356944312e-05,0.00194940911569444,0.00231856379718275,1000
sp6,116,mortality.additional.larva.rate.sp15,7.68884491666502e-05,0.00110213490138892,0.00143229035129701,1000
sp6,117,mortality.additional.larva.rate.mean.sp7,6.75816526389094e-05,0.00103828287013889,0.00131662013074698,1000
sp6,118,mortality.additional.larva.rate.mean.sp8,-8.34636152776314e-06,0.00110485813763887,0.00140769826208285,1000
sp6,119,species.linf.sp0,0.000133386945416673,0.00282444088791666,0.00415485381223293,1000
sp6,120,species.linf.sp1,0.000237939181666672,0.00350819618916668,0.00447583141317601,1000
sp6,121,species.linf.sp2,-0.000279215323333332,0.0132844901875,0.0159566282983197,1000
sp6,122,species.linf.sp3,-0.000296775813055569,0.00605728417972222,0.00837079443447753,1000
sp6,123,species.linf.sp4,4.40060280247053e-05,0.00335218339858024,0.00436377493537883,1000
sp6,124,species.linf.sp5,-5.21000861111092e-05,0.00168050911388888,0.00224299448650498,1000
sp6,125,species.linf.sp6,-0.000316051218194447,0.0327066163209722,0.0335754499424279,1000
sp6,126,species.linf.sp7,5.80129248611067e-05,0.00149201335013889,0.00188966395660124,1000
sp6,127,species.linf.sp8,-8.29935409722136e-05,0.00186677611458334,0.002387319692541,1000
sp6,128,species.linf.sp9,9.3671964166649e-05,0.00246945689472223,0.00312212064704559,1000
sp6,129,species.linf.sp10,5.05407359722101e-05,0.00226815501402777,0.00297933414341457,1000
sp6,130,species.linf.sp11,-4.82875069443645e-06,0.00106334949291666,0.00135340007947266,1000
sp6,131,species.linf.sp12,5.89908180555332e-06,0.00148098701430556,0.00188799732569313,1000
sp6,132,species.linf.sp13,2.45854175000059e-05,0.00147499062083333,0.00188811806525039,1000
sp6,133,species.linf.sp14,5.27379056944486e-05,0.00376272124569444,0.00457753547927111,1000
sp6,134,species.linf.sp15,-3.20501037499958e-05,0.00127590715486111,0.00163543252007043,1000
sp6,135,species.accessibility2fish.sp16,3.53991458333282e-05,0.00102272491027778,0.0013122791569166,1000
sp6,136,species.accessibility2fish.sp17,-2.56571155555637e-05,0.00105844626222221,0.00136195933740001,1000
sp6,137,species.accessibility2fish.sp18,-1.61487268055606e-05,0.00103211096041668,0.00132671250949945,1000
sp6,138,species.accessibility2fish.sp19,-4.57287415277907e-05,0.00112194541569445,0.00142526232689827,1000
sp6,139,species.accessibility2fish.sp20,-6.74654458333157e-06,0.0010145126123611,0.00131661148428392,1000
sp6,140,species.accessibility2fish.sp21,-2.7107932638887e-05,0.00112702184486112,0.00151471490467441,1000
sp6,141,species.accessibility2fish.sp22,-0.000825739298611122,0.0226151123547222,0.0421861531910295,1000
sp6,142,species.accessibility2fish.sp23,0.00345251231597221,0.0820739389079167,0.0821319576358415,1000
sp6,143,species.accessibility2fish.sp24,4.83151977777787e-05,0.00512634426694444,0.00550558499833114,1000
sp6,144,species.accessibility2fish.sp25,3.68527434722226e-05,0.000998915130694433,0.00130176313699456,1000
sp6,145,species.accessibility2fish.sp26,-1.62828166665341e-06,0.00103594456972221,0.00133052161307716,1000
sp6,146,species.maturity.size.ratio.sp0,-5.6255383333347e-05,0.00239832250583332,0.00362708319265489,1000
sp6,147,species.maturity.size.ratio.sp1,-2.51564152777748e-05,0.00110481660138889,0.00141741381051441,1000
sp6,148,species.maturity.size.ratio.sp2,2.97140268055524e-05,0.00136105506541666,0.00180067184355869,1000
sp6,149,species.maturity.size.ratio.sp3,-2.08769069443526e-06,0.00124496545152778,0.00167551106910282,1000
sp6,150,species.maturity.size.ratio.sp4,-3.36777388890908e-06,0.00266866873388886,0.00309874083357329,1000
sp6,151,species.maturity.size.ratio.sp5,-2.58218683333069e-05,0.00102926571416669,0.00133576429029379,1000
sp6,152,species.maturity.size.ratio.sp6,0.000178735449861127,0.00789614179375001,0.00896420931373227,1000
sp6,153,species.maturity.size.ratio.sp7,-4.09160937500244e-05,0.00105039985263888,0.00132944342703918,1000
sp6,154,species.maturity.size.ratio.sp8,-5.06063609722309e-05,0.00104744941680555,0.00136091058661294,1000
sp6,155,species.maturity.size.ratio.sp9,1.08668000000032e-05,0.000999930423333331,0.00129134976932031,1000
sp6,156,species.maturity.size.ratio.sp10,4.92295513888597e-06,0.00115047707347222,0.00149564622523351,1000
sp6,157,species.maturity.size.ratio.sp11,-5.11498652777698e-05,0.00112614410416664,0.00144058697470664,1000
sp6,158,species.maturity.size.ratio.sp12,5.33499166666818e-06,0.00105740899444445,0.00135879208295613,1000
sp6,159,species.maturity.size.ratio.sp13,-1.74471354166622e-05,0.00232211792069445,0.00308707406725732,1000
sp6,160,species.maturity.size.ratio.sp14,-5.2652475555547e-05,0.00139959782861112,0.00176036210080595,1000
sp6,161,species.maturity.size.ratio.sp15,2.93594291666841e-05,0.00109608983944444,0.00139323290347367,1000
sp6,162,predation.predPrey.sizeRatio.teta.sp0.stage1,2.04871119444523e-05,0.00108652666111111,0.00139186384777954,1000
sp6,163,predation.predPrey.sizeRatio.alpha.sp0.stage1,-5.51833693055548e-05,0.00160865907125002,0.00223938855207668,1000
sp6,164,predation.predPrey.sizeRatio.teta.sp1.stage1,0.000313562092083314,0.00571276892569444,0.00624692141870487,1000
sp6,165,predation.predPrey.sizeRatio.alpha.sp1.stage1,-0.000209432584861118,0.00388252668513891,0.00446622280144877,1000
sp6,166,predation.predPrey.sizeRatio.teta.sp2.stage1,8.6623137222226e-05,0.00177785874777778,0.00228950069180172,1000
sp6,167,predation.predPrey.sizeRatio.alpha.sp2.stage1,2.79534013887062e-06,0.00220936599236111,0.00306160319662423,1000
sp6,168,predation.predPrey.sizeRatio.teta.sp3.stage1,-3.31646816666712e-05,0.00118778527972222,0.00157041034601169,1000
sp6,169,predation.predPrey.sizeRatio.alpha.sp3.stage1,0.000141729792361111,0.00435762887291666,0.00653480396540958,1000
sp6,170,predation.predPrey.sizeRatio.teta.sp4.stage1,4.88916050000068e-05,0.00353230618805555,0.00398766752539191,1000
sp6,171,predation.predPrey.sizeRatio.alpha.sp4.stage1,0.000224455311111105,0.0028101592963889,0.00350250829607899,1000
sp6,172,predation.predPrey.sizeRatio.teta.sp5.stage1,-4.60721974999984e-05,0.00102525564166669,0.00136175376413396,1000
sp6,173,predation.predPrey.sizeRatio.teta.sp5.stage2,-4.38103477777947e-05,0.00155291237305555,0.00197926625164757,1000
sp6,174,predation.predPrey.sizeRatio.alpha.sp5.stage1,1.6866306527777e-05,0.00102416668180554,0.00133472515697601,1000
sp6,175,predation.predPrey.sizeRatio.alpha.sp5.stage2,-5.00308161111037e-05,0.00135263901694444,0.00174964308579201,1000
sp6,176,predation.predPrey.sizeRatio.teta.sp6.stage1,-0.000520083318611103,0.0151347764380556,0.0154592692654454,1000
sp6,177,predation.predPrey.sizeRatio.alpha.sp6.stage1,-0.00078397189499999,0.0475287452227778,0.0479303241015746,1000
sp6,178,predation.predPrey.sizeRatio.teta.sp7.stage1,-8.0845292500005e-05,0.00157321863027777,0.00192074536467971,1000
sp6,179,predation.predPrey.sizeRatio.alpha.sp7.stage1,2.71058948611186e-05,0.00158199254208334,0.00199440924866669,1000
sp6,180,predation.predPrey.sizeRatio.teta.sp8.stage1,1.58561676389021e-05,0.00160613562569444,0.00194339880740228,1000
sp6,181,predation.predPrey.sizeRatio.alpha.sp8.stage1,2.97519444444427e-05,0.00491502581888888,0.00554564904087116,1000
sp6,182,predation.predPrey.sizeRatio.teta.sp9.stage1,-5.53154738889088e-05,0.00107602047583334,0.00139685283613145,1000
sp6,183,predation.predPrey.sizeRatio.alpha.sp9.stage1,-6.62796166666662e-05,0.00207897672111111,0.0026334265117273,1000
sp6,184,predation.predPrey.sizeRatio.teta.sp10.stage1,-4.73826081944604e-05,0.00102987607236112,0.00131720405457516,1000
sp6,185,predation.predPrey.sizeRatio.alpha.sp10.stage1,2.4476453749992e-05,0.00130884453680556,0.00171805917113071,1000
sp6,186,predation.predPrey.sizeRatio.teta.sp11.stage1,-3.12099559722322e-05,0.000991817908472223,0.00126343704059644,1000
sp6,187,predation.predPrey.sizeRatio.alpha.sp11.stage1,-4.5941915833322e-05,0.00105549235361112,0.00137898879585096,1000
sp6,188,predation.predPrey.sizeRatio.teta.sp12.stage1,5.02022723611039e-05,0.00109951011819443,0.0014016497325375,1000
sp6,189,predation.predPrey.sizeRatio.alpha.sp12.stage1,2.89288076388897e-05,0.00117164773736111,0.00151936734113148,1000
sp6,190,predation.predPrey.sizeRatio.teta.sp13.stage1,-1.79778297221989e-05,0.00106490758694444,0.00137252223326109,1000
sp6,191,predation.predPrey.sizeRatio.alpha.sp13.stage1,0.00012194056388888,0.00138129210722222,0.00179830994372678,1000
sp6,192,predation.predPrey.sizeRatio.teta.sp14.stage1,4.83086041666591e-05,0.00155658620444444,0.00192777621811301,1000
sp6,193,predation.predPrey.sizeRatio.alpha.sp14.stage1,-3.16257044444575e-05,0.00225256455666669,0.00276526682485458,1000
sp6,194,predation.predPrey.sizeRatio.teta.sp15.stage1,1.14658395833195e-05,0.00100024200013888,0.00131515538464546,1000
sp6,195,predation.predPrey.sizeRatio.alpha.sp15.stage1,4.54027797222082e-05,0.00116640395861111,0.00151105232946875,1000
sp7,1,mortality.additional.rate.sp0,0.000167255872777773,0.00293685081277779,0.00380405280638502,1000
sp7,2,mortality.additional.rate.sp1,7.73379444444262e-05,0.00303831793222222,0.00396450441541852,1000
sp7,3,mortality.additional.rate.sp2,-0.000133693525972223,0.00367182484569445,0.00460428873071934,1000
sp7,4,mortality.additional.rate.sp3,0.000109994442638903,0.00326477867625001,0.00415637779002235,1000
sp7,5,mortality.additional.rate.sp4,1.48960145833331e-05,0.00295693707847223,0.00385271101934856,1000
sp7,6,mortality.additional.rate.sp5,-0.000413498385416693,0.00386820859541668,0.00513738550340959,1000
sp7,7,mortality.additional.rate.sp6,-5.31173824999965e-05,0.00300614759472221,0.0039035633689416,1000
sp7,8,mortality.additional.rate.sp7,5.07894041667157e-06,0.00765260901708333,0.00999338346107158,1000
sp7,9,mortality.additional.rate.sp8,-7.63295001388951e-05,0.00310646278541668,0.00403526601673698,1000
sp7,10,mortality.additional.rate.sp9,-4.50391238888602e-05,0.00301680724138887,0.00387080482801097,1000
sp7,11,mortality.additional.rate.sp10,0.000122688870208335,0.00301364427729165,0.0038479885032406,1000
sp7,12,mortality.additional.rate.sp11,4.15287454166571e-05,0.00291178314680556,0.00382972168847793,1000
sp7,13,mortality.additional.rate.sp12,-5.54062366666727e-05,0.00309183143111113,0.00400798549412236,1000
sp7,14,mortality.additional.rate.sp13,0.00026014256722224,0.00291972586111112,0.00378266112332507,1000
sp7,15,mortality.additional.rate.sp14,4.32509758333364e-05,0.00295671465055555,0.00385440410244904,1000
sp7,16,mortality.additional.rate.sp15,0.0001102307986111,0.0030293021713889,0.00395092094194923,1000
sp7,17,fisheries.rate.base.fsh0,-0.000147774914583325,0.00412345718263889,0.0051893384327037,1000
sp7,18,fisheries.rate.base.fsh1,3.22707768055616e-05,0.00322114325069445,0.00417077196970057,1000
sp7,19,fisheries.rate.base.fsh2,-7.72201986111015e-05,0.00301080224666667,0.00396185444484338,1000
sp7,20,fisheries.rate.base.fsh3,4.89641104166597e-05,0.00291407908652778,0.0038383302053076,1000
sp7,21,species.catchability.fsh0.sp0,-8.58508680555539e-05,0.00307075762388889,0.00403688547767985,1000
sp7,22,species.catchability.fsh0.sp1,4.34863673611088e-05,0.00312662800430557,0.00407744718138901,1000
sp7,23,species.catchability.fsh0.sp2,1.54186831944413e-05,0.00325842026708334,0.00410645249249138,1000
sp7,24,species.catchability.fsh0.sp3,0.000167272374305562,0.00366343940958335,0.00464904099612117,1000
sp7,25,species.catchability.fsh0.sp5,-7.89727293055407e-05,0.00320164045541667,0.00417498639708181,1000
sp7,26,species.catchability.fsh0.sp7,0.000254853092083327,0.00389594327986109,0.00495718150016162,1000
sp7,27,species.catchability.fsh0.sp8,7.84560184722144e-05,0.00327859489125,0.00423028532708138,1000
sp7,28,species.catchability.fsh0.sp9,0.000124504015416647,0.00297099843347222,0.00384414540306954,1000
sp7,29,species.catchability.fsh0.sp10,8.90952805555587e-05,0.00301996582222224,0.00399166689139522,1000
sp7,30,species.catchability.fsh0.sp13,-0.000179264573055557,0.00320459489388889,0.00411472579296992,1000
sp7,31,species.catchability.fsh0.sp14,-0.000178719426666663,0.00299427442027777,0.00391994067509833,1000
sp7,32,species.catchability.fsh0.sp15,1.98167268055642e-05,0.00300344257791667,0.00392395441582045,1000
sp7,33,species.catchability.fsh1.sp9,7.59233931944402e-05,0.00296849214374999,0.00383737768896182,1000
sp7,34,species.catchability.fsh1.sp10,-3.87028852777668e-05,0.00307252020055557,0.00398292427312685,1000
sp7,35,species.catchability.fsh1.sp11,-0.000215993183194444,0.00302664627513888,0.0039459006843435,1000
sp7,36,species.catchability.fsh1.sp12,0.000189708890972236,0.00302719173652778,0.00390741049976215,1000
sp7,37,species.catchability.fsh2.sp0,4.44445934722021e-05,0.00295349045930556,0.00381265010398823,1000
sp7,38,species.catchability.fsh2.sp5,1.62493975000143e-05,0.00298210528777778,0.00385726717531245,1000
sp7,39,species.catchability.fsh2.sp7,6.05977166667215e-06,0.00301118288916668,0.00388819525110744,1000
sp7,40,species.catchability.fsh2.sp8,0.00016076170541667,0.00303765399097222,0.00391113055911217,1000
sp7,41,species.catchability.fsh3.sp0,-9.35932637500143e-05,0.00294255137652777,0.00387239891978715,1000
sp7,42,species.catchability.fsh3.sp1,0.000340894539027777,0.00309998415708336,0.00404686217818904,1000
sp7,43,species.catchability.fsh3.sp2,-0.000248874084861114,0.00296120518652777,0.00388236459987872,1000
sp7,44,species.catchability.fsh3.sp3,3.63738404166711e-05,0.0030710722651389,0.00393000738153412,1000
sp7,45,species.catchability.fsh3.sp5,0.000116257862777789,0.00291614910416667,0.003782088025705,1000
sp7,46,species.catchability.fsh3.sp7,2.91718602777683e-05,0.00298049698333333,0.0039242616910176,1000
sp7,47,species.catchability.fsh3.sp8,-2.85296715277877e-05,0.00313173438958333,0.00399693805230696,1000
sp7,48,species.catchability.fsh3.sp9,8.73190295833267e-05,0.00295903081930556,0.00380544159601543,1000
sp7,49,species.catchability.fsh3.sp10,-0.000157023960138873,0.00299497096986111,0.00380600495331374,1000
sp7,50,species.catchability.fsh3.sp11,2.60336494444541e-05,0.00302527517833335,0.00388555447530427,1000
sp7,51,species.catchability.fsh3.sp12,9.18093536111192e-05,0.00306841832888889,0.00402780442514863,1000
sp7,52,species.catchability.fsh3.sp13,-0.00016504925986112,0.00306634431930556,0.00392046478118216,1000
sp7,53,species.catchability.fsh3.sp14,-5.34953688888913e-05,0.00287934556000001,0.00368402570115674,1000
sp7,54,species.catchability.fsh3.sp15,-9.75592518055661e-05,0.00304204195652776,0.0039579984993201,1000
sp7,55,species.length2weight.condition.factor.sp0,0.000136488053333338,0.00308712718027779,0.00402046557396719,1000
sp7,56,species.length2weight.condition.factor.sp1,8.68001331944599e-05,0.00325102553708334,0.00413114880022988,1000
sp7,57,species.length2weight.condition.factor.sp2,8.51316161111012e-05,0.00396506431416667,0.00507353927629651,1000
sp7,58,species.length2weight.condition.factor.sp3,-9.12523568055629e-05,0.00478555284375002,0.00593484176071138,1000
sp7,59,species.length2weight.condition.factor.sp4,-9.59241120833283e-05,0.00349700573347221,0.00439329547464626,1000
sp7,60,species.length2weight.condition.factor.sp5,0.000123993143750006,0.00308629854847222,0.00398687429334194,1000
sp7,61,species.length2weight.condition.factor.sp6,-0.000227526737083328,0.00345490296180555,0.00443575981280931,1000
sp7,62,species.length2weight.condition.factor.sp7,0.000274585950138896,0.00349423463180555,0.00443805126296094,1000
sp7,63,species.length2weight.condition.factor.sp8,1.8690245972222e-05,0.00307002336180555,0.00398273862487862,1000
sp7,64,species.length2weight.condition.factor.sp9,0.000104378962916666,0.00304923203958335,0.00395412560433924,1000
sp7,65,species.length2weight.condition.factor.sp10,0.000143293899583354,0.00311891332569445,0.00398104496018354,1000
sp7,66,species.length2weight.condition.factor.sp11,-0.000245390815833334,0.00304225895361113,0.00398543724832674,1000
sp7,67,species.length2weight.condition.factor.sp12,0.000211691319583326,0.00314875891458334,0.00403939004193557,1000
sp7,68,species.length2weight.condition.factor.sp13,0.000212527098194441,0.00298643936208334,0.00388786806047175,1000
sp7,69,species.length2weight.condition.factor.sp14,7.42459277777663e-05,0.00320494930777778,0.00414845905686254,1000
sp7,70,species.length2weight.condition.factor.sp15,-0.000148484472499989,0.00313834940611112,0.00406890023623108,1000
sp7,71,species.k.sp0,7.15773275000009e-05,0.00413953798611111,0.0055360484521255,1000
sp7,72,species.k.sp1,-4.46046970833377e-05,0.00405297275347222,0.00514697657656848,1000
sp7,73,species.k.sp2,0.000216678225555544,0.00790629469194446,0.0100199249417223,1000
sp7,74,species.k.sp3,0.000107132012361117,0.00867823059152778,0.011190219949326,1000
sp7,75,species.k.sp4,-0.000149232872638884,0.00361529163819444,0.00461516049769941,1000
sp7,76,species.k.sp5,0.000346482540833341,0.00411498681999999,0.00548224615871225,1000
sp7,77,species.k.sp6,0.000141815744583343,0.00662239028597224,0.00778769360302257,1000
sp7,78,species.k.sp7,-0.000145610977361089,0.00673009366458334,0.00881249705208022,1000
sp7,79,species.k.sp8,-0.000186963476388885,0.004284799785,0.00536163327572914,1000
sp7,80,species.k.sp9,-0.000101183386111104,0.00341187235666668,0.00433999890163698,1000
sp7,81,species.k.sp10,-0.000200214492592599,0.00323312662231481,0.00413875296661398,1000
sp7,82,species.k.sp11,-0.000100134195972235,0.00302120345430556,0.00396204306384484,1000
sp7,83,species.k.sp12,0.000135126781805553,0.00307697269347222,0.00399938731821559,1000
sp7,84,species.k.sp13,-0.00025596913027778,0.00464028362972224,0.00616421418824245,1000
sp7,85,species.k.sp14,0.000232217102638889,0.00477814368402778,0.00589602312802351,1000
sp7,86,species.k.sp15,4.08991537500092e-05,0.00333058307069445,0.00436606990068971,1000
sp7,87,species.l0.sp0,-0.000176737263888893,0.00312422847333332,0.00406411577225313,1000
sp7,88,species.l0.sp1,-0.000237694928333345,0.00579046741972223,0.00688474956963855,1000
sp7,89,species.l0.sp2,0.000134771035972222,0.00716314338736111,0.00915629961559412,1000
sp7,90,species.l0.sp3,-0.000311723494444451,0.0045303269588889,0.0057993747238637,1000
sp7,91,species.l0.sp4,0.000150715416249997,0.00378383675541666,0.00478313261393292,1000
sp7,92,species.l0.sp5,-4.77347529166774e-05,0.00305920579513888,0.00395510317613257,1000
sp7,93,species.l0.sp6,5.78329013888788e-05,0.00537628486305554,0.00644584279065156,1000
sp7,94,species.l0.sp7,0.00107887355138888,0.0154423062811111,0.0194349919663056,1000
sp7,95,species.l0.sp8,2.92521950000013e-05,0.00320803309944445,0.00410772131219682,1000
sp7,96,species.l0.sp9,0.000245011058055571,0.00332082342861111,0.00414965110440394,1000
sp7,97,species.l0.sp10,-7.94013820833338e-05,0.00361237357541666,0.00466281630893872,1000
sp7,98,species.l0.sp11,0.000128750829861114,0.00300758689291665,0.00394676788889188,1000
sp7,99,species.l0.sp12,-7.41098545833288e-05,0.00307798649569444,0.00393134711658584,1000
sp7,100,species.l0.sp13,-0.000138262911111118,0.0030224511975,0.003829026320121,1000
sp7,101,species.l0.sp14,-0.000118227665694464,0.00290686734041668,0.00374418153414101,1000
sp7,102,species.l0.sp15,2.86044733333214e-05,0.00303575885666666,0.003877243545114,1000
sp7,103,mortality.additional.larva.rate.sp0,-8.82345099999787e-05,0.00412739324666666,0.0055441336889223,1000
sp7,104,mortality.additional.larva.rate.sp1,-2.62868569444874e-06,0.00446746754708333,0.00570771266397302,1000
sp7,105,mortality.additional.larva.rate.sp2,-0.00107265196305555,0.0217350237727778,0.0279548787665576,1000
sp7,106,mortality.additional.larva.rate.sp3,-0.00137926055555555,0.0236713585130556,0.0315322640570831,1000
sp7,107,mortality.additional.larva.rate.sp4,4.83828926388853e-05,0.00304518348652778,0.00394533851311539,1000
sp7,108,mortality.additional.larva.rate.sp5,3.70597675000026e-05,0.00300374181722223,0.00384344713435802,1000
sp7,109,mortality.additional.larva.rate.sp6,-0.000355885742916659,0.00307893081125,0.00403205660965591,1000
sp7,110,mortality.additional.larva.rate.sp9,0.000176413579999998,0.00377541961416667,0.00477021356002975,1000
sp7,111,mortality.additional.larva.rate.sp10,0.000153174328611125,0.00459829983666666,0.00582190675570011,1000
sp7,112,mortality.additional.larva.rate.sp11,8.11116104166838e-05,0.00309909760902778,0.00398975608049497,1000
sp7,113,mortality.additional.larva.rate.sp12,-0.000137958186527776,0.00307121014569445,0.00392708001305804,1000
sp7,114,mortality.additional.larva.rate.sp13,-1.58131691666582e-05,0.00302569941916666,0.00386738130369363,1000
sp7,115,mortality.additional.larva.rate.sp14,-0.000133071571111114,0.00302823683166666,0.0039505531298141,1000
sp7,116,mortality.additional.larva.rate.sp15,7.88908963888838e-05,0.00362198044444446,0.00479260179212862,1000
sp7,117,mortality.additional.larva.rate.mean.sp7,-0.000272178374999988,0.0102270544794444,0.0144520398885039,1000
sp7,118,mortality.additional.larva.rate.mean.sp8,-9.84894808333356e-05,0.00340433964499999,0.00447625170102247,1000
sp7,119,species.linf.sp0,-0.000358997474305572,0.00474204920486109,0.0065587500982338,1000
sp7,120,species.linf.sp1,0.000116823191527786,0.00746182258402777,0.00882227499148232,1000
sp7,121,species.linf.sp2,-0.000968356056111099,0.0213671695630556,0.0267597144920209,1000
sp7,122,species.linf.sp3,0.000101678686666669,0.0173950844783333,0.021925485004373,1000
sp7,123,species.linf.sp4,-0.000131902027962959,0.00626957264240741,0.00785140967274799,1000
sp7,124,species.linf.sp5,-0.000869326392083328,0.01426783915375,0.0197317005896752,1000
sp7,125,species.linf.sp6,-7.48703997222074e-05,0.0102052926947222,0.0115820407911102,1000
sp7,126,species.linf.sp7,0.00105714944416666,0.0719001819822222,0.0767652425824329,1000
sp7,127,species.linf.sp8,0.00028017695027777,0.00935511858555554,0.0106563226037496,1000
sp7,128,species.linf.sp9,-0.000260084116250017,0.00490106530569444,0.0061214574652337,1000
sp7,129,species.linf.sp10,-0.00020503688430558,0.00537661155013889,0.00676865647774079,1000
sp7,130,species.linf.sp11,5.47396694444291e-06,0.00316590197194443,0.00408138238664587,1000
sp7,131,species.linf.sp12,-8.98808905555614e-05,0.00374761488888889,0.00483079323089817,1000
sp7,132,species.linf.sp13,2.97634604166533e-05,0.00386782862958334,0.00504993393156415,1000
sp7,133,species.linf.sp14,0.00038366384777777,0.00488895997527779,0.00616543639526988,1000
sp7,134,species.linf.sp15,-0.000228978516666656,0.00479476966111112,0.00623012664184895,1000
sp7,135,species.accessibility2fish.sp16,0.000115992710555551,0.00302770426972224,0.00385516712197102,1000
sp7,136,species.accessibility2fish.sp17,1.78518277777716e-05,0.00284266629888891,0.00370457655755772,1000
sp7,137,species.accessibility2fish.sp18,-6.05481974999872e-05,0.00293541281638887,0.00380956584352718,1000
sp7,138,species.accessibility2fish.sp19,8.7524703194445e-05,0.00319238251597222,0.00412086265134131,1000
sp7,139,species.accessibility2fish.sp20,-0.000157216090694439,0.00302207401708334,0.00390827983060682,1000
sp7,140,species.accessibility2fish.sp21,4.57235070833367e-05,0.00300894037208332,0.00388330984120567,1000
sp7,141,species.accessibility2fish.sp22,-0.000317790654027769,0.0196937843968056,0.0353124008554688,1000
sp7,142,species.accessibility2fish.sp23,0.00261207864361111,0.0649988672277778,0.0675958581011378,1000
sp7,143,species.accessibility2fish.sp24,4.94676972220254e-06,0.010555533065,0.0125087523023609,1000
sp7,144,species.accessibility2fish.sp25,0.000148584547222218,0.00302939962888889,0.00395054809162724,1000
sp7,145,species.accessibility2fish.sp26,-0.000260472259444429,0.00304228852277778,0.00392502404985149,1000
sp7,146,species.maturity.size.ratio.sp0,0.000364350502638879,0.00415119718902777,0.00553747880524469,1000
sp7,147,species.maturity.size.ratio.sp1,0.000135592022222226,0.00289873790888889,0.00380783285582871,1000
sp7,148,species.maturity.size.ratio.sp2,-0.000188489233333333,0.00312631305583333,0.00401762343622404,1000
sp7,149,species.maturity.size.ratio.sp3,5.62628781944324e-05,0.0036013266148611,0.00466148017547429,1000
sp7,150,species.maturity.size.ratio.sp4,-0.000165001429444439,0.00357209420944444,0.00446118361557848,1000
sp7,151,species.maturity.size.ratio.sp5,-0.00011904382972223,0.00296423525222222,0.00379420800646917,1000
sp7,152,species.maturity.size.ratio.sp6,0.000318024178888882,0.00453703686916666,0.00576576453689975,1000
sp7,153,species.maturity.size.ratio.sp7,1.71921973611221e-05,0.00362677703597223,0.00465098237992191,1000
sp7,154,species.maturity.size.ratio.sp8,5.74812573611041e-05,0.00294038925541667,0.00386293067203144,1000
sp7,155,species.maturity.size.ratio.sp9,3.22440747222144e-05,0.00306064856611113,0.00387048742189736,1000
sp7,156,species.maturity.size.ratio.sp10,0.000164062764444451,0.00309062686916669,0.00398016864587022,1000
sp7,157,species.maturity.size.ratio.sp11,0.000337437909861111,0.00348274809847223,0.00444197072210441,1000
sp7,158,species.maturity.size.ratio.sp12,6.43717258333199e-05,0.00290174915333333,0.00370460467104215,1000
sp7,159,species.maturity.size.ratio.sp13,-0.000232384289861119,0.00549994007013888,0.00717350430444903,1000
sp7,160,species.maturity.size.ratio.sp14,2.81957131944489e-05,0.00314325102680555,0.00403599887138423,1000
sp7,161,species.maturity.size.ratio.sp15,-0.00011641410180556,0.00380371833236111,0.00520507818328131,1000
sp7,162,predation.predPrey.sizeRatio.teta.sp0.stage1,3.82434208333549e-06,0.00282156792263889,0.00365264685651036,1000
sp7,163,predation.predPrey.sizeRatio.alpha.sp0.stage1,-7.17877222222284e-05,0.00390685942305556,0.00532137472982106,1000
sp7,164,predation.predPrey.sizeRatio.teta.sp1.stage1,0.000582890884722214,0.00682564776250001,0.00804246423556277,1000
sp7,165,predation.predPrey.sizeRatio.alpha.sp1.stage1,-0.000518809091111106,0.00600649327638888,0.00739402652812412,1000
sp7,166,predation.predPrey.sizeRatio.teta.sp2.stage1,-6.32763716666551e-05,0.00423969091583334,0.00537894843755593,1000
sp7,167,predation.predPrey.sizeRatio.alpha.sp2.stage1,0.000385438975833324,0.00786068956166666,0.0105622056717125,1000
sp7,168,predation.predPrey.sizeRatio.teta.sp3.stage1,-6.79184819444453e-05,0.00311385665888889,0.00397501838067333,1000
sp7,169,predation.predPrey.sizeRatio.alpha.sp3.stage1,0.00050404364111112,0.017323278945,0.0215451983647965,1000
sp7,170,predation.predPrey.sizeRatio.teta.sp4.stage1,-4.22876445833289e-05,0.0040616772301389,0.00498382123637415,1000
sp7,171,predation.predPrey.sizeRatio.alpha.sp4.stage1,0.000316057910000007,0.00478888578972222,0.00613462449898742,1000
sp7,172,predation.predPrey.sizeRatio.teta.sp5.stage1,7.44664647222135e-05,0.00297936169611109,0.00384425491943697,1000
sp7,173,predation.predPrey.sizeRatio.teta.sp5.stage2,0.000494694588888879,0.0138461982711111,0.0183235109210274,1000
sp7,174,predation.predPrey.sizeRatio.alpha.sp5.stage1,-0.000173088350555564,0.00288324476416668,0.00372189278618956,1000
sp7,175,predation.predPrey.sizeRatio.alpha.sp5.stage2,0.00015402701319445,0.00869592608402779,0.0119816110107506,1000
sp7,176,predation.predPrey.sizeRatio.teta.sp6.stage1,0.000152965951249991,0.00604518411875001,0.00727068300603724,1000
sp7,177,predation.predPrey.sizeRatio.alpha.sp6.stage1,0.00018847724194443,0.00362438987555556,0.00461241030015737,1000
sp7,178,predation.predPrey.sizeRatio.teta.sp7.stage1,0.000387785847361091,0.0308109148754167,0.0316556650238872,1000
sp7,179,predation.predPrey.sizeRatio.alpha.sp7.stage1,0.00111977760027779,0.178151520771389,0.184033174886282,1000
sp7,180,predation.predPrey.sizeRatio.teta.sp8.stage1,8.41646127777783e-05,0.00339820207416666,0.00431569084838491,1000
sp7,181,predation.predPrey.sizeRatio.alpha.sp8.stage1,-0.000345282404444452,0.00564316366833335,0.0070461413552559,1000
sp7,182,predation.predPrey.sizeRatio.teta.sp9.stage1,-6.2022392638873e-05,0.00302396019236111,0.00389201849758301,1000
sp7,183,predation.predPrey.sizeRatio.alpha.sp9.stage1,-8.94627611111026e-05,0.00352946734583334,0.00447099544723406,1000
sp7,184,predation.predPrey.sizeRatio.teta.sp10.stage1,9.0617479166567e-06,0.00306649557958333,0.0039175948288636,1000
sp7,185,predation.predPrey.sizeRatio.alpha.sp10.stage1,4.67361436111075e-05,0.00323303831472221,0.00409658873652956,1000
sp7,186,predation.predPrey.sizeRatio.teta.sp11.stage1,-1.5149000416669e-05,0.00313339565875,0.00404523084529802,1000
sp7,187,predation.predPrey.sizeRatio.alpha.sp11.stage1,-0.000188065862638888,0.00298035673930555,0.00383762095111548,1000
sp7,188,predation.predPrey.sizeRatio.teta.sp12.stage1,-0.000134305464027772,0.00325328817041666,0.00416237280911324,1000
sp7,189,predation.predPrey.sizeRatio.alpha.sp12.stage1,0.000254060323611116,0.00325268003083333,0.0041705668834342,1000
sp7,190,predation.predPrey.sizeRatio.teta.sp13.stage1,0.000183240137499999,0.00290869554111112,0.00379235712410765,1000
sp7,191,predation.predPrey.sizeRatio.alpha.sp13.stage1,2.58742643055457e-05,0.00354363182152776,0.00449574361822428,1000
sp7,192,predation.predPrey.sizeRatio.teta.sp14.stage1,5.5852961111249e-06,0.00314689334361112,0.0040493075044666,1000
sp7,193,predation.predPrey.sizeRatio.alpha.sp14.stage1,0.000178127296666678,0.00529986416944445,0.00629172144263071,1000
sp7,194,predation.predPrey.sizeRatio.teta.sp15.stage1,3.66046727083438e-05,0.00299241200465277,0.00384590308155954,1000
sp7,195,predation.predPrey.sizeRatio.alpha.sp15.stage1,0.000211418311805558,0.00450822928013891,0.00574929388733642,1000
sp8,1,mortality.additional.rate.sp0,1.3334695694453e-05,0.00191685582958332,0.00248986812258428,1000
sp8,2,mortality.additional.rate.sp1,1.17605619444444e-05,0.00209311067194445,0.0026920710206618,1000
sp8,3,mortality.additional.rate.sp2,6.4765555555554e-05,0.00238637230027779,0.00306378028861195,1000
sp8,4,mortality.additional.rate.sp3,0.000112894753611105,0.0022157884738889,0.00283511211618702,1000
sp8,5,mortality.additional.rate.sp4,1.01385481944455e-05,0.00206194945347222,0.00265912638984055,1000
sp8,6,mortality.additional.rate.sp5,1.33918409722176e-05,0.0024217306215278,0.0032569056101779,1000
sp8,7,mortality.additional.rate.sp6,-0.000148114405833323,0.00197402526027777,0.00250262323988699,1000
sp8,8,mortality.additional.rate.sp7,0.000234510030416669,0.00207095193763889,0.00265720301791513,1000
sp8,9,mortality.additional.rate.sp8,-0.000190565330277775,0.00215955096194444,0.00281480492032685,1000
sp8,10,mortality.additional.rate.sp9,5.1396148611092e-05,0.001944072095,0.00251602018538183,1000
sp8,11,mortality.additional.rate.sp10,-7.90843017708034e-05,0.00203081289177085,0.0026251349758655,1000
sp8,12,mortality.additional.rate.sp11,-9.79692661111127e-05,0.00201454104638889,0.00260014842391153,1000
sp8,13,mortality.additional.rate.sp12,0.000134358757361113,0.00198180638736112,0.00259637567757954,1000
sp8,14,mortality.additional.rate.sp13,0.000135858677500003,0.00204177280805555,0.00260518023317739,1000
sp8,15,mortality.additional.rate.sp14,-1.1877502777875e-06,0.00199338410638889,0.00256862193018843,1000
sp8,16,mortality.additional.rate.sp15,5.13589863888935e-05,0.00197868582916668,0.00256626292116274,1000
sp8,17,fisheries.rate.base.fsh0,-0.000134045925416659,0.00296116995902777,0.00375853355985138,1000
sp8,18,fisheries.rate.base.fsh1,-5.74506070833199e-05,0.00198221586597224,0.00255617381338594,1000
sp8,19,fisheries.rate.base.fsh2,1.5631038888887e-05,0.00206240841527778,0.00264161825448069,1000
sp8,20,fisheries.rate.base.fsh3,-2.16997968055449e-05,0.00209860461319446,0.00264991411391787,1000
sp8,21,species.catchability.fsh0.sp0,3.93021659722141e-05,0.00219982185791668,0.00283681713293909,1000
sp8,22,species.catchability.fsh0.sp1,-4.65419383333428e-05,0.00209766718,0.00267854701465539,1000
sp8,23,species.catchability.fsh0.sp2,-0.000123420577777788,0.00216290516555557,0.00282281855754758,1000
sp8,24,species.catchability.fsh0.sp3,-0.000137532150972219,0.00248645093763888,0.00324444623003192,1000
sp8,25,species.catchability.fsh0.sp5,-9.68651940277773e-05,0.00223919226902777,0.00280688304627992,1000
sp8,26,species.catchability.fsh0.sp7,-3.78608688888656e-05,0.0020696207563889,0.00264219411179024,1000
sp8,27,species.catchability.fsh0.sp8,9.11682168055691e-05,0.00312086456013889,0.00391035113552551,1000
sp8,28,species.catchability.fsh0.sp9,5.29682669444444e-05,0.00209598143222223,0.00273182715844218,1000
sp8,29,species.catchability.fsh0.sp10,-8.02896266666395e-05,0.00210561413027778,0.00270399672292056,1000
sp8,30,species.catchability.fsh0.sp13,-0.000102550706805554,0.00207888785124999,0.00265581895157613,1000
sp8,31,species.catchability.fsh0.sp14,0.000108555370972222,0.0020860432376389,0.00268819348472346,1000
sp8,32,species.catchability.fsh0.sp15,-8.08982630555664e-05,0.00202593699194444,0.00262513454925325,1000
sp8,33,species.catchability.fsh1.sp9,-6.5975601805548e-05,0.00202812981097222,0.00261223952225155,1000
sp8,34,species.catchability.fsh1.sp10,-7.17612515277799e-05,0.00209499012819444,0.00266044201185023,1000
sp8,35,species.catchability.fsh1.sp11,-8.45229777776668e-06,0.00199833558166665,0.00250997174314224,1000
sp8,36,species.catchability.fsh1.sp12,5.86194641666774e-05,0.00210082972944444,0.00272366347286324,1000
sp8,37,species.catchability.fsh2.sp0,-6.13101319444509e-06,0.00200091336958334,0.00251430943994037,1000
sp8,38,species.catchability.fsh2.sp5,-4.79222916669575e-07,0.00199908212291665,0.00259607735884179,1000
sp8,39,species.catchability.fsh2.sp7,0.00010579674777776,0.00211606224083334,0.00269042144396404,1000
sp8,40,species.catchability.fsh2.sp8,-7.37945833347964e-07,0.00213333395333335,0.00277141083075438,1000
sp8,41,species.catchability.fsh3.sp0,8.01035316666475e-05,0.00191106470916666,0.00249167041154712,1000
sp8,42,species.catchability.fsh3.sp1,-8.06738965277736e-05,0.00210083627152779,0.00268489954092587,1000
sp8,43,species.catchability.fsh3.sp2,4.02711244444307e-05,0.00208540615500001,0.00267899529706402,1000
sp8,44,species.catchability.fsh3.sp3,8.12416791666448e-06,0.00209356878208333,0.00267528096678068,1000
sp8,45,species.catchability.fsh3.sp5,-1.1522992638871e-05,0.00198300150708334,0.00251316619366548,1000
sp8,46,species.catchability.fsh3.sp7,4.2376591249976e-05,0.00202029151430556,0.00255513020670324,1000
sp8,47,species.catchability.fsh3.sp8,3.44466295833358e-05,0.00201578719125,0.00259263125775665,1000
sp8,48,species.catchability.fsh3.sp9,6.50735351388882e-05,0.00200948094374999,0.00251759615134564,1000
sp8,49,species.catchability.fsh3.sp10,5.83805152777832e-05,0.00211466276777776,0.00269926412581861,1000
sp8,50,species.catchability.fsh3.sp11,-0.000197152670555557,0.00210231812972222,0.00267108408821117,1000
sp8,51,species.catchability.fsh3.sp12,4.80693052777577e-05,0.00203570572138889,0.00260677327965959,1000
sp8,52,species.catchability.fsh3.sp13,-7.93685725000035e-05,0.00193743133694443,0.00253022699161977,1000
sp8,53,species.catchability.fsh3.sp14,-7.64971374999903e-05,0.002006545975,0.00256382909267618,1000
sp8,54,species.catchability.fsh3.sp15,-7.52652930555109e-06,0.00198898774958334,0.00257376022839544,1000
sp8,55,species.length2weight.condition.factor.sp0,5.2510036249997e-05,0.00222030256097222,0.00288037582495064,1000
sp8,56,species.length2weight.condition.factor.sp1,-0.000305689200833339,0.00380110021472223,0.00463926784637523,1000
sp8,57,species.length2weight.condition.factor.sp2,-5.4602261388892e-05,0.00268181559138888,0.00361039873294717,1000
sp8,58,species.length2weight.condition.factor.sp3,-3.0808960000009e-05,0.00355800291194447,0.00447502561009834,1000
sp8,59,species.length2weight.condition.factor.sp4,-0.000108793014166674,0.00232881387083333,0.00295560811726347,1000
sp8,60,species.length2weight.condition.factor.sp5,0.000188872343333334,0.00208180669666667,0.00268184986589931,1000
sp8,61,species.length2weight.condition.factor.sp6,-0.000328969486805566,0.00737448098236111,0.00821782040621664,1000
sp8,62,species.length2weight.condition.factor.sp7,8.32770225000077e-05,0.00224720120138889,0.00285847190088983,1000
sp8,63,species.length2weight.condition.factor.sp8,-1.31958934722248e-05,0.00255865638875,0.00320122545308012,1000
sp8,64,species.length2weight.condition.factor.sp9,-4.06407643055596e-05,0.00203802060680556,0.00262930732222133,1000
sp8,65,species.length2weight.condition.factor.sp10,-5.18051625000437e-06,0.00203967511902777,0.00262431005696908,1000
sp8,66,species.length2weight.condition.factor.sp11,4.561889402779e-05,0.00206271717652779,0.00263131190459997,1000
sp8,67,species.length2weight.condition.factor.sp12,-0.000135617389444447,0.00210240394,0.00271521567977787,1000
sp8,68,species.length2weight.condition.factor.sp13,-1.66557115277901e-05,0.00209232742736112,0.00266076824026704,1000
sp8,69,species.length2weight.condition.factor.sp14,0.000145091508333347,0.00524735297138889,0.00586604286535548,1000
sp8,70,species.length2weight.condition.factor.sp15,5.56990029166878e-05,0.00204867213930557,0.00263896824788275,1000
sp8,71,species.k.sp0,0.000150179565277782,0.00331667309944445,0.00460156048466081,1000
sp8,72,species.k.sp1,8.99355333333217e-05,0.00384185907388888,0.0048222256136462,1000
sp8,73,species.k.sp2,-0.000134771611527785,0.00508351656069445,0.00653954085124659,1000
sp8,74,species.k.sp3,-0.000184120105555557,0.00602250803972223,0.00770489708293039,1000
sp8,75,species.k.sp4,-0.000475548345416655,0.00945585930041666,0.0102704545773132,1000
sp8,76,species.k.sp5,0.000125958750555558,0.00225940551666667,0.00291389498318107,1000
sp8,77,species.k.sp6,-0.000160727999444454,0.00874775584666667,0.00995513374297319,1000
sp8,78,species.k.sp7,-0.000239295524027772,0.00214351930041666,0.00275062571264392,1000
sp8,79,species.k.sp8,6.44083358333499e-05,0.00375322719138888,0.00553841733245754,1000
sp8,80,species.k.sp9,-0.000141840475972233,0.00262470428208334,0.00334513645445018,1000
sp8,81,species.k.sp10,5.88095133024649e-05,0.00218051805503087,0.00277925474669523,1000
sp8,82,species.k.sp11,0.000129947219305568,0.00209369911819444,0.00272797652466231,1000
sp8,83,species.k.sp12,6.12112345833412e-05,0.00218936008763889,0.00274687096558758,1000
sp8,84,species.k.sp13,-0.000113229330277773,0.00845764253444444,0.01039438251465,1000
sp8,85,species.k.sp14,-0.000298256224583337,0.00772345570791666,0.00826688969005681,1000
sp8,86,species.k.sp15,6.40314859722198e-05,0.00216252952319445,0.00277612237514037,1000
sp8,87,species.l0.sp0,8.86636644444427e-05,0.00229192762944445,0.00291514968370628,1000
sp8,88,species.l0.sp1,-1.04115355555416e-05,0.00405603714444445,0.00509075672634394,1000
sp8,89,species.l0.sp2,7.96823086111116e-05,0.00484653351972222,0.00633287185734485,1000
sp8,90,species.l0.sp3,0.000192149440000018,0.00324201270555555,0.00418389480109757,1000
sp8,91,species.l0.sp4,-4.54189341666875e-05,0.00667611736166668,0.00745084626723662,1000
sp8,92,species.l0.sp5,-0.000118550217916652,0.00205892570041668,0.00260882661564469,1000
sp8,93,species.l0.sp6,5.14594286111084e-05,0.00547744514333333,0.00659192375182281,1000
sp8,94,species.l0.sp7,2.19744330555653e-05,0.0022335253111111,0.00288929160995052,1000
sp8,95,species.l0.sp8,4.29630405555499e-05,0.00322137494,0.00411779037372439,1000
sp8,96,species.l0.sp9,9.90027120833368e-05,0.00225749787569444,0.00290840883531349,1000
sp8,97,species.l0.sp10,7.11048556944477e-05,0.00229052598152777,0.00303500694823775,1000
sp8,98,species.l0.sp11,-2.46375830555574e-05,0.0021044799436111,0.0026558703167536,1000
sp8,99,species.l0.sp12,0.000126768110972221,0.00214932197180555,0.00274859592603001,1000
sp8,100,species.l0.sp13,0.000114780028611108,0.00206250272666667,0.00265302308529898,1000
sp8,101,species.l0.sp14,-8.56188122222283e-05,0.00212178998111109,0.00271719499673913,1000
sp8,102,species.l0.sp15,5.891608041667e-05,0.00202720296819445,0.00264632633933772,1000
sp8,103,mortality.additional.larva.rate.sp0,-9.09327825000037e-05,0.00347013143944444,0.00486636657311199,1000
sp8,104,mortality.additional.larva.rate.sp1,-4.0937418472222e-05,0.00937726162625001,0.0105292111293805,1000
sp8,105,mortality.additional.larva.rate.sp2,-3.44147319445643e-06,0.0159459688354167,0.0200548777843505,1000
sp8,106,mortality.additional.larva.rate.sp3,0.000830991443333325,0.0179595249769445,0.022827845524054,1000
sp8,107,mortality.additional.larva.rate.sp4,-6.44722516666839e-05,0.00206098685527777,0.00268191107196337,1000
sp8,108,mortality.additional.larva.rate.sp5,0.000123800707916652,0.00200446247263889,0.00252752343149475,1000
sp8,109,mortality.additional.larva.rate.sp6,-2.92753008333362e-05,0.00261124995638889,0.00329424370184049,1000
sp8,110,mortality.additional.larva.rate.sp9,0.000168553852638876,0.00332193145763887,0.00435362834057755,1000
sp8,111,mortality.additional.larva.rate.sp10,-5.00272111110689e-06,0.00288845140111112,0.00387694315482836,1000
sp8,112,mortality.additional.larva.rate.sp11,-8.64843204166765e-05,0.00213891524875001,0.00275455517910415,1000
sp8,113,mortality.additional.larva.rate.sp12,-4.10752056944462e-05,0.00278097280319443,0.00351284066078161,1000
sp8,114,mortality.additional.larva.rate.sp13,6.7169637500073e-06,0.00209465133986112,0.00271097090257381,1000
sp8,115,mortality.additional.larva.rate.sp14,3.07648677777788e-05,0.00457249698694445,0.00527171305030858,1000
sp8,116,mortality.additional.larva.rate.sp15,0.000155321659305544,0.00219804712458333,0.00283989056362047,1000
sp8,117,mortality.additional.larva.rate.mean.sp7,9.98548541666894e-05,0.00268222126472224,0.00343799321370766,1000
sp8,118,mortality.additional.larva.rate.mean.sp8,-0.00033419146444444,0.00466703724472221,0.00591924434081954,1000
sp8,119,species.linf.sp0,-6.55250574999913e-05,0.00371600382805556,0.00526655161972692,1000
sp8,120,species.linf.sp1,0.000383711469166663,0.00906924780416668,0.0106959992565752,1000
sp8,121,species.linf.sp2,0.000310117070277775,0.0146647959616667,0.0182169953308352,1000
sp8,122,species.linf.sp3,-0.000539041442916674,0.01295380631125,0.0166532769647593,1000
sp8,123,species.linf.sp4,0.000403076288503105,0.0251811244067747,0.0265156274535616,1000
sp8,124,species.linf.sp5,0.000141324740277762,0.00432747951027777,0.00614397193374818,1000
sp8,125,species.linf.sp6,-0.000416116099583337,0.0147430372920833,0.017470487472435,1000
sp8,126,species.linf.sp7,1.71434559722174e-05,0.00290687812625,0.00373339084190259,1000
sp8,127,species.linf.sp8,-4.84124763888905e-06,0.00856081450680556,0.0126799713951939,1000
sp8,128,species.linf.sp9,1.89341376388755e-05,0.00502640530875001,0.00648172750426866,1000
sp8,129,species.linf.sp10,-0.000113929429444433,0.00308023982972223,0.00408344630749901,1000
sp8,130,species.linf.sp11,3.24596543055724e-05,0.00224314548208334,0.00291569463850338,1000
sp8,131,species.linf.sp12,0.000119411239305565,0.00310165041958332,0.00403915112042646,1000
sp8,132,species.linf.sp13,-5.88556762499963e-05,0.00432381573069444,0.0055929941345899,1000
sp8,133,species.linf.sp14,-0.00065211861555555,0.00895675551361111,0.0098072960090292,1000
sp8,134,species.linf.sp15,0.000208330306527773,0.00236732674791667,0.00303497243812002,1000
sp8,135,species.accessibility2fish.sp16,5.09567527778165e-06,0.00203804349583333,0.00266107124931172,1000
sp8,136,species.accessibility2fish.sp17,-1.83075063888812e-05,0.00212383823555557,0.00266418485276639,1000
sp8,137,species.accessibility2fish.sp18,-2.46538240277914e-05,0.00204940595708336,0.00264803839023484,1000
sp8,138,species.accessibility2fish.sp19,3.23374090277691e-05,0.0030710858626389,0.00423971662504295,1000
sp8,139,species.accessibility2fish.sp20,4.03460429166741e-05,0.00195517919819443,0.00249399228732727,1000
sp8,140,species.accessibility2fish.sp21,9.9638411249988e-05,0.00320013501597223,0.00442090322620177,1000
sp8,141,species.accessibility2fish.sp22,-0.000291757994305552,0.00854347286624999,0.0143432032485088,1000
sp8,142,species.accessibility2fish.sp23,0.000114577673194438,0.00473379436152777,0.0057757667608235,1000
sp8,143,species.accessibility2fish.sp24,0.000616545572222221,0.02548143094,0.025996428816504,1000
sp8,144,species.accessibility2fish.sp25,5.35648565277693e-05,0.00209689308208334,0.00267417878781567,1000
sp8,145,species.accessibility2fish.sp26,-0.000103649638749995,0.00208780026486114,0.00271795445265378,1000
sp8,146,species.maturity.size.ratio.sp0,-0.000111576321111116,0.00332983671222223,0.00462119170938468,1000
sp8,147,species.maturity.size.ratio.sp1,-2.34211590277755e-05,0.00231827926069444,0.00297225921992968,1000
sp8,148,species.maturity.size.ratio.sp2,7.72471116666713e-05,0.00212970461861112,0.00272348585116749,1000
sp8,149,species.maturity.size.ratio.sp3,-5.58639083333372e-05,0.00228778407277777,0.00295137267215902,1000
sp8,150,species.maturity.size.ratio.sp4,-0.000259167755972209,0.00269976024208334,0.00344373468480943,1000
sp8,151,species.maturity.size.ratio.sp5,5.94735127777876e-05,0.00204120934111109,0.00261098078906202,1000
sp8,152,species.maturity.size.ratio.sp6,0.000525492955555561,0.0142822701369444,0.017568480405926,1000
sp8,153,species.maturity.size.ratio.sp7,-0.000158881513194422,0.00195905584486112,0.00249534728703725,1000
sp8,154,species.maturity.size.ratio.sp8,0.000131670571666672,0.00202285050333334,0.00260927876159873,1000
sp8,155,species.maturity.size.ratio.sp9,-4.83189486111457e-06,0.00202658602513888,0.00257134670827268,1000
sp8,156,species.maturity.size.ratio.sp10,1.03104681944288e-05,0.00220024626597222,0.00282795981744662,1000
sp8,157,species.maturity.size.ratio.sp11,0.000133829209305554,0.00240563368402778,0.00306867625794578,1000
sp8,158,species.maturity.size.ratio.sp12,3.88321227777764e-05,0.00212763408083333,0.00271805837109181,1000
sp8,159,species.maturity.size.ratio.sp13,-0.000438956985833325,0.0122449419088889,0.0141604586150827,1000
sp8,160,species.maturity.size.ratio.sp14,-8.2090690694437e-05,0.00360744547430555,0.00447172594406928,1000
sp8,161,species.maturity.size.ratio.sp15,-4.07064845833265e-05,0.00226297056319446,0.00291876217937931,1000
sp8,162,predation.predPrey.sizeRatio.teta.sp0.stage1,-0.000113759909861112,0.00233050296597223,0.00297225868009697,1000
sp8,163,predation.predPrey.sizeRatio.alpha.sp0.stage1,-4.97615688888888e-05,0.00260541086166669,0.00343888215996417,1000
sp8,164,predation.predPrey.sizeRatio.teta.sp1.stage1,-0.000256015364305539,0.00291166493625001,0.00379324992255275,1000
sp8,165,predation.predPrey.sizeRatio.alpha.sp1.stage1,-0.00050089781486111,0.00842198867124999,0.00957073014060044,1000
sp8,166,predation.predPrey.sizeRatio.teta.sp2.stage1,7.26478054166746e-05,0.00239546232819446,0.00300338983177832,1000
sp8,167,predation.predPrey.sizeRatio.alpha.sp2.stage1,-7.93411480555538e-05,0.00570897759638889,0.0077372764132312,1000
sp8,168,predation.predPrey.sizeRatio.teta.sp3.stage1,-1.05922745833408e-05,0.00314544633569442,0.00401976547103315,1000
sp8,169,predation.predPrey.sizeRatio.alpha.sp3.stage1,1.05799905555585e-05,0.0063958870577778,0.00847681539288584,1000
sp8,170,predation.predPrey.sizeRatio.teta.sp4.stage1,-1.4909815278028e-06,0.00272229137541668,0.00341187504015102,1000
sp8,171,predation.predPrey.sizeRatio.alpha.sp4.stage1,-0.000517388484861122,0.00755277984319445,0.00894969197676397,1000
sp8,172,predation.predPrey.sizeRatio.teta.sp5.stage1,-0.000127942468888883,0.00194875648138889,0.00252317849589535,1000
sp8,173,predation.predPrey.sizeRatio.teta.sp5.stage2,-0.000165343000277783,0.00324820621416666,0.00431728475499928,1000
sp8,174,predation.predPrey.sizeRatio.alpha.sp5.stage1,-9.49946345833179e-05,0.00204306109875001,0.00260347111174001,1000
sp8,175,predation.predPrey.sizeRatio.alpha.sp5.stage2,0.000145206451249982,0.00235110059041666,0.00312686927072029,1000
sp8,176,predation.predPrey.sizeRatio.teta.sp6.stage1,7.70021845833206e-05,0.00504246865986112,0.0065659328006199,1000
sp8,177,predation.predPrey.sizeRatio.alpha.sp6.stage1,4.75253897222128e-05,0.00430387234083333,0.00546963241736372,1000
sp8,178,predation.predPrey.sizeRatio.teta.sp7.stage1,-3.84010044444522e-05,0.00203512400388888,0.00261907689505036,1000
sp8,179,predation.predPrey.sizeRatio.alpha.sp7.stage1,-7.51760838888887e-05,0.00435934425499999,0.00535947120907324,1000
sp8,180,predation.predPrey.sizeRatio.teta.sp8.stage1,6.18363666666855e-06,0.0061327411988889,0.00696529292973368,1000
sp8,181,predation.predPrey.sizeRatio.alpha.sp8.stage1,0.000517713673750001,0.0197421969315278,0.0239275410305889,1000
sp8,182,predation.predPrey.sizeRatio.teta.sp9.stage1,-3.65348656944611e-05,0.00220451821625,0.00285141706438874,1000
sp8,183,predation.predPrey.sizeRatio.alpha.sp9.stage1,0.000173663910972224,0.00538984788902778,0.00681003653802544,1000
sp8,184,predation.predPrey.sizeRatio.teta.sp10.stage1,0.000148961981388876,0.0020735915588889,0.00264936513303853,1000
sp8,185,predation.predPrey.sizeRatio.alpha.sp10.stage1,0.00013051782333332,0.00268479428777778,0.00348463024738395,1000
sp8,186,predation.predPrey.sizeRatio.teta.sp11.stage1,-4.53205734722205e-05,0.00197021619180557,0.00253263012627301,1000
sp8,187,predation.predPrey.sizeRatio.alpha.sp11.stage1,6.93531222222307e-05,0.00208564958194443,0.00268998679481915,1000
sp8,188,predation.predPrey.sizeRatio.teta.sp12.stage1,-3.89794436111016e-05,0.00222826223277776,0.00286609067109861,1000
sp8,189,predation.predPrey.sizeRatio.alpha.sp12.stage1,-0.00017153720402779,0.00228632079374997,0.00287825199102689,1000
sp8,190,predation.predPrey.sizeRatio.teta.sp13.stage1,0.000127294788055558,0.00211928722833333,0.0027296925778132,1000
sp8,191,predation.predPrey.sizeRatio.alpha.sp13.stage1,0.00019945202083331,0.004744447925,0.00622995056239738,1000
sp8,192,predation.predPrey.sizeRatio.teta.sp14.stage1,1.73897626389068e-05,0.00219577939097221,0.00277414018355006,1000
sp8,193,predation.predPrey.sizeRatio.alpha.sp14.stage1,3.09741570833445e-05,0.00318405284458333,0.00393572559958949,1000
sp8,194,predation.predPrey.sizeRatio.teta.sp15.stage1,-3.76691055902738e-05,0.00214340731475695,0.00271108007051452,1000
sp8,195,predation.predPrey.sizeRatio.alpha.sp15.stage1,-0.000125289208333334,0.0022611708525,0.00290437044414933,1000
sp9,1,mortality.additional.rate.sp0,2.24012823611083e-05,0.00564515291763888,0.00736081941808191,1000
sp9,2,mortality.additional.rate.sp1,-0.000160284313194465,0.00543306228791666,0.00711967091058023,1000
sp9,3,mortality.additional.rate.sp2,3.0243622500009e-05,0.00647863237777777,0.00830036603806464,1000
sp9,4,mortality.additional.rate.sp3,3.87217463888888e-05,0.00585750759805556,0.00757969250277721,1000
sp9,5,mortality.additional.rate.sp4,-0.000137144480277791,0.0056709338,0.00728483257690839,1000
sp9,6,mortality.additional.rate.sp5,-3.26843999999948e-06,0.00727104042388887,0.00933026118489325,1000
sp9,7,mortality.additional.rate.sp6,0.000595633213194455,0.00521909154958333,0.00680281203884424,1000
sp9,8,mortality.additional.rate.sp7,-8.34047540277855e-05,0.00566404751791665,0.00744213183582856,1000
sp9,9,mortality.additional.rate.sp8,-0.000136936548194452,0.00557759718736109,0.00724573875071723,1000
sp9,10,mortality.additional.rate.sp9,0.000443948886111116,0.00551965618361111,0.00718822696048039,1000
sp9,11,mortality.additional.rate.sp10,6.44763311111185e-05,0.00568410678694444,0.00724827768828434,1000
sp9,12,mortality.additional.rate.sp11,-1.08391344444403e-05,0.00538800556972223,0.00713638736185833,1000
sp9,13,mortality.additional.rate.sp12,-0.000170236164583328,0.00558216003430555,0.00734106723438948,1000
sp9,14,mortality.additional.rate.sp13,-0.000177654417500006,0.00547859814638888,0.00722792082230739,1000
sp9,15,mortality.additional.rate.sp14,-0.000163276134583323,0.00564023724541666,0.00744036324757974,1000
sp9,16,mortality.additional.rate.sp15,-4.68855002777845e-05,0.00544919597444443,0.00700835466996219,1000
sp9,17,fisheries.rate.base.fsh0,0.00012524805222223,0.00840984458416666,0.010626092043655,1000
sp9,18,fisheries.rate.base.fsh1,0.000635295502916655,0.00612943412569445,0.00791968324035286,1000
sp9,19,fisheries.rate.base.fsh2,-0.000155164672638883,0.00562154250486111,0.00724380394349353,1000
sp9,20,fisheries.rate.base.fsh3,8.52834062499928e-05,0.00574026742041666,0.00748779163263415,1000
sp9,21,species.catchability.fsh0.sp0,0.000384877932638891,0.00950279352847222,0.0121876744570369,1000
sp9,22,species.catchability.fsh0.sp1,-0.000147875769027756,0.00557016388930555,0.00720208075458794,1000
sp9,23,species.catchability.fsh0.sp2,-0.000441534040694425,0.00566586126458333,0.00742435564516314,1000
sp9,24,species.catchability.fsh0.sp3,0.000297487188055552,0.00679987399972224,0.00888302911156817,1000
sp9,25,species.catchability.fsh0.sp5,-0.000115516121388914,0.00580105163166666,0.00757493269993547,1000
sp9,26,species.catchability.fsh0.sp7,-0.00036452653513889,0.00549323630624999,0.00720747579905681,1000
sp9,27,species.catchability.fsh0.sp8,-0.000426632593333333,0.00551837201027775,0.00728600676122946,1000
sp9,28,species.catchability.fsh0.sp9,-1.50993451388861e-05,0.00579324537263889,0.00761808650532344,1000
sp9,29,species.catchability.fsh0.sp10,6.82608062500185e-05,0.00556701736402777,0.00729393183697402,1000
sp9,30,species.catchability.fsh0.sp13,5.88112651388718e-05,0.00545287056513889,0.00712759605568111,1000
sp9,31,species.catchability.fsh0.sp14,0.000130822785138882,0.00543367179930557,0.00706569139606627,1000
sp9,32,species.catchability.fsh0.sp15,-0.000217053017222228,0.00565836496555554,0.00737156981673747,1000
sp9,33,species.catchability.fsh1.sp9,-4.38791490277939e-05,0.00685435782208333,0.00887930010223287,1000
sp9,34,species.catchability.fsh1.sp10,-5.48028347222231e-05,0.00594447782638888,0.00782904099899676,1000
sp9,35,species.catchability.fsh1.sp11,-0.000162919156944449,0.00547913036611111,0.00709322990996144,1000
sp9,36,species.catchability.fsh1.sp12,5.90899516666686e-05,0.00557610744833332,0.00735930119452697,1000
sp9,37,species.catchability.fsh2.sp0,0.000249510697916658,0.00585354415819445,0.00760143906925053,1000
sp9,38,species.catchability.fsh2.sp5,0.000150172332916666,0.00550226144708334,0.00727579125421493,1000
sp9,39,species.catchability.fsh2.sp7,0.000157192778749993,0.00535080940819446,0.00693685390913696,1000
sp9,40,species.catchability.fsh2.sp8,-9.42701676388892e-05,0.00546432267597224,0.00704778754044411,1000
sp9,41,species.catchability.fsh3.sp0,0.000167927238888886,0.00569393264416667,0.00739967089335349,1000
sp9,42,species.catchability.fsh3.sp1,-5.4227271388904e-05,0.00552137406333335,0.0072806287749536,1000
sp9,43,species.catchability.fsh3.sp2,-0.000130533621944465,0.00563494470972222,0.00737376158796755,1000
sp9,44,species.catchability.fsh3.sp3,0.000143807202777779,0.00540171135000002,0.00710230242090334,1000
sp9,45,species.catchability.fsh3.sp5,0.000156260083194446,0.00551262168819444,0.00716211065853788,1000
sp9,46,species.catchability.fsh3.sp7,0.000194212414861115,0.00555189068097222,0.00729725065840393,1000
sp9,47,species.catchability.fsh3.sp8,-0.00013341810319445,0.00570055994374998,0.00746939748928367,1000
sp9,48,species.catchability.fsh3.sp9,0.000523135974861114,0.00559541639708332,0.00713468302392743,1000
sp9,49,species.catchability.fsh3.sp10,-0.000506840414305545,0.00546904821263888,0.00718706021917064,1000
sp9,50,species.catchability.fsh3.sp11,-9.91351297222264e-05,0.00534731641499999,0.0070490826638855,1000
sp9,51,species.catchability.fsh3.sp12,2.58811797222235e-05,0.0056248172925,0.00723337938594884,1000
sp9,52,species.catchability.fsh3.sp13,6.61686044444369e-05,0.00553472353194444,0.00723229292735244,1000
sp9,53,species.catchability.fsh3.sp14,-2.2510399722232e-05,0.0058423767947222,0.00771273323230475,1000
sp9,54,species.catchability.fsh3.sp15,8.38938216666603e-05,0.00537517195444445,0.00710113381876718,1000
sp9,55,species.length2weight.condition.factor.sp0,-0.000540123017777763,0.0121571021522222,0.0158790776714195,1000
sp9,56,species.length2weight.condition.factor.sp1,-0.000308804355416669,0.00533837680541667,0.00696077133743575,1000
sp9,57,species.length2weight.condition.factor.sp2,-0.0003332549986111,0.00674186259444444,0.00878811253504543,1000
sp9,58,species.length2weight.condition.factor.sp3,-0.00068699739888888,0.00619712946416667,0.00800168992260931,1000
sp9,59,species.length2weight.condition.factor.sp4,0.00150029287916667,0.0230205745505556,0.0247808106383839,1000
sp9,60,species.length2weight.condition.factor.sp5,0.000427450616250005,0.00583556223152777,0.00750172893020319,1000
sp9,61,species.length2weight.condition.factor.sp6,0.000463088412499999,0.00557172819194446,0.00746208889656197,1000
sp9,62,species.length2weight.condition.factor.sp7,-0.000113836892361099,0.0055924050048611,0.00739775980015256,1000
sp9,63,species.length2weight.condition.factor.sp8,-0.000169098821111104,0.00540983131305555,0.00700949034896488,1000
sp9,64,species.length2weight.condition.factor.sp9,9.42152438889113e-05,0.0190885383441667,0.021113503813261,1000
sp9,65,species.length2weight.condition.factor.sp10,0.00014266865763891,0.00552489699708333,0.00742370965025661,1000
sp9,66,species.length2weight.condition.factor.sp11,3.25203024999904e-05,0.00543247737666669,0.00714088165008489,1000
sp9,67,species.length2weight.condition.factor.sp12,-0.00018244322152779,0.00644641180069444,0.00826816914153144,1000
sp9,68,species.length2weight.condition.factor.sp13,-0.000151346128888897,0.00813189770750001,0.0110019656621582,1000
sp9,69,species.length2weight.condition.factor.sp14,-7.05210605555471e-05,0.00551439227888889,0.00709429871650396,1000
sp9,70,species.length2weight.condition.factor.sp15,-0.000200610273888905,0.00548048644500002,0.00728399109463928,1000
sp9,71,species.k.sp0,-0.000306466734583335,0.0333498638054167,0.0449941726971181,1000
sp9,72,species.k.sp1,-0.000202873656805552,0.00563977295680555,0.00740825429399789,1000
sp9,73,species.k.sp2,-0.000199413782361105,0.0107622380318056,0.0143514252616335,1000
sp9,74,species.k.sp3,0.000225202876111123,0.00857398085055555,0.0114238510349005,1000
sp9,75,species.k.sp4,0.00187345921972221,0.0530116588963889,0.0549282375483642,1000
sp9,76,species.k.sp5,0.000408231396805562,0.00736147821986113,0.0095595828221232,1000
sp9,77,species.k.sp6,8.03918606944308e-05,0.00586234981791667,0.00766952826641252,1000
sp9,78,species.k.sp7,0.000246321928611106,0.00546245501472223,0.00720833142510233,1000
sp9,79,species.k.sp8,-0.000114996565833327,0.00555522803111111,0.00727173010486965,1000
sp9,80,species.k.sp9,-0.000955424490416683,0.0171923150884722,0.0207858221222947,1000
sp9,81,species.k.sp10,0.000206111579614202,0.00670118661344136,0.00879064506983056,1000
sp9,82,species.k.sp11,0.000392028101111114,0.00595799969333333,0.00763581376057258,1000
sp9,83,species.k.sp12,0.000543829946527776,0.00641365330180555,0.00834671809203223,1000
sp9,84,species.k.sp13,-0.00178774865791667,0.03920870421125,0.0536325651588285,1000
sp9,85,species.k.sp14,-0.000292131959583346,0.00612146351152777,0.00810456540037665,1000
sp9,86,species.k.sp15,3.98766501388939e-05,0.0058825471959722,0.0077033655447591,1000
sp9,87,species.l0.sp0,0.000175999713749999,0.00899796393902776,0.0128052239082949,1000
sp9,88,species.l0.sp1,-0.000219629787222221,0.00586425629416667,0.00768562255395426,1000
sp9,89,species.l0.sp2,-0.000353672366250003,0.00927178906208334,0.0122266440772231,1000
sp9,90,species.l0.sp3,-0.000215543969861097,0.00638742961791667,0.00836373192286332,1000
sp9,91,species.l0.sp4,-0.000154714537638888,0.0520900076909722,0.0539579683506446,1000
sp9,92,species.l0.sp5,-0.000329193949583328,0.00543479260819444,0.00706103341565529,1000
sp9,93,species.l0.sp6,-0.000132072785833338,0.00585791766972222,0.00769381123173674,1000
sp9,94,species.l0.sp7,-0.000250268690000003,0.00565348441972223,0.00731249855043905,1000
sp9,95,species.l0.sp8,2.21557155555547e-05,0.00573889008972221,0.00745568671239066,1000
sp9,96,species.l0.sp9,0.000188744960833322,0.0416684784930556,0.0442630322828753,1000
sp9,97,species.l0.sp10,-2.82641663888964e-05,0.00723865142777779,0.00939474868856088,1000
sp9,98,species.l0.sp11,5.44459727777682e-05,0.00591213191333334,0.00767770708367849,1000
sp9,99,species.l0.sp12,-0.000185188803333322,0.00621592953916666,0.008073772068559,1000
sp9,100,species.l0.sp13,-7.62781444444299e-05,0.00579568085444443,0.00759622480391158,1000
sp9,101,species.l0.sp14,-4.47942745833458e-05,0.00532888291541666,0.00694531964840428,1000
sp9,102,species.l0.sp15,0.000379522636111107,0.00570067969916665,0.00758015488553024,1000
sp9,103,mortality.additional.larva.rate.sp0,0.00111538619888889,0.0338806772772222,0.0471642338970746,1000
sp9,104,mortality.additional.larva.rate.sp1,-1.46931555555829e-06,0.0054605011261111,0.00714288140849734,1000
sp9,105,mortality.additional.larva.rate.sp2,5.54898205555497e-05,0.0283240414877778,0.0359657879639075,1000
sp9,106,mortality.additional.larva.rate.sp3,0.000468859743333337,0.0158853250577778,0.021527214112191,1000
sp9,107,mortality.additional.larva.rate.sp4,-0.00020702353680558,0.00550100565097222,0.00711724724162469,1000
sp9,108,mortality.additional.larva.rate.sp5,0.000477580517361113,0.00575214875180555,0.00767376450058699,1000
sp9,109,mortality.additional.larva.rate.sp6,-9.01293429166761e-05,0.0054037531673611,0.00723559617052942,1000
sp9,110,mortality.additional.larva.rate.sp9,0.00817872601097221,0.125481146895417,0.131032555148115,1000
sp9,111,mortality.additional.larva.rate.sp10,7.56252583332684e-06,0.0100012237344445,0.013209230203662,1000
sp9,112,mortality.additional.larva.rate.sp11,0.000301804393333332,0.00551729038777776,0.00721328916692389,1000
sp9,113,mortality.additional.larva.rate.sp12,0.000749267105416662,0.01647304077125,0.018432223837901,1000
sp9,114,mortality.additional.larva.rate.sp13,3.5825780277757e-05,0.00565618329888889,0.00741970916222977,1000
sp9,115,mortality.additional.larva.rate.sp14,0.000463281631944449,0.00595791750166665,0.00785449025474716,1000
sp9,116,mortality.additional.larva.rate.sp15,2.38879802777976e-05,0.00617027985972223,0.00800535227333332,1000
sp9,117,mortality.additional.larva.rate.mean.sp7,-3.63326648610994e-05,0.00540458770541667,0.00713404684303442,1000
sp9,118,mortality.additional.larva.rate.mean.sp8,0.000315096425972198,0.00560812170041666,0.00741568539211906,1000
sp9,119,species.linf.sp0,-0.00329474547402778,0.0379922203490278,0.0562005229901301,1000
sp9,120,species.linf.sp1,3.79126562500013e-05,0.00597382595541666,0.00766685008522716,1000
sp9,121,species.linf.sp2,0.00036803408347224,0.02931260168375,0.0356583114065127,1000
sp9,122,species.linf.sp3,0.00173167953972224,0.0231609765197222,0.0309130102563857,1000
sp9,123,species.linf.sp4,-0.00257671543489198,0.127371199631775,0.130661663013787,1000
sp9,124,species.linf.sp5,-0.00068890076791667,0.0143248639848611,0.0183398288534201,1000
sp9,125,species.linf.sp6,0.000159929269305552,0.00699295113319445,0.0088923698310702,1000
sp9,126,species.linf.sp7,0.000115273775555559,0.0054328596913889,0.0071894379190672,1000
sp9,127,species.linf.sp8,0.000151013450972233,0.00627487778847222,0.00813066829752642,1000
sp9,128,species.linf.sp9,-0.000133079032916669,0.0373432842173611,0.0455389171458917,1000
sp9,129,species.linf.sp10,0.000561311610416673,0.01376132828875,0.0179633664510773,1000
sp9,130,species.linf.sp11,-6.36217934722391e-05,0.00630955482402777,0.00829751298724565,1000
sp9,131,species.linf.sp12,0.000531284882916657,0.00707229529708335,0.00895357571412343,1000
sp9,132,species.linf.sp13,0.000425645942361134,0.0139726334581944,0.0215761577012,1000
sp9,133,species.linf.sp14,-2.84438369444494e-05,0.00576903012000002,0.00753266423137648,1000
sp9,134,species.linf.sp15,-0.000114583435555573,0.00655098467333334,0.00869134799185652,1000
sp9,135,species.accessibility2fish.sp16,0.000172643566666685,0.00571146478777777,0.0075687995502143,1000
sp9,136,species.accessibility2fish.sp17,9.00050997222203e-05,0.0056090360063889,0.00738807449445082,1000
sp9,137,species.accessibility2fish.sp18,-5.19876019444288e-05,0.00545725972944445,0.00738672899540937,1000
sp9,138,species.accessibility2fish.sp19,-0.000240473413055551,0.00555689145277777,0.00729088002472908,1000
sp9,139,species.accessibility2fish.sp20,-0.000255706280277774,0.00558464739388888,0.00735539607168428,1000
sp9,140,species.accessibility2fish.sp21,1.09001822222122e-05,0.00730301460388889,0.00983547797750301,1000
sp9,141,species.accessibility2fish.sp22,-0.000241756789166661,0.00722743683472221,0.00970848335045315,1000
sp9,142,species.accessibility2fish.sp23,-0.000137060398611105,0.00604174968638889,0.00783939347644864,1000
sp9,143,species.accessibility2fish.sp24,0.000174171520833334,0.00761004638722222,0.00949900647039212,1000
sp9,144,species.accessibility2fish.sp25,0.000123507061805543,0.00554832862791666,0.00714642624198057,1000
sp9,145,species.accessibility2fish.sp26,-0.000335133672222212,0.00555378685944444,0.00726030522007302,1000
sp9,146,species.maturity.size.ratio.sp0,0.00147506641041666,0.0363278392759722,0.0541820359656899,1000
sp9,147,species.maturity.size.ratio.sp1,0.000352928593888901,0.00567595160027776,0.00730194499925692,1000
sp9,148,species.maturity.size.ratio.sp2,5.95521451388759e-05,0.00564842664263887,0.00750383358288651,1000
sp9,149,species.maturity.size.ratio.sp3,-0.000134034070138887,0.00567966048708333,0.00751273335675131,1000
sp9,150,species.maturity.size.ratio.sp4,0.000846829867916681,0.0293758655759722,0.032153976896012,1000
sp9,151,species.maturity.size.ratio.sp5,0.000237174452083335,0.00532691285291668,0.00701443846629191,1000
sp9,152,species.maturity.size.ratio.sp6,0.000663059316111112,0.00608868678055556,0.0077730831967685,1000
sp9,153,species.maturity.size.ratio.sp7,-0.000103134036249996,0.00552612933152778,0.00726618430591026,1000
sp9,154,species.maturity.size.ratio.sp8,-0.000448302463194414,0.00540189854263891,0.0070543522032896,1000
sp9,155,species.maturity.size.ratio.sp9,-8.8830077777767e-05,0.0117351789430556,0.0140021169672901,1000
sp9,156,species.maturity.size.ratio.sp10,-0.000248741334722229,0.00596185703555556,0.00790214679924018,1000
sp9,157,species.maturity.size.ratio.sp11,9.91026487499924e-05,0.01069831287875,0.0134301784358659,1000
sp9,158,species.maturity.size.ratio.sp12,0.000332023504166664,0.0078153026311111,0.00980032757232696,1000
sp9,159,species.maturity.size.ratio.sp13,-0.0018432612275,0.0847072755997222,0.101837793222869,1000
sp9,160,species.maturity.size.ratio.sp14,-0.000577054103888906,0.00552286132027779,0.00720064796967028,1000
sp9,161,species.maturity.size.ratio.sp15,-0.000131757730416667,0.00659112985708334,0.0090724787555526,1000
sp9,162,predation.predPrey.sizeRatio.teta.sp0.stage1,0.000129796399444443,0.00561871115361112,0.007364364526566,1000
sp9,163,predation.predPrey.sizeRatio.alpha.sp0.stage1,0.000169003379027765,0.0111941046709722,0.0161386625867816,1000
sp9,164,predation.predPrey.sizeRatio.teta.sp1.stage1,3.42345393055484e-05,0.00549576213180556,0.00712194386960315,1000
sp9,165,predation.predPrey.sizeRatio.alpha.sp1.stage1,-0.000158835613611112,0.00559603318361112,0.00738273921530591,1000
sp9,166,predation.predPrey.sizeRatio.teta.sp2.stage1,3.18751251388892e-05,0.00535806404486111,0.00701429806809391,1000
sp9,167,predation.predPrey.sizeRatio.alpha.sp2.stage1,-0.000391855847638882,0.0131205260618055,0.0177069189404312,1000
sp9,168,predation.predPrey.sizeRatio.teta.sp3.stage1,4.17093347222053e-06,0.00567375266208334,0.00739500664063538,1000
sp9,169,predation.predPrey.sizeRatio.alpha.sp3.stage1,-0.000290879887083333,0.01943172592375,0.026148876467376,1000
sp9,170,predation.predPrey.sizeRatio.teta.sp4.stage1,0.000262191809444455,0.00983814621999999,0.0127327422203477,1000
sp9,171,predation.predPrey.sizeRatio.alpha.sp4.stage1,0.00313704202777777,0.0522397375675,0.055946676739728,1000
sp9,172,predation.predPrey.sizeRatio.teta.sp5.stage1,-0.000108578241527783,0.00555153109680558,0.00723058408679424,1000
sp9,173,predation.predPrey.sizeRatio.teta.sp5.stage2,0.000254192431111096,0.00738959595888888,0.00986537825761394,1000
sp9,174,predation.predPrey.sizeRatio.alpha.sp5.stage1,1.75501695833394e-05,0.00554234781819445,0.00730827667104897,1000
sp9,175,predation.predPrey.sizeRatio.alpha.sp5.stage2,-0.000183272280138892,0.00693827400097222,0.00905673350058502,1000
sp9,176,predation.predPrey.sizeRatio.teta.sp6.stage1,0.000146515282083333,0.00580318421375001,0.00761629060733968,1000
sp9,177,predation.predPrey.sizeRatio.alpha.sp6.stage1,-5.98642381944502e-05,0.0055824099323611,0.00730033965381591,1000
sp9,178,predation.predPrey.sizeRatio.teta.sp7.stage1,0.000274987404027794,0.0054465565651389,0.00713015399521203,1000
sp9,179,predation.predPrey.sizeRatio.alpha.sp7.stage1,5.13025741666658e-05,0.00565542411000001,0.00744122889023223,1000
sp9,180,predation.predPrey.sizeRatio.teta.sp8.stage1,-6.36526411111087e-05,0.00551981345027779,0.00738550295264876,1000
sp9,181,predation.predPrey.sizeRatio.alpha.sp8.stage1,-5.05423099999883e-05,0.00618815709944443,0.00797847562278651,1000
sp9,182,predation.predPrey.sizeRatio.teta.sp9.stage1,-0.000323364100694439,0.00884338269791668,0.0108845793307738,1000
sp9,183,predation.predPrey.sizeRatio.alpha.sp9.stage1,0.00488100272625,0.133256147660417,0.136991764634327,1000
sp9,184,predation.predPrey.sizeRatio.teta.sp10.stage1,0.000165816646527772,0.00550576323597223,0.00717837751017697,1000
sp9,185,predation.predPrey.sizeRatio.alpha.sp10.stage1,-0.000140405443888883,0.00702833208,0.00933868409156005,1000
sp9,186,predation.predPrey.sizeRatio.teta.sp11.stage1,-2.87935929166568e-05,0.00551965066430554,0.00727001549035637,1000
sp9,187,predation.predPrey.sizeRatio.alpha.sp11.stage1,0.000203027906666679,0.00602064596194444,0.00777847069229206,1000
sp9,188,predation.predPrey.sizeRatio.teta.sp12.stage1,-0.000156131670138879,0.00629750796597223,0.00812238927225651,1000
sp9,189,predation.predPrey.sizeRatio.alpha.sp12.stage1,0.00033337756763888,0.00664390549569444,0.00866196676411605,1000
sp9,190,predation.predPrey.sizeRatio.teta.sp13.stage1,0.000283280221388897,0.00584192086722221,0.0076318366833931,1000
sp9,191,predation.predPrey.sizeRatio.alpha.sp13.stage1,0.000371280765138879,0.0137695170209722,0.0183825268525194,1000
sp9,192,predation.predPrey.sizeRatio.teta.sp14.stage1,-0.000363272142916648,0.00552804544541667,0.00720258889171772,1000
sp9,193,predation.predPrey.sizeRatio.alpha.sp14.stage1,0.000203623636805562,0.00560451487069444,0.00725822591655093,1000
sp9,194,predation.predPrey.sizeRatio.teta.sp15.stage1,-0.000678820902083344,0.00578825874763888,0.00740282721859172,1000
sp9,195,predation.predPrey.sizeRatio.alpha.sp15.stage1,-0.000391484966250002,0.00616080768236112,0.00817729401571342,1000
sp10,1,mortality.additional.rate.sp0,-0.000206178145833335,0.0061649575711111,0.00822262449317453,1000
sp10,2,mortality.additional.rate.sp1,9.50007430555598e-05,0.0064110675086111,0.00861505196039007,1000
sp10,3,mortality.additional.rate.sp2,-0.000118792097083345,0.00663615618847222,0.00871414978938185,1000
sp10,4,mortality.additional.rate.sp3,-0.000570203195138879,0.00658544536125,0.00856055286783586,1000
sp10,5,mortality.additional.rate.sp4,-0.000334133040694438,0.00646751723624999,0.00851897491907763,1000
sp10,6,mortality.additional.rate.sp5,4.58663761111204e-05,0.00739492721527778,0.00972476534028442,1000
sp10,7,mortality.additional.rate.sp6,3.38694377777848e-05,0.00632687358333334,0.00822842632888578,1000
sp10,8,mortality.additional.rate.sp7,-0.000324795150555554,0.00616423280861111,0.00820707236064137,1000
sp10,9,mortality.additional.rate.sp8,-0.000229497440277777,0.00630204364416666,0.00833799988929407,1000
sp10,10,mortality.additional.rate.sp9,0.00030911007263889,0.00624112089125,0.00825635147315583,1000
sp10,11,mortality.additional.rate.sp10,0.000395846084131939,0.00631541241697917,0.00828174094899131,1000
sp10,12,mortality.additional.rate.sp11,0.00022623381083335,0.00644283141249999,0.0082771450053579,1000
sp10,13,mortality.additional.rate.sp12,-2.65567516666595e-05,0.00615994216055555,0.00816107835734741,1000
sp10,14,mortality.additional.rate.sp13,7.0001759077713e-05,0.00640312436491105,0.008261110231432,1000
sp10,15,mortality.additional.rate.sp14,-0.000393323759305549,0.00635399543430554,0.0083550822230859,1000
sp10,16,mortality.additional.rate.sp15,0.000184048119305551,0.00625909051347222,0.00805034081744782,1000
sp10,17,fisheries.rate.base.fsh0,9.69936897222251e-05,0.00938758145888889,0.0119521174322612,1000
sp10,18,fisheries.rate.base.fsh1,0.000300612296249999,0.00845158421236112,0.01052786831889,1000
sp10,19,fisheries.rate.base.fsh2,5.0158467916669e-05,0.00616258408013887,0.00816749336417419,1000
sp10,20,fisheries.rate.base.fsh3,9.32758254166598e-05,0.00653876672847222,0.00843598196333463,1000
sp10,21,species.catchability.fsh0.sp0,-3.53999819444533e-05,0.0073520481961111,0.00936142369353224,1000
sp10,22,species.catchability.fsh0.sp1,-4.45795865277787e-05,0.00618547624041666,0.00811481424627051,1000
sp10,23,species.catchability.fsh0.sp2,-0.000325807308750004,0.00639645652041666,0.00827783089736793,1000
sp10,24,species.catchability.fsh0.sp3,-0.000323386573611107,0.00749357321805556,0.00986984278676046,1000
sp10,25,species.catchability.fsh0.sp5,0.000497069022916645,0.00646716701458333,0.00855545699243129,1000
sp10,26,species.catchability.fsh0.sp7,2.71121832161777e-05,0.00641897090627172,0.00839888505588526,1000
sp10,27,species.catchability.fsh0.sp8,-0.000207967278749993,0.00625524399597221,0.00827023607438329,1000
sp10,28,species.catchability.fsh0.sp9,-6.89510529166809e-05,0.00644497564958333,0.00859169249820615,1000
sp10,29,species.catchability.fsh0.sp10,1.77937151388967e-05,0.00648591122569445,0.00851561878283454,1000
sp10,30,species.catchability.fsh0.sp13,-0.000467912421666666,0.00636205159527778,0.00812036246074769,1000
sp10,31,species.catchability.fsh0.sp14,8.98524413888801e-05,0.00622657005444443,0.00818259389435429,1000
sp10,32,species.catchability.fsh0.sp15,-7.63368705555662e-05,0.00629583381972221,0.00808958908507795,1000
sp10,33,species.catchability.fsh1.sp9,-0.000147071767499991,0.00672731046944444,0.00874071320718499,1000
sp10,34,species.catchability.fsh1.sp10,-0.0006400321725,0.00702005813249999,0.00907798649107165,1000
sp10,35,species.catchability.fsh1.sp11,0.000182613056111101,0.00646011730972223,0.00844383421293236,1000
sp10,36,species.catchability.fsh1.sp12,4.24994140277781e-05,0.00636317036541669,0.00819066967932719,1000
sp10,37,species.catchability.fsh2.sp0,8.3564418194438e-05,0.00642365149902779,0.00852298516380914,1000
sp10,38,species.catchability.fsh2.sp5,-2.63521377777626e-05,0.00615117493666667,0.00821198252468347,1000
sp10,39,species.catchability.fsh2.sp7,0.000121015631527778,0.00599601889930556,0.00785864211055436,1000
sp10,40,species.catchability.fsh2.sp8,-0.000290947605277767,0.00616156963916667,0.00814213605685354,1000
sp10,41,species.catchability.fsh3.sp0,0.000162582689305548,0.00656196481402778,0.00858911931616168,1000
sp10,42,species.catchability.fsh3.sp1,-0.000105965475000005,0.00627304620833335,0.00812461301024164,1000
sp10,43,species.catchability.fsh3.sp2,-0.000223571918888889,0.00628963134333333,0.00807795177607037,1000
sp10,44,species.catchability.fsh3.sp3,-3.85864723611009e-05,0.00637750820291666,0.00846132760155599,1000
sp10,45,species.catchability.fsh3.sp5,0.000504744070833325,0.00674552698166666,0.0090240086633429,1000
sp10,46,species.catchability.fsh3.sp7,0.000154075039999994,0.006413469965,0.00834215382933514,1000
sp10,47,species.catchability.fsh3.sp8,0.000469486481527791,0.00615561515041668,0.00819325539976869,1000
sp10,48,species.catchability.fsh3.sp9,0.000453834485416672,0.00632359673263889,0.00861280818741398,1000
sp10,49,species.catchability.fsh3.sp10,-0.000290289355416654,0.00635402457375,0.00837892702157501,1000
sp10,50,species.catchability.fsh3.sp11,0.000326037345277779,0.00647191077555556,0.00854866582264423,1000
sp10,51,species.catchability.fsh3.sp12,-0.000218231482777776,0.00634250601250001,0.00821760618701612,1000
sp10,52,species.catchability.fsh3.sp13,0.000132737871388888,0.00633308796361113,0.00826896117125646,1000
sp10,53,species.catchability.fsh3.sp14,-0.000320161551111113,0.00643742075083334,0.00841333217903232,1000
sp10,54,species.catchability.fsh3.sp15,0.000175948642916669,0.00635650450263889,0.00846397173726527,1000
sp10,55,species.length2weight.condition.factor.sp0,-0.000391463070833331,0.00852061069999999,0.0112274330071375,1000
sp10,56,species.length2weight.condition.factor.sp1,-0.00024568862208334,0.00640811442541667,0.00837139078403361,1000
sp10,57,species.length2weight.condition.factor.sp2,-0.00019085212902779,0.00653961282819447,0.00878668536944024,1000
sp10,58,species.length2weight.condition.factor.sp3,-8.98627109722098e-05,0.00899157155263889,0.0117222456771062,1000
sp10,59,species.length2weight.condition.factor.sp4,0.00143233973263889,0.01867101903625,0.0207371456678178,1000
sp10,60,species.length2weight.condition.factor.sp5,0.000301692476944445,0.00620154253638889,0.00822531835635947,1000
sp10,61,species.length2weight.condition.factor.sp6,9.85817427777737e-05,0.00629106915888889,0.00805354997424381,1000
sp10,62,species.length2weight.condition.factor.sp7,0.000405422952083334,0.00614189035152776,0.00808549897215815,1000
sp10,63,species.length2weight.condition.factor.sp8,0.000348256739444465,0.0063572073872222,0.00831533799482927,1000
sp10,64,species.length2weight.condition.factor.sp9,-6.5552818333332e-05,0.00692807726722223,0.00934681021827457,1000
sp10,65,species.length2weight.condition.factor.sp10,-0.000811717624861116,0.0222639364295833,0.024983804965212,1000
sp10,66,species.length2weight.condition.factor.sp11,0.000264010331666657,0.00621040811805554,0.00810868982848629,1000
sp10,67,species.length2weight.condition.factor.sp12,0.000206913066111125,0.00778038437361111,0.00992218802482324,1000
sp10,68,species.length2weight.condition.factor.sp13,-1.21740675000179e-05,0.00778042985805556,0.0101699924447382,1000
sp10,69,species.length2weight.condition.factor.sp14,0.000233421824999985,0.00615171527055554,0.00808104931391844,1000
sp10,70,species.length2weight.condition.factor.sp15,-0.000150347714027795,0.0063632678851389,0.00822833798287084,1000
sp10,71,species.k.sp0,4.20830851388669e-05,0.0182176487490278,0.0247884722266899,1000
sp10,72,species.k.sp1,-0.000175292984027766,0.00682595151875,0.00892873668921228,1000
sp10,73,species.k.sp2,-0.000309997437361106,0.00854710113347222,0.0115760328119935,1000
sp10,74,species.k.sp3,0.000388961746250005,0.0166925607654167,0.022091964538469,1000
sp10,75,species.k.sp4,0.00168920093222223,0.0530429872486111,0.0552036209412622,1000
sp10,76,species.k.sp5,0.000212180610833337,0.00725705677472221,0.00933542893781364,1000
sp10,77,species.k.sp6,3.95678013888847e-05,0.00699361544972221,0.00889975186575771,1000
sp10,78,species.k.sp7,0.000114273639861125,0.00616834370152779,0.00804429743598815,1000
sp10,79,species.k.sp8,0.000249668396205014,0.00639576044046164,0.00838406212207623,1000
sp10,80,species.k.sp9,-0.000388749437222201,0.0104784922569444,0.013287816479981,1000
sp10,81,species.k.sp10,-0.000101526332530865,0.0133593873769136,0.0168287709147386,1000
sp10,82,species.k.sp11,7.36886752777716e-05,0.00843922601472222,0.0107427250175236,1000
sp10,83,species.k.sp12,0.000175182003888883,0.00815781315222222,0.010775646061379,1000
sp10,84,species.k.sp13,-0.00171537149777779,0.0375731415188889,0.0511250042476704,1000
sp10,85,species.k.sp14,0.000142500095694446,0.00675135844736112,0.00886965547802996,1000
sp10,86,species.k.sp15,0.000214471583472234,0.00653963809819444,0.00860099065432242,1000
sp10,87,species.l0.sp0,1.54677629166669e-05,0.00738755467625001,0.00948257929665425,1000
sp10,88,species.l0.sp1,-0.00028120530569443,0.00648271119708332,0.00842140538030037,1000
sp10,89,species.l0.sp2,0.000142701758888888,0.00831684584305555,0.0111456013302965,1000
sp10,90,species.l0.sp3,0.000295888611666665,0.00948094905333333,0.0123058755042127,1000
sp10,91,species.l0.sp4,-0.00084794350569444,0.0502190239104167,0.0524581910054807,1000
sp10,92,species.l0.sp5,-0.000369871012777785,0.00619997820361113,0.00824871872805447,1000
sp10,93,species.l0.sp6,-0.000325845640555553,0.00688339565472223,0.00875439056852961,1000
sp10,94,species.l0.sp7,0.000259275898194448,0.00615885210402778,0.0081113528258815,1000
sp10,95,species.l0.sp8,-5.98435152778354e-06,0.00642173727902778,0.00853743432341619,1000
sp10,96,species.l0.sp9,-0.000295711512638877,0.00899290761930555,0.0115231496068833,1000
sp10,97,species.l0.sp10,0.000489558569578645,0.0610215936451342,0.0655165958182735,1000
sp10,98,species.l0.sp11,-0.00023906609319444,0.00744908457708333,0.00954207432450372,1000
sp10,99,species.l0.sp12,-0.000116219363749978,0.0069970014226389,0.00925315665957299,1000
sp10,100,species.l0.sp13,8.39263901388828e-05,0.00653844765680555,0.00867136257924533,1000
sp10,101,species.l0.sp14,-0.000268176878472227,0.00653544430097221,0.00851326030918224,1000
sp10,102,species.l0.sp15,6.8573526388884e-05,0.00646006122027777,0.00856963597583157,1000
sp10,103,mortality.additional.larva.rate.sp0,0.000363419192499986,0.0176666002041667,0.0248811829962504,1000
sp10,104,mortality.additional.larva.rate.sp1,-0.00011503631027779,0.00662466923611111,0.00840755368322855,1000
sp10,105,mortality.additional.larva.rate.sp2,0.000155729174978277,0.0187612900902561,0.0260560970127679,1000
sp10,106,mortality.additional.larva.rate.sp3,0.00129798911374999,0.0403576557270833,0.0547634694443612,1000
sp10,107,mortality.additional.larva.rate.sp4,0.000418735198194464,0.00617628314624999,0.00825015096945396,1000
sp10,108,mortality.additional.larva.rate.sp5,0.000600072741527773,0.00616377857958333,0.00828647900110064,1000
sp10,109,mortality.additional.larva.rate.sp6,-0.000103442312361106,0.00630049488930557,0.008244251925668,1000
sp10,110,mortality.additional.larva.rate.sp9,-0.000407382571200352,0.0141168159015774,0.0191735188496064,1000
sp10,111,mortality.additional.larva.rate.sp10,-0.00251642460611113,0.158191533822778,0.16678962070881,1000
sp10,112,mortality.additional.larva.rate.sp11,-0.000189040223750005,0.00641563142208334,0.00844624610872553,1000
sp10,113,mortality.additional.larva.rate.sp12,0.000809258942916677,0.0242431521470833,0.0271084306812198,1000
sp10,114,mortality.additional.larva.rate.sp13,-5.57287062500028e-05,0.00629970704708335,0.00849162236681074,1000
sp10,115,mortality.additional.larva.rate.sp14,4.01847016666576e-05,0.00643612804333332,0.00860056166843565,1000
sp10,116,mortality.additional.larva.rate.sp15,-0.000453935874583322,0.00645223906152778,0.00859275261525731,1000
sp10,117,mortality.additional.larva.rate.mean.sp7,0.000212553474583356,0.00626714460069444,0.00817021291505458,1000
sp10,118,mortality.additional.larva.rate.mean.sp8,-0.000157845390694459,0.00632029468680554,0.00820086975625675,1000
sp10,119,species.linf.sp0,-0.00211915788972221,0.0222170375155556,0.0314280359238331,1000
sp10,120,species.linf.sp1,9.25457905555412e-05,0.00751878147416667,0.00956695231453022,1000
sp10,121,species.linf.sp2,0.000505222426527795,0.0167979674556944,0.0230104324258334,1000
sp10,122,species.linf.sp3,-0.00188915142305556,0.0363250820430556,0.0495439675327555,1000
sp10,123,species.linf.sp4,-0.00368913179066358,0.133552481021836,0.137158886851077,1000
sp10,124,species.linf.sp5,-0.000292885770138888,0.0115578085865278,0.0154172308017741,1000
sp10,125,species.linf.sp6,-1.64545461111054e-05,0.00943394898444444,0.0116698044427401,1000
sp10,126,species.linf.sp7,0.000159117116338948,0.0062409275331055,0.00833264084784356,1000
sp10,127,species.linf.sp8,-0.000138236536666655,0.00706443012138889,0.00922130154062869,1000
sp10,128,species.linf.sp9,-0.00024212488999999,0.0246674700008333,0.0299303073285519,1000
sp10,129,species.linf.sp10,0.000628486762361113,0.02701047012125,0.0351417687668115,1000
sp10,130,species.linf.sp11,3.31569068055564e-05,0.00796830227958333,0.0101794458732412,1000
sp10,131,species.linf.sp12,0.000742962138333338,0.00977481026277779,0.0122851606224016,1000
sp10,132,species.linf.sp13,0.000407392644166668,0.0143456779588889,0.0214874293197792,1000
sp10,133,species.linf.sp14,0.00022000291347222,0.00627166420319444,0.00832434248260852,1000
sp10,134,species.linf.sp15,8.65714101388755e-05,0.00685278698513889,0.00902807590903021,1000
sp10,135,species.accessibility2fish.sp16,-9.81011811111278e-05,0.00632187484444444,0.0082786023432268,1000
sp10,136,species.accessibility2fish.sp17,-0.000226737629027756,0.00591152657958333,0.00781253134861293,1000
sp10,137,species.accessibility2fish.sp18,0.000274022364583326,0.00613978648597223,0.00806125997970027,1000
sp10,138,species.accessibility2fish.sp19,-0.000204720675833347,0.00590579907555557,0.00771568841020227,1000
sp10,139,species.accessibility2fish.sp20,-0.000631853169305582,0.00668108886569444,0.00870869882741992,1000
sp10,140,species.accessibility2fish.sp21,0.00018127430319444,0.0080639990598611,0.0106312316840447,1000
sp10,141,species.accessibility2fish.sp22,-0.00032141944236112,0.0081122797301389,0.0105957029131576,1000
sp10,142,species.accessibility2fish.sp23,-0.000344212525063635,0.00658569776215861,0.00859864426566144,1000
sp10,143,species.accessibility2fish.sp24,-1.24291027777681e-05,0.0079495605,0.0102601722008118,1000
sp10,144,species.accessibility2fish.sp25,0.000147632625972237,0.00625256262069447,0.00823352449340443,1000
sp10,145,species.accessibility2fish.sp26,-0.000145200139583342,0.00638140434069446,0.00844588773533721,1000
sp10,146,species.maturity.size.ratio.sp0,0.000819351877361124,0.0182092812931944,0.0266589457926949,1000
sp10,147,species.maturity.size.ratio.sp1,0.000666880604444432,0.00644779990944446,0.00853475359097624,1000
sp10,148,species.maturity.size.ratio.sp2,-0.000447018660277774,0.00681687705222222,0.00913714551996859,1000
sp10,149,species.maturity.size.ratio.sp3,0.000221098476666667,0.00646072291083335,0.00851662066137289,1000
sp10,150,species.maturity.size.ratio.sp4,0.000668546298194439,0.02406244299375,0.027115181404549,1000
sp10,151,species.maturity.size.ratio.sp5,-6.95387204166727e-05,0.00601823657847223,0.00781288086968943,1000
sp10,152,species.maturity.size.ratio.sp6,0.000222580030555567,0.00714291104916666,0.00920122215603473,1000
sp10,153,species.maturity.size.ratio.sp7,5.84371929166746e-05,0.00627724546069443,0.00827813085811919,1000
sp10,154,species.maturity.size.ratio.sp8,0.000332616418749992,0.00635614638652778,0.00838741466409687,1000
sp10,155,species.maturity.size.ratio.sp9,0.000142899029583335,0.00666922074291667,0.00885573361491433,1000
sp10,156,species.maturity.size.ratio.sp10,0.000141082915555574,0.0284153925961111,0.0344090790768716,1000
sp10,157,species.maturity.size.ratio.sp11,0.00063327232208331,0.0179237649509722,0.0212634982846396,1000
sp10,158,species.maturity.size.ratio.sp12,0.000459023848888888,0.0101425810422222,0.0129364419050525,1000
sp10,159,species.maturity.size.ratio.sp13,-0.0020718631636111,0.0812212516986111,0.0957625746922039,1000
sp10,160,species.maturity.size.ratio.sp14,-0.000593569420694463,0.00648223058097223,0.00846871443746753,1000
sp10,161,species.maturity.size.ratio.sp15,0.000536850046250004,0.00725740132347221,0.00981770968303304,1000
sp10,162,predation.predPrey.sizeRatio.teta.sp0.stage1,0.000248299130138883,0.00626332160513889,0.0082606676687542,1000
sp10,163,predation.predPrey.sizeRatio.alpha.sp0.stage1,0.000256639918888886,0.0105015949519444,0.0143474148873313,1000
sp10,164,predation.predPrey.sizeRatio.teta.sp1.stage1,5.2651315694451e-05,0.00675637318319444,0.00896164531351165,1000
sp10,165,predation.predPrey.sizeRatio.alpha.sp1.stage1,-6.46733198611072e-05,0.00689651302763888,0.00873954705524801,1000
sp10,166,predation.predPrey.sizeRatio.teta.sp2.stage1,0.000133295786944439,0.00642540199583333,0.00852619731292541,1000
sp10,167,predation.predPrey.sizeRatio.alpha.sp2.stage1,-0.000113264011388877,0.0115015952275,0.0162486176870686,1000
sp10,168,predation.predPrey.sizeRatio.teta.sp3.stage1,0.000216351858333336,0.00632841546944444,0.00827238454221344,1000
sp10,169,predation.predPrey.sizeRatio.alpha.sp3.stage1,0.000150216501944444,0.0127229440663889,0.0172233314355648,1000
sp10,170,predation.predPrey.sizeRatio.teta.sp4.stage1,-0.000392961429583333,0.00828684338513889,0.0109726226788917,1000
sp10,171,predation.predPrey.sizeRatio.alpha.sp4.stage1,0.00326650329152778,0.0525826658379167,0.0565467702420418,1000
sp10,172,predation.predPrey.sizeRatio.teta.sp5.stage1,1.37962319444256e-05,0.00613863661833332,0.00824269453962154,1000
sp10,173,predation.predPrey.sizeRatio.teta.sp5.stage2,-5.39237270833345e-05,0.00883066344902779,0.0119940331396134,1000
sp10,174,predation.predPrey.sizeRatio.alpha.sp5.stage1,0.000316893291944451,0.00612784184638887,0.00799089554626624,1000
sp10,175,predation.predPrey.sizeRatio.alpha.sp5.stage2,-0.000303860361388885,0.00828909443444444,0.0109748516792968,1000
sp10,176,predation.predPrey.sizeRatio.teta.sp6.stage1,-7.07862750000018e-05,0.00659645603166667,0.00883603950856087,1000
sp10,177,predation.predPrey.sizeRatio.alpha.sp6.stage1,-0.000196164907361103,0.00644305413986111,0.0085983591746406,1000
sp10,178,predation.predPrey.sizeRatio.teta.sp7.stage1,-0.000124442096527771,0.00603508136291667,0.00807270103589717,1000
sp10,179,predation.predPrey.sizeRatio.alpha.sp7.stage1,0.000144049038194452,0.00615328998958335,0.00817360175082133,1000
sp10,180,predation.predPrey.sizeRatio.teta.sp8.stage1,-0.000162186700277781,0.00643241503527778,0.00868726657342689,1000
sp10,181,predation.predPrey.sizeRatio.alpha.sp8.stage1,-0.000197097575694427,0.00742608737208333,0.00965001666758856,1000
sp10,182,predation.predPrey.sizeRatio.teta.sp9.stage1,-0.000133143728472233,0.00707137723152778,0.0091472202007737,1000
sp10,183,predation.predPrey.sizeRatio.alpha.sp9.stage1,0.000149146284583323,0.0144147551420833,0.0190845912681248,1000
sp10,184,predation.predPrey.sizeRatio.teta.sp10.stage1,-0.00023747607563083,0.00774968054353585,0.00995449619049717,1000
sp10,185,predation.predPrey.sizeRatio.alpha.sp10.stage1,-0.000718824681944429,0.15328195393,0.1580582717012,1000
sp10,186,predation.predPrey.sizeRatio.teta.sp11.stage1,-9.82826279166645e-05,0.00665270796652778,0.00881940654669127,1000
sp10,187,predation.predPrey.sizeRatio.alpha.sp11.stage1,-0.000232579289444446,0.00708947424499998,0.00917072026847606,1000
sp10,188,predation.predPrey.sizeRatio.teta.sp12.stage1,5.46036536111136e-05,0.00999431822861111,0.0129255267366408,1000
sp10,189,predation.predPrey.sizeRatio.alpha.sp12.stage1,-0.000150116872499996,0.00951267162611111,0.0122192466200398,1000
sp10,190,predation.predPrey.sizeRatio.teta.sp13.stage1,0.000702412270972217,0.00658517914736111,0.00850637156710749,1000
sp10,191,predation.predPrey.sizeRatio.alpha.sp13.stage1,0.000334018326249998,0.0132803520159722,0.0185596394092099,1000
sp10,192,predation.predPrey.sizeRatio.teta.sp14.stage1,-0.000432149725972221,0.00627639275569446,0.0082234257907127,1000
sp10,193,predation.predPrey.sizeRatio.alpha.sp14.stage1,0.000174052156249983,0.00623614469041667,0.00830164760186186,1000
sp10,194,predation.predPrey.sizeRatio.teta.sp15.stage1,0.000195323088090275,0.00623581598670139,0.00845983000154566,1000
sp10,195,predation.predPrey.sizeRatio.alpha.sp15.stage1,0.000143118036250008,0.00677217145791666,0.00910216003750093,1000
sp11,1,mortality.additional.rate.sp0,0.000118619182500006,0.00130644471027778,0.00192969879676954,1000
sp11,2,mortality.additional.rate.sp1,4.35814302777832e-05,0.00139505977916667,0.00207547572490236,1000
sp11,3,mortality.additional.rate.sp2,2.24591111101957e-07,0.00144193113361111,0.00206481646487139,1000
sp11,4,mortality.additional.rate.sp3,-9.15558768055376e-05,0.00138962162208334,0.00195268813680052,1000
sp11,5,mortality.additional.rate.sp4,-1.96016722223491e-06,0.00139521625833333,0.00203015326867442,1000
sp11,6,mortality.additional.rate.sp5,-2.61713666666686e-05,0.00143779170305555,0.00210385599123644,1000
sp11,7,mortality.additional.rate.sp6,-3.54600263888438e-06,0.00134210320902777,0.00194923922325056,1000
sp11,8,mortality.additional.rate.sp7,1.28061908333593e-05,0.00136456669027779,0.00202757621648847,1000
sp11,9,mortality.additional.rate.sp8,-6.12281347221899e-06,0.00137817322124999,0.00207110489175621,1000
sp11,10,mortality.additional.rate.sp9,6.06434373611059e-05,0.00133452508097223,0.00200863358875142,1000
sp11,11,mortality.additional.rate.sp10,-5.03782873611214e-05,0.00129794675402779,0.00190442369570434,1000
sp11,12,mortality.additional.rate.sp11,-6.93459005555626e-05,0.00136224350694446,0.00201651511787152,1000
sp11,13,mortality.additional.rate.sp12,3.87456163888821e-05,0.00141334048333332,0.00211672005342379,1000
sp11,14,mortality.additional.rate.sp13,1.93854791668269e-06,0.00136127235708333,0.00198953480537512,1000
sp11,15,mortality.additional.rate.sp14,7.55760327777775e-05,0.00136121075611112,0.00192263753947748,1000
sp11,16,mortality.additional.rate.sp15,4.42257452777928e-05,0.00137116126777778,0.0020656915678728,1000
sp11,17,fisheries.rate.base.fsh0,-3.56479588888954e-05,0.00156649442444445,0.00230199047730509,1000
sp11,18,fisheries.rate.base.fsh1,7.0871980277763e-05,0.00152745674861113,0.00214641844680989,1000
sp11,19,fisheries.rate.base.fsh2,-7.22502618055334e-05,0.00141141278541666,0.00203418392713686,1000
sp11,20,fisheries.rate.base.fsh3,-1.9690210555563e-05,0.00135713145944444,0.00194301298378205,1000
sp11,21,species.catchability.fsh0.sp0,0.000124427848611124,0.00139872879805556,0.00199383727905481,1000
sp11,22,species.catchability.fsh0.sp1,-2.62777462499886e-05,0.00140483177625002,0.00203799982110366,1000
sp11,23,species.catchability.fsh0.sp2,-6.93361754166718e-05,0.00138896040013889,0.00200796376927233,1000
sp11,24,species.catchability.fsh0.sp3,3.85172044444345e-05,0.00140670690416665,0.00206586610027903,1000
sp11,25,species.catchability.fsh0.sp5,-4.3460106666666e-05,0.00137548716472224,0.00207007524873261,1000
sp11,26,species.catchability.fsh0.sp7,-0.000118674572916643,0.00128520575069445,0.00187267245360842,1000
sp11,27,species.catchability.fsh0.sp8,-8.37397400000011e-05,0.00135568886638888,0.00198432216139811,1000
sp11,28,species.catchability.fsh0.sp9,-5.52896944444491e-05,0.00136066025083333,0.00197000920328456,1000
sp11,29,species.catchability.fsh0.sp10,4.35158888888703e-05,0.00128739019305558,0.00181535137857591,1000
sp11,30,species.catchability.fsh0.sp13,-4.23099599999939e-05,0.00138158920472224,0.00203069882973517,1000
sp11,31,species.catchability.fsh0.sp14,6.02362736111153e-05,0.00134376682416667,0.00188196812989318,1000
sp11,32,species.catchability.fsh0.sp15,-5.64166681944234e-05,0.00139571588430555,0.00200503894673565,1000
sp11,33,species.catchability.fsh1.sp9,-5.0644570277774e-05,0.00150036044861112,0.00219134570836283,1000
sp11,34,species.catchability.fsh1.sp10,8.57736434722277e-05,0.00137181743319444,0.00201938681336784,1000
sp11,35,species.catchability.fsh1.sp11,8.83792019444517e-05,0.00164257721833332,0.00224108217309407,1000
sp11,36,species.catchability.fsh1.sp12,2.64852923611086e-05,0.00138878622069445,0.00209003030065265,1000
sp11,37,species.catchability.fsh2.sp0,-7.76213958332994e-06,0.00134710256819445,0.00197228849288689,1000
sp11,38,species.catchability.fsh2.sp5,9.58600125002496e-06,0.00135119575402778,0.00196021115445721,1000
sp11,39,species.catchability.fsh2.sp7,-0.000148253280972231,0.00134784841041667,0.00194171864172164,1000
sp11,40,species.catchability.fsh2.sp8,3.01335086111028e-05,0.00132167698833334,0.00195663084625296,1000
sp11,41,species.catchability.fsh3.sp0,5.78886359722298e-05,0.00138462224152778,0.00207211084170966,1000
sp11,42,species.catchability.fsh3.sp1,2.59598305554143e-06,0.00132681734305555,0.00193097539851469,1000
sp11,43,species.catchability.fsh3.sp2,8.41753791667055e-06,0.00134822995902778,0.00193039268471059,1000
sp11,44,species.catchability.fsh3.sp3,-0.000192331496388891,0.00137906055777777,0.00207603371065274,1000
sp11,45,species.catchability.fsh3.sp5,0.000102277018472224,0.00134486916180557,0.00203382376307207,1000
sp11,46,species.catchability.fsh3.sp7,6.30601688888733e-05,0.00132787592777778,0.00194696419890025,1000
sp11,47,species.catchability.fsh3.sp8,-6.78933849999962e-05,0.00131444792694443,0.00192032325620816,1000
sp11,48,species.catchability.fsh3.sp9,0.000175090510972224,0.00130322563874999,0.00186170028644376,1000
sp11,49,species.catchability.fsh3.sp10,0.000130383866666663,0.00139111381888888,0.00207934927274879,1000
sp11,50,species.catchability.fsh3.sp11,4.79592749999966e-05,0.00141085332694445,0.00208043320727672,1000
sp11,51,species.catchability.fsh3.sp12,0.000113042094861114,0.00136146418430554,0.00193343608344397,1000
sp11,52,species.catchability.fsh3.sp13,-4.00644377777796e-05,0.00128235711916667,0.00184270299472872,1000
sp11,53,species.catchability.fsh3.sp14,-9.05190027778691e-06,0.00132828456444443,0.00195065132933187,1000
sp11,54,species.catchability.fsh3.sp15,5.23818730555603e-05,0.00127018249166667,0.00183255530725561,1000
sp11,55,species.length2weight.condition.factor.sp0,1.65323462499904e-05,0.00160200228319444,0.00229569001009704,1000
sp11,56,species.length2weight.condition.factor.sp1,-4.61340775000116e-05,0.00128535737944446,0.00189601360153202,1000
sp11,57,species.length2weight.condition.factor.sp2,-5.78808912499971e-05,0.00133269673930556,0.00191862285806079,1000
sp11,58,species.length2weight.condition.factor.sp3,-6.31975254166587e-05,0.00145550220763887,0.00211295611664414,1000
sp11,59,species.length2weight.condition.factor.sp4,0.000147380733888888,0.00215261181527778,0.00337762395039599,1000
sp11,60,species.length2weight.condition.factor.sp5,-1.49890416665555e-06,0.00141565911861109,0.00204465769378159,1000
sp11,61,species.length2weight.condition.factor.sp6,8.2449500000001e-05,0.0014924488813889,0.00220195296831022,1000
sp11,62,species.length2weight.condition.factor.sp7,2.63445641666776e-05,0.0013619767563889,0.0020214980479122,1000
sp11,63,species.length2weight.condition.factor.sp8,2.85490508333466e-05,0.00134168732833333,0.00199261721600793,1000
sp11,64,species.length2weight.condition.factor.sp9,-6.15353909722196e-05,0.00145974928263889,0.00214797502796618,1000
sp11,65,species.length2weight.condition.factor.sp10,1.40399398611315e-05,0.00131863115513889,0.00188826415177856,1000
sp11,66,species.length2weight.condition.factor.sp11,-5.57061818055412e-05,0.00203977223041668,0.00282861822441972,1000
sp11,67,species.length2weight.condition.factor.sp12,-9.16849947222241e-05,0.00145416273527778,0.00213081439718031,1000
sp11,68,species.length2weight.condition.factor.sp13,-0.000125170072222219,0.00166374023861113,0.00260511379654959,1000
sp11,69,species.length2weight.condition.factor.sp14,2.71495593055597e-05,0.00135623683125,0.00200985878057366,1000
sp11,70,species.length2weight.condition.factor.sp15,-1.27585655555742e-05,0.00135568873416668,0.00193305482297181,1000
sp11,71,species.k.sp0,-9.5252634166656e-05,0.00221511958305557,0.00333168581856087,1000
sp11,72,species.k.sp1,7.21416568055678e-05,0.00134887202236111,0.00188557163650425,1000
sp11,73,species.k.sp2,-1.09008929166774e-05,0.0014805888951389,0.00211756372612717,1000
sp11,74,species.k.sp3,1.13707854166676e-05,0.00160671512069442,0.00225844801298122,1000
sp11,75,species.k.sp4,9.62279743055543e-05,0.00362183914652779,0.00500218473144057,1000
sp11,76,species.k.sp5,-1.42648906944629e-05,0.00135465021319444,0.00203516787421178,1000
sp11,77,species.k.sp6,8.66372383333467e-05,0.00151597214805555,0.00213801702031814,1000
sp11,78,species.k.sp7,-6.05126715277787e-05,0.00135314355263889,0.00193867527186024,1000
sp11,79,species.k.sp8,-0.000100245348194443,0.00131739090680557,0.00195298052290406,1000
sp11,80,species.k.sp9,-6.40918444444459e-05,0.00237541245083333,0.00328720465715093,1000
sp11,81,species.k.sp10,-0.000110430273873451,0.00140757096137345,0.00204549237252999,1000
sp11,82,species.k.sp11,-7.3306898194449e-05,0.00409788562069444,0.00485766158219572,1000
sp11,83,species.k.sp12,2.03302604166696e-05,0.00176923716958332,0.00239041278660548,1000
sp11,84,species.k.sp13,0.00023706610666667,0.00696338181,0.0115332976913683,1000
sp11,85,species.k.sp14,-7.32641904166659e-05,0.00147420680847222,0.00221329152276032,1000
sp11,86,species.k.sp15,-1.82962820833249e-05,0.00142296521208333,0.00207280650586859,1000
sp11,87,species.l0.sp0,1.99078512499967e-05,0.0014435448698611,0.00209813465267598,1000
sp11,88,species.l0.sp1,3.66800913888989e-05,0.001371732145,0.00193473832939636,1000
sp11,89,species.l0.sp2,4.43599236111116e-05,0.00156930346222223,0.00221375154646063,1000
sp11,90,species.l0.sp3,-8.63701611112577e-06,0.00142858595250001,0.0021151596275804,1000
sp11,91,species.l0.sp4,-8.8525872361114e-05,0.00264902984791666,0.00396938336490228,1000
sp11,92,species.l0.sp5,-4.90029059722179e-05,0.00128182038347222,0.00185298729500692,1000
sp11,93,species.l0.sp6,1.3459862499986e-06,0.00137775486236112,0.00203574020126984,1000
sp11,94,species.l0.sp7,-9.10661869444598e-05,0.00131753057916668,0.00193060420882397,1000
sp11,95,species.l0.sp8,2.40163700000183e-05,0.00130055359194446,0.00188255953454691,1000
sp11,96,species.l0.sp9,0.000138001300694436,0.00207547526375002,0.00290117867571987,1000
sp11,97,species.l0.sp10,-4.87119820833342e-05,0.00168382561763888,0.00232344670380255,1000
sp11,98,species.l0.sp11,-3.16611351388958e-05,0.00251102671847223,0.00321926243389012,1000
sp11,99,species.l0.sp12,-2.23524456944498e-05,0.00137815914541666,0.00194474539716256,1000
sp11,100,species.l0.sp13,0.00011710934083333,0.00138912829611111,0.00208528303067102,1000
sp11,101,species.l0.sp14,7.57959611111169e-05,0.00138980394583334,0.00203461644505944,1000
sp11,102,species.l0.sp15,-9.0124280555558e-06,0.00136664634166667,0.00203397787443447,1000
sp11,103,mortality.additional.larva.rate.sp0,0.000105637945972212,0.00222122877569443,0.00351146010038997,1000
sp11,104,mortality.additional.larva.rate.sp1,-3.17150225000093e-05,0.00137296987138889,0.00199723740025974,1000
sp11,105,mortality.additional.larva.rate.sp2,-6.62627855555605e-05,0.00361620515277777,0.00481047113709694,1000
sp11,106,mortality.additional.larva.rate.sp3,5.12116500000192e-05,0.00245382568861113,0.00324422368592813,1000
sp11,107,mortality.additional.larva.rate.sp4,-6.10352691666736e-05,0.00138191738416666,0.00206572015830771,1000
sp11,108,mortality.additional.larva.rate.sp5,7.68143473611099e-05,0.00137254237652776,0.00201531978094871,1000
sp11,109,mortality.additional.larva.rate.sp6,-0.000110649892500013,0.00138373008666668,0.00200953794481631,1000
sp11,110,mortality.additional.larva.rate.sp9,0.000315380739722221,0.00451160045194445,0.00549046742372129,1000
sp11,111,mortality.additional.larva.rate.sp10,5.42856309722275e-05,0.00225618883875,0.00307151790958526,1000
sp11,112,mortality.additional.larva.rate.sp11,0.000129898264027797,0.00141557233708333,0.00199395093411138,1000
sp11,113,mortality.additional.larva.rate.sp12,0.000228542277638878,0.00311491067319444,0.00382388712849761,1000
sp11,114,mortality.additional.larva.rate.sp13,3.92883370833165e-05,0.00133085667847223,0.00190174634612989,1000
sp11,115,mortality.additional.larva.rate.sp14,0.000103289420694435,0.00137369842263889,0.00206628931323076,1000
sp11,116,mortality.additional.larva.rate.sp15,-2.69428347222209e-05,0.00132091145666669,0.00189834631141913,1000
sp11,117,mortality.additional.larva.rate.mean.sp7,3.33293780555372e-05,0.00140639233388888,0.00214910642775974,1000
sp11,118,mortality.additional.larva.rate.mean.sp8,3.88872691666607e-05,0.00152806710388891,0.00210352807023155,1000
sp11,119,species.linf.sp0,-0.000321310167500005,0.00264479681666666,0.00409206273733665,1000
sp11,120,species.linf.sp1,7.51355519444332e-05,0.00151214588972223,0.0021708985789269,1000
sp11,121,species.linf.sp2,-0.000155477049583315,0.00264384826513889,0.00369651147433979,1000
sp11,122,species.linf.sp3,5.94555509722271e-05,0.00266088150125001,0.00362126115257888,1000
sp11,123,species.linf.sp4,-2.01223073765525e-05,0.00815871407512342,0.01101258116315,1000
sp11,124,species.linf.sp5,-3.88152761110991e-05,0.00167032970027778,0.00238687332105061,1000
sp11,125,species.linf.sp6,-2.64505111110869e-06,0.00185646027194444,0.00246545944588381,1000
sp11,126,species.linf.sp7,-6.15841430557274e-06,0.0013572857326389,0.00199454436505846,1000
sp11,127,species.linf.sp8,-1.22347691666695e-05,0.00150695885666667,0.00206985196141646,1000
sp11,128,species.linf.sp9,-0.000168893107638905,0.00589225603458334,0.0074354184850219,1000
sp11,129,species.linf.sp10,-8.26396579166772e-05,0.00186750222847222,0.00255085395762723,1000
sp11,130,species.linf.sp11,0.000349036835000001,0.0195342749972222,0.0227348893623338,1000
sp11,131,species.linf.sp12,-6.4551813472184e-05,0.00205074283458333,0.00277996753901507,1000
sp11,132,species.linf.sp13,4.53862208333333e-05,0.0048162340975,0.00817137343007527,1000
sp11,133,species.linf.sp14,1.12685523610877e-05,0.00134981383347222,0.00207151323101518,1000
sp11,134,species.linf.sp15,9.56276591666647e-05,0.00150217030444445,0.00223104395437949,1000
sp11,135,species.accessibility2fish.sp16,4.61781522222202e-05,0.00137331841888886,0.00196922334499722,1000
sp11,136,species.accessibility2fish.sp17,-3.31990604166768e-05,0.00130740065458334,0.00197841907052539,1000
sp11,137,species.accessibility2fish.sp18,6.41043676388906e-05,0.00140037057319444,0.0020616352013925,1000
sp11,138,species.accessibility2fish.sp19,0.000256273297777764,0.00662502663083334,0.0109709938585981,1000
sp11,139,species.accessibility2fish.sp20,-7.67569473610974e-05,0.00126556613652778,0.00176697448787732,1000
sp11,140,species.accessibility2fish.sp21,-3.32490686111135e-05,0.00641131916444443,0.0106181788965119,1000
sp11,141,species.accessibility2fish.sp22,6.49038133333338e-05,0.00146240132888888,0.0021536660111414,1000
sp11,142,species.accessibility2fish.sp23,2.986329791668e-05,0.0014408403926389,0.00209639520200339,1000
sp11,143,species.accessibility2fish.sp24,4.14790784722151e-05,0.00222180547458335,0.00310943246320188,1000
sp11,144,species.accessibility2fish.sp25,-1.93202518055545e-05,0.00140082721624999,0.00210048206340863,1000
sp11,145,species.accessibility2fish.sp26,-0.000134350180416684,0.00141603185013888,0.00204000178566297,1000
sp11,146,species.maturity.size.ratio.sp0,3.02777727777758e-05,0.00242983515638889,0.00394736194962572,1000
sp11,147,species.maturity.size.ratio.sp1,-1.86936399999931e-05,0.00134946914472222,0.00190903597205904,1000
sp11,148,species.maturity.size.ratio.sp2,-4.72603269444272e-05,0.00140326628361112,0.00205441467890591,1000
sp11,149,species.maturity.size.ratio.sp3,-3.20374502777805e-05,0.00130827737833335,0.00198890635819269,1000
sp11,150,species.maturity.size.ratio.sp4,8.95076194444289e-06,0.00326578845638891,0.00444140264490216,1000
sp11,151,species.maturity.size.ratio.sp5,2.44969268055519e-05,0.00143147522486111,0.00210078830807789,1000
sp11,152,species.maturity.size.ratio.sp6,4.53849258333521e-05,0.00176200682972223,0.00248447613758297,1000
sp11,153,species.maturity.size.ratio.sp7,-6.49869801388804e-05,0.00136452322124999,0.00195411848901423,1000
sp11,154,species.maturity.size.ratio.sp8,2.73200968055725e-05,0.00134673172180555,0.00196042832740867,1000
sp11,155,species.maturity.size.ratio.sp9,-3.63089270833284e-05,0.00140927336180555,0.00195210091422137,1000
sp11,156,species.maturity.size.ratio.sp10,2.62648749999984e-05,0.00149605208472222,0.00215435234144369,1000
sp11,157,species.maturity.size.ratio.sp11,1.4780063472209e-05,0.0138725380431944,0.0190054844028978,1000
sp11,158,species.maturity.size.ratio.sp12,5.10979806944381e-05,0.00167239327986109,0.00231398810540894,1000
sp11,159,species.maturity.size.ratio.sp13,-0.000504023644444455,0.0155562540486111,0.0228005118107691,1000
sp11,160,species.maturity.size.ratio.sp14,-0.000108971445138902,0.00138044174430556,0.00200631811040123,1000
sp11,161,species.maturity.size.ratio.sp15,-7.39664722220923e-06,0.00147858360805554,0.00219252991684023,1000
sp11,162,predation.predPrey.sizeRatio.teta.sp0.stage1,5.26525270833205e-05,0.00146861649569444,0.00214985271854116,1000
sp11,163,predation.predPrey.sizeRatio.alpha.sp0.stage1,5.57339125000644e-06,0.00173907967041666,0.00241943245429893,1000
sp11,164,predation.predPrey.sizeRatio.teta.sp1.stage1,8.32129656944561e-05,0.00138722370208333,0.00205645747156338,1000
sp11,165,predation.predPrey.sizeRatio.alpha.sp1.stage1,-2.15258088888854e-05,0.00135360145861112,0.00195594678973946,1000
sp11,166,predation.predPrey.sizeRatio.teta.sp2.stage1,-7.59784968055541e-05,0.00135092884013889,0.00200877181810547,1000
sp11,167,predation.predPrey.sizeRatio.alpha.sp2.stage1,0.000139240403750005,0.00160943277152778,0.00229090970744418,1000
sp11,168,predation.predPrey.sizeRatio.teta.sp3.stage1,4.90441836111003e-05,0.00136306015611111,0.00198157168751536,1000
sp11,169,predation.predPrey.sizeRatio.alpha.sp3.stage1,3.87905388888904e-05,0.00186780116444445,0.00263015813219782,1000
sp11,170,predation.predPrey.sizeRatio.teta.sp4.stage1,-5.74098068055695e-05,0.00152139847513888,0.00217678294930011,1000
sp11,171,predation.predPrey.sizeRatio.alpha.sp4.stage1,0.000260009977500006,0.00569167394444446,0.0076558558767346,1000
sp11,172,predation.predPrey.sizeRatio.teta.sp5.stage1,-8.55576604166661e-05,0.00145558066597222,0.00214544636457461,1000
sp11,173,predation.predPrey.sizeRatio.teta.sp5.stage2,6.78251291666567e-05,0.00156356384527779,0.00221942592156435,1000
sp11,174,predation.predPrey.sizeRatio.alpha.sp5.stage1,-6.69057909722303e-05,0.0013535764501389,0.0019901689656351,1000
sp11,175,predation.predPrey.sizeRatio.alpha.sp5.stage2,3.98182322222291e-05,0.00141925684444442,0.00198166679243337,1000
sp11,176,predation.predPrey.sizeRatio.teta.sp6.stage1,5.6542292916664e-05,0.00131465644625001,0.00186882756291153,1000
sp11,177,predation.predPrey.sizeRatio.alpha.sp6.stage1,-1.66062020833246e-05,0.00133155669013888,0.00191710349216904,1000
sp11,178,predation.predPrey.sizeRatio.teta.sp7.stage1,4.78396625000521e-06,0.00127608348291667,0.00185852185644553,1000
sp11,179,predation.predPrey.sizeRatio.alpha.sp7.stage1,0.000126404240277749,0.00145794913638889,0.0021789853864747,1000
sp11,180,predation.predPrey.sizeRatio.teta.sp8.stage1,8.83392144444515e-05,0.00136415293583334,0.00207881485551854,1000
sp11,181,predation.predPrey.sizeRatio.alpha.sp8.stage1,-5.04878577777884e-05,0.00145014972861111,0.00207324935651699,1000
sp11,182,predation.predPrey.sizeRatio.teta.sp9.stage1,-6.09848594444507e-05,0.00143383336444443,0.00206516548684089,1000
sp11,183,predation.predPrey.sizeRatio.alpha.sp9.stage1,9.37155488888932e-05,0.002129518265,0.00286688394533823,1000
sp11,184,predation.predPrey.sizeRatio.teta.sp10.stage1,0.000100942725138913,0.0013376574973611,0.00202275677169988,1000
sp11,185,predation.predPrey.sizeRatio.alpha.sp10.stage1,4.76780208333169e-05,0.00145368488416665,0.0020183201303305,1000
sp11,186,predation.predPrey.sizeRatio.teta.sp11.stage1,-0.000677629488472235,0.0086506740123611,0.0108297951526835,1000
sp11,187,predation.predPrey.sizeRatio.alpha.sp11.stage1,0.000513171834583344,0.0229124664756945,0.0262640989226736,1000
sp11,188,predation.predPrey.sizeRatio.teta.sp12.stage1,8.04416472221725e-06,0.00268779937416666,0.0033156092830477,1000
sp11,189,predation.predPrey.sizeRatio.alpha.sp12.stage1,-3.20480747222398e-05,0.00144445424666668,0.00211456888960445,1000
sp11,190,predation.predPrey.sizeRatio.teta.sp13.stage1,-2.51807256944362e-05,0.00145065753680556,0.00222027084777131,1000
sp11,191,predation.predPrey.sizeRatio.alpha.sp13.stage1,0.00022773929791667,0.00378599473291666,0.00623386960816071,1000
sp11,192,predation.predPrey.sizeRatio.teta.sp14.stage1,-4.96563870833261e-05,0.00141073722513887,0.00206410716483954,1000
sp11,193,predation.predPrey.sizeRatio.alpha.sp14.stage1,2.70905979166542e-05,0.00136590925625001,0.00198716634907334,1000
sp11,194,predation.predPrey.sizeRatio.teta.sp15.stage1,1.07240330555465e-05,0.00141067779416666,0.00209534975851401,1000
sp11,195,predation.predPrey.sizeRatio.alpha.sp15.stage1,-9.27214361110029e-06,0.00141788426694445,0.00205317702275971,1000
sp12,1,mortality.additional.rate.sp0,7.57845277779046e-06,0.000737955164722211,0.000960957018076471,1000
sp12,2,mortality.additional.rate.sp1,3.27386791665985e-06,0.000757450638194454,0.000972628837062349,1000
sp12,3,mortality.additional.rate.sp2,8.62969333332575e-06,0.000786250303611108,0.00101265813725875,1000
sp12,4,mortality.additional.rate.sp3,2.1382454722224e-05,0.00124124748805556,0.00155484416291986,1000
sp12,5,mortality.additional.rate.sp4,5.05644999998822e-06,0.000724819569444449,0.000933698636926623,1000
sp12,6,mortality.additional.rate.sp5,-2.315045930555e-05,0.000992786521805568,0.00129992609156996,1000
sp12,7,mortality.additional.rate.sp6,2.13385374999943e-05,0.000734622499722229,0.0009525851293348,1000
sp12,8,mortality.additional.rate.sp7,-3.67368419444529e-05,0.000745518120277781,0.000964382752018235,1000
sp12,9,mortality.additional.rate.sp8,5.11979581944257e-05,0.000729205962916681,0.000945797271912357,1000
sp12,10,mortality.additional.rate.sp9,7.79035055556809e-06,0.000749536810555571,0.000954226223464817,1000
sp12,11,mortality.additional.rate.sp10,3.86654464583317e-05,0.000737340337708323,0.000950166421516718,1000
sp12,12,mortality.additional.rate.sp11,2.96784113888944e-05,0.00074068863944442,0.000957555978354253,1000
sp12,13,mortality.additional.rate.sp12,-3.77813799999994e-05,0.000735044230277765,0.000937038627657253,1000
sp12,14,mortality.additional.rate.sp13,7.89848111111679e-06,0.000728612713888882,0.000931098648467231,1000
sp12,15,mortality.additional.rate.sp14,6.94134894444335e-05,0.000763178249166661,0.000983580858498129,1000
sp12,16,mortality.additional.rate.sp15,-8.68262986109958e-06,0.00071203102541666,0.000919046274249817,1000
sp12,17,fisheries.rate.base.fsh0,8.15633029166711e-05,0.00162357721847224,0.00192945636370808,1000
sp12,18,fisheries.rate.base.fsh1,-1.97439744444402e-05,0.00130169167527778,0.00158096979317039,1000
sp12,19,fisheries.rate.base.fsh2,-6.62792666666123e-06,0.000752785397777784,0.000984513766416898,1000
sp12,20,fisheries.rate.base.fsh3,3.7814809861127e-05,0.000829326212361117,0.0010434689625943,1000
sp12,21,species.catchability.fsh0.sp0,-1.06330486111093e-05,0.000937324290000004,0.00119134680593742,1000
sp12,22,species.catchability.fsh0.sp1,4.14722136110924e-05,0.000789657889999977,0.00102967174705198,1000
sp12,23,species.catchability.fsh0.sp2,-4.57637133333286e-05,0.000737282480277779,0.000949133751110721,1000
sp12,24,species.catchability.fsh0.sp3,9.83145236110956e-05,0.00174047346472223,0.00206060292627045,1000
sp12,25,species.catchability.fsh0.sp5,-3.30036097220654e-06,0.000792027142083341,0.00103473471830417,1000
sp12,26,species.catchability.fsh0.sp7,-1.99085833333401e-06,0.000741376253333332,0.000970933623101596,1000
sp12,27,species.catchability.fsh0.sp8,5.71920893055505e-05,0.000716866806249991,0.000934519770720749,1000
sp12,28,species.catchability.fsh0.sp9,1.3605797916652e-05,0.000759604734583331,0.00100052839155027,1000
sp12,29,species.catchability.fsh0.sp10,6.36145183333435e-05,0.000780485517777792,0.00102429544090945,1000
sp12,30,species.catchability.fsh0.sp13,1.94634970833243e-05,0.000713476268749995,0.000910424120485626,1000
sp12,31,species.catchability.fsh0.sp14,9.14875694421724e-07,0.000727670734583319,0.000937658851211989,1000
sp12,32,species.catchability.fsh0.sp15,-4.51983213888851e-05,0.000691629726666678,0.000894179678486534,1000
sp12,33,species.catchability.fsh1.sp9,6.27549319444676e-06,0.000741519075694454,0.000951537809084856,1000
sp12,34,species.catchability.fsh1.sp10,-1.74852280555647e-05,0.000860756785000009,0.00110390434934541,1000
sp12,35,species.catchability.fsh1.sp11,4.21333704166592e-05,0.000751025571527783,0.000991892949987444,1000
sp12,36,species.catchability.fsh1.sp12,-3.23915238889061e-05,0.00147101733916666,0.00170907371103081,1000
sp12,37,species.catchability.fsh2.sp0,8.56675166667764e-06,0.000733701529166685,0.000958419478575249,1000
sp12,38,species.catchability.fsh2.sp5,-1.56725916667377e-06,0.000765543805833322,0.000992928005381474,1000
sp12,39,species.catchability.fsh2.sp7,1.28348140277823e-05,0.000718721209305561,0.00093017162677945,1000
sp12,40,species.catchability.fsh2.sp8,5.08442180553137e-06,0.000716665571805568,0.000938532971275955,1000
sp12,41,species.catchability.fsh3.sp0,-3.40057326388677e-05,0.000741074175138885,0.00095388645645144,1000
sp12,42,species.catchability.fsh3.sp1,-2.54672920833534e-05,0.000745123896805554,0.000959166447698733,1000
sp12,43,species.catchability.fsh3.sp2,-1.38720001388885e-05,0.000735945735972201,0.00095347995371111,1000
sp12,44,species.catchability.fsh3.sp3,-3.59394855555617e-05,0.000783746897499989,0.00101736775936321,1000
sp12,45,species.catchability.fsh3.sp5,1.44403281944326e-05,0.00076344444069444,0.000985161004163515,1000
sp12,46,species.catchability.fsh3.sp7,1.69616931944409e-05,0.000715172320138881,0.000925583013199545,1000
sp12,47,species.catchability.fsh3.sp8,-4.23302356944505e-05,0.000720301890972226,0.000940920134013541,1000
sp12,48,species.catchability.fsh3.sp9,-3.29792156944585e-05,0.000749186193194445,0.000963015690930861,1000
sp12,49,species.catchability.fsh3.sp10,3.87924949999955e-05,0.000733112755277783,0.000953137830187592,1000
sp12,50,species.catchability.fsh3.sp11,-3.286925833343e-06,0.000737207512222214,0.000969873355032142,1000
sp12,51,species.catchability.fsh3.sp12,4.35573201388928e-05,0.000727020315972216,0.000944549941654516,1000
sp12,52,species.catchability.fsh3.sp13,3.73145568055429e-05,0.000747062138472219,0.000978923002738402,1000
sp12,53,species.catchability.fsh3.sp14,-2.24114965277644e-05,0.000738884474027792,0.000981591857517442,1000
sp12,54,species.catchability.fsh3.sp15,-8.0218314166668e-05,0.000737681001944456,0.000953238123992938,1000
sp12,55,species.length2weight.condition.factor.sp0,-1.02022433333323e-05,0.000988818452222225,0.00127664781760795,1000
sp12,56,species.length2weight.condition.factor.sp1,5.94719222222473e-06,0.00075094249027777,0.000977543999590599,1000
sp12,57,species.length2weight.condition.factor.sp2,-1.18063895833489e-05,0.00090940507291666,0.00116193655298944,1000
sp12,58,species.length2weight.condition.factor.sp3,-7.87677138889198e-06,0.00140309365972221,0.00190328541808165,1000
sp12,59,species.length2weight.condition.factor.sp4,0.000103177135833333,0.00106887706916665,0.00138242971290213,1000
sp12,60,species.length2weight.condition.factor.sp5,-6.82472972221504e-06,0.000722789829999995,0.000946261662738072,1000
sp12,61,species.length2weight.condition.factor.sp6,-1.30848550000067e-05,0.000956706708611123,0.00120012281183484,1000
sp12,62,species.length2weight.condition.factor.sp7,-4.62337147222128e-05,0.000741728281388887,0.000942751864914408,1000
sp12,63,species.length2weight.condition.factor.sp8,6.97504208334721e-06,0.000731395905138872,0.000936310317972481,1000
sp12,64,species.length2weight.condition.factor.sp9,-1.07950227777741e-05,0.00106691257166667,0.00132070597863385,1000
sp12,65,species.length2weight.condition.factor.sp10,-3.51606888888903e-05,0.000992277873611103,0.00128610581685843,1000
sp12,66,species.length2weight.condition.factor.sp11,9.17281652776469e-06,0.000755019526527773,0.0009567324861841,1000
sp12,67,species.length2weight.condition.factor.sp12,3.4015041666543e-06,0.00101548658361112,0.00129297958021246,1000
sp12,68,species.length2weight.condition.factor.sp13,-1.93201409722384e-05,0.0008271061409722,0.00109419827031987,1000
sp12,69,species.length2weight.condition.factor.sp14,-3.47167372222139e-05,0.000750323744722214,0.00096806602016183,1000
sp12,70,species.length2weight.condition.factor.sp15,1.5060995833176e-06,0.000775866393749983,0.00102225986598885,1000
sp12,71,species.k.sp0,-0.000109842391944437,0.00267864317,0.00343998038515232,1000
sp12,72,species.k.sp1,-5.97836069444506e-05,0.000886576407499987,0.00113862804741022,1000
sp12,73,species.k.sp2,6.55319379166622e-05,0.00111106972569445,0.00143280041480394,1000
sp12,74,species.k.sp3,-6.07444444444484e-05,0.00339563176166666,0.00444630309167729,1000
sp12,75,species.k.sp4,5.74943016666766e-05,0.00112119382472224,0.00150328942737624,1000
sp12,76,species.k.sp5,-0.00011897246472222,0.000968148091944454,0.00122834166376606,1000
sp12,77,species.k.sp6,-1.30837427777787e-05,0.00114548678416668,0.00144695954576828,1000
sp12,78,species.k.sp7,1.47869050000026e-05,0.000709570059722222,0.000941665778762255,1000
sp12,79,species.k.sp8,1.62809023610999e-05,0.00074882426402777,0.000986346180133463,1000
sp12,80,species.k.sp9,-0.000118847556527791,0.00138939511763889,0.00173095207220801,1000
sp12,81,species.k.sp10,-9.38856974999981e-05,0.00123735937888888,0.00161606554254861,1000
sp12,82,species.k.sp11,2.74527555555558e-05,0.00092448745277778,0.00120389544555998,1000
sp12,83,species.k.sp12,-1.74976423611084e-05,0.00196280417180556,0.00239652938377976,1000
sp12,84,species.k.sp13,0.000213290007777785,0.00733796377222221,0.00899451367877642,1000
sp12,85,species.k.sp14,-9.61807875001186e-06,0.000766971412083338,0.000988138045464251,1000
sp12,86,species.k.sp15,4.62011861109213e-06,0.000854905012500006,0.00112394903492633,1000
sp12,87,species.l0.sp0,1.28167656944385e-05,0.0008460405848611,0.00110308874533259,1000
sp12,88,species.l0.sp1,1.8802280972239e-05,0.000780568923749979,0.00100572556850786,1000
sp12,89,species.l0.sp2,-5.34026480555544e-05,0.00141025693083334,0.00181266187425334,1000
sp12,90,species.l0.sp3,1.24319805556628e-06,0.00135182087055555,0.00180784741563739,1000
sp12,91,species.l0.sp4,6.37189680556771e-06,0.00109309534930554,0.00136877544878258,1000
sp12,92,species.l0.sp5,-1.54567097220959e-06,0.000713842382361096,0.000919312564608507,1000
sp12,93,species.l0.sp6,-1.47532466666666e-05,0.000870260778333347,0.00111742405894153,1000
sp12,94,species.l0.sp7,1.52249377777659e-05,0.000752780608611112,0.000981974556020824,1000
sp12,95,species.l0.sp8,-2.10236094444294e-05,0.000758218259166677,0.000986629506201284,1000
sp12,96,species.l0.sp9,-4.10554374999616e-06,0.00238640477541668,0.00275045534081763,1000
sp12,97,species.l0.sp10,5.13218329166498e-05,0.00230820103402778,0.00297100742004335,1000
sp12,98,species.l0.sp11,4.73721986112263e-06,0.000836561583472218,0.00106213334563343,1000
sp12,99,species.l0.sp12,-6.80338788888888e-05,0.000958536475555548,0.0012075153726755,1000
sp12,100,species.l0.sp13,4.22925805555733e-05,0.000714823569444458,0.000956084925042317,1000
sp12,101,species.l0.sp14,3.90378829166702e-05,0.000753671264305561,0.000964051695118836,1000
sp12,102,species.l0.sp15,-1.00569087499996e-05,0.000749115705138901,0.000991835387819484,1000
sp12,103,mortality.additional.larva.rate.sp0,5.21515137499967e-05,0.00216154079263889,0.00294136879307584,1000
sp12,104,mortality.additional.larva.rate.sp1,-2.18230541666666e-05,0.0014250249611111,0.00175557535028169,1000
sp12,105,mortality.additional.larva.rate.sp2,9.27194819444854e-06,0.00380473347819446,0.00491970388597599,1000
sp12,106,mortality.additional.larva.rate.sp3,-0.000449698977777778,0.00840197960972223,0.0107553345419726,1000
sp12,107,mortality.additional.larva.rate.sp4,5.53287388887769e-06,0.00070886249777778,0.000905581641554037,1000
sp12,108,mortality.additional.larva.rate.sp5,6.39896249992944e-07,0.000722416122361113,0.000933409599162059,1000
sp12,109,mortality.additional.larva.rate.sp6,5.71901263888031e-06,0.00074883574208334,0.000969066068018258,1000
sp12,110,mortality.additional.larva.rate.sp9,0.000301072949722216,0.00487294088361112,0.00543356166341641,1000
sp12,111,mortality.additional.larva.rate.sp10,2.24533468055543e-05,0.00421238681597221,0.00532966273982222,1000
sp12,112,mortality.additional.larva.rate.sp11,1.35136633333395e-05,0.000743993393888893,0.000961744015789359,1000
sp12,113,mortality.additional.larva.rate.sp12,4.54493997222357e-05,0.00185390008805555,0.00235655535809597,1000
sp12,114,mortality.additional.larva.rate.sp13,-3.22654859722195e-05,0.000733555514027761,0.00095528076938881,1000
sp12,115,mortality.additional.larva.rate.sp14,1.92947144444381e-05,0.000748084470000007,0.000970359162123719,1000
sp12,116,mortality.additional.larva.rate.sp15,6.58491895833587e-05,0.00101258263069445,0.00134388998847882,1000
sp12,117,mortality.additional.larva.rate.mean.sp7,-1.59084809722188e-05,0.000728981828750009,0.000929596571248354,1000
sp12,118,mortality.additional.larva.rate.mean.sp8,-2.18292093055565e-05,0.000734049282361101,0.000948849350348953,1000
sp12,119,species.linf.sp0,0.000173953465000023,0.00328330801944443,0.00438793892006168,1000
sp12,120,species.linf.sp1,3.9819298750012e-05,0.00123017646402778,0.00157861471411584,1000
sp12,121,species.linf.sp2,-8.81731384722196e-05,0.00259535160013889,0.00342293607686177,1000
sp12,122,species.linf.sp3,0.000809981985555552,0.0126294961216667,0.0145705047550728,1000
sp12,123,species.linf.sp4,1.90971268055513e-05,0.00227857395986112,0.00289795643844159,1000
sp12,124,species.linf.sp5,0.000150025374722236,0.00272640338055557,0.00313372990792714,1000
sp12,125,species.linf.sp6,-1.22073106944424e-05,0.00184083900097221,0.00231819940720844,1000
sp12,126,species.linf.sp7,-4.35550995833198e-05,0.000736719134861099,0.000959235098968556,1000
sp12,127,species.linf.sp8,7.01370833342541e-08,0.000917003874305565,0.00117746953204999,1000
sp12,128,species.linf.sp9,6.75319069444438e-05,0.00316451986472223,0.0039299883757536,1000
sp12,129,species.linf.sp10,-0.000143939430833321,0.00327189219194444,0.00429374415313812,1000
sp12,130,species.linf.sp11,2.4987971944438e-05,0.00206412685305555,0.00247638341894279,1000
sp12,131,species.linf.sp12,-0.00065810317416667,0.0117162080019445,0.0119982149231301,1000
sp12,132,species.linf.sp13,-9.17215191666721e-05,0.00275658196722223,0.00367181994812724,1000
sp12,133,species.linf.sp14,5.9135416667122e-07,0.00086983836527778,0.00110946986619024,1000
sp12,134,species.linf.sp15,2.23381219444498e-05,0.00100412477666667,0.00134345077860741,1000
sp12,135,species.accessibility2fish.sp16,-4.39031152778557e-06,0.00073873375819446,0.000968667832456603,1000
sp12,136,species.accessibility2fish.sp17,7.48622875000049e-06,0.000742927823749996,0.000959473948820777,1000
sp12,137,species.accessibility2fish.sp18,-7.50545259722262e-05,0.000784803824583323,0.00102447361153752,1000
sp12,138,species.accessibility2fish.sp19,0.000276432913750008,0.00668522120097222,0.0116832663775547,1000
sp12,139,species.accessibility2fish.sp20,2.40466761111066e-05,0.000756733382222208,0.000975469375061004,1000
sp12,140,species.accessibility2fish.sp21,-4.10152370833253e-05,0.00613055554319444,0.010608321993264,1000
sp12,141,species.accessibility2fish.sp22,-6.0128845972209e-05,0.000762570967083341,0.000978776372703329,1000
sp12,142,species.accessibility2fish.sp23,-4.52266577777941e-05,0.000910494653055552,0.0011515174378823,1000
sp12,143,species.accessibility2fish.sp24,-1.52030044444395e-05,0.0019441922986111,0.00235793937702596,1000
sp12,144,species.accessibility2fish.sp25,-4.31750987500176e-05,0.000711518602083326,0.00091821355549954,1000
sp12,145,species.accessibility2fish.sp26,9.56988472209264e-07,0.000725459191527799,0.000938108160278053,1000
sp12,146,species.maturity.size.ratio.sp0,-4.81499549999841e-05,0.00244191412500001,0.00353095730978362,1000
sp12,147,species.maturity.size.ratio.sp1,-2.30309411110842e-05,0.000763576531666651,0.000998932780828341,1000
sp12,148,species.maturity.size.ratio.sp2,-3.90258341666587e-05,0.000886382544444453,0.00114755251493091,1000
sp12,149,species.maturity.size.ratio.sp3,3.95703943055569e-05,0.000754984332083324,0.000964324415700526,1000
sp12,150,species.maturity.size.ratio.sp4,4.59073902777285e-06,0.00147244612958334,0.00182437119082039,1000
sp12,151,species.maturity.size.ratio.sp5,-2.76118111112178e-06,0.000737114040833341,0.000964527110763653,1000
sp12,152,species.maturity.size.ratio.sp6,-7.36967583333858e-06,0.00148928713305555,0.00179639849008283,1000
sp12,153,species.maturity.size.ratio.sp7,2.34579070833275e-05,0.000765591472916659,0.000976740769003529,1000
sp12,154,species.maturity.size.ratio.sp8,5.09255220833317e-05,0.000745415687916669,0.000961097373225036,1000
sp12,155,species.maturity.size.ratio.sp9,-2.31055688888956e-05,0.000910151857222231,0.00113306906233931,1000
sp12,156,species.maturity.size.ratio.sp10,1.77682361125142e-07,0.00145381810680556,0.00194484836567091,1000
sp12,157,species.maturity.size.ratio.sp11,0.000249222769444454,0.00325774723749999,0.00399887411579478,1000
sp12,158,species.maturity.size.ratio.sp12,3.67063958332303e-06,0.00104753478375,0.0013444978616876,1000
sp12,159,species.maturity.size.ratio.sp13,0.000265115830972226,0.0116040806009722,0.0132709496851197,1000
sp12,160,species.maturity.size.ratio.sp14,5.49227155555621e-05,0.000764349757500002,0.00100779992719225,1000
sp12,161,species.maturity.size.ratio.sp15,-3.5826022361115e-05,0.00103938776569445,0.00146235658407378,1000
sp12,162,predation.predPrey.sizeRatio.teta.sp0.stage1,-1.17529436110893e-05,0.000767083096111098,0.00098128272542361,1000
sp12,163,predation.predPrey.sizeRatio.alpha.sp0.stage1,-4.52238218055292e-05,0.00157855289958332,0.00215913018478717,1000
sp12,164,predation.predPrey.sizeRatio.teta.sp1.stage1,-5.14175297222127e-05,0.000715254835555541,0.000931247169753208,1000
sp12,165,predation.predPrey.sizeRatio.alpha.sp1.stage1,-6.91518294444523e-05,0.00105279605472223,0.00135203283142258,1000
sp12,166,predation.predPrey.sizeRatio.teta.sp2.stage1,-5.9925735138898e-05,0.000741087101805575,0.000957844281950062,1000
sp12,167,predation.predPrey.sizeRatio.alpha.sp2.stage1,5.09668881944421e-05,0.00135829963208333,0.00185300697611778,1000
sp12,168,predation.predPrey.sizeRatio.teta.sp3.stage1,1.1302240833326e-05,0.000859497346944443,0.00111235217632387,1000
sp12,169,predation.predPrey.sizeRatio.alpha.sp3.stage1,-1.08765805555489e-05,0.00505401285083333,0.0070829781887127,1000
sp12,170,predation.predPrey.sizeRatio.teta.sp4.stage1,1.29387261111118e-05,0.00074763466166665,0.000968429909623452,1000
sp12,171,predation.predPrey.sizeRatio.alpha.sp4.stage1,3.6729773888897e-05,0.00183461345861112,0.00246837256429006,1000
sp12,172,predation.predPrey.sizeRatio.teta.sp5.stage1,-1.8934716111106e-05,0.000697264363055569,0.000906597394995921,1000
sp12,173,predation.predPrey.sizeRatio.teta.sp5.stage2,-4.50235829166694e-05,0.00133573381569443,0.00167544176937418,1000
sp12,174,predation.predPrey.sizeRatio.alpha.sp5.stage1,3.04120677777787e-05,0.000730583970277778,0.000931956940828011,1000
sp12,175,predation.predPrey.sizeRatio.alpha.sp5.stage2,1.97453958333379e-05,0.000908132417500004,0.00115811657110898,1000
sp12,176,predation.predPrey.sizeRatio.teta.sp6.stage1,-7.02220361110872e-06,0.000806848758333331,0.00103691491078912,1000
sp12,177,predation.predPrey.sizeRatio.alpha.sp6.stage1,-3.49665750001216e-06,0.000785688314444462,0.00102098004194522,1000
sp12,178,predation.predPrey.sizeRatio.teta.sp7.stage1,2.76977973611289e-05,0.000727809894583338,0.00094259182694457,1000
sp12,179,predation.predPrey.sizeRatio.alpha.sp7.stage1,1.37359133333216e-05,0.000757894112499995,0.000989562723304778,1000
sp12,180,predation.predPrey.sizeRatio.teta.sp8.stage1,-3.21850520833263e-05,0.000746945376527776,0.000967881994308951,1000
sp12,181,predation.predPrey.sizeRatio.alpha.sp8.stage1,-5.81705444445457e-06,0.000819153319444449,0.0010698619543427,1000
sp12,182,predation.predPrey.sizeRatio.teta.sp9.stage1,-4.23264984722276e-05,0.000775489218194449,0.00100439104746382,1000
sp12,183,predation.predPrey.sizeRatio.alpha.sp9.stage1,0.000190108543333336,0.00501222542722222,0.00567437669915182,1000
sp12,184,predation.predPrey.sizeRatio.teta.sp10.stage1,-2.83949244444482e-05,0.000788041626944441,0.00103463625685953,1000
sp12,185,predation.predPrey.sizeRatio.alpha.sp10.stage1,1.57941087499944e-05,0.00158964649374998,0.00216751546731465,1000
sp12,186,predation.predPrey.sizeRatio.teta.sp11.stage1,6.35031590277678e-05,0.00132867266486111,0.00161825286944286,1000
sp12,187,predation.predPrey.sizeRatio.alpha.sp11.stage1,-6.1546529722211e-05,0.00104225926583332,0.00132065612140659,1000
sp12,188,predation.predPrey.sizeRatio.teta.sp12.stage1,0.000140537306388904,0.0144192475622222,0.0149891052155364,1000
sp12,189,predation.predPrey.sizeRatio.alpha.sp12.stage1,-0.000592102169166664,0.0127977093027778,0.0131166028527796,1000
sp12,190,predation.predPrey.sizeRatio.teta.sp13.stage1,-5.52733786111072e-05,0.000767180833611112,0.000979901947426528,1000
sp12,191,predation.predPrey.sizeRatio.alpha.sp13.stage1,5.22773708333273e-05,0.00132715312722222,0.00189292712971697,1000
sp12,192,predation.predPrey.sizeRatio.teta.sp14.stage1,6.96214769444525e-05,0.000748961995833316,0.000969330251078688,1000
sp12,193,predation.predPrey.sizeRatio.alpha.sp14.stage1,3.47355341666694e-05,0.000787115497777771,0.00100343793823753,1000
sp12,194,predation.predPrey.sizeRatio.teta.sp15.stage1,-1.90547607639013e-05,0.000740102783680545,0.000960570925354009,1000
sp12,195,predation.predPrey.sizeRatio.alpha.sp15.stage1,4.38261298611049e-05,0.000867015520972221,0.00113813279386741,1000
sp13,1,mortality.additional.rate.sp0,0.000595604398900024,0.0312482704861201,0.0633701015713768,994
sp13,2,mortality.additional.rate.sp1,-0.000623558270599634,0.02849464142467,0.057834117592603,992
sp13,3,mortality.additional.rate.sp2,0.0027674527421924,0.0290382815301807,0.0572319165223744,992
sp13,4,mortality.additional.rate.sp3,0.00110126557647946,0.0305284903804006,0.0631471760852443,988
sp13,5,mortality.additional.rate.sp4,-0.00243147564270423,0.0286381166271473,0.0577490195786424,991
sp13,6,mortality.additional.rate.sp5,0.00276102532723683,0.0268616196710709,0.0528863020046102,988
sp13,7,mortality.additional.rate.sp6,-0.00271041042697798,0.0291992140778194,0.0580277076177913,992
sp13,8,mortality.additional.rate.sp7,0.0026222436312249,0.0261727875972808,0.0514270459481724,995
sp13,9,mortality.additional.rate.sp8,0.000309789301682672,0.0271040119069414,0.0525189094438055,993
sp13,10,mortality.additional.rate.sp9,-0.00312499168974709,0.0261963754185484,0.0520342428176799,991
sp13,11,mortality.additional.rate.sp10,0.002013621428025,0.0264452985562354,0.0504946554964482,985
sp13,12,mortality.additional.rate.sp11,-0.000823933896252476,0.0259751630465921,0.0524366883222594,988
sp13,13,mortality.additional.rate.sp12,-6.40855402978853e-05,0.025463865975166,0.0506475996081262,989
sp13,14,mortality.additional.rate.sp13,4.23034938507769e-05,0.0256293512761841,0.0500477562585292,991
sp13,15,mortality.additional.rate.sp14,0.0010003127047193,0.0258852963438574,0.051709838102722,988
sp13,16,mortality.additional.rate.sp15,-0.00245434349734674,0.0288251262466346,0.0581240681854553,989
sp13,17,fisheries.rate.base.fsh0,0.00170836420684244,0.0295630783820803,0.0586523026543119,990
sp13,18,fisheries.rate.base.fsh1,-0.00146001923906259,0.0271801540785561,0.0534490858497669,989
sp13,19,fisheries.rate.base.fsh2,-0.00147192128157302,0.0289723367325734,0.05691031427929,990
sp13,20,fisheries.rate.base.fsh3,3.33774081333545e-05,0.0255133441088435,0.0527090795570237,992
sp13,21,species.catchability.fsh0.sp0,0.00309290291792845,0.0294091625468268,0.0558702864339727,990
sp13,22,species.catchability.fsh0.sp1,0.000338463789917828,0.0305047034941064,0.0608037308432583,996
sp13,23,species.catchability.fsh0.sp2,-0.000475687985634873,0.0279618060048648,0.0553346407736172,993
sp13,24,species.catchability.fsh0.sp3,0.000666288583505408,0.0285391841691493,0.0571657303928983,989
sp13,25,species.catchability.fsh0.sp5,-0.00154342826253417,0.0267467916510107,0.0535889787475277,990
sp13,26,species.catchability.fsh0.sp7,0.000646340793447394,0.0270792535890826,0.0531261802836434,996
sp13,27,species.catchability.fsh0.sp8,0.00215096523184457,0.0275474749009052,0.0563159511595873,991
sp13,28,species.catchability.fsh0.sp9,-0.0023282353624049,0.0284701708194516,0.0577295370908136,988
sp13,29,species.catchability.fsh0.sp10,-0.00160579065439715,0.0254270550551065,0.0513448909247405,996
sp13,30,species.catchability.fsh0.sp13,-0.00145893837804741,0.0255435089988264,0.0524442383766843,992
sp13,31,species.catchability.fsh0.sp14,-3.30431108105263e-05,0.026753785532763,0.054482735574807,993
sp13,32,species.catchability.fsh0.sp15,-0.000848647182889098,0.0275366175725502,0.0547575161759426,988
sp13,33,species.catchability.fsh1.sp9,0.00324223179745478,0.0273955976130126,0.0543788340537588,988
sp13,34,species.catchability.fsh1.sp10,0.000548125122650692,0.0263670429321268,0.052449300365913,989
sp13,35,species.catchability.fsh1.sp11,0.00151438268179168,0.0276866899488455,0.054143823189442,988
sp13,36,species.catchability.fsh1.sp12,-0.00189303292471345,0.0280665192955868,0.0546092326576633,991
sp13,37,species.catchability.fsh2.sp0,-0.000237161173431252,0.0302596918936859,0.0593730783143701,988
sp13,38,species.catchability.fsh2.sp5,-0.00159695359620705,0.0290602576671299,0.0564968626416486,992
sp13,39,species.catchability.fsh2.sp7,0.000811656060941935,0.026332814660958,0.0559476204128537,989
sp13,40,species.catchability.fsh2.sp8,-0.000211149543770447,0.0290367240307494,0.0565070063658101,987
sp13,41,species.catchability.fsh3.sp0,-0.00188600933386953,0.0261985260321176,0.0508111634779515,987
sp13,42,species.catchability.fsh3.sp1,0.000573480944543108,0.0260888172617923,0.0524049262229538,988
sp13,43,species.catchability.fsh3.sp2,-0.000937071233497356,0.0264621478160143,0.0516186963200864,989
sp13,44,species.catchability.fsh3.sp3,0.000732546962870478,0.0270928788217522,0.0570547484536441,987
sp13,45,species.catchability.fsh3.sp5,0.000193360424725062,0.0297218514167669,0.0574392995907837,994
sp13,46,species.catchability.fsh3.sp7,-0.00241357786784945,0.0272771536946834,0.0514538288371455,990
sp13,47,species.catchability.fsh3.sp8,-0.000278111468132602,0.0245675094339911,0.0495726783170432,991
sp13,48,species.catchability.fsh3.sp9,-0.00215052935992565,0.0284577763227765,0.0585828013797154,990
sp13,49,species.catchability.fsh3.sp10,-0.00079568177194623,0.028469453136277,0.0584031384135391,992
sp13,50,species.catchability.fsh3.sp11,0.00137356429923773,0.0256635664057909,0.0500372671928789,987
sp13,51,species.catchability.fsh3.sp12,-0.000765226731295401,0.0297064043293117,0.0598054443295684,992
sp13,52,species.catchability.fsh3.sp13,-0.00300183407689732,0.0291578759888207,0.0586427854922017,995
sp13,53,species.catchability.fsh3.sp14,0.00131772092556222,0.0282014332463533,0.0590327629352842,993
sp13,54,species.catchability.fsh3.sp15,0.00203694151064752,0.0284028953914367,0.0544029796738192,988
sp13,55,species.length2weight.condition.factor.sp0,-0.000681983229614381,0.0268267481816518,0.050853081895699,990
sp13,56,species.length2weight.condition.factor.sp1,0.00145374911561229,0.0273316391367151,0.0543446786521824,985
sp13,57,species.length2weight.condition.factor.sp2,-0.00231767316534948,0.0270219480192339,0.0516352777046357,990
sp13,58,species.length2weight.condition.factor.sp3,0.00140188334181751,0.029463380137226,0.0593175842763284,991
sp13,59,species.length2weight.condition.factor.sp4,0.00345329459082531,0.0362561968849553,0.0551552562586422,986
sp13,60,species.length2weight.condition.factor.sp5,-0.00171077751125883,0.0258770517396834,0.0504808384335367,988
sp13,61,species.length2weight.condition.factor.sp6,-0.00014451224971651,0.0269598521225186,0.055814998733458,992
sp13,62,species.length2weight.condition.factor.sp7,-0.000188258136530952,0.0262573498620797,0.0521986936428416,991
sp13,63,species.length2weight.condition.factor.sp8,0.00205225105143388,0.0307297629490358,0.0623011491016424,989
sp13,64,species.length2weight.condition.factor.sp9,-0.000543689925246311,0.0264138206191373,0.0504462854817191,995
sp13,65,species.length2weight.condition.factor.sp10,0.000121412019471688,0.0273457354408412,0.0559160065188798,988
sp13,66,species.length2weight.condition.factor.sp11,-0.0010774171889098,0.0277762761490231,0.0566377734029174,993
sp13,67,species.length2weight.condition.factor.sp12,0.000822441860545136,0.0269581711364035,0.0515578294082367,991
sp13,68,species.length2weight.condition.factor.sp13,0.00214068940578351,0.0272739450276041,0.053997536836671,991
sp13,69,species.length2weight.condition.factor.sp14,-0.000639180757036878,0.0288636176417155,0.0584268874807313,987
sp13,70,species.length2weight.condition.factor.sp15,0.0051565364667814,0.0293849342376722,0.0605703107669275,990
sp13,71,species.k.sp0,0.00290459801992634,0.0350236777309266,0.0640499941092617,987
sp13,72,species.k.sp1,-0.000115799199957533,0.0277860797317188,0.0549456688594709,990
sp13,73,species.k.sp2,-0.0018457068175094,0.0299007315231791,0.055606624654711,988
sp13,74,species.k.sp3,0.00144655171182672,0.0298009800211751,0.0570166639486172,990
sp13,75,species.k.sp4,0.0013812688340805,0.0566577141585552,0.0729614459707769,990
sp13,76,species.k.sp5,0.00327394323491419,0.0281261764092023,0.0591255096228838,990
sp13,77,species.k.sp6,0.000537098765208542,0.0278031149099801,0.0568862106512764,987
sp13,78,species.k.sp7,0.000926854514591044,0.0264741702224189,0.0529972578245583,993
sp13,79,species.k.sp8,-0.00151730697054358,0.0276344606008247,0.0563109546465735,991
sp13,80,species.k.sp9,-0.00134108542126873,0.0306230262338704,0.0574181109790603,986
sp13,81,species.k.sp10,0.00135738285790852,0.0272843046599486,0.0531274345697605,988
sp13,82,species.k.sp11,-0.00172689529577211,0.0317588882699282,0.0650712111025906,986
sp13,83,species.k.sp12,0.00332971170845865,0.0285220202524129,0.0578962911428977,987
sp13,84,species.k.sp13,0.00207230084969106,0.114678796336335,0.164108228688648,979
sp13,85,species.k.sp14,-0.000831499140877692,0.0269795576078636,0.0547902816353535,991
sp13,86,species.k.sp15,-0.00151058746041867,0.0288050566811102,0.0583612002166569,987
sp13,87,species.l0.sp0,-0.00314748388866159,0.025418785711741,0.0481344640194766,991
sp13,88,species.l0.sp1,-0.00205661508246477,0.0270633506621563,0.0533614805474322,993
sp13,89,species.l0.sp2,-0.00174440700152051,0.0274742829619122,0.0506476797411613,988
sp13,90,species.l0.sp3,0.000190945899523425,0.0282195740626972,0.0542333369998714,996
sp13,91,species.l0.sp4,-0.00209628974657455,0.0513525684086276,0.0667244027655,986
sp13,92,species.l0.sp5,0.00198790467083113,0.0251770281535684,0.0524367338210242,987
sp13,93,species.l0.sp6,0.000328853352736608,0.0296792331665021,0.0593257966685102,991
sp13,94,species.l0.sp7,-0.00214839622921124,0.0257115054253617,0.0492197671135275,991
sp13,95,species.l0.sp8,0.000566482241476168,0.0271416877398787,0.0533748148437937,989
sp13,96,species.l0.sp9,0.000641482700643875,0.0285440169262684,0.0510841867109554,993
sp13,97,species.l0.sp10,0.000591989149112385,0.025053105611999,0.0495284109793566,986
sp13,98,species.l0.sp11,0.00179507216531796,0.0286325519530288,0.0577360767004518,992
sp13,99,species.l0.sp12,-0.000980701903237902,0.0281963961144612,0.0578332673640897,990
sp13,100,species.l0.sp13,0.00081144749765309,0.0272392378952761,0.0528534336121907,989
sp13,101,species.l0.sp14,-0.00215815715650343,0.0277032047104135,0.0555982811551557,991
sp13,102,species.l0.sp15,0.000825541194980933,0.0283502429053892,0.0574708619988728,990
sp13,103,mortality.additional.larva.rate.sp0,0.00262159576931478,0.0337674481547204,0.0556084752971792,983
sp13,104,mortality.additional.larva.rate.sp1,-0.00113121988607235,0.027584377053357,0.0552231692879225,984
sp13,105,mortality.additional.larva.rate.sp2,0.0011440889179492,0.0421008437884113,0.0646620818812363,994
sp13,106,mortality.additional.larva.rate.sp3,-0.000186756475934702,0.0316292664347413,0.0580816812649936,992
sp13,107,mortality.additional.larva.rate.sp4,-0.00105907779445771,0.0287403252079634,0.0561996957326217,991
sp13,108,mortality.additional.larva.rate.sp5,0.000164356054415004,0.0281938267986765,0.0575993616469194,986
sp13,109,mortality.additional.larva.rate.sp6,0.000929944036225723,0.0266987603553568,0.0531606562972154,984
sp13,110,mortality.additional.larva.rate.sp9,0.000782150835492808,0.0317082247604911,0.0547978616310933,981
sp13,111,mortality.additional.larva.rate.sp10,-0.000690259019005497,0.0268992504016022,0.0549891682546745,989
sp13,112,mortality.additional.larva.rate.sp11,-0.000474180312553278,0.0272761178176576,0.0544038798510558,988
sp13,113,mortality.additional.larva.rate.sp12,0.000479168318558181,0.0328234047752395,0.0560000077187967,994
sp13,114,mortality.additional.larva.rate.sp13,0.00273156508353241,0.0274018987771599,0.0555010535703729,988
sp13,115,mortality.additional.larva.rate.sp14,-0.000226194184206374,0.0300460545889429,0.0618251399595196,992
sp13,116,mortality.additional.larva.rate.sp15,0.000423795671808752,0.0292874975430155,0.0562553737700558,988
sp13,117,mortality.additional.larva.rate.mean.sp7,-0.000807707969751594,0.0264009593339382,0.0536956487741327,991
sp13,118,mortality.additional.larva.rate.mean.sp8,-0.000104314277199742,0.0261870128904103,0.0525349024063098,987
sp13,119,species.linf.sp0,-0.00111405154011934,0.0363097377612091,0.0596579275603056,993
sp13,120,species.linf.sp1,0.000459925882677588,0.0284552073035095,0.0542504197542221,990
sp13,121,species.linf.sp2,0.000710040899305191,0.039587663746149,0.0604996682957178,995
sp13,122,species.linf.sp3,-0.000806139231647148,0.0303793444828398,0.0499100878484086,995
sp13,123,species.linf.sp4,-0.00271656118052031,0.113615367560926,0.124730082539667,993
sp13,124,species.linf.sp5,0.00214487708355198,0.0313762371271576,0.0612495953359122,992
sp13,125,species.linf.sp6,-0.00179608226289383,0.0276984986443996,0.0533571745875864,991
sp13,126,species.linf.sp7,-0.001580355212837,0.0271072862565366,0.0541626629755289,992
sp13,127,species.linf.sp8,0.000621440750952826,0.0261255853349738,0.0506826816291219,994
sp13,128,species.linf.sp9,-0.00135052100563794,0.0493640399593906,0.077395734241839,991
sp13,129,species.linf.sp10,0.00260887253489678,0.029644472263787,0.0560663292076363,995
sp13,130,species.linf.sp11,0.0017161631057125,0.0308306541594017,0.0634482528240465,992
sp13,131,species.linf.sp12,-0.00237489621815346,0.0277835461359306,0.0522589129235912,992
sp13,132,species.linf.sp13,0.00136742916994292,0.136764083792552,0.186940961135266,981
sp13,133,species.linf.sp14,0.00161039424212571,0.0285335564982512,0.0562213100202417,993
sp13,134,species.linf.sp15,-0.000304095257201788,0.0259324235075227,0.0503081000329995,991
sp13,135,species.accessibility2fish.sp16,-0.000205063578823607,0.026714431862181,0.0521144159972742,988
sp13,136,species.accessibility2fish.sp17,-0.000965310812330585,0.0268195580534551,0.05135558823426,991
sp13,137,species.accessibility2fish.sp18,-0.00166961896069418,0.0258413430576042,0.0507731491244996,988
sp13,138,species.accessibility2fish.sp19,0.00157968299531461,0.0265348635070117,0.055643697583241,990
sp13,139,species.accessibility2fish.sp20,3.63507976629702e-05,0.02726166221219,0.0548214974058917,990
sp13,140,species.accessibility2fish.sp21,0.002981841173026,0.0290337577986187,0.0533108201054782,992
sp13,141,species.accessibility2fish.sp22,-0.00214569739065399,0.0255733523708124,0.0501624666116743,989
sp13,142,species.accessibility2fish.sp23,0.00422058907289228,0.0294011862986438,0.0607262553984258,989
sp13,143,species.accessibility2fish.sp24,-0.00119315760889535,0.0261820484435324,0.051214068554483,990
sp13,144,species.accessibility2fish.sp25,0.00237687536383851,0.027447996838494,0.0535944101381894,992
sp13,145,species.accessibility2fish.sp26,0.000412626046529931,0.0266969363531054,0.0511519658206403,990
sp13,146,species.maturity.size.ratio.sp0,0.00100304472461208,0.0324338917576121,0.0542705188552354,993
sp13,147,species.maturity.size.ratio.sp1,0.000824663355209978,0.0281914935775976,0.0571883106461738,992
sp13,148,species.maturity.size.ratio.sp2,-0.00151196313200186,0.028405676429713,0.0573825397022142,992
sp13,149,species.maturity.size.ratio.sp3,-0.000391897209884974,0.0266671084293907,0.0539179949964381,986
sp13,150,species.maturity.size.ratio.sp4,0.00411290010389324,0.0439334240597967,0.0680287848818357,988
sp13,151,species.maturity.size.ratio.sp5,0.00295947515557559,0.0266124948977427,0.0534573490990743,989
sp13,152,species.maturity.size.ratio.sp6,-0.00172444415959395,0.0269285351721998,0.0523997862803385,988
sp13,153,species.maturity.size.ratio.sp7,-0.000502467135220178,0.0276569787050969,0.0555338890425645,994
sp13,154,species.maturity.size.ratio.sp8,0.003620580211297,0.0276837587188284,0.0574708122889386,993
sp13,155,species.maturity.size.ratio.sp9,0.00088208228995363,0.0268193681756642,0.0551544469943595,991
sp13,156,species.maturity.size.ratio.sp10,0.000890647257883121,0.0284091594517509,0.0566227014722372,991
sp13,157,species.maturity.size.ratio.sp11,0.00187279993640375,0.0307693668351026,0.0605344018863261,989
sp13,158,species.maturity.size.ratio.sp12,-0.00348396182485084,0.0274971159515383,0.0558445584841878,989
sp13,159,species.maturity.size.ratio.sp13,-0.00293220496190362,0.118535262443491,0.145209648730171,978
sp13,160,species.maturity.size.ratio.sp14,-0.00221095465118806,0.0245239073621115,0.0476419353201738,988
sp13,161,species.maturity.size.ratio.sp15,-0.000446441694542482,0.0284195105228963,0.0550116557279369,986
sp13,162,predation.predPrey.sizeRatio.teta.sp0.stage1,0.000876828752811309,0.0271612612474666,0.0548846986893665,991
sp13,163,predation.predPrey.sizeRatio.alpha.sp0.stage1,0.000305240420749761,0.0284161233294436,0.0551033466928409,987
sp13,164,predation.predPrey.sizeRatio.teta.sp1.stage1,0.000731878154939205,0.0280990977460274,0.0581413023450208,992
sp13,165,predation.predPrey.sizeRatio.alpha.sp1.stage1,0.00124840469330946,0.0279123895936984,0.0556180424494626,987
sp13,166,predation.predPrey.sizeRatio.teta.sp2.stage1,-0.000144130321021854,0.0267487003036046,0.0533461606661511,986
sp13,167,predation.predPrey.sizeRatio.alpha.sp2.stage1,-0.00333694620390293,0.0287894030451403,0.0559615072346263,992
sp13,168,predation.predPrey.sizeRatio.teta.sp3.stage1,-0.00084276093267867,0.0273502589645567,0.0547761620147329,989
sp13,169,predation.predPrey.sizeRatio.alpha.sp3.stage1,0.000272750743645333,0.0268516687089923,0.0516625528130829,992
sp13,170,predation.predPrey.sizeRatio.teta.sp4.stage1,0.000680228611427019,0.0292777734575669,0.0549579605879757,986
sp13,171,predation.predPrey.sizeRatio.alpha.sp4.stage1,0.00124432805321918,0.0547685091009903,0.0687093561557273,991
sp13,172,predation.predPrey.sizeRatio.teta.sp5.stage1,-0.00240844538976234,0.0256735248299379,0.0491625879591363,991
sp13,173,predation.predPrey.sizeRatio.teta.sp5.stage2,-0.00164325594870645,0.0256786167168462,0.0505220906021123,991
sp13,174,predation.predPrey.sizeRatio.alpha.sp5.stage1,-0.00128749382280093,0.0289451478420619,0.0568372349003763,990
sp13,175,predation.predPrey.sizeRatio.alpha.sp5.stage2,0.00212973779917936,0.02982354490477,0.0608585007685831,992
sp13,176,predation.predPrey.sizeRatio.teta.sp6.stage1,-0.00142795540920141,0.027010033389084,0.0530430748789057,988
sp13,177,predation.predPrey.sizeRatio.alpha.sp6.stage1,0.00188366820845283,0.0272241974520393,0.0540407159868581,993
sp13,178,predation.predPrey.sizeRatio.teta.sp7.stage1,0.000433232604929346,0.0275129976725335,0.0561967664350039,990
sp13,179,predation.predPrey.sizeRatio.alpha.sp7.stage1,0.000234909371532094,0.0302538598571461,0.0589629009353787,987
sp13,180,predation.predPrey.sizeRatio.teta.sp8.stage1,-0.00106966560675556,0.0306750939748517,0.0630969311628106,991
sp13,181,predation.predPrey.sizeRatio.alpha.sp8.stage1,0.00091139751687612,0.027953767694338,0.0554523046700167,990
sp13,182,predation.predPrey.sizeRatio.teta.sp9.stage1,-0.00334984482773383,0.0265126851013894,0.0499873703059032,991
sp13,183,predation.predPrey.sizeRatio.alpha.sp9.stage1,-0.0042380999926276,0.0312746208801857,0.0565027128263193,989
sp13,184,predation.predPrey.sizeRatio.teta.sp10.stage1,-0.00191618539775409,0.0283697516534803,0.056333353196362,989
sp13,185,predation.predPrey.sizeRatio.alpha.sp10.stage1,0.000677775063128873,0.0280747799866517,0.0556378837817757,988
sp13,186,predation.predPrey.sizeRatio.teta.sp11.stage1,0.00170850627881008,0.0279867163513669,0.0557656910618631,987
sp13,187,predation.predPrey.sizeRatio.alpha.sp11.stage1,-0.000669516950804165,0.0278269721938606,0.0548682037084159,988
sp13,188,predation.predPrey.sizeRatio.teta.sp12.stage1,-0.00176476589153941,0.0267836540586938,0.05090844005807,991
sp13,189,predation.predPrey.sizeRatio.alpha.sp12.stage1,0.00041910691855014,0.027907257904415,0.0568320005603347,990
sp13,190,predation.predPrey.sizeRatio.teta.sp13.stage1,0.00039654414964463,0.0374454285555139,0.0628450858352182,992
sp13,191,predation.predPrey.sizeRatio.alpha.sp13.stage1,0.0086388074590558,0.14581402326771,0.16095938122454,988
sp13,192,predation.predPrey.sizeRatio.teta.sp14.stage1,-0.00203468858429558,0.0267750594302805,0.0540432062965021,992
sp13,193,predation.predPrey.sizeRatio.alpha.sp14.stage1,0.000264505031482457,0.0271705806696851,0.0546269842072844,993
sp13,194,predation.predPrey.sizeRatio.teta.sp15.stage1,-0.00290750827062367,0.0267157651991021,0.0551916813999719,988
sp13,195,predation.predPrey.sizeRatio.alpha.sp15.stage1,-0.000826112263850749,0.0254982130232048,0.0504376951407862,992
sp14,1,mortality.additional.rate.sp0,8.23725291666841e-05,0.00342333951555557,0.00440101484293278,1000
sp14,2,mortality.additional.rate.sp1,1.18935240277916e-05,0.00352045257569445,0.00444711193704797,1000
sp14,3,mortality.additional.rate.sp2,0.00034858277708334,0.00449512396958333,0.00565941174549983,1000
sp14,4,mortality.additional.rate.sp3,-0.000117298763749995,0.00374509677208332,0.00486767783794404,1000
sp14,5,mortality.additional.rate.sp4,4.43910444444273e-06,0.0035498066372222,0.00452489717447137,1000
sp14,6,mortality.additional.rate.sp5,0.000405917640138872,0.00431567950041667,0.00549315890261535,1000
sp14,7,mortality.additional.rate.sp6,-0.000122081697831435,0.00351488841894254,0.00447924915205064,1000
sp14,8,mortality.additional.rate.sp7,0.000244212450416677,0.00365039855152778,0.00469407977078066,1000
sp14,9,mortality.additional.rate.sp8,0.000100380003754214,0.00359936766149252,0.00463578720749473,1000
sp14,10,mortality.additional.rate.sp9,7.39961269444515e-05,0.00355025877305555,0.00449604424489267,1000
sp14,11,mortality.additional.rate.sp10,-9.12681947916633e-05,0.00339859671229167,0.00433525258344031,1000
sp14,12,mortality.additional.rate.sp11,7.66536924999761e-05,0.00345731610777778,0.00437293062288355,1000
sp14,13,mortality.additional.rate.sp12,5.28879195833268e-05,0.00342816459708333,0.00444409341913892,1000
sp14,14,mortality.additional.rate.sp13,-2.99914348611036e-05,0.00342712828013888,0.0044267779522978,1000
sp14,15,mortality.additional.rate.sp14,-7.30075218055545e-05,0.00350922802319444,0.00445571096403332,1000
sp14,16,mortality.additional.rate.sp15,0.000223240025620733,0.00354923781923186,0.00453415466796148,1000
sp14,17,fisheries.rate.base.fsh0,-0.000245471159305552,0.00591310422402776,0.00765729007461074,1000
sp14,18,fisheries.rate.base.fsh1,-0.000135421881388889,0.00382703093888888,0.00489151053543213,1000
sp14,19,fisheries.rate.base.fsh2,0.000186125381944456,0.00349192320555557,0.00449114968166116,1000
sp14,20,fisheries.rate.base.fsh3,0.000270939758055547,0.00367197137416667,0.00465391134144749,1000
sp14,21,species.catchability.fsh0.sp0,2.21498530555515e-05,0.00575519481638888,0.00752942339151502,1000
sp14,22,species.catchability.fsh0.sp1,-0.000137364359999987,0.00355740221861112,0.00449340299759205,1000
sp14,23,species.catchability.fsh0.sp2,1.63944161111219e-05,0.00371770431277777,0.00475370948264022,1000
sp14,24,species.catchability.fsh0.sp3,-2.32708330555653e-05,0.00396729561277779,0.00504739305355261,1000
sp14,25,species.catchability.fsh0.sp5,2.22222933333319e-05,0.00361277263666665,0.0046882744218825,1000
sp14,26,species.catchability.fsh0.sp7,-0.00012274137369258,0.00352344494436298,0.00447621316264846,1000
sp14,27,species.catchability.fsh0.sp8,0.000231954531666649,0.00364418881555557,0.00463033029262207,1000
sp14,28,species.catchability.fsh0.sp9,0.000118782563472211,0.00347087658263887,0.00441195879944972,1000
sp14,29,species.catchability.fsh0.sp10,-0.000317101868556796,0.00361005814744569,0.00450515781818445,1000
sp14,30,species.catchability.fsh0.sp13,-8.18323877777801e-05,0.00350772190805555,0.0044771300683614,1000
sp14,31,species.catchability.fsh0.sp14,-0.000242000086805572,0.00380348324902776,0.00476533772765154,1000
sp14,32,species.catchability.fsh0.sp15,5.86888419444438e-05,0.00343284493222223,0.00436093528556844,1000
sp14,33,species.catchability.fsh1.sp9,-2.0232289583318e-05,0.00347713368430556,0.00452707768208924,1000
sp14,34,species.catchability.fsh1.sp10,-1.44978808333397e-05,0.00367700352833334,0.00467290471940707,1000
sp14,35,species.catchability.fsh1.sp11,-0.00013027987194444,0.00337741126916667,0.00437793472793679,1000
sp14,36,species.catchability.fsh1.sp12,-4.17850786111145e-05,0.00350869624972221,0.00449203526603548,1000
sp14,37,species.catchability.fsh2.sp0,-0.000118873873611106,0.00352336912083334,0.00453718839451353,1000
sp14,38,species.catchability.fsh2.sp5,3.85621638888966e-05,0.00355429860916667,0.00459041115676788,1000
sp14,39,species.catchability.fsh2.sp7,6.38541730555665e-05,0.00341090708777778,0.00441840345697432,1000
sp14,40,species.catchability.fsh2.sp8,9.68092038001672e-05,0.00344924122175537,0.00439196310498628,1000
sp14,41,species.catchability.fsh3.sp0,4.78011236111064e-05,0.00349963203916666,0.00453551881863448,1000
sp14,42,species.catchability.fsh3.sp1,-0.00022251977611112,0.00346837747277778,0.00444967980328149,1000
sp14,43,species.catchability.fsh3.sp2,-5.06032197222127e-05,0.00350657788055557,0.00444070146987065,1000
sp14,44,species.catchability.fsh3.sp3,8.02444436111139e-05,0.00354499329333333,0.00453245381948355,1000
sp14,45,species.catchability.fsh3.sp5,-6.64108958333528e-05,0.00345811646833334,0.00450035356590589,1000
sp14,46,species.catchability.fsh3.sp7,8.79686499999873e-05,0.00356343952222221,0.0045470133283913,1000
sp14,47,species.catchability.fsh3.sp8,7.50076911111001e-05,0.00353088318527777,0.00454807149350118,1000
sp14,48,species.catchability.fsh3.sp9,0.000142393536250002,0.00364731742180557,0.00464307616027416,1000
sp14,49,species.catchability.fsh3.sp10,-8.16908434956537e-05,0.0033703363034488,0.00432039591987299,1000
sp14,50,species.catchability.fsh3.sp11,0.000122511991388881,0.00341601194666666,0.00431443014420249,1000
sp14,51,species.catchability.fsh3.sp12,-3.75512754166784e-05,0.00349069798680556,0.00442802295184793,1000
sp14,52,species.catchability.fsh3.sp13,3.84103912500065e-05,0.00358338258541667,0.00464828287711687,1000
sp14,53,species.catchability.fsh3.sp14,0.000121880513372138,0.00357077522496121,0.00458156766801264,1000
sp14,54,species.catchability.fsh3.sp15,-5.27558101388761e-05,0.00330513561486111,0.00431704493215668,1000
sp14,55,species.length2weight.condition.factor.sp0,-6.35577969444485e-05,0.00772467693083333,0.0106076033587112,1000
sp14,56,species.length2weight.condition.factor.sp1,-0.000304843258611127,0.00395210817361113,0.00507588200915695,1000
sp14,57,species.length2weight.condition.factor.sp2,-7.48339129663184e-05,0.00468476537935521,0.00619738583870412,1000
sp14,58,species.length2weight.condition.factor.sp3,0.000234546543194455,0.00546160596041667,0.00686435850893523,1000
sp14,59,species.length2weight.condition.factor.sp4,4.33741571299907e-05,0.00366850417768554,0.00463640800355031,1000
sp14,60,species.length2weight.condition.factor.sp5,0.000139875917222238,0.00355611921194446,0.00449825990508537,1000
sp14,61,species.length2weight.condition.factor.sp6,-7.72626895833399e-05,0.00693641641875,0.00813195324398822,1000
sp14,62,species.length2weight.condition.factor.sp7,-0.000238879195138884,0.00337651172347223,0.00434046021932898,1000
sp14,63,species.length2weight.condition.factor.sp8,-3.80395681944525e-05,0.00355079580236112,0.00454257024897212,1000
sp14,64,species.length2weight.condition.factor.sp9,-8.21327655555501e-05,0.00368269033611113,0.00473217383091795,1000
sp14,65,species.length2weight.condition.factor.sp10,-0.00017584502833332,0.00360954646694443,0.00457549318289389,1000
sp14,66,species.length2weight.condition.factor.sp11,0.000195121986111108,0.0035690107522222,0.00446684125044263,1000
sp14,67,species.length2weight.condition.factor.sp12,-0.000190483192163557,0.00353953314061421,0.00449052311541831,1000
sp14,68,species.length2weight.condition.factor.sp13,3.10932708333045e-05,0.00348254092083334,0.00436558585174128,1000
sp14,69,species.length2weight.condition.factor.sp14,-0.000107002960555562,0.0178271594355556,0.0193465005563447,1000
sp14,70,species.length2weight.condition.factor.sp15,-8.44473447222198e-05,0.00357972969666667,0.00465515264705032,1000
sp14,71,species.k.sp0,0.00041861521138888,0.0176531951886111,0.0257549612891892,1000
sp14,72,species.k.sp1,0.000177493687777762,0.00395774415166667,0.00507417474794833,1000
sp14,73,species.k.sp2,-5.51841383333426e-05,0.0093265145186111,0.0116264016280207,1000
sp14,74,species.k.sp3,0.000103182926388915,0.00935608303194445,0.0118862832857913,1000
sp14,75,species.k.sp4,-0.0006190469075,0.0143930279908333,0.0160032968201188,1000
sp14,76,species.k.sp5,0.000149916379861097,0.00420592868402777,0.00539688456794163,1000
sp14,77,species.k.sp6,-0.000214012732499998,0.0094630972275,0.0111751774812018,1000
sp14,78,species.k.sp7,-0.000252015851111101,0.0035666597011111,0.00462425014141687,1000
sp14,79,species.k.sp8,-0.000148585605,0.00497328739444446,0.00617973977337335,1000
sp14,80,species.k.sp9,9.39100886111137e-05,0.00491634778055556,0.00608897783061185,1000
sp14,81,species.k.sp10,0.000460096568750004,0.0039093411826389,0.00492248369734426,1000
sp14,82,species.k.sp11,0.000214016657361101,0.00357220107319444,0.00473138031660474,1000
sp14,83,species.k.sp12,0.000158347464722227,0.00348828345444445,0.00442438696423425,1000
sp14,84,species.k.sp13,-0.000554766868055549,0.0122868137291667,0.0158327049520168,1000
sp14,85,species.k.sp14,-0.00146787756093583,0.0472579780323975,0.0500227578645538,1000
sp14,86,species.k.sp15,0.00014247906555554,0.00375633877500001,0.00493946616256634,1000
sp14,87,species.l0.sp0,9.25066188206016e-05,0.0059989013690984,0.00863087137033898,1000
sp14,88,species.l0.sp1,0.000230338634166645,0.00423544362305554,0.00538107262771783,1000
sp14,89,species.l0.sp2,-7.82153341666693e-05,0.00867521562444447,0.0109707626658321,1000
sp14,90,species.l0.sp3,1.88555169444564e-05,0.00508121363944442,0.00655200706228025,1000
sp14,91,species.l0.sp4,-9.88093730555598e-05,0.00861245788277777,0.00989462755993253,1000
sp14,92,species.l0.sp5,-1.70363802777902e-05,0.00354075482250001,0.00446552085347249,1000
sp14,93,species.l0.sp6,6.52146365268148e-05,0.00677598077541764,0.00828854773391829,1000
sp14,94,species.l0.sp7,-0.000135162545972224,0.00346506991930555,0.004455810354812,1000
sp14,95,species.l0.sp8,8.65197083333188e-05,0.00363819317944444,0.00460294495772466,1000
sp14,96,species.l0.sp9,-0.000168830509166666,0.00421372481055556,0.00536344702077636,1000
sp14,97,species.l0.sp10,5.2350889305552e-05,0.00445253995180556,0.00564587474394993,1000
sp14,98,species.l0.sp11,-9.27557069443585e-06,0.00353665666569443,0.00451099401059295,1000
sp14,99,species.l0.sp12,-7.2856956749055e-05,0.00358613279491761,0.0045817000920183,1000
sp14,100,species.l0.sp13,5.54025354166851e-05,0.00331284305236112,0.00432786709349586,1000
sp14,101,species.l0.sp14,0.000207575283611115,0.00358891987027779,0.00457641295589272,1000
sp14,102,species.l0.sp15,6.06067068055359e-05,0.00353962872180555,0.00443836850298475,1000
sp14,103,mortality.additional.larva.rate.sp0,0.000173161992500007,0.0212700101386111,0.0311062064944248,1000
sp14,104,mortality.additional.larva.rate.sp1,-0.000184075361944448,0.0063948704652778,0.00774738420921113,1000
sp14,105,mortality.additional.larva.rate.sp2,0.00101928297916666,0.0306802110922222,0.0369096793115428,1000
sp14,106,mortality.additional.larva.rate.sp3,0.00161292212666667,0.02692990818,0.0338301531123922,1000
sp14,107,mortality.additional.larva.rate.sp4,-6.00579699999994e-05,0.00347295229944444,0.00458665984240225,1000
sp14,108,mortality.additional.larva.rate.sp5,0.000174674078055556,0.00345562158277777,0.00442144686065267,1000
sp14,109,mortality.additional.larva.rate.sp6,7.79095041667444e-06,0.00381320266736113,0.00486320958827547,1000
sp14,110,mortality.additional.larva.rate.sp9,-6.73790852777723e-05,0.00475917550694445,0.00607265719161881,1000
sp14,111,mortality.additional.larva.rate.sp10,-9.36975627777822e-05,0.00525997847666667,0.00680086357126881,1000
sp14,112,mortality.additional.larva.rate.sp11,8.89848506944507e-05,0.00351008965125,0.00450962500857825,1000
sp14,113,mortality.additional.larva.rate.sp12,-4.02182783333427e-05,0.00380378074222221,0.00480295125649007,1000
sp14,114,mortality.additional.larva.rate.sp13,2.00316190277924e-05,0.00348416711708333,0.00440094292486459,1000
sp14,115,mortality.additional.larva.rate.sp14,-0.000155944563055546,0.0130094367394445,0.0154518977107134,1000
sp14,116,mortality.additional.larva.rate.sp15,-7.49812836111028e-05,0.00368695310083333,0.00484632575184398,1000
sp14,117,mortality.additional.larva.rate.mean.sp7,0.000107086380138888,0.00351043040347222,0.00454059605163877,1000
sp14,118,mortality.additional.larva.rate.mean.sp8,-7.84165443055418e-05,0.00365409534680554,0.00460319854447478,1000
sp14,119,species.linf.sp0,-0.00172534584638888,0.0198442045258333,0.0311733650542596,1000
sp14,120,species.linf.sp1,0.00040064509041665,0.00573183074625,0.00730707677118821,1000
sp14,121,species.linf.sp2,0.000479462070694455,0.0276482608043056,0.0329320849655726,1000
sp14,122,species.linf.sp3,-0.000686587561037028,0.0187656716017408,0.0238796476983415,1000
sp14,123,species.linf.sp4,0.00111034764069444,0.0399869200354167,0.0432756018168027,1000
sp14,124,species.linf.sp5,5.03350954166603e-05,0.00749523116902778,0.0103799911391299,1000
sp14,125,species.linf.sp6,-0.00021224799361111,0.0158804155144444,0.0190773117349951,1000
sp14,126,species.linf.sp7,-9.53251523308422e-05,0.00378478357044693,0.00483695884355099,1000
sp14,127,species.linf.sp8,-0.000462461399166676,0.0117578020544444,0.0132727703096075,1000
sp14,128,species.linf.sp9,-0.00017826442576505,0.0101624440877095,0.0123584445437588,1000
sp14,129,species.linf.sp10,-3.03861318055539e-05,0.00641665942069445,0.00829471042710283,1000
sp14,130,species.linf.sp11,0.000215957915833334,0.00365318189833334,0.00464278141429509,1000
sp14,131,species.linf.sp12,-7.02822322222262e-05,0.00422351503194444,0.00530508354489072,1000
sp14,132,species.linf.sp13,-5.08963427777796e-05,0.00651307250416665,0.00847740156833296,1000
sp14,133,species.linf.sp14,-0.00294730140152778,0.0960100238951389,0.109149344481075,1000
sp14,134,species.linf.sp15,2.69086027777792e-05,0.00393633703555556,0.00522673402140485,1000
sp14,135,species.accessibility2fish.sp16,0.000195569574861095,0.00364764792875001,0.00458795707128177,1000
sp14,136,species.accessibility2fish.sp17,6.84180486111062e-05,0.00350776605666666,0.00443651093335994,1000
sp14,137,species.accessibility2fish.sp18,-0.000102747048055553,0.00358761616888889,0.00452901765190428,1000
sp14,138,species.accessibility2fish.sp19,1.70532979275252e-05,0.00404378770151691,0.00520654469145345,1000
sp14,139,species.accessibility2fish.sp20,0.00010847760972223,0.00350831490333333,0.00444409877175841,1000
sp14,140,species.accessibility2fish.sp21,0.000116099275258841,0.00478351970970328,0.00636507110412422,1000
sp14,141,species.accessibility2fish.sp22,-0.000227739611944442,0.0114615364422222,0.018748284117198,1000
sp14,142,species.accessibility2fish.sp23,0.000588792411666655,0.0130768406241667,0.014743708436426,1000
sp14,143,species.accessibility2fish.sp24,0.00052577329097222,0.0246846564620833,0.0257408041288918,1000
sp14,144,species.accessibility2fish.sp25,4.65687447377331e-05,0.00352679160526227,0.00447638300609444,1000
sp14,145,species.accessibility2fish.sp26,-0.000146229629583345,0.00386720019680556,0.00543918026279693,1000
sp14,146,species.maturity.size.ratio.sp0,0.00137303590409657,0.0209304317586812,0.0322359645695292,1000
sp14,147,species.maturity.size.ratio.sp1,0.000259076793888874,0.00346954328972223,0.00443635178754013,1000
sp14,148,species.maturity.size.ratio.sp2,0.000109636465555559,0.00360700255027778,0.00458548130574452,1000
sp14,149,species.maturity.size.ratio.sp3,0.000116285953194465,0.00389976120041667,0.00511867419922263,1000
sp14,150,species.maturity.size.ratio.sp4,-0.000314668778472213,0.00389591644847223,0.0048799233044888,1000
sp14,151,species.maturity.size.ratio.sp5,-6.3345326527768e-05,0.00364236927736111,0.00461537399294849,1000
sp14,152,species.maturity.size.ratio.sp6,0.000331326115555548,0.0134528679969444,0.0163871875002537,1000
sp14,153,species.maturity.size.ratio.sp7,1.6061043055551e-05,0.00351933442972223,0.00440850378520399,1000
sp14,154,species.maturity.size.ratio.sp8,0.000211618300833329,0.00342985020972223,0.0043913320169622,1000
sp14,155,species.maturity.size.ratio.sp9,1.09347388888891e-05,0.00352319357833335,0.00449482936236012,1000
sp14,156,species.maturity.size.ratio.sp10,-0.000267230950972231,0.00365786318625001,0.00490056468234812,1000
sp14,157,species.maturity.size.ratio.sp11,-5.60670580555419e-05,0.00385305788388889,0.00492566940060438,1000
sp14,158,species.maturity.size.ratio.sp12,4.25635904166776e-05,0.00354759417541666,0.0045823670737665,1000
sp14,159,species.maturity.size.ratio.sp13,-0.000552231258055544,0.0174328076319444,0.0213781132680245,1000
sp14,160,species.maturity.size.ratio.sp14,-0.000445747000416687,0.0115716290559722,0.0132779290576611,1000
sp14,161,species.maturity.size.ratio.sp15,-0.000113897429722226,0.00393480985138887,0.00509005254250475,1000
sp14,162,predation.predPrey.sizeRatio.teta.sp0.stage1,-0.000324479172499977,0.00361800685166668,0.00467122389832894,1000
sp14,163,predation.predPrey.sizeRatio.alpha.sp0.stage1,8.38392576388847e-05,0.00612371984486111,0.00826981298578047,1000
sp14,164,predation.predPrey.sizeRatio.teta.sp1.stage1,-0.000461658078194424,0.00412465137097222,0.00518129896772691,1000
sp14,165,predation.predPrey.sizeRatio.alpha.sp1.stage1,-0.000420632145694456,0.00554386202708334,0.00688775585205471,1000
sp14,166,predation.predPrey.sizeRatio.teta.sp2.stage1,4.14475813888636e-05,0.00358388058972221,0.00455374945478314,1000
sp14,167,predation.predPrey.sizeRatio.alpha.sp2.stage1,-0.000156356565393548,0.00906322382761577,0.0118740135864508,1000
sp14,168,predation.predPrey.sizeRatio.teta.sp3.stage1,-0.000137633620833327,0.00383042091250002,0.00499332178018147,1000
sp14,169,predation.predPrey.sizeRatio.alpha.sp3.stage1,-0.000246872074166657,0.00929450347972223,0.0118694522913064,1000
sp14,170,predation.predPrey.sizeRatio.teta.sp4.stage1,-0.000227808910000003,0.00354220576305556,0.00458710418838325,1000
sp14,171,predation.predPrey.sizeRatio.alpha.sp4.stage1,-0.00112237809152777,0.0174875975856944,0.0204270009709857,1000
sp14,172,predation.predPrey.sizeRatio.teta.sp5.stage1,-0.000261073179305553,0.00348459543541666,0.0044592428954023,1000
sp14,173,predation.predPrey.sizeRatio.teta.sp5.stage2,8.02122280555554e-05,0.00433976060972222,0.00553457740541912,1000
sp14,174,predation.predPrey.sizeRatio.alpha.sp5.stage1,-0.000164713086805553,0.00332325012152779,0.00422050176038325,1000
sp14,175,predation.predPrey.sizeRatio.alpha.sp5.stage2,-0.000355355674722233,0.00392821351416668,0.00501237024315837,1000
sp14,176,predation.predPrey.sizeRatio.teta.sp6.stage1,1.94328808333402e-05,0.00608398461416666,0.00798898312635447,1000
sp14,177,predation.predPrey.sizeRatio.alpha.sp6.stage1,1.9214391471287e-05,0.00538493797341573,0.00695378397668513,1000
sp14,178,predation.predPrey.sizeRatio.teta.sp7.stage1,3.35553506401412e-05,0.0034370034776932,0.00446698814541756,1000
sp14,179,predation.predPrey.sizeRatio.alpha.sp7.stage1,-0.000260716007222215,0.00366092596916667,0.00465517202090716,1000
sp14,180,predation.predPrey.sizeRatio.teta.sp8.stage1,-0.000185324078333347,0.00362993556916671,0.00465802183375147,1000
sp14,181,predation.predPrey.sizeRatio.alpha.sp8.stage1,0.000126668078055549,0.0100935360088889,0.0116461465637394,1000
sp14,182,predation.predPrey.sizeRatio.teta.sp9.stage1,7.97172045833324e-05,0.0035313583151389,0.00456064553843311,1000
sp14,183,predation.predPrey.sizeRatio.alpha.sp9.stage1,1.46167311111155e-05,0.00692220126305557,0.00882365431876004,1000
sp14,184,predation.predPrey.sizeRatio.teta.sp10.stage1,-6.30175291665402e-06,0.00372452632319445,0.00483090532060643,1000
sp14,185,predation.predPrey.sizeRatio.alpha.sp10.stage1,-0.000103547594305549,0.00407628912930555,0.00517835246110019,1000
sp14,186,predation.predPrey.sizeRatio.teta.sp11.stage1,-3.08704034722309e-05,0.0034361556123611,0.00441590301353199,1000
sp14,187,predation.predPrey.sizeRatio.alpha.sp11.stage1,-2.63555269444346e-05,0.00356730767166666,0.004562414914366,1000
sp14,188,predation.predPrey.sizeRatio.teta.sp12.stage1,-6.05022113888792e-05,0.0035950084936111,0.00460480269866631,1000
sp14,189,predation.predPrey.sizeRatio.alpha.sp12.stage1,-0.000224060344861127,0.00405870101875001,0.00511955776926076,1000
sp14,190,predation.predPrey.sizeRatio.teta.sp13.stage1,-8.95152776388736e-05,0.00358743374402776,0.00451494315574199,1000
sp14,191,predation.predPrey.sizeRatio.alpha.sp13.stage1,0.000136461386249995,0.00674581643652779,0.0088115216226439,1000
sp14,192,predation.predPrey.sizeRatio.teta.sp14.stage1,-0.000255069061592971,0.0076774137310374,0.00943679622660743,1000
sp14,193,predation.predPrey.sizeRatio.alpha.sp14.stage1,0.00265285775708334,0.0940673762845834,0.11124333012114,1000
sp14,194,predation.predPrey.sizeRatio.teta.sp15.stage1,0.000136094459375005,0.00363102148548611,0.00451918610133364,1000
sp14,195,predation.predPrey.sizeRatio.alpha.sp15.stage1,-0.00018556304763888,0.00375165618624999,0.00477528822834929,1000
sp15,1,mortality.additional.rate.sp0,-1.72476140277693e-05,0.00177203393597221,0.00236961603078679,1000
sp15,2,mortality.additional.rate.sp1,-6.0183333194432e-05,0.00179173086652776,0.00228629221183208,1000
sp15,3,mortality.additional.rate.sp2,-6.40358629166541e-05,0.00199052977958337,0.00267511520237745,1000
sp15,4,mortality.additional.rate.sp3,-6.98702122222216e-05,0.00277352669222223,0.00357552527918805,1000
sp15,5,mortality.additional.rate.sp4,-1.14538938888946e-05,0.00170453933027774,0.00226434185317233,1000
sp15,6,mortality.additional.rate.sp5,-8.92498852777872e-05,0.00283706928361116,0.0036808264038908,1000
sp15,7,mortality.additional.rate.sp6,0.000109179430694485,0.00170651370263887,0.00219576242617043,1000
sp15,8,mortality.additional.rate.sp7,-8.92750250000596e-06,0.00177583949277779,0.00232480086738442,1000
sp15,9,mortality.additional.rate.sp8,-7.26038395833196e-05,0.00175474500347224,0.00227712829965592,1000
sp15,10,mortality.additional.rate.sp9,6.67271558333464e-05,0.00171364529972223,0.00219750154054982,1000
sp15,11,mortality.additional.rate.sp10,-3.22598329859258e-06,0.00164062502309027,0.00211327205530033,1000
sp15,12,mortality.additional.rate.sp11,0.000124770877777791,0.0016286072211111,0.00207816189843176,1000
sp15,13,mortality.additional.rate.sp12,-0.000100235151527792,0.00166725660208334,0.00217392033718108,1000
sp15,14,mortality.additional.rate.sp13,-1.32630390277918e-05,0.00170614166041666,0.00219681109574265,1000
sp15,15,mortality.additional.rate.sp14,-0.00010181165652779,0.00172726969819443,0.00223051681356521,1000
sp15,16,mortality.additional.rate.sp15,9.64069749999929e-05,0.00174997937722221,0.00234194496313155,1000
sp15,17,fisheries.rate.base.fsh0,-8.14841319444349e-05,0.00544985805777777,0.00642972726047946,1000
sp15,18,fisheries.rate.base.fsh1,9.84421384722251e-05,0.00270442900486112,0.00324679696619011,1000
sp15,19,fisheries.rate.base.fsh2,-3.1632346666672e-05,0.0016857502102778,0.00220737121241866,1000
sp15,20,fisheries.rate.base.fsh3,2.85855879166472e-05,0.00184131717486112,0.00238439386364473,1000
sp15,21,species.catchability.fsh0.sp0,0.000270718090416636,0.00379440153069443,0.00501285686571505,1000
sp15,22,species.catchability.fsh0.sp1,-0.000126849972083327,0.00180717414791667,0.00233308364720481,1000
sp15,23,species.catchability.fsh0.sp2,-3.73008883333181e-05,0.00176152906611111,0.00228957162923198,1000
sp15,24,species.catchability.fsh0.sp3,-0.000186548897500023,0.00363701876611111,0.00455230117836488,1000
sp15,25,species.catchability.fsh0.sp5,6.04070211111174e-05,0.00209923085166669,0.00266725280086874,1000
sp15,26,species.catchability.fsh0.sp7,-6.1570045833363e-05,0.00173904317611111,0.00225203462069591,1000
sp15,27,species.catchability.fsh0.sp8,-0.000116044019583347,0.00185860398986111,0.00238205369724057,1000
sp15,28,species.catchability.fsh0.sp9,-1.40095666666655e-05,0.00168682851944444,0.00217401131468442,1000
sp15,29,species.catchability.fsh0.sp10,-0.00012616174569444,0.00173004980263888,0.00223696376681108,1000
sp15,30,species.catchability.fsh0.sp13,7.50871936111034e-05,0.0017199471625,0.00216569340273311,1000
sp15,31,species.catchability.fsh0.sp14,7.35307377777569e-05,0.00173708946250001,0.00224577778282956,1000
sp15,32,species.catchability.fsh0.sp15,-6.98768447222434e-05,0.00172748245638888,0.00222463748029204,1000
sp15,33,species.catchability.fsh1.sp9,2.88153677777449e-05,0.00211270834249999,0.00263648765516161,1000
sp15,34,species.catchability.fsh1.sp10,-5.82910951388895e-05,0.00186851581486112,0.00243620412988666,1000
sp15,35,species.catchability.fsh1.sp11,-0.000118361263611083,0.00166330645444442,0.00212797135285519,1000
sp15,36,species.catchability.fsh1.sp12,7.49183302777909e-05,0.00170070275083334,0.0022085149202896,1000
sp15,37,species.catchability.fsh2.sp0,5.45030208332893e-05,0.00182013700361111,0.00238942218859197,1000
sp15,38,species.catchability.fsh2.sp5,9.73082201388744e-05,0.0018002061184722,0.00233018915714682,1000
sp15,39,species.catchability.fsh2.sp7,2.84952081944349e-05,0.00163785411513887,0.00211671389649047,1000
sp15,40,species.catchability.fsh2.sp8,-3.35643573611379e-05,0.00160115624375,0.00214602580511143,1000
sp15,41,species.catchability.fsh3.sp0,3.40761808333746e-05,0.0017911216147222,0.00231589574648719,1000
sp15,42,species.catchability.fsh3.sp1,2.18098649999928e-05,0.0017184215436111,0.00222685123504673,1000
sp15,43,species.catchability.fsh3.sp2,-6.83381475000295e-05,0.00174985315555557,0.00222590149319066,1000
sp15,44,species.catchability.fsh3.sp3,5.09068029166619e-05,0.00174842412208334,0.00230564865238248,1000
sp15,45,species.catchability.fsh3.sp5,-6.20558555555705e-05,0.00172859238805557,0.00228426267521599,1000
sp15,46,species.catchability.fsh3.sp7,-5.25698852777536e-05,0.00168516924333333,0.00221267052912759,1000
sp15,47,species.catchability.fsh3.sp8,-4.84270568055387e-05,0.00170777860847219,0.00223388823699951,1000
sp15,48,species.catchability.fsh3.sp9,0.000183126031666675,0.00171705380777775,0.00222243222892922,1000
sp15,49,species.catchability.fsh3.sp10,8.44551750001232e-06,0.00176085634666664,0.00223700645908597,1000
sp15,50,species.catchability.fsh3.sp11,-3.78596011110793e-05,0.00173283689833333,0.00225590569452256,1000
sp15,51,species.catchability.fsh3.sp12,-2.35419654166525e-05,0.00168961173791666,0.00220217685635399,1000
sp15,52,species.catchability.fsh3.sp13,-1.65325134722358e-05,0.00171927601902775,0.00227239728740388,1000
sp15,53,species.catchability.fsh3.sp14,-6.9471383333124e-06,0.00170305351611111,0.00224453987804876,1000
sp15,54,species.catchability.fsh3.sp15,0.000205680315555572,0.00177358829472223,0.00231677557907035,1000
sp15,55,species.length2weight.condition.factor.sp0,-0.000127265252916634,0.00438507892375,0.00611184795179521,1000
sp15,56,species.length2weight.condition.factor.sp1,-0.000242391854444476,0.00173821178611112,0.00227524917926385,1000
sp15,57,species.length2weight.condition.factor.sp2,2.78529786111028e-05,0.00208199629750001,0.00279076043700858,1000
sp15,58,species.length2weight.condition.factor.sp3,1.13715943055667e-05,0.0035315314815278,0.00475597680702509,1000
sp15,59,species.length2weight.condition.factor.sp4,0.000233778434166698,0.00557513086666664,0.00623317105665302,1000
sp15,60,species.length2weight.condition.factor.sp5,0.000102402557638894,0.00172322718847224,0.00225753803406074,1000
sp15,61,species.length2weight.condition.factor.sp6,2.98692216666984e-05,0.00199553671138889,0.00256985649014617,1000
sp15,62,species.length2weight.condition.factor.sp7,4.76935277781809e-07,0.00172678175055558,0.00226028880241362,1000
sp15,63,species.length2weight.condition.factor.sp8,-4.78884359722197e-05,0.00169105901513888,0.00219884280887678,1000
sp15,64,species.length2weight.condition.factor.sp9,2.09921522222351e-05,0.00181701336638889,0.00236711406439962,1000
sp15,65,species.length2weight.condition.factor.sp10,-2.57102970833275e-05,0.00180481035486112,0.00241869480125388,1000
sp15,66,species.length2weight.condition.factor.sp11,5.63947329166158e-05,0.00174380214069444,0.00226010296039371,1000
sp15,67,species.length2weight.condition.factor.sp12,6.92747358333236e-05,0.0017322019166667,0.00222560917449363,1000
sp15,68,species.length2weight.condition.factor.sp13,6.5973590277767e-06,0.00232293143541667,0.00311234618394821,1000
sp15,69,species.length2weight.condition.factor.sp14,9.39689644444496e-05,0.00497140964055557,0.00555328548820167,1000
sp15,70,species.length2weight.condition.factor.sp15,-0.000226529925416652,0.0157151944726389,0.0174079569110401,1000
sp15,71,species.k.sp0,0.000205767223472223,0.0162962251151389,0.0212111995782129,1000
sp15,72,species.k.sp1,9.20913379166752e-05,0.00247278631930558,0.0031105387861705,1000
sp15,73,species.k.sp2,-0.00014813328249996,0.00292555656555557,0.00452592862642706,1000
sp15,74,species.k.sp3,0.000217500263749995,0.00669671670402783,0.00934096641178184,1000
sp15,75,species.k.sp4,0.000533399632500017,0.0183189064975,0.0189530267357897,1000
sp15,76,species.k.sp5,0.000267064796249976,0.00299544694847222,0.00398346523349842,1000
sp15,77,species.k.sp6,-4.50777162500077e-05,0.00248121397124996,0.00315198507268917,1000
sp15,78,species.k.sp7,1.50677080555425e-05,0.00166480180416664,0.00216481685729016,1000
sp15,79,species.k.sp8,-4.09091783333482e-05,0.00276247989305556,0.00340154664546683,1000
sp15,80,species.k.sp9,-0.000304062300694459,0.00791544629263886,0.0087831085959231,1000
sp15,81,species.k.sp10,-0.000124733659382737,0.00208774760660494,0.00267768682520572,1000
sp15,82,species.k.sp11,9.3645523611102e-05,0.00187259028444444,0.00243811226957289,1000
sp15,83,species.k.sp12,9.08339502777821e-05,0.00191320458194445,0.00247795021442411,1000
sp15,84,species.k.sp13,-0.000713225901111138,0.0113470891255556,0.015437196164121,1000
sp15,85,species.k.sp14,-0.000195067504722236,0.00889657535277779,0.00964745015333701,1000
sp15,86,species.k.sp15,-0.000699311288472206,0.0216746892531944,0.0251147043772621,1000
sp15,87,species.l0.sp0,3.6003878750009e-05,0.00341311845875001,0.00472067779233407,1000
sp15,88,species.l0.sp1,-2.09391038888918e-05,0.0020849002222222,0.00270198916266245,1000
sp15,89,species.l0.sp2,-0.000185478911527754,0.00255012917152779,0.00360339921337473,1000
sp15,90,species.l0.sp3,-6.29925809722084e-05,0.00298650240291664,0.00402027700930978,1000
sp15,91,species.l0.sp4,-0.000176822042638859,0.0155717424226389,0.0163411896865461,1000
sp15,92,species.l0.sp5,7.10276233333074e-05,0.00171205179055559,0.00222971360219412,1000
sp15,93,species.l0.sp6,-6.45821263892099e-06,0.00222344652736116,0.00279855012736144,1000
sp15,94,species.l0.sp7,3.21877081944458e-05,0.00167747634736114,0.0021885983979167,1000
sp15,95,species.l0.sp8,8.97272774999883e-05,0.00206768343444444,0.00263559372982617,1000
sp15,96,species.l0.sp9,-0.000189468891111108,0.00391260248750003,0.00483892527563809,1000
sp15,97,species.l0.sp10,-0.000145517665416659,0.0025134621681944,0.00333835176395996,1000
sp15,98,species.l0.sp11,-6.97648466666817e-05,0.0017936317486111,0.00231598076134004,1000
sp15,99,species.l0.sp12,1.47465111111109e-05,0.00178818796138891,0.00232460172311017,1000
sp15,100,species.l0.sp13,-0.000108390159305554,0.00179773888486111,0.00233064422715127,1000
sp15,101,species.l0.sp14,-0.000153829577222214,0.0016534928336111,0.00211854022291631,1000
sp15,102,species.l0.sp15,0.000513575649999991,0.00518255839111107,0.00722129514952447,1000
sp15,103,mortality.additional.larva.rate.sp0,0.000508728923888882,0.0137947027672222,0.0191419702936493,1000
sp15,104,mortality.additional.larva.rate.sp1,-1.56288611133149e-07,0.0022660848777778,0.00286292100102255,1000
sp15,105,mortality.additional.larva.rate.sp2,8.67316780555562e-05,0.00638577024361109,0.00921345193154847,1000
sp15,106,mortality.additional.larva.rate.sp3,0.00122559158944441,0.0164746138588889,0.0223783955399675,1000
sp15,107,mortality.additional.larva.rate.sp4,-4.99175347222758e-06,0.00162830205125002,0.00211808179255689,1000
sp15,108,mortality.additional.larva.rate.sp5,0.000109490364861112,0.00158712976041667,0.00210704721087762,1000
sp15,109,mortality.additional.larva.rate.sp6,-9.1538157083325e-05,0.0017134306690278,0.00217962146192737,1000
sp15,110,mortality.additional.larva.rate.sp9,0.000263093563055539,0.00488258380166668,0.00616392678016171,1000
sp15,111,mortality.additional.larva.rate.sp10,2.21776138888674e-06,0.00312594380388887,0.00431438680242721,1000
sp15,112,mortality.additional.larva.rate.sp11,8.66667734722204e-05,0.00171732696819445,0.00224635881702131,1000
sp15,113,mortality.additional.larva.rate.sp12,3.32446275000065e-05,0.00249517200916666,0.00329772138483121,1000
sp15,114,mortality.additional.larva.rate.sp13,6.49152806944689e-05,0.00163473033402779,0.00211478341240032,1000
sp15,115,mortality.additional.larva.rate.sp14,0.000117047308194405,0.00314758317708334,0.00410260682042674,1000
sp15,116,mortality.additional.larva.rate.sp15,0.000313848297777778,0.0432794911811111,0.0472971068724418,1000
sp15,117,mortality.additional.larva.rate.mean.sp7,-1.96289537500177e-05,0.00182994374208336,0.00237430597124964,1000
sp15,118,mortality.additional.larva.rate.mean.sp8,8.28397188888929e-05,0.00218300841888888,0.00274039196977519,1000
sp15,119,species.linf.sp0,-0.00131149608333334,0.0197560649105556,0.0267165476368536,1000
sp15,120,species.linf.sp1,0.000286560501111131,0.00455572446583334,0.00549416082347145,1000
sp15,121,species.linf.sp2,-6.90513911110644e-05,0.00722036003305557,0.0113545094013744,1000
sp15,122,species.linf.sp3,-0.00170590807625002,0.0248180176251389,0.0297026589836612,1000
sp15,123,species.linf.sp4,-0.00112835857825618,0.0452748837111883,0.0464229367408142,1000
sp15,124,species.linf.sp5,-0.000279307581388868,0.00824639902722223,0.0101273524574338,1000
sp15,125,species.linf.sp6,-4.77112659721906e-05,0.00306877523652778,0.00389869273660572,1000
sp15,126,species.linf.sp7,2.45072362499899e-05,0.00188011814958334,0.0024291940074831,1000
sp15,127,species.linf.sp8,0.000112165436250024,0.00686359572597221,0.00756369899990808,1000
sp15,128,species.linf.sp9,7.2300882500024e-05,0.0219038435252778,0.0233761519950674,1000
sp15,129,species.linf.sp10,-3.76549036111095e-05,0.00455159199444443,0.00590219368781981,1000
sp15,130,species.linf.sp11,-5.00216334722159e-05,0.0025848164951389,0.00335555282686543,1000
sp15,131,species.linf.sp12,0.000225861866805545,0.00360897044374999,0.0043497849436122,1000
sp15,132,species.linf.sp13,0.00015950718972223,0.00459814090166671,0.00722579102581847,1000
sp15,133,species.linf.sp14,-0.000686041492499986,0.0123618935105555,0.0133500955838317,1000
sp15,134,species.linf.sp15,0.00333548371819444,0.111446267087361,0.121864544145694,1000
sp15,135,species.accessibility2fish.sp16,8.65632347222955e-06,0.00176507790763886,0.00227072588712532,1000
sp15,136,species.accessibility2fish.sp17,3.53670216666536e-05,0.00162577321083338,0.00212318630235711,1000
sp15,137,species.accessibility2fish.sp18,4.29823216667222e-05,0.00177084905083334,0.00229049940642885,1000
sp15,138,species.accessibility2fish.sp19,-8.08563272222084e-05,0.00170594425944444,0.00220611935258739,1000
sp15,139,species.accessibility2fish.sp20,-2.87707311110694e-05,0.00169030093749998,0.00222222909761418,1000
sp15,140,species.accessibility2fish.sp21,5.6149932222236e-05,0.00447766331638887,0.00698036975883931,1000
sp15,141,species.accessibility2fish.sp22,-0.000280418994722193,0.00847762377972222,0.014542103820455,1000
sp15,142,species.accessibility2fish.sp23,0.000268872872916631,0.00436576758430554,0.00494374733880579,1000
sp15,143,species.accessibility2fish.sp24,0.00234708825166666,0.0816499360327778,0.0819193837404801,1000
sp15,144,species.accessibility2fish.sp25,0.000110961805694422,0.00168330140902778,0.00217891266757096,1000
sp15,145,species.accessibility2fish.sp26,0.000702818780416636,0.01190409665375,0.0213814952887955,1000
sp15,146,species.maturity.size.ratio.sp0,0.000339732224027763,0.0153542920581945,0.0230675622241215,1000
sp15,147,species.maturity.size.ratio.sp1,1.24891734722316e-05,0.00166471798208331,0.00212409251273922,1000
sp15,148,species.maturity.size.ratio.sp2,3.88464854166933e-05,0.00182865628847222,0.00238891635205001,1000
sp15,149,species.maturity.size.ratio.sp3,-0.00014126257347222,0.00218018785152781,0.0028394276956247,1000
sp15,150,species.maturity.size.ratio.sp4,9.24537181944243e-05,0.00711463083430556,0.00791738514886767,1000
sp15,151,species.maturity.size.ratio.sp5,6.15936329166468e-05,0.00177093713319447,0.00231980011144291,1000
sp15,152,species.maturity.size.ratio.sp6,0.000134417106250013,0.00279182818541668,0.0034987708997205,1000
sp15,153,species.maturity.size.ratio.sp7,2.75553425000414e-05,0.00170445141027776,0.00222467323223606,1000
sp15,154,species.maturity.size.ratio.sp8,-1.57369119444735e-05,0.00172301182472222,0.00221990693173046,1000
sp15,155,species.maturity.size.ratio.sp9,1.00149437499889e-05,0.00176174434041668,0.00229252966194191,1000
sp15,156,species.maturity.size.ratio.sp10,0.000124943606666649,0.00187721909083334,0.00242772925037188,1000
sp15,157,species.maturity.size.ratio.sp11,9.02945069444339e-05,0.00461133469611112,0.00575963301878089,1000
sp15,158,species.maturity.size.ratio.sp12,2.12991799999988e-05,0.00194664911388892,0.00259081348806269,1000
sp15,159,species.maturity.size.ratio.sp13,-0.000286980173472204,0.0219223217801389,0.027346559223272,1000
sp15,160,species.maturity.size.ratio.sp14,-8.3455982361146e-05,0.00338240975819447,0.00408559762312255,1000
sp15,161,species.maturity.size.ratio.sp15,-0.000409968933888897,0.0521381764905556,0.0593651021393275,1000
sp15,162,predation.predPrey.sizeRatio.teta.sp0.stage1,6.8128030833334e-05,0.00186018058333333,0.00241067696630115,1000
sp15,163,predation.predPrey.sizeRatio.alpha.sp0.stage1,0.000166696067222219,0.00850728959888892,0.0120087514924407,1000
sp15,164,predation.predPrey.sizeRatio.teta.sp1.stage1,4.92000016666716e-05,0.00169473660222224,0.00222525457132954,1000
sp15,165,predation.predPrey.sizeRatio.alpha.sp1.stage1,-0.000496307688333317,0.00608493707694445,0.00701242556929821,1000
sp15,166,predation.predPrey.sizeRatio.teta.sp2.stage1,3.10296806944466e-05,0.00186660909847223,0.00240768476531404,1000
sp15,167,predation.predPrey.sizeRatio.alpha.sp2.stage1,-8.04858988888829e-05,0.00321984528833333,0.0048490292083374,1000
sp15,168,predation.predPrey.sizeRatio.teta.sp3.stage1,1.1806425555543e-05,0.00171757255444446,0.00225626782350949,1000
sp15,169,predation.predPrey.sizeRatio.alpha.sp3.stage1,1.7185821527806e-05,0.00860440637875001,0.011429145507128,1000
sp15,170,predation.predPrey.sizeRatio.teta.sp4.stage1,4.32924343055772e-05,0.00332643998652778,0.00420647643825078,1000
sp15,171,predation.predPrey.sizeRatio.alpha.sp4.stage1,0.00103184945986112,0.0194783762065278,0.0209887289621336,1000
sp15,172,predation.predPrey.sizeRatio.teta.sp5.stage1,4.27687808333456e-05,0.00168260884166669,0.00213719952197494,1000
sp15,173,predation.predPrey.sizeRatio.teta.sp5.stage2,0.000277696582916698,0.00367165746986112,0.00478296655437428,1000
sp15,174,predation.predPrey.sizeRatio.alpha.sp5.stage1,-2.31930922222423e-05,0.00167792141027777,0.00215283394939129,1000
sp15,175,predation.predPrey.sizeRatio.alpha.sp5.stage2,-1.73012729166619e-05,0.00231455234402776,0.0030632144257891,1000
sp15,176,predation.predPrey.sizeRatio.teta.sp6.stage1,-3.70126458333493e-05,0.00194754824249999,0.00250799455976556,1000
sp15,177,predation.predPrey.sizeRatio.alpha.sp6.stage1,-5.62851440277864e-05,0.00209480598152776,0.00273144972376927,1000
sp15,178,predation.predPrey.sizeRatio.teta.sp7.stage1,-1.8937975972242e-05,0.00172861855930556,0.00223491003636521,1000
sp15,179,predation.predPrey.sizeRatio.alpha.sp7.stage1,-6.29022352777859e-05,0.0024297132163889,0.0030840881171549,1000
sp15,180,predation.predPrey.sizeRatio.teta.sp8.stage1,-4.19118223611244e-05,0.00182741159513887,0.00249667151473318,1000
sp15,181,predation.predPrey.sizeRatio.alpha.sp8.stage1,-0.00010041548027782,0.00344506296555555,0.00415340182112938,1000
sp15,182,predation.predPrey.sizeRatio.teta.sp9.stage1,-0.000128651307361133,0.00241813172708333,0.00307417453999653,1000
sp15,183,predation.predPrey.sizeRatio.alpha.sp9.stage1,-0.000215733281944421,0.00789165139388889,0.0100467773575893,1000
sp15,184,predation.predPrey.sizeRatio.teta.sp10.stage1,0.000120918769027756,0.00176351358458328,0.00229847955189272,1000
sp15,185,predation.predPrey.sizeRatio.alpha.sp10.stage1,-0.00012839086361113,0.00230115636722224,0.00318153247258066,1000
sp15,186,predation.predPrey.sizeRatio.teta.sp11.stage1,2.05491688888718e-05,0.00168491893499999,0.00220268005124003,1000
sp15,187,predation.predPrey.sizeRatio.alpha.sp11.stage1,-5.25278580555381e-05,0.00187940176666669,0.00244707591636755,1000
sp15,188,predation.predPrey.sizeRatio.teta.sp12.stage1,4.72154861083318e-07,0.00208196414319449,0.00267938237584837,1000
sp15,189,predation.predPrey.sizeRatio.alpha.sp12.stage1,9.83814902776703e-06,0.00278225649041667,0.00365924049226059,1000
sp15,190,predation.predPrey.sizeRatio.teta.sp13.stage1,6.66208083333345e-05,0.00202933852333334,0.00267344871813962,1000
sp15,191,predation.predPrey.sizeRatio.alpha.sp13.stage1,0.000664758566111162,0.00648917714083335,0.00925563873939676,1000
sp15,192,predation.predPrey.sizeRatio.teta.sp14.stage1,-0.000162281574583312,0.0020506449473611,0.00265334292789841,1000
sp15,193,predation.predPrey.sizeRatio.alpha.sp14.stage1,0.000276953333611101,0.00865738117999999,0.0094186460514812,1000
sp15,194,predation.predPrey.sizeRatio.teta.sp15.stage1,-4.60304325347419e-05,0.00334179022746529,0.00403159441423399,1000
sp15,195,predation.predPrey.sizeRatio.alpha.sp15.stage1,0.00174659442513888,0.167749589150694,0.176419672221266,1000
