species,param_id,param_name,mu,mu_star,sigma,n_ee
sp0,1,mortality.additional.rate.sp0,0.315288726629585,77.6346080256048,122.913741978293,1000
sp0,2,mortality.additional.rate.sp1,0.355266590582678,42.5224579465541,74.3745239604249,1000
sp0,3,mortality.additional.rate.sp2,3.30619928713617,59.3708761958117,103.993856037537,1000
sp0,4,mortality.additional.rate.sp3,-2.45951793162105,59.3383787293669,106.028857834787,1000
sp0,5,mortality.additional.rate.sp4,-0.418249997602964,39.5429486555314,66.2153254857855,1000
sp0,6,mortality.additional.rate.sp5,-28.7930000476624,293.015753837384,439.830795004988,1000
sp0,7,mortality.additional.rate.sp6,-6.72346481268769,43.1838578234662,75.3077789136041,1000
sp0,8,mortality.additional.rate.sp7,-0.871569360440367,43.8922940832934,74.2360778557962,1000
sp0,9,mortality.additional.rate.sp8,1.31328312687455,41.6288428897172,72.5607235843871,1000
sp0,10,mortality.additional.rate.sp9,-1.11925040204793,42.374404256683,73.1746463026917,1000
sp0,11,mortality.additional.rate.sp10,0.704382709359813,44.4071674129936,75.0936262253425,1000
sp0,12,mortality.additional.rate.sp11,0.200079448787994,39.5068488701279,67.1633839783579,1000
sp0,13,mortality.additional.rate.sp12,-2.6171851209349,42.3719250002484,72.9657849212554,1000
sp0,14,mortality.additional.rate.sp13,-0.632604652657104,41.5865979985878,69.2246413113267,1000
sp0,15,mortality.additional.rate.sp14,-2.80493356040887,42.2223515494172,72.809613730038,1000
sp0,16,mortality.additional.rate.sp15,-2.98879593435585,41.9028661181152,72.4179832068048,1000
sp0,17,fisheries.rate.base.fsh0,-26.4652731468898,412.944075196105,786.649483766722,1000
sp0,18,fisheries.rate.base.fsh1,-2.41704299737825,45.4286010983472,77.4571579465587,1000
sp0,19,fisheries.rate.base.fsh2,0.492003026095471,60.7317744359819,117.520609496008,1000
sp0,20,fisheries.rate.base.fsh3,0.21152835154707,73.4381135788987,145.901454080527,1000
sp0,21,species.catchability.fsh0.sp0,-13.3895191590948,259.843335483905,589.74749850038,1000
sp0,22,species.catchability.fsh0.sp1,3.89595358861289,44.2524696077868,79.3365434203843,1000
sp0,23,species.catchability.fsh0.sp2,0.278496223228428,45.3340144069862,84.4664370337962,1000
sp0,24,species.catchability.fsh0.sp3,-2.87651498953663,79.6229855556054,137.947791364202,1000
sp0,25,species.catchability.fsh0.sp5,1.40421300286999,156.446553387224,239.277096913959,1000
sp0,26,species.catchability.fsh0.sp7,-1.87441047043254,38.0099948858815,65.8653385577698,1000
sp0,27,species.catchability.fsh0.sp8,0.131714069617078,56.5866834917933,96.5974853101986,1000
sp0,28,species.catchability.fsh0.sp9,1.31575257608871,41.4103239763418,71.6011062477629,1000
sp0,29,species.catchability.fsh0.sp10,-0.335895547217254,41.9892626795216,71.5504411142328,1000
sp0,30,species.catchability.fsh0.sp13,-1.07022124465669,43.8404561934115,75.9568143522168,1000
sp0,31,species.catchability.fsh0.sp14,-0.857969378215681,40.8860330942148,68.6771279120307,1000
sp0,32,species.catchability.fsh0.sp15,2.1393461852127,41.0905068531303,68.9123541907851,1000
sp0,33,species.catchability.fsh1.sp9,-0.772616964076828,42.1802022834305,75.3706020129008,1000
sp0,34,species.catchability.fsh1.sp10,1.95894441716184,47.1624228009354,81.8350433487703,1000
sp0,35,species.catchability.fsh1.sp11,1.11233040868608,42.0542535388587,72.9359952583309,1000
sp0,36,species.catchability.fsh1.sp12,-2.42907848116478,43.6913466944374,78.5785115515165,1000
sp0,37,species.catchability.fsh2.sp0,1.20054016481451,63.2619009149533,113.054790930832,1000
sp0,38,species.catchability.fsh2.sp5,-2.47104320811956,46.7170565246672,78.8220302066223,1000
sp0,39,species.catchability.fsh2.sp7,-2.92572180815147,43.2313996996597,74.5125690421607,1000
sp0,40,species.catchability.fsh2.sp8,2.00105061790172,41.978710007719,72.7094210947467,1000
sp0,41,species.catchability.fsh3.sp0,-1.59016250417609,60.491318757964,119.790949481931,1000
sp0,42,species.catchability.fsh3.sp1,2.24568888573511,41.2762043695154,73.5811066630343,1000
sp0,43,species.catchability.fsh3.sp2,-0.401215270224628,43.8657256801322,76.7087009562926,1000
sp0,44,species.catchability.fsh3.sp3,-2.89102421853176,42.1475600377238,69.2141892428726,1000
sp0,45,species.catchability.fsh3.sp5,-0.835714950717794,46.0352202511173,75.1796146880402,1000
sp0,46,species.catchability.fsh3.sp7,1.22135835379603,43.9043984782167,73.1315403545779,1000
sp0,47,species.catchability.fsh3.sp8,-5.83900718273541,39.6499205411841,66.8989980398348,1000
sp0,48,species.catchability.fsh3.sp9,-0.987673349248295,41.5229094514559,72.2226601889987,1000
sp0,49,species.catchability.fsh3.sp10,0.0442635343078236,41.5824088537006,70.8183466429539,1000
sp0,50,species.catchability.fsh3.sp11,0.643728908975357,39.1852765210664,68.1262061449951,1000
sp0,51,species.catchability.fsh3.sp12,3.92726091218323,39.6873607827149,67.6941462115998,1000
sp0,52,species.catchability.fsh3.sp13,0.526261880222163,42.0507787963454,71.8507176122087,1000
sp0,53,species.catchability.fsh3.sp14,2.98694944751628,41.0711015622202,69.9477578616759,1000
sp0,54,species.catchability.fsh3.sp15,1.13217744949535,43.0551039418625,73.244062682309,1000
sp0,55,species.length2weight.condition.factor.sp0,21.6734765269547,1152.28833467493,1725.52009485273,1000
sp0,56,species.length2weight.condition.factor.sp1,-2.70369408994335,42.8434349494041,72.2572974161276,1000
sp0,57,species.length2weight.condition.factor.sp2,1.07008000918489,59.448946029313,111.913240585193,1000
sp0,58,species.length2weight.condition.factor.sp3,2.19504827839707,62.6299674007095,109.799214943657,1000
sp0,59,species.length2weight.condition.factor.sp4,-1.76579156179168,44.2198673410889,74.5989135261039,1000
sp0,60,species.length2weight.condition.factor.sp5,-2.00098716801832,41.1024071741664,73.5988033163592,1000
sp0,61,species.length2weight.condition.factor.sp6,2.43570497051135,41.7478883728835,75.1846324846889,1000
sp0,62,species.length2weight.condition.factor.sp7,-2.54958717795096,42.2767279876847,71.6183068252979,1000
sp0,63,species.length2weight.condition.factor.sp8,-1.86792523371732,41.6651940937765,72.7293943063286,1000
sp0,64,species.length2weight.condition.factor.sp9,1.35902013206763,43.515294743489,73.4708314749225,1000
sp0,65,species.length2weight.condition.factor.sp10,0.839370607552587,44.4678503705266,74.9046924257637,1000
sp0,66,species.length2weight.condition.factor.sp11,-2.10734352207702,42.6370715836312,70.8300249669027,1000
sp0,67,species.length2weight.condition.factor.sp12,2.33260160832496,40.7214930370172,70.5259289961471,1000
sp0,68,species.length2weight.condition.factor.sp13,-1.16023714220233,44.0049851908171,76.128172246708,1000
sp0,69,species.length2weight.condition.factor.sp14,1.83062603169665,43.4501347572581,74.8757583876944,1000
sp0,70,species.length2weight.condition.factor.sp15,5.91023096164402,43.1429587612038,73.7073578548975,1000
sp0,71,species.k.sp0,-58.9993176538293,4001.0412921173,5542.68240128726,1000
sp0,72,species.k.sp1,0.631919248114376,47.7119476034102,83.7448338696259,1000
sp0,73,species.k.sp2,2.11977085037418,142.287756995331,284.598494278026,1000
sp0,74,species.k.sp3,-11.5468408654098,129.45435534047,239.53291681456,1000
sp0,75,species.k.sp4,-5.8848435811765,55.5020363254869,97.3754406362531,1000
sp0,76,species.k.sp5,-23.5867053495543,331.071320524285,510.105173542029,1000
sp0,77,species.k.sp6,-2.6069121060993,47.5660031804167,83.9396491656,1000
sp0,78,species.k.sp7,2.64746619102105,43.0658460312096,75.5558665392222,1000
sp0,79,species.k.sp8,-0.174307490664385,93.2018697824174,155.57413972399,1000
sp0,80,species.k.sp9,-0.994480600592915,55.3894550547747,89.6651414942989,1000
sp0,81,species.k.sp10,-0.105097652214061,49.7622807986177,86.7376275733779,1000
sp0,82,species.k.sp11,-1.12669455609333,45.4703484787524,76.0308884058313,1000
sp0,83,species.k.sp12,5.87498938270604,46.5397056217795,81.5269691240575,1000
sp0,84,species.k.sp13,7.30613227954381,65.736778350288,114.134381976028,1000
sp0,85,species.k.sp14,0.574515407903484,54.4312850206569,92.6466540125239,1000
sp0,86,species.k.sp15,0.286494181825613,39.0859108284401,67.9200142062545,1000
sp0,87,species.l0.sp0,-37.4535551795219,784.71450326213,1275.04134340383,1000
sp0,88,species.l0.sp1,4.46566751960733,47.4889226670939,78.4476608655054,1000
sp0,89,species.l0.sp2,6.1192269826783,117.963168427393,240.782007377218,1000
sp0,90,species.l0.sp3,4.12276713472808,58.1413532730776,102.999953041403,1000
sp0,91,species.l0.sp4,-0.670930522654001,50.3107336008561,87.0583122052312,1000
sp0,92,species.l0.sp5,0.813192233151753,43.6509589853854,71.3563017369201,1000
sp0,93,species.l0.sp6,-2.49053790614043,42.8561978596568,72.7881976813847,1000
sp0,94,species.l0.sp7,0.850094727845987,41.6295677200125,72.6605448871715,1000
sp0,95,species.l0.sp8,-0.740648763699757,46.7168872565427,79.8869898817004,1000
sp0,96,species.l0.sp9,2.86316254005338,59.4319402710457,99.1916452295413,1000
sp0,97,species.l0.sp10,-2.0902279569505,66.8518285931434,124.48323697746,1000
sp0,98,species.l0.sp11,4.11952450285713,39.6899270484154,68.5012449541311,1000
sp0,99,species.l0.sp12,0.429568712868176,41.8343787105071,70.0467877480485,1000
sp0,100,species.l0.sp13,1.15791630548272,42.0352679978351,74.1628821581005,1000
sp0,101,species.l0.sp14,-2.97457098084751,40.3160713476557,69.3268393191034,1000
sp0,102,species.l0.sp15,0.10424890402204,42.8655511771299,70.9883637988389,1000
sp0,103,mortality.additional.larva.rate.sp0,-123.259358022794,3876.72044236329,5619.52932403241,1000
sp0,104,mortality.additional.larva.rate.sp1,4.00905917683988,45.2282206937713,78.0527914506072,1000
sp0,105,mortality.additional.larva.rate.sp2,19.5287863217858,337.982999465036,736.875214623809,1000
sp0,106,mortality.additional.larva.rate.sp3,1.74252935527096,284.324135554349,591.422440177247,1000
sp0,107,mortality.additional.larva.rate.sp4,1.07704257781946,43.1666783207487,76.0137767962537,1000
sp0,108,mortality.additional.larva.rate.sp5,-0.693986583929241,41.6847075498339,74.6622097861322,1000
sp0,109,mortality.additional.larva.rate.sp6,-1.13584248925624,40.9374835557526,69.2836226406335,1000
sp0,110,mortality.additional.larva.rate.sp9,2.32087529294828,82.713243153458,141.858628578012,1000
sp0,111,mortality.additional.larva.rate.sp10,6.26974511109929,91.806632803775,172.761590709082,1000
sp0,112,mortality.additional.larva.rate.sp11,1.7026195990194,41.7979812242329,72.6087478627647,1000
sp0,113,mortality.additional.larva.rate.sp12,5.32791161323312,43.778791777472,73.0985503440779,1000
sp0,114,mortality.additional.larva.rate.sp13,0.936043946744135,42.820600393092,76.1323717527973,1000
sp0,115,mortality.additional.larva.rate.sp14,-2.97319178607328,41.5079949940478,70.9672795734633,1000
sp0,116,mortality.additional.larva.rate.sp15,-2.72727635396875,40.5696132792101,70.3778564529424,1000
sp0,117,mortality.additional.larva.rate.mean.sp7,1.42010613362619,44.626163771692,76.1351067614549,1000
sp0,118,mortality.additional.larva.rate.mean.sp8,2.01950280855916,49.5872980519231,87.3189369039901,1000
sp0,119,species.linf.sp0,530.861618785727,4720.51525741358,6921.07373292983,1000
sp0,120,species.linf.sp1,-4.77618672196903,71.1098900728939,131.093579213859,1000
sp0,121,species.linf.sp2,14.4638421470327,365.434194490443,743.258323636832,1000
sp0,122,species.linf.sp3,4.08053322401918,450.885181375895,876.326749545624,1000
sp0,123,species.linf.sp4,-0.151866745439073,112.205579959002,196.910131043191,1000
sp0,124,species.linf.sp5,8.69917638166302,993.800257229937,1442.02826165939,1000
sp0,125,species.linf.sp6,-2.20010943948761,63.3632655628933,108.303794106664,1000
sp0,126,species.linf.sp7,5.30943834922672,55.105269557255,91.7029111829227,1000
sp0,127,species.linf.sp8,-14.4142754994382,256.622650162714,412.006505679882,1000
sp0,128,species.linf.sp9,0.934235313865253,114.998873646849,198.288854993646,1000
sp0,129,species.linf.sp10,-0.588402562495477,95.8028808777803,176.689161521776,1000
sp0,130,species.linf.sp11,-2.86019628285767,55.5010649371554,100.656654262036,1000
sp0,131,species.linf.sp12,-1.22695201395755,64.5836238948897,117.1893341168,1000
sp0,132,species.linf.sp13,2.08834035691973,54.263707364286,95.5464701790148,1000
sp0,133,species.linf.sp14,5.550546336138,78.8632028769952,132.686997783014,1000
sp0,134,species.linf.sp15,-1.72358997553833,46.9898077939712,82.1614311996431,1000
sp0,135,species.accessibility2fish.sp16,-0.104691848695249,45.3738628375442,78.1241252541849,1000
sp0,136,species.accessibility2fish.sp17,0.326087909597849,39.4210369740018,66.9099852391092,1000
sp0,137,species.accessibility2fish.sp18,-1.94432015520882,42.5149318147807,72.6093975012388,1000
sp0,138,species.accessibility2fish.sp19,-1.84693872328454,41.2081021239922,69.9142380593599,1000
sp0,139,species.accessibility2fish.sp20,-0.412713825350468,42.8620969486637,77.4072556354749,1000
sp0,140,species.accessibility2fish.sp21,0.185338059983545,62.0946600416398,125.711072523794,1000
sp0,141,species.accessibility2fish.sp22,2.38613206766094,44.0498864782302,80.6090650202627,1000
sp0,142,species.accessibility2fish.sp23,-2.45111445624728,45.5435209683305,75.5480527958707,1000
sp0,143,species.accessibility2fish.sp24,-4.78818856443214,322.159237111963,622.695095233322,1000
sp0,144,species.accessibility2fish.sp25,0.265751019254136,42.4841470678152,69.9851911895099,1000
sp0,145,species.accessibility2fish.sp26,4.22561831383861,66.1208885545228,142.494990743814,1000
sp0,146,species.maturity.size.ratio.sp0,-116.016845833395,4100.88617411228,6366.38571153962,1000
sp0,147,species.maturity.size.ratio.sp1,-2.23766823927913,41.7374353481947,73.3920408998466,1000
sp0,148,species.maturity.size.ratio.sp2,-0.863053631809146,47.5202148840705,83.6647392506211,1000
sp0,149,species.maturity.size.ratio.sp3,5.84012957613266,47.6683616439089,86.0637463545382,1000
sp0,150,species.maturity.size.ratio.sp4,-0.22608412515669,42.1366559443173,73.0657460806576,1000
sp0,151,species.maturity.size.ratio.sp5,-4.05701592081532,41.7217747483747,68.2323761962994,1000
sp0,152,species.maturity.size.ratio.sp6,3.09130424984855,41.7266259544503,69.1346531593611,1000
sp0,153,species.maturity.size.ratio.sp7,-1.36858365796593,41.1435247100637,69.1547211092541,1000
sp0,154,species.maturity.size.ratio.sp8,-0.765696750399572,44.6457110681964,76.7746636949257,1000
sp0,155,species.maturity.size.ratio.sp9,4.13296389770441,41.9298806270967,71.2756660707089,1000
sp0,156,species.maturity.size.ratio.sp10,-4.15780090972471,43.6060755206811,72.8861782262061,1000
sp0,157,species.maturity.size.ratio.sp11,1.57152211026839,56.3476087372568,97.4308690376047,1000
sp0,158,species.maturity.size.ratio.sp12,-1.90201484810398,41.8017529896307,72.5453591681426,1000
sp0,159,species.maturity.size.ratio.sp13,3.61195505837136,78.7203778269063,138.963640871202,1000
sp0,160,species.maturity.size.ratio.sp14,-1.45243853561527,43.5909751390671,75.0699219194053,1000
sp0,161,species.maturity.size.ratio.sp15,1.67593135788274,42.7558445150227,73.4531709488121,1000
sp0,162,predation.predPrey.sizeRatio.teta.sp0.stage1,5.31837104189,75.5216824971505,136.485498138704,1000
sp0,163,predation.predPrey.sizeRatio.alpha.sp0.stage1,-114.155335742041,1267.5482247365,2190.46000671842,1000
sp0,164,predation.predPrey.sizeRatio.teta.sp1.stage1,-1.97377537106429,44.7559776023622,74.5528705412034,1000
sp0,165,predation.predPrey.sizeRatio.alpha.sp1.stage1,6.53938022888762,76.0186300824053,135.61879416235,1000
sp0,166,predation.predPrey.sizeRatio.teta.sp2.stage1,1.67222414555216,45.3713534189526,80.7888978191516,1000
sp0,167,predation.predPrey.sizeRatio.alpha.sp2.stage1,9.6747086631129,206.984994541981,470.977642143489,1000
sp0,168,predation.predPrey.sizeRatio.teta.sp3.stage1,1.77608372097374,50.2164177634871,83.1213362905488,1000
sp0,169,predation.predPrey.sizeRatio.alpha.sp3.stage1,-2.96681177345188,369.065700159213,652.420811269045,1000
sp0,170,predation.predPrey.sizeRatio.teta.sp4.stage1,2.72396608534928,42.288157946811,72.992223339238,1000
sp0,171,predation.predPrey.sizeRatio.alpha.sp4.stage1,-6.29515280997507,94.0824041733334,184.225964345331,1000
sp0,172,predation.predPrey.sizeRatio.teta.sp5.stage1,-1.93082280685235,40.7511327786746,69.2857577680559,1000
sp0,173,predation.predPrey.sizeRatio.teta.sp5.stage2,-6.30774948879869,340.023685431983,568.016212061148,1000
sp0,174,predation.predPrey.sizeRatio.alpha.sp5.stage1,4.00020776989089,41.8680932764273,71.140341333768,1000
sp0,175,predation.predPrey.sizeRatio.alpha.sp5.stage2,0.61277004715118,255.439759871127,406.019418139967,1000
sp0,176,predation.predPrey.sizeRatio.teta.sp6.stage1,-0.90169540964913,44.8942062888031,75.649170764416,1000
sp0,177,predation.predPrey.sizeRatio.alpha.sp6.stage1,-2.64274433864792,46.5818324594185,80.7401233953767,1000
sp0,178,predation.predPrey.sizeRatio.teta.sp7.stage1,-2.07577489186115,43.4879688385714,78.3375452970981,1000
sp0,179,predation.predPrey.sizeRatio.alpha.sp7.stage1,6.26632261496866,51.5219277736119,93.0155721076141,1000
sp0,180,predation.predPrey.sizeRatio.teta.sp8.stage1,2.10678711150806,41.3015248613799,70.7992592901519,1000
sp0,181,predation.predPrey.sizeRatio.alpha.sp8.stage1,-5.15850730459998,173.539451961495,282.074006896023,1000
sp0,182,predation.predPrey.sizeRatio.teta.sp9.stage1,6.60125056029769,43.5871507460785,75.5150283841622,1000
sp0,183,predation.predPrey.sizeRatio.alpha.sp9.stage1,-5.35241689154333,105.546961113085,211.84351956728,1000
sp0,184,predation.predPrey.sizeRatio.teta.sp10.stage1,3.80934993691376,40.6855026048977,69.4155729477756,1000
sp0,185,predation.predPrey.sizeRatio.alpha.sp10.stage1,2.08483712529865,55.280604796826,93.8235810212936,1000
sp0,186,predation.predPrey.sizeRatio.teta.sp11.stage1,2.86673350133255,43.2382665755505,72.3109303177028,1000
sp0,187,predation.predPrey.sizeRatio.alpha.sp11.stage1,2.62836405778878,44.8499076156428,75.7629088779541,1000
sp0,188,predation.predPrey.sizeRatio.teta.sp12.stage1,1.99057101860745,44.3427949238002,77.8203670268374,1000
sp0,189,predation.predPrey.sizeRatio.alpha.sp12.stage1,0.705042816725358,51.2621178940846,87.104601650754,1000
sp0,190,predation.predPrey.sizeRatio.teta.sp13.stage1,-0.325052060600728,43.0436423896309,74.1617674862063,1000
sp0,191,predation.predPrey.sizeRatio.alpha.sp13.stage1,-1.7055182817393,50.2912731347038,88.4059241300587,1000
sp0,192,predation.predPrey.sizeRatio.teta.sp14.stage1,-0.137578265145714,39.2586471688431,67.3964142901191,1000
sp0,193,predation.predPrey.sizeRatio.alpha.sp14.stage1,-3.42205340455209,62.4897385466113,103.056593675987,1000
sp0,194,predation.predPrey.sizeRatio.teta.sp15.stage1,1.56144966658939,41.2798406781611,68.7299976736236,1000
sp0,195,predation.predPrey.sizeRatio.alpha.sp15.stage1,-3.33469771540553,60.4254658155133,107.281520102572,1000
sp1,1,mortality.additional.rate.sp0,0.301421475434722,15.9713203368931,23.856928786872,1000
sp1,2,mortality.additional.rate.sp1,0.356083375793056,16.0690527499931,23.1539692964759,1000
sp1,3,mortality.additional.rate.sp2,0.361016614534727,17.4505070475069,25.9417658582304,1000
sp1,4,mortality.additional.rate.sp3,0.158175457961105,23.718550114175,32.3711975185371,1000
sp1,5,mortality.additional.rate.sp4,0.631410272441669,14.9690292272694,21.9060086065945,1000
sp1,6,mortality.additional.rate.sp5,0.390996157202778,23.7947681604694,31.2978856832249,1000
sp1,7,mortality.additional.rate.sp6,0.377840954633337,16.4661831537389,23.9626800215313,1000
sp1,8,mortality.additional.rate.sp7,-1.78459778160417,21.1994658554097,30.1061562006182,1000
sp1,9,mortality.additional.rate.sp8,0.0398737986597277,17.1627391014236,26.7043824124575,1000
sp1,10,mortality.additional.rate.sp9,0.148323770087502,16.0602771833875,24.0110851876702,1000
sp1,11,mortality.additional.rate.sp10,0.255873413930563,16.4190187294583,24.9846079365803,1000
sp1,12,mortality.additional.rate.sp11,0.117819250052771,15.5119729254,22.8590165611833,1000
sp1,13,mortality.additional.rate.sp12,0.424985302943055,15.7024358718208,24.026458826605,1000
sp1,14,mortality.additional.rate.sp13,-0.105483535169438,15.9873706293583,23.5858294601959,1000
sp1,15,mortality.additional.rate.sp14,1.64218870551944,15.7057571402278,22.83455997543,1000
sp1,16,mortality.additional.rate.sp15,0.328859209223608,16.8504122318292,25.1123255511444,1000
sp1,17,fisheries.rate.base.fsh0,-9.38007149800972,257.552594560946,296.56662785255,1000
sp1,18,fisheries.rate.base.fsh1,-1.16931045018472,18.6192967880597,27.2576279645,1000
sp1,19,fisheries.rate.base.fsh2,-1.42872014607777,16.3548707237028,24.6885371940417,1000
sp1,20,fisheries.rate.base.fsh3,-0.727926208625002,19.3744956876528,27.1840089552802,1000
sp1,21,species.catchability.fsh0.sp0,0.00983308167916162,18.8112170209931,26.7824470999557,1000
sp1,22,species.catchability.fsh0.sp1,21.2851739033694,277.052566690822,314.822128761751,1000
sp1,23,species.catchability.fsh0.sp2,0.0134455736430497,16.8423560493514,24.7924076031686,1000
sp1,24,species.catchability.fsh0.sp3,1.13198065448611,38.7386933360583,51.3326170873768,1000
sp1,25,species.catchability.fsh0.sp5,0.680623980701393,18.2617492769347,26.6110015704017,1000
sp1,26,species.catchability.fsh0.sp7,-0.072791147294436,16.1942704770389,23.9985185387489,1000
sp1,27,species.catchability.fsh0.sp8,0.200850463061111,17.9928014073111,27.3808731137375,1000
sp1,28,species.catchability.fsh0.sp9,-1.07526877503888,15.1681004776972,22.5590312026599,1000
sp1,29,species.catchability.fsh0.sp10,0.867594206315277,16.0218102776569,23.2155900792567,1000
sp1,30,species.catchability.fsh0.sp13,-0.948800293243055,16.0997080558708,23.0473060269182,1000
sp1,31,species.catchability.fsh0.sp14,-0.300689605727778,16.1767527825556,23.7005724263433,1000
sp1,32,species.catchability.fsh0.sp15,-0.104751267181936,15.2570962712097,22.3111120534141,1000
sp1,33,species.catchability.fsh1.sp9,0.736696043144444,16.4265240002889,23.4488994530703,1000
sp1,34,species.catchability.fsh1.sp10,1.11966543322083,15.7637179295458,22.9872563567518,1000
sp1,35,species.catchability.fsh1.sp11,0.574098347676388,15.0185098212236,21.8529915911454,1000
sp1,36,species.catchability.fsh1.sp12,-1.06075522932361,16.3855435651153,24.2570086703546,1000
sp1,37,species.catchability.fsh2.sp0,0.910859968015282,15.7116998000181,23.429441794105,1000
sp1,38,species.catchability.fsh2.sp5,1.67043632135139,16.6593320805431,24.960936945834,1000
sp1,39,species.catchability.fsh2.sp7,-0.866401364383328,15.9311182792222,24.0559210372602,1000
sp1,40,species.catchability.fsh2.sp8,-1.12970519025973,16.2081229254486,24.0426659897248,1000
sp1,41,species.catchability.fsh3.sp0,-0.0804851495583361,16.1220027370306,23.5223914550713,1000
sp1,42,species.catchability.fsh3.sp1,0.327793032136114,22.813806914325,32.0237236978418,1000
sp1,43,species.catchability.fsh3.sp2,-1.16208769851805,15.9351329173847,23.3113316917545,1000
sp1,44,species.catchability.fsh3.sp3,-0.629270064752782,17.5317826497333,27.1617339876814,1000
sp1,45,species.catchability.fsh3.sp5,-0.283492633569443,15.2236107940972,23.3674272440338,1000
sp1,46,species.catchability.fsh3.sp7,-0.399139278144447,16.4905032967306,25.0764027545537,1000
sp1,47,species.catchability.fsh3.sp8,0.200193396112498,17.1372540370792,25.9990902798613,1000
sp1,48,species.catchability.fsh3.sp9,1.3051743795125,15.6577617265319,23.636213801705,1000
sp1,49,species.catchability.fsh3.sp10,-0.708730981184721,15.7824677355819,23.2077736406738,1000
sp1,50,species.catchability.fsh3.sp11,0.704569310306943,16.1018714932736,23.7882552536761,1000
sp1,51,species.catchability.fsh3.sp12,0.558822962668054,16.7098763969958,24.6733609781733,1000
sp1,52,species.catchability.fsh3.sp13,0.550522414769454,16.1873478140306,24.8979199016935,1000
sp1,53,species.catchability.fsh3.sp14,0.828171293123614,15.1968659031681,22.556620642433,1000
sp1,54,species.catchability.fsh3.sp15,-0.126561996895828,16.0610874634875,23.8645524637763,1000
sp1,55,species.length2weight.condition.factor.sp0,-0.195699616515282,17.6418628529597,25.2120061215665,1000
sp1,56,species.length2weight.condition.factor.sp1,-0.265784558287497,19.8170977279236,28.091937576685,1000
sp1,57,species.length2weight.condition.factor.sp2,-0.0627611383972249,19.113975930525,28.1254902591948,1000
sp1,58,species.length2weight.condition.factor.sp3,0.22448384804028,25.6039316408069,38.273245598403,1000
sp1,59,species.length2weight.condition.factor.sp4,0.415836678648616,16.7750583565736,24.5232626634991,1000
sp1,60,species.length2weight.condition.factor.sp5,-0.0110116998055554,17.6364456404694,27.0794309310662,1000
sp1,61,species.length2weight.condition.factor.sp6,0.685298521512501,16.4345413371708,24.0676110002272,1000
sp1,62,species.length2weight.condition.factor.sp7,0.0314527024388865,16.67328690265,24.7859501780167,1000
sp1,63,species.length2weight.condition.factor.sp8,-0.185733922052778,17.9430567970694,26.2637151184193,1000
sp1,64,species.length2weight.condition.factor.sp9,-2.48137124271944,16.5981724894222,24.8128495049155,1000
sp1,65,species.length2weight.condition.factor.sp10,0.232294394004169,16.127711855432,23.4715565637652,1000
sp1,66,species.length2weight.condition.factor.sp11,-0.793456457626389,16.2231336185625,24.6046722497531,1000
sp1,67,species.length2weight.condition.factor.sp12,-1.14714221449723,16.8752019233,25.5465698273229,1000
sp1,68,species.length2weight.condition.factor.sp13,-0.137619372984727,16.5166312954903,24.4794211825007,1000
sp1,69,species.length2weight.condition.factor.sp14,0.140762201455555,18.6141953082167,27.6189655160646,1000
sp1,70,species.length2weight.condition.factor.sp15,0.698939534115278,15.8771810419542,23.4726823910029,1000
sp1,71,species.k.sp0,-0.332552796216664,36.4816020375722,49.2922420395179,1000
sp1,72,species.k.sp1,8.96490176899722,329.416316083769,406.303126020234,1000
sp1,73,species.k.sp2,1.28387698251945,23.0928507747583,32.915812083596,1000
sp1,74,species.k.sp3,-1.88624668790833,49.3960416842083,73.1921011574928,1000
sp1,75,species.k.sp4,-2.42627173588333,33.2328758623944,39.9000216254151,1000
sp1,76,species.k.sp5,-1.61221727673611,25.373508934025,34.7949260395122,1000
sp1,77,species.k.sp6,1.89914365607362,53.8804888736042,62.2144668057903,1000
sp1,78,species.k.sp7,-0.0177279018680615,16.7810640482042,24.1380048798776,1000
sp1,79,species.k.sp8,-0.100361382343055,31.6803234494736,44.3496567075549,1000
sp1,80,species.k.sp9,1.95756954294999,22.6990304720861,30.8863122667661,1000
sp1,81,species.k.sp10,-0.263183137482874,17.6740480037171,26.3662834621794,1000
sp1,82,species.k.sp11,1.04933649577361,16.0603930562542,23.8232884684746,1000
sp1,83,species.k.sp12,0.149383511180558,17.297886000325,25.2931009790516,1000
sp1,84,species.k.sp13,2.25486289442362,24.8096514703042,36.1603949727907,1000
sp1,85,species.k.sp14,0.45585247660556,30.4503974078111,43.4804086431508,1000
sp1,86,species.k.sp15,1.10614783280555,17.4879163143611,26.5145110451028,1000
sp1,87,species.l0.sp0,0.418614374927773,17.5589134732861,26.3602587964809,1000
sp1,88,species.l0.sp1,0.613323345736114,43.1769829337389,56.1762259264402,1000
sp1,89,species.l0.sp2,1.92691381879305,28.2428700663764,40.3586278334182,1000
sp1,90,species.l0.sp3,-0.317468471094448,22.6423162522083,34.4770133244846,1000
sp1,91,species.l0.sp4,0.73162316444583,29.5545046636097,36.2461186570921,1000
sp1,92,species.l0.sp5,-0.515027475355553,17.136986568625,25.7794983583736,1000
sp1,93,species.l0.sp6,0.243416204869451,27.3844668680722,35.9162794186769,1000
sp1,94,species.l0.sp7,-0.197287131795839,17.4528176448208,25.5575033675918,1000
sp1,95,species.l0.sp8,-0.751212048601389,26.8741833594597,37.3011653242739,1000
sp1,96,species.l0.sp9,1.27625244270417,17.0065012608069,24.3028104349358,1000
sp1,97,species.l0.sp10,1.18266595366111,17.5470530580139,26.964299464722,1000
sp1,98,species.l0.sp11,0.0767823999930574,16.5977954463125,24.930978241587,1000
sp1,99,species.l0.sp12,1.09035255921667,16.2710065141361,23.7485083790228,1000
sp1,100,species.l0.sp13,0.544107081719442,15.4112109361194,22.4944773131336,1000
sp1,101,species.l0.sp14,0.206934795676393,15.9484297556792,23.6619918724441,1000
sp1,102,species.l0.sp15,0.906855624772222,16.0847381571139,23.8838585285372,1000
sp1,103,mortality.additional.larva.rate.sp0,-2.34676921812084,30.7505802783764,43.1961860467744,1000
sp1,104,mortality.additional.larva.rate.sp1,-0.0461897290750024,42.8550891360667,55.5813967153631,1000
sp1,105,mortality.additional.larva.rate.sp2,0.257394131769443,71.4260953035,104.221775945296,1000
sp1,106,mortality.additional.larva.rate.sp3,-5.52321710967638,116.117082620632,170.748954052206,1000
sp1,107,mortality.additional.larva.rate.sp4,-0.642397212790274,16.3990814729292,23.7420002443373,1000
sp1,108,mortality.additional.larva.rate.sp5,0.163269880326391,16.1057743672681,23.4230897857415,1000
sp1,109,mortality.additional.larva.rate.sp6,-0.102897018670835,15.7821237944514,23.8762553926203,1000
sp1,110,mortality.additional.larva.rate.sp9,-0.654542943065272,23.3564582701431,31.8771058623165,1000
sp1,111,mortality.additional.larva.rate.sp10,0.0444151102500055,21.07186966675,31.3853742642729,1000
sp1,112,mortality.additional.larva.rate.sp11,0.824415316306937,16.3881436528542,24.693716115457,1000
sp1,113,mortality.additional.larva.rate.sp12,-1.05641389606667,17.9136187481222,25.9458542148657,1000
sp1,114,mortality.additional.larva.rate.sp13,0.091398312133336,15.6863174339278,23.7851802281396,1000
sp1,115,mortality.additional.larva.rate.sp14,1.12714345238056,20.6363942311333,29.0323465759834,1000
sp1,116,mortality.additional.larva.rate.sp15,-0.464245462518055,17.0780116732264,24.7699442452257,1000
sp1,117,mortality.additional.larva.rate.mean.sp7,0.809938418002778,17.1773955656139,25.1825399474988,1000
sp1,118,mortality.additional.larva.rate.mean.sp8,-0.429429602836114,38.1963278430222,48.791016454478,1000
sp1,119,species.linf.sp0,3.48969288743056,44.5104680842694,61.3386986337033,1000
sp1,120,species.linf.sp1,43.4013180968111,879.192360959014,1021.39869220929,1000
sp1,121,species.linf.sp2,-1.97920037091389,52.6935881242556,79.2832680166324,1000
sp1,122,species.linf.sp3,9.20143871428056,190.511526030194,247.842595294378,1000
sp1,123,species.linf.sp4,-0.672925669221294,78.2448294928546,86.7027405545348,1000
sp1,124,species.linf.sp5,1.05140400983334,76.6370812534833,89.39821559665,1000
sp1,125,species.linf.sp6,-2.00138934822361,148.690175739515,161.142036133177,1000
sp1,126,species.linf.sp7,-0.00649678023749963,37.1847294297403,46.6302034985661,1000
sp1,127,species.linf.sp8,-3.52889367782778,74.182926395375,96.9152398772065,1000
sp1,128,species.linf.sp9,-1.40221851663056,45.0082117248361,54.8402256722267,1000
sp1,129,species.linf.sp10,-1.30792160997362,24.2886556536458,41.7930207848618,1000
sp1,130,species.linf.sp11,-0.804568697187501,18.7948719866153,27.6593634128949,1000
sp1,131,species.linf.sp12,-0.757956850787505,20.9674065332181,29.3927841604598,1000
sp1,132,species.linf.sp13,-0.585695000440278,23.4125738949181,35.4843638558136,1000
sp1,133,species.linf.sp14,-0.452241114995843,31.2068037496931,46.5799774053935,1000
sp1,134,species.linf.sp15,1.10558533980417,18.8642045385792,27.5844884380911,1000
sp1,135,species.accessibility2fish.sp16,1.16671763140139,15.6897719480542,23.3410668505212,1000
sp1,136,species.accessibility2fish.sp17,0.0194361664194457,15.4393066877194,24.1414506013765,1000
sp1,137,species.accessibility2fish.sp18,-0.609084372448611,16.6334941407347,23.9656334712412,1000
sp1,138,species.accessibility2fish.sp19,0.0157212715333294,17.1022650713639,25.718578953495,1000
sp1,139,species.accessibility2fish.sp20,0.645442814984719,15.0113767074931,22.5309355877247,1000
sp1,140,species.accessibility2fish.sp21,0.23508569688333,17.6959702282806,26.2049214709184,1000
sp1,141,species.accessibility2fish.sp22,-0.856901624823616,62.7196501871042,119.928792082796,1000
sp1,142,species.accessibility2fish.sp23,-0.227548387859721,172.164703618415,197.01632772824,1000
sp1,143,species.accessibility2fish.sp24,-2.1630348263125,77.3857322130958,118.955430456184,1000
sp1,144,species.accessibility2fish.sp25,0.856764632772221,15.3995518856861,22.7286321296279,1000
sp1,145,species.accessibility2fish.sp26,0.394513794762497,16.1711070620847,24.3792491917426,1000
sp1,146,species.maturity.size.ratio.sp0,-2.93931556083472,35.9188765398458,52.0821189296426,1000
sp1,147,species.maturity.size.ratio.sp1,1.21834627802223,16.905852257,24.9759691554457,1000
sp1,148,species.maturity.size.ratio.sp2,-1.21815883336389,17.2819510444,25.6874978822553,1000
sp1,149,species.maturity.size.ratio.sp3,1.11937577413472,17.8760105324208,26.5072211873228,1000
sp1,150,species.maturity.size.ratio.sp4,-0.309899871176391,17.3690974592042,25.509683555771,1000
sp1,151,species.maturity.size.ratio.sp5,0.0402659218305518,16.52050060605,25.0344382836223,1000
sp1,152,species.maturity.size.ratio.sp6,0.205082265266667,16.9097687680639,24.7379897336701,1000
sp1,153,species.maturity.size.ratio.sp7,-0.786396767673613,16.0595733714014,23.7000493397471,1000
sp1,154,species.maturity.size.ratio.sp8,0.55752765860555,15.8390989885528,23.2997732053873,1000
sp1,155,species.maturity.size.ratio.sp9,0.285039205004168,16.1130381471403,23.1584629839838,1000
sp1,156,species.maturity.size.ratio.sp10,-2.06729500637916,16.2687431359153,24.1891332445829,1000
sp1,157,species.maturity.size.ratio.sp11,0.407299892037497,18.3273536242319,26.3645783950766,1000
sp1,158,species.maturity.size.ratio.sp12,-1.22760406205694,15.9633490375042,24.1962119289246,1000
sp1,159,species.maturity.size.ratio.sp13,-1.37810364222221,36.6856939898556,49.9165094774732,1000
sp1,160,species.maturity.size.ratio.sp14,0.598008068641665,16.1938237774444,24.0128562626103,1000
sp1,161,species.maturity.size.ratio.sp15,-1.46934641948889,16.829325340625,25.092873587741,1000
sp1,162,predation.predPrey.sizeRatio.teta.sp0.stage1,-1.22656821322778,16.5046826525,24.193047991298,1000
sp1,163,predation.predPrey.sizeRatio.alpha.sp0.stage1,-1.92404089836389,22.6093974189806,32.5892651678015,1000
sp1,164,predation.predPrey.sizeRatio.teta.sp1.stage1,4.28363317823195,96.4288262724986,122.065462077588,1000
sp1,165,predation.predPrey.sizeRatio.alpha.sp1.stage1,-94.6311339131861,974.268602732736,1136.99116850039,1000
sp1,166,predation.predPrey.sizeRatio.teta.sp2.stage1,0.811212722172221,18.6080733284639,26.5180391681112,1000
sp1,167,predation.predPrey.sizeRatio.alpha.sp2.stage1,-0.648543633480549,26.6836215031556,38.6956896312886,1000
sp1,168,predation.predPrey.sizeRatio.teta.sp3.stage1,0.902050434891665,21.3095568900083,30.7145185339504,1000
sp1,169,predation.predPrey.sizeRatio.alpha.sp3.stage1,-1.2840384424875,96.0764080469375,154.146255918642,1000
sp1,170,predation.predPrey.sizeRatio.teta.sp4.stage1,0.144865215036112,16.4388576394,24.0051429641307,1000
sp1,171,predation.predPrey.sizeRatio.alpha.sp4.stage1,-1.40962486264444,17.5206647480083,24.8478896891627,1000
sp1,172,predation.predPrey.sizeRatio.teta.sp5.stage1,-0.873883810984725,15.5900045878403,23.351765267714,1000
sp1,173,predation.predPrey.sizeRatio.teta.sp5.stage2,-4.09937876795416,53.1627182040597,66.0246336273148,1000
sp1,174,predation.predPrey.sizeRatio.alpha.sp5.stage1,0.415918071177777,15.7686133266278,23.4110937396631,1000
sp1,175,predation.predPrey.sizeRatio.alpha.sp5.stage2,1.04108453801528,26.6082159327736,39.2889052199421,1000
sp1,176,predation.predPrey.sizeRatio.teta.sp6.stage1,-0.374208499670831,23.0689945580403,32.1059637402135,1000
sp1,177,predation.predPrey.sizeRatio.alpha.sp6.stage1,0.22463106787917,44.0868891760792,53.2596413097033,1000
sp1,178,predation.predPrey.sizeRatio.teta.sp7.stage1,-0.453599626550003,16.6345784380806,24.7399595983158,1000
sp1,179,predation.predPrey.sizeRatio.alpha.sp7.stage1,-1.51905455554028,39.3524031141986,54.1861927877964,1000
sp1,180,predation.predPrey.sizeRatio.teta.sp8.stage1,-0.170548439143057,17.9931584243542,25.8734656977854,1000
sp1,181,predation.predPrey.sizeRatio.alpha.sp8.stage1,-0.470272013186118,41.7332385334667,56.9069818902633,1000
sp1,182,predation.predPrey.sizeRatio.teta.sp9.stage1,0.29229094991249,22.2453579549931,32.8233224311273,1000
sp1,183,predation.predPrey.sizeRatio.alpha.sp9.stage1,-0.0721620623402802,23.7776048925625,32.6666830359057,1000
sp1,184,predation.predPrey.sizeRatio.teta.sp10.stage1,0.124237923376388,16.4514393068764,25.0172044644327,1000
sp1,185,predation.predPrey.sizeRatio.alpha.sp10.stage1,-0.100886264363888,18.2481664159472,26.9846137386669,1000
sp1,186,predation.predPrey.sizeRatio.teta.sp11.stage1,0.0464160821638882,16.1676072367056,23.7570981385866,1000
sp1,187,predation.predPrey.sizeRatio.alpha.sp11.stage1,0.0935711183263853,16.4603063203347,23.9960360335527,1000
sp1,188,predation.predPrey.sizeRatio.teta.sp12.stage1,-0.0439619735722257,16.9918787903667,25.1269676015854,1000
sp1,189,predation.predPrey.sizeRatio.alpha.sp12.stage1,0.959801396662501,17.9952945163153,27.6625791796282,1000
sp1,190,predation.predPrey.sizeRatio.teta.sp13.stage1,-0.619681003433341,16.9216747930028,24.6517952568619,1000
sp1,191,predation.predPrey.sizeRatio.alpha.sp13.stage1,1.20735209704861,21.0084865547569,30.1609564327863,1000
sp1,192,predation.predPrey.sizeRatio.teta.sp14.stage1,0.128895508612497,17.1503088345653,25.1869882933381,1000
sp1,193,predation.predPrey.sizeRatio.alpha.sp14.stage1,-0.479017489368049,33.0071719866486,42.4862591498491,1000
sp1,194,predation.predPrey.sizeRatio.teta.sp15.stage1,0.367282703919446,16.8926245366667,25.7333003778895,1000
sp1,195,predation.predPrey.sizeRatio.alpha.sp15.stage1,-0.101537940048609,19.1451883907375,28.6870097855245,1000
sp2,1,mortality.additional.rate.sp0,6.79765820195426,87.3272869718501,133.382573294038,1000
sp2,2,mortality.additional.rate.sp1,-8.88380955158372,93.0848607830072,145.401469126148,1000
sp2,3,mortality.additional.rate.sp2,-13.5504862279517,473.760975437293,623.597208372236,1000
sp2,4,mortality.additional.rate.sp3,1.04333119430341,106.059086970634,167.339324633871,1000
sp2,5,mortality.additional.rate.sp4,6.02754833984037,85.4390007164892,132.24718408164,1000
sp2,6,mortality.additional.rate.sp5,-9.63798679820779,89.2279666035529,136.289109731747,1000
sp2,7,mortality.additional.rate.sp6,7.39811664024268,86.0740276650848,130.522709551819,1000
sp2,8,mortality.additional.rate.sp7,-4.60091266117776,89.0361613909311,139.335804803884,1000
sp2,9,mortality.additional.rate.sp8,-7.93636772872886,92.713844750847,145.135453286557,1000
sp2,10,mortality.additional.rate.sp9,9.71268179865339,84.1253838172848,127.220433641018,1000
sp2,11,mortality.additional.rate.sp10,8.59895125455255,89.3897120442415,137.120204854055,1000
sp2,12,mortality.additional.rate.sp11,-4.13322752055656,89.9081866631987,137.573488223847,1000
sp2,13,mortality.additional.rate.sp12,-2.58191134275236,92.8700764611199,139.65214209936,1000
sp2,14,mortality.additional.rate.sp13,7.83244042078939,86.7569483094547,133.415478813363,1000
sp2,15,mortality.additional.rate.sp14,-7.90164968353786,86.6173277482534,130.224237867894,1000
sp2,16,mortality.additional.rate.sp15,-2.43898252492175,88.2908380163019,139.529683829387,1000
sp2,17,fisheries.rate.base.fsh0,-10.2472706698462,1068.75344783488,1442.59810518461,1000
sp2,18,fisheries.rate.base.fsh1,6.80201793417731,127.933032971832,190.588321204115,1000
sp2,19,fisheries.rate.base.fsh2,0.438084199505141,89.0813437277413,136.444719225232,1000
sp2,20,fisheries.rate.base.fsh3,0.509998676557382,228.805737600087,323.133676124034,1000
sp2,21,species.catchability.fsh0.sp0,-7.20614803533927,90.3050040315661,140.756054423089,1000
sp2,22,species.catchability.fsh0.sp1,10.6305284198614,84.3629106487166,130.687014178325,1000
sp2,23,species.catchability.fsh0.sp2,-72.4124017798839,883.384456672392,1303.52519101549,1000
sp2,24,species.catchability.fsh0.sp3,-3.21813462714221,111.150586653862,173.736534195956,1000
sp2,25,species.catchability.fsh0.sp5,-4.92159566296757,86.1801158575086,131.579696286214,1000
sp2,26,species.catchability.fsh0.sp7,9.0286335491005,89.4440076810708,136.616015745617,1000
sp2,27,species.catchability.fsh0.sp8,-4.37066521481735,95.0706225925727,147.366617595584,1000
sp2,28,species.catchability.fsh0.sp9,-2.72453993425711,91.1987965474544,140.500621847752,1000
sp2,29,species.catchability.fsh0.sp10,3.60455085095929,95.8433962837534,150.63196949162,1000
sp2,30,species.catchability.fsh0.sp13,-5.82916615699654,94.3445935896585,143.389956621883,1000
sp2,31,species.catchability.fsh0.sp14,-1.0471634818528,84.0439827467804,125.215619543948,1000
sp2,32,species.catchability.fsh0.sp15,3.00580152462224,89.4758675841386,135.042919853629,1000
sp2,33,species.catchability.fsh1.sp9,-3.32823412265708,90.601569853202,136.375243637791,1000
sp2,34,species.catchability.fsh1.sp10,0.542227059154069,107.255998537986,174.172073969548,1000
sp2,35,species.catchability.fsh1.sp11,-2.59160713269443,92.7302930846399,141.379086097569,1000
sp2,36,species.catchability.fsh1.sp12,0.249860518946481,98.1357388707594,150.805882973475,1000
sp2,37,species.catchability.fsh2.sp0,-6.45344214405396,81.5708108281585,124.410758595819,1000
sp2,38,species.catchability.fsh2.sp5,-1.33123269863886,88.9056615005448,135.16560289116,1000
sp2,39,species.catchability.fsh2.sp7,1.41043626576196,83.8587607645145,129.173403571929,1000
sp2,40,species.catchability.fsh2.sp8,-10.125112622683,89.7793205713442,134.914737493788,1000
sp2,41,species.catchability.fsh3.sp0,-0.181262784680373,85.978555486924,131.415346524249,1000
sp2,42,species.catchability.fsh3.sp1,4.82736186910387,89.8500854706449,138.563529956908,1000
sp2,43,species.catchability.fsh3.sp2,0.0969045157645437,201.58367882957,292.220561235307,1000
sp2,44,species.catchability.fsh3.sp3,8.48687444219491,88.0495046578285,131.597219250282,1000
sp2,45,species.catchability.fsh3.sp5,5.97539659640435,89.1397104593852,132.957924020276,1000
sp2,46,species.catchability.fsh3.sp7,4.15989276714803,88.2869667829781,134.537889824078,1000
sp2,47,species.catchability.fsh3.sp8,-1.07344342118668,89.2563762364848,138.284973773215,1000
sp2,48,species.catchability.fsh3.sp9,4.57930601019328,90.6864588539526,133.150083250422,1000
sp2,49,species.catchability.fsh3.sp10,-0.0547694957372628,89.2318688365509,132.827577409796,1000
sp2,50,species.catchability.fsh3.sp11,0.0676387185426287,86.723457568427,128.731819719622,1000
sp2,51,species.catchability.fsh3.sp12,-0.952460708104593,88.806804529182,134.156442733597,1000
sp2,52,species.catchability.fsh3.sp13,3.12193406972171,85.3797145877629,131.495599171747,1000
sp2,53,species.catchability.fsh3.sp14,4.66150620592083,82.939882307107,126.405412423713,1000
sp2,54,species.catchability.fsh3.sp15,-7.33127328644626,93.1993657250792,146.386098449714,1000
sp2,55,species.length2weight.condition.factor.sp0,-6.26471666441562,103.950597750719,159.661496810912,1000
sp2,56,species.length2weight.condition.factor.sp1,5.90280406076835,90.0295722300947,138.192181434848,1000
sp2,57,species.length2weight.condition.factor.sp2,21.5381881721094,492.904586625427,774.920208853967,1000
sp2,58,species.length2weight.condition.factor.sp3,-0.871856201222665,113.833164315868,184.026428475896,1000
sp2,59,species.length2weight.condition.factor.sp4,-2.06924127300795,99.5060084714467,154.483321725233,1000
sp2,60,species.length2weight.condition.factor.sp5,-8.08049529856095,87.3032002897296,134.679851745747,1000
sp2,61,species.length2weight.condition.factor.sp6,-6.11441479552991,85.1177458569341,134.666787029054,1000
sp2,62,species.length2weight.condition.factor.sp7,1.867354417855,89.2598335655303,139.559069239259,1000
sp2,63,species.length2weight.condition.factor.sp8,-0.5023338945504,84.5802156161888,128.477592349977,1000
sp2,64,species.length2weight.condition.factor.sp9,-1.50217317539397,102.408698442838,159.404356871123,1000
sp2,65,species.length2weight.condition.factor.sp10,-3.13340819840069,99.8143244555855,155.928246586237,1000
sp2,66,species.length2weight.condition.factor.sp11,-2.70894706336697,88.4288755873686,135.976555452241,1000
sp2,67,species.length2weight.condition.factor.sp12,6.511466318512,86.7755505071367,133.969558114174,1000
sp2,68,species.length2weight.condition.factor.sp13,-5.32762314296381,88.9648629434011,135.15512485818,1000
sp2,69,species.length2weight.condition.factor.sp14,-2.07555844428154,89.4811881806384,135.952044596845,1000
sp2,70,species.length2weight.condition.factor.sp15,-2.1926475375699,88.3118079065462,138.228728658372,1000
sp2,71,species.k.sp0,3.90742221150446,166.563526836605,295.024032185265,1000
sp2,72,species.k.sp1,1.75444375507117,89.3572832692341,134.063825965868,1000
sp2,73,species.k.sp2,47.3503984199699,1781.41417241613,2230.4603369614,1000
sp2,74,species.k.sp3,-1.84229085911846,229.758460820819,387.741755769314,1000
sp2,75,species.k.sp4,-2.82422684489457,195.582371348244,274.249648386541,1000
sp2,76,species.k.sp5,0.217118121713062,86.2183941792551,124.876477733307,1000
sp2,77,species.k.sp6,5.10880282029213,90.6388115667473,141.142186141552,1000
sp2,78,species.k.sp7,2.47719545590298,84.517328550262,133.921631331207,1000
sp2,79,species.k.sp8,-4.73142939678271,120.849641452689,183.667019521425,1000
sp2,80,species.k.sp9,-8.20992384547762,175.784103929898,261.609231899032,1000
sp2,81,species.k.sp10,-6.9855815837816,148.984194556271,239.836381929389,1000
sp2,82,species.k.sp11,-5.0336196921036,103.757603229861,160.098483598078,1000
sp2,83,species.k.sp12,-0.986613530830756,102.356619643167,161.392733579297,1000
sp2,84,species.k.sp13,-3.84150824557488,162.884517915277,261.414624781597,1000
sp2,85,species.k.sp14,5.7329395274617,88.068295066311,134.666743540527,1000
sp2,86,species.k.sp15,5.16956958504624,85.6885774239992,134.535493589446,1000
sp2,87,species.l0.sp0,-0.130392541126013,95.9085553515933,149.176627691266,1000
sp2,88,species.l0.sp1,-4.15513623509031,88.590354975051,132.504056470446,1000
sp2,89,species.l0.sp2,20.2289915722844,1433.97391475561,1881.58457159671,1000
sp2,90,species.l0.sp3,-3.46183155430749,112.715376286946,177.3175173812,1000
sp2,91,species.l0.sp4,14.3071223457712,137.466615848468,197.850707473182,1000
sp2,92,species.l0.sp5,-3.30445480089183,82.1114951939305,124.76052396766,1000
sp2,93,species.l0.sp6,4.62194587180879,89.2721459675861,140.155442572903,1000
sp2,94,species.l0.sp7,2.32399055010973,82.0245449464813,122.737014900868,1000
sp2,95,species.l0.sp8,-7.90960077819957,98.2481833970859,147.501013828341,1000
sp2,96,species.l0.sp9,-5.83528257182181,197.290680039592,299.010832107501,1000
sp2,97,species.l0.sp10,3.84319805802818,233.75764440153,377.164653787531,1000
sp2,98,species.l0.sp11,5.21631411062465,100.372061106383,162.111048790725,1000
sp2,99,species.l0.sp12,-1.15897116214725,87.6205395943621,132.965856158509,1000
sp2,100,species.l0.sp13,1.05158285343471,87.2773059893713,132.863010716868,1000
sp2,101,species.l0.sp14,3.87618928212055,89.700610621821,139.659831236584,1000
sp2,102,species.l0.sp15,0.421925541877467,90.769020132489,137.252594552603,1000
sp2,103,mortality.additional.larva.rate.sp0,3.27716643525817,176.758775192203,323.586540857915,1000
sp2,104,mortality.additional.larva.rate.sp1,-0.474484742415758,98.6619446610277,149.427488063826,1000
sp2,105,mortality.additional.larva.rate.sp2,-114.107568874272,4788.76037036498,5959.33961269962,1000
sp2,106,mortality.additional.larva.rate.sp3,-1.75198576449887,502.617010611428,837.373808479815,1000
sp2,107,mortality.additional.larva.rate.sp4,3.76853148937671,89.9468929060618,138.05002533549,1000
sp2,108,mortality.additional.larva.rate.sp5,0.566425761813693,87.5576498726218,134.553252972588,1000
sp2,109,mortality.additional.larva.rate.sp6,-5.88316293354626,86.349852802896,128.137704439389,1000
sp2,110,mortality.additional.larva.rate.sp9,28.4543489603598,357.307104899156,515.901532026877,1000
sp2,111,mortality.additional.larva.rate.sp10,-20.4614920826202,353.447232457805,569.138220906755,1000
sp2,112,mortality.additional.larva.rate.sp11,-3.82039067310181,89.7423200147985,145.774880554948,1000
sp2,113,mortality.additional.larva.rate.sp12,-7.62613800461607,95.484788703387,147.652235363603,1000
sp2,114,mortality.additional.larva.rate.sp13,-0.813829810878985,83.2694325919877,128.612150049123,1000
sp2,115,mortality.additional.larva.rate.sp14,-1.63533798395388,84.3422853497642,131.968761643585,1000
sp2,116,mortality.additional.larva.rate.sp15,14.3125083126619,90.7673599235236,141.586278861153,1000
sp2,117,mortality.additional.larva.rate.mean.sp7,-2.52494776615788,88.0233330085293,132.755509848056,1000
sp2,118,mortality.additional.larva.rate.mean.sp8,-0.221576853646692,87.3752305014137,132.398441373016,1000
sp2,119,species.linf.sp0,-27.9464559301365,178.82825123093,338.193004447939,1000
sp2,120,species.linf.sp1,-3.53479465575927,101.238448788926,154.160604132783,1000
sp2,121,species.linf.sp2,-114.466259163494,5693.74823111086,6704.39098412411,1000
sp2,122,species.linf.sp3,-16.8189144153266,545.057250934791,866.333655991751,1000
sp2,123,species.linf.sp4,15.228280121547,557.738971359747,732.38574443792,1000
sp2,124,species.linf.sp5,2.78169464419623,132.69277475929,202.772236000002,1000
sp2,125,species.linf.sp6,2.05275772506514,99.2389303576877,146.746728238469,1000
sp2,126,species.linf.sp7,3.42298600182545,88.173698030136,134.175695719848,1000
sp2,127,species.linf.sp8,-28.1106695161781,256.335557673903,366.824140642387,1000
sp2,128,species.linf.sp9,3.97314457040974,465.592495532525,661.988580227521,1000
sp2,129,species.linf.sp10,-6.09988799531644,427.879858942906,673.136458470626,1000
sp2,130,species.linf.sp11,9.08974094486948,106.782769928752,166.147262070068,1000
sp2,131,species.linf.sp12,19.9330523025143,250.330786657114,362.223627009844,1000
sp2,132,species.linf.sp13,0.719120025993108,146.549383891936,228.420202893162,1000
sp2,133,species.linf.sp14,2.47894346499738,83.2711793353541,129.724149968546,1000
sp2,134,species.linf.sp15,0.888814229298774,98.3905436078106,149.277379100614,1000
sp2,135,species.accessibility2fish.sp16,-1.06948957069294,85.1191385737395,129.994227198575,1000
sp2,136,species.accessibility2fish.sp17,-2.53222110007622,85.7522951333107,128.935534881328,1000
sp2,137,species.accessibility2fish.sp18,-1.80494922023478,85.6382831581555,137.566117940305,1000
sp2,138,species.accessibility2fish.sp19,0.302041467914854,86.4463113742235,132.47768761424,1000
sp2,139,species.accessibility2fish.sp20,9.79611054688904,89.7825171871181,138.969424966444,1000
sp2,140,species.accessibility2fish.sp21,-3.3048822222151,147.702244767812,253.436300541961,1000
sp2,141,species.accessibility2fish.sp22,-2.15828495082862,94.5662974168106,142.075779053084,1000
sp2,142,species.accessibility2fish.sp23,-8.56678277809874,86.9768203437085,133.007482848514,1000
sp2,143,species.accessibility2fish.sp24,-34.474070680873,863.023663017266,1202.67709067635,1000
sp2,144,species.accessibility2fish.sp25,-1.4627844545679,87.3163151814165,131.415979521899,1000
sp2,145,species.accessibility2fish.sp26,-1.84510799634854,91.5859351618946,142.083392732987,1000
sp2,146,species.maturity.size.ratio.sp0,9.11379710364864,169.527619189897,323.968839135477,1000
sp2,147,species.maturity.size.ratio.sp1,-1.48795049818316,86.8931403828483,133.471638686511,1000
sp2,148,species.maturity.size.ratio.sp2,12.813131716764,166.48427429958,274.3249922444,1000
sp2,149,species.maturity.size.ratio.sp3,0.461450367232313,93.443664931077,143.277936710146,1000
sp2,150,species.maturity.size.ratio.sp4,9.16076724377867,99.680393453634,155.228224595588,1000
sp2,151,species.maturity.size.ratio.sp5,-1.51686537568133,92.6363770138755,144.780014615415,1000
sp2,152,species.maturity.size.ratio.sp6,-10.1351495461769,96.7262154901571,148.407385140811,1000
sp2,153,species.maturity.size.ratio.sp7,5.37824204276737,87.2875707111788,132.965121752563,1000
sp2,154,species.maturity.size.ratio.sp8,-3.53788822467008,83.5177304708226,124.21512218975,1000
sp2,155,species.maturity.size.ratio.sp9,0.847825189629427,90.416024341056,140.439432350852,1000
sp2,156,species.maturity.size.ratio.sp10,6.7465481580851,126.804320924714,196.477611064528,1000
sp2,157,species.maturity.size.ratio.sp11,13.8644224085284,183.295710602692,282.457232481703,1000
sp2,158,species.maturity.size.ratio.sp12,2.59994847091213,92.5895687675175,140.187049309456,1000
sp2,159,species.maturity.size.ratio.sp13,5.74843182440958,177.678439626337,314.599600320559,1000
sp2,160,species.maturity.size.ratio.sp14,-6.48861118429163,93.6319752712539,144.670293367233,1000
sp2,161,species.maturity.size.ratio.sp15,-7.2052692270394,88.2699327553374,137.95746268818,1000
sp2,162,predation.predPrey.sizeRatio.teta.sp0.stage1,-0.908434037151971,87.7651468860387,138.890337434128,1000
sp2,163,predation.predPrey.sizeRatio.alpha.sp0.stage1,-8.94849314268687,98.8686769641732,153.416492017112,1000
sp2,164,predation.predPrey.sizeRatio.teta.sp1.stage1,5.04590598033133,86.6886427627891,129.531172420187,1000
sp2,165,predation.predPrey.sizeRatio.alpha.sp1.stage1,8.42373573016365,107.489127697344,159.934816028955,1000
sp2,166,predation.predPrey.sizeRatio.teta.sp2.stage1,3.45292581988794,122.52655452024,181.479652030194,1000
sp2,167,predation.predPrey.sizeRatio.alpha.sp2.stage1,27.470829762998,1449.55854719904,1963.89343978089,1000
sp2,168,predation.predPrey.sizeRatio.teta.sp3.stage1,1.15933069845563,89.6259314577458,137.473237667742,1000
sp2,169,predation.predPrey.sizeRatio.alpha.sp3.stage1,7.53727181638749,191.979935063742,291.44248082272,1000
sp2,170,predation.predPrey.sizeRatio.teta.sp4.stage1,4.05463472283453,108.245134313135,174.009899899216,1000
sp2,171,predation.predPrey.sizeRatio.alpha.sp4.stage1,-9.89019040855167,235.348346582519,346.09547354761,1000
sp2,172,predation.predPrey.sizeRatio.teta.sp5.stage1,8.26520036719385,88.7135957479908,137.958182603964,1000
sp2,173,predation.predPrey.sizeRatio.teta.sp5.stage2,-3.76193776165982,114.996801779225,173.868194029284,1000
sp2,174,predation.predPrey.sizeRatio.alpha.sp5.stage1,-0.292714297895967,86.7552777495829,139.902196853165,1000
sp2,175,predation.predPrey.sizeRatio.alpha.sp5.stage2,3.45922650087351,95.7627376325692,141.46279531899,1000
sp2,176,predation.predPrey.sizeRatio.teta.sp6.stage1,6.18962040872188,86.1537466800281,130.046723374343,1000
sp2,177,predation.predPrey.sizeRatio.alpha.sp6.stage1,9.14140913893865,88.8419666869256,132.537620232906,1000
sp2,178,predation.predPrey.sizeRatio.teta.sp7.stage1,-5.40856535055618,83.8371356690399,125.791484963663,1000
sp2,179,predation.predPrey.sizeRatio.alpha.sp7.stage1,-3.4202151586154,91.6423270278756,139.176387940278,1000
sp2,180,predation.predPrey.sizeRatio.teta.sp8.stage1,4.1673414898227,88.8744782175714,136.344257851758,1000
sp2,181,predation.predPrey.sizeRatio.alpha.sp8.stage1,0.159852647702,167.215072602524,250.983969744772,1000
sp2,182,predation.predPrey.sizeRatio.teta.sp9.stage1,-7.35909279655239,101.266494119081,154.716109107177,1000
sp2,183,predation.predPrey.sizeRatio.alpha.sp9.stage1,9.47951039880356,130.200304082731,198.872569272952,1000
sp2,184,predation.predPrey.sizeRatio.teta.sp10.stage1,-8.30404682065846,92.1677801566552,141.942446160817,1000
sp2,185,predation.predPrey.sizeRatio.alpha.sp10.stage1,10.8584756448926,138.813546522678,243.340242588493,1000
sp2,186,predation.predPrey.sizeRatio.teta.sp11.stage1,-0.898836497718067,93.1137499532313,142.031480339839,1000
sp2,187,predation.predPrey.sizeRatio.alpha.sp11.stage1,-1.40236466145183,90.2274561976167,137.745088731962,1000
sp2,188,predation.predPrey.sizeRatio.teta.sp12.stage1,1.81230664866363,106.656085962586,163.949712915103,1000
sp2,189,predation.predPrey.sizeRatio.alpha.sp12.stage1,-6.71050013795895,158.47158464828,244.126133540222,1000
sp2,190,predation.predPrey.sizeRatio.teta.sp13.stage1,-1.11683092982967,84.4404930567308,130.175234451551,1000
sp2,191,predation.predPrey.sizeRatio.alpha.sp13.stage1,3.55231520861093,156.532897041062,240.740582506611,1000
sp2,192,predation.predPrey.sizeRatio.teta.sp14.stage1,4.70594702810242,88.3216747663715,132.870842936728,1000
sp2,193,predation.predPrey.sizeRatio.alpha.sp14.stage1,5.34448564949824,90.957131693508,138.216755227536,1000
sp2,194,predation.predPrey.sizeRatio.teta.sp15.stage1,-7.13093739612693,87.4972535913008,133.680254053622,1000
sp2,195,predation.predPrey.sizeRatio.alpha.sp15.stage1,-6.97664949410034,100.554669254503,153.795062763797,1000
sp3,1,mortality.additional.rate.sp0,-3.96620498042715,238.198863807915,353.420026411758,1000
sp3,2,mortality.additional.rate.sp1,3.13185964352849,241.417675512373,358.532333804048,1000
sp3,3,mortality.additional.rate.sp2,6.72282026198867,262.976500206449,391.074357204548,1000
sp3,4,mortality.additional.rate.sp3,53.6456441328603,1036.5156429514,1225.24131136935,1000
sp3,5,mortality.additional.rate.sp4,13.0556595580112,238.788916423914,355.4009662732,1000
sp3,6,mortality.additional.rate.sp5,6.27680407742537,275.789370550235,408.304176321671,1000
sp3,7,mortality.additional.rate.sp6,19.5369763406571,243.957353601589,369.276251355115,1000
sp3,8,mortality.additional.rate.sp7,-15.5901041331154,264.664058135368,396.868990377643,1000
sp3,9,mortality.additional.rate.sp8,13.229466660304,240.383496162442,371.455494717971,1000
sp3,10,mortality.additional.rate.sp9,9.1909528652565,238.910844047046,355.552218796703,1000
sp3,11,mortality.additional.rate.sp10,8.96426248113344,225.79236555991,349.343067271892,1000
sp3,12,mortality.additional.rate.sp11,-13.2382554639774,221.398348453529,342.471185305373,1000
sp3,13,mortality.additional.rate.sp12,-13.4158556212884,248.541421544239,373.870801034501,1000
sp3,14,mortality.additional.rate.sp13,-11.2655737328372,252.144030053552,378.404507994376,1000
sp3,15,mortality.additional.rate.sp14,2.65003044003989,239.296166146309,358.457388211386,1000
sp3,16,mortality.additional.rate.sp15,-11.3823336961039,228.989300048759,344.290902007476,1000
sp3,17,fisheries.rate.base.fsh0,-101.92344285053,1390.34717453849,2159.32783164231,1000
sp3,18,fisheries.rate.base.fsh1,11.5737849836294,371.642562573511,568.268292995232,1000
sp3,19,fisheries.rate.base.fsh2,-23.538856193148,249.516366335133,375.130967594879,1000
sp3,20,fisheries.rate.base.fsh3,-9.40552190151412,321.498586786559,474.869814927797,1000
sp3,21,species.catchability.fsh0.sp0,5.10404501418027,255.45714705074,391.124264414947,1000
sp3,22,species.catchability.fsh0.sp1,5.57817988122734,257.73050553631,389.347092980685,1000
sp3,23,species.catchability.fsh0.sp2,-12.4164384589608,243.024748244928,364.342831156591,1000
sp3,24,species.catchability.fsh0.sp3,-52.7442009481833,1176.33107834175,1879.871523705,1000
sp3,25,species.catchability.fsh0.sp5,1.15123023463412,257.570755303228,377.26403624779,1000
sp3,26,species.catchability.fsh0.sp7,5.6133240098126,242.461302839571,362.573223501379,1000
sp3,27,species.catchability.fsh0.sp8,0.33839061647252,240.176999255314,357.117667906942,1000
sp3,28,species.catchability.fsh0.sp9,1.8413326664072,236.102644375997,344.64875341439,1000
sp3,29,species.catchability.fsh0.sp10,17.9236082892683,275.773462406695,442.507987982108,1000
sp3,30,species.catchability.fsh0.sp13,0.0308511736602816,234.462484486413,348.858154535921,1000
sp3,31,species.catchability.fsh0.sp14,-5.68536446508138,235.601762182192,349.830916440951,1000
sp3,32,species.catchability.fsh0.sp15,-1.36884519740689,237.696362302015,353.798813997924,1000
sp3,33,species.catchability.fsh1.sp9,1.50887381406703,232.273457017731,346.793768989105,1000
sp3,34,species.catchability.fsh1.sp10,-3.49016594072481,298.439373999103,451.703047807465,1000
sp3,35,species.catchability.fsh1.sp11,16.0334046368165,236.37874685011,359.337325387837,1000
sp3,36,species.catchability.fsh1.sp12,22.8888147713521,275.757491637159,410.414831573269,1000
sp3,37,species.catchability.fsh2.sp0,-8.83585212700572,246.556967032906,381.471411411736,1000
sp3,38,species.catchability.fsh2.sp5,-10.9964170184233,232.522803831795,347.971275831512,1000
sp3,39,species.catchability.fsh2.sp7,-8.08279374127004,239.320171614248,361.621753521129,1000
sp3,40,species.catchability.fsh2.sp8,-11.6066487200228,229.471958576216,338.450420769475,1000
sp3,41,species.catchability.fsh3.sp0,-15.6014753706088,249.835453184576,377.793138069159,1000
sp3,42,species.catchability.fsh3.sp1,-13.1083160830407,243.273792123601,355.037068213405,1000
sp3,43,species.catchability.fsh3.sp2,-0.00101567202043489,238.557799885091,360.040816232513,1000
sp3,44,species.catchability.fsh3.sp3,-23.18646651105,303.352438261151,434.107860532491,1000
sp3,45,species.catchability.fsh3.sp5,6.62316588829928,230.69877035403,344.077408862586,1000
sp3,46,species.catchability.fsh3.sp7,4.67141996710602,237.655598962776,367.311860689262,1000
sp3,47,species.catchability.fsh3.sp8,-7.46764230262226,236.022569264694,350.196652436068,1000
sp3,48,species.catchability.fsh3.sp9,-7.33712724506898,244.016227083525,371.400624440666,1000
sp3,49,species.catchability.fsh3.sp10,-1.96793572966875,243.047198751518,359.862554617184,1000
sp3,50,species.catchability.fsh3.sp11,13.3343052683744,243.931492148854,354.303100019673,1000
sp3,51,species.catchability.fsh3.sp12,11.7650962893554,250.107686171553,379.511319688494,1000
sp3,52,species.catchability.fsh3.sp13,16.4842151393068,239.508509268645,362.34505652805,1000
sp3,53,species.catchability.fsh3.sp14,4.92165569383233,241.113396006213,369.576496240542,1000
sp3,54,species.catchability.fsh3.sp15,1.90245667777932,255.41194639407,388.108016168542,1000
sp3,55,species.length2weight.condition.factor.sp0,-13.348070260444,275.718178752315,426.113951409268,1000
sp3,56,species.length2weight.condition.factor.sp1,13.0503819058713,242.829175939526,363.230076248205,1000
sp3,57,species.length2weight.condition.factor.sp2,-17.300476960541,296.420869505201,450.48146386665,1000
sp3,58,species.length2weight.condition.factor.sp3,-29.146415694857,1045.91410645148,1468.65027750489,1000
sp3,59,species.length2weight.condition.factor.sp4,23.1311834907806,257.351559583558,372.815942311048,1000
sp3,60,species.length2weight.condition.factor.sp5,8.26983985119668,239.242452026822,363.253652514378,1000
sp3,61,species.length2weight.condition.factor.sp6,15.3521250726491,248.536804900099,366.455543199929,1000
sp3,62,species.length2weight.condition.factor.sp7,10.2884360655208,241.403039118775,361.873661116353,1000
sp3,63,species.length2weight.condition.factor.sp8,-5.82023791094839,238.715362129934,361.900331939245,1000
sp3,64,species.length2weight.condition.factor.sp9,-14.3365664574865,271.266268157224,394.397016540378,1000
sp3,65,species.length2weight.condition.factor.sp10,-9.64872341694043,278.711106348372,425.193903203039,1000
sp3,66,species.length2weight.condition.factor.sp11,11.4312761628637,234.28556680767,356.06469500531,1000
sp3,67,species.length2weight.condition.factor.sp12,-11.7663623527557,252.548652005932,372.62600939904,1000
sp3,68,species.length2weight.condition.factor.sp13,11.6102789148935,245.532953936164,382.693655445989,1000
sp3,69,species.length2weight.condition.factor.sp14,-18.6884650687225,224.606582658832,346.669697879179,1000
sp3,70,species.length2weight.condition.factor.sp15,-7.14605153193484,229.357105259314,334.913750917626,1000
sp3,71,species.k.sp0,-18.7760179289026,479.54834455452,812.195548273298,1000
sp3,72,species.k.sp1,-28.527516988119,251.656545547649,378.79098070025,1000
sp3,73,species.k.sp2,-13.1066322328367,588.862140605404,890.660595240386,1000
sp3,74,species.k.sp3,-3.23662680234541,3232.78691938088,4107.36890271337,1000
sp3,75,species.k.sp4,14.7112712130043,263.379689244636,411.246754784148,1000
sp3,76,species.k.sp5,-2.54587693945637,255.69528188086,370.368089860066,1000
sp3,77,species.k.sp6,-16.4713776204027,259.936129278046,400.493579777554,1000
sp3,78,species.k.sp7,-15.8669258432696,240.331754875474,373.017724708122,1000
sp3,79,species.k.sp8,17.2264903259405,294.635196314691,440.062889577845,1000
sp3,80,species.k.sp9,-15.0381190463189,542.293754711719,775.576786863887,1000
sp3,81,species.k.sp10,-36.6036645432286,407.666705444158,617.53719836374,1000
sp3,82,species.k.sp11,9.05970274078806,294.159593035201,449.343143312979,1000
sp3,83,species.k.sp12,-4.78285927195704,249.351181355291,372.421228422611,1000
sp3,84,species.k.sp13,-6.76406444167795,474.549965696085,768.890695176767,1000
sp3,85,species.k.sp14,-4.27898112947564,232.427774855807,346.700703999749,1000
sp3,86,species.k.sp15,-7.0753358304479,246.856260782679,384.524932536459,1000
sp3,87,species.l0.sp0,14.1653336741129,275.799796673566,442.966525184343,1000
sp3,88,species.l0.sp1,18.669654530014,251.70313548407,370.096491304719,1000
sp3,89,species.l0.sp2,-14.5062798629027,578.058432601307,882.483023839105,1000
sp3,90,species.l0.sp3,-19.5342750502602,1033.71444764098,1396.96563954095,1000
sp3,91,species.l0.sp4,2.53773282354695,301.36536410425,453.766142706124,1000
sp3,92,species.l0.sp5,6.58692781824925,233.644957142956,353.929959356846,1000
sp3,93,species.l0.sp6,12.3298633443617,253.892362753272,384.958362906656,1000
sp3,94,species.l0.sp7,-2.20588166827561,249.404173878501,373.329007087611,1000
sp3,95,species.l0.sp8,-1.96240443756134,242.285378907569,375.660633479794,1000
sp3,96,species.l0.sp9,5.07277771502159,616.389683176012,870.846642363351,1000
sp3,97,species.l0.sp10,-17.1735345448103,639.403432068067,978.876249270897,1000
sp3,98,species.l0.sp11,16.6652101332896,268.066932131381,407.837684886219,1000
sp3,99,species.l0.sp12,-9.58503662067721,238.931825108971,368.91944065822,1000
sp3,100,species.l0.sp13,4.10614165886342,241.768694299268,363.152579901937,1000
sp3,101,species.l0.sp14,1.62331822986098,232.371966151737,351.932371680304,1000
sp3,102,species.l0.sp15,-2.93979038065457,239.568103360291,368.343785355078,1000
sp3,103,mortality.additional.larva.rate.sp0,36.7161143590495,460.63323081438,753.566102016331,1000
sp3,104,mortality.additional.larva.rate.sp1,-5.72412851227304,252.836189397448,386.800293253954,1000
sp3,105,mortality.additional.larva.rate.sp2,58.8639976195515,1429.93781604992,2226.04345440454,1000
sp3,106,mortality.additional.larva.rate.sp3,-258.407219027975,7910.20114430659,9761.15886348762,1000
sp3,107,mortality.additional.larva.rate.sp4,-8.10471930863822,242.025615148279,356.562910496094,1000
sp3,108,mortality.additional.larva.rate.sp5,5.82610926682063,233.619785544193,344.828315055501,1000
sp3,109,mortality.additional.larva.rate.sp6,4.57994323112613,235.967128275472,343.205519739596,1000
sp3,110,mortality.additional.larva.rate.sp9,30.8450295598662,620.308087695076,901.688789217717,1000
sp3,111,mortality.additional.larva.rate.sp10,42.7800749991139,985.90082271992,1474.12123737188,1000
sp3,112,mortality.additional.larva.rate.sp11,10.587775005515,252.305048831759,382.977507037088,1000
sp3,113,mortality.additional.larva.rate.sp12,-9.12559329639801,262.985894510398,390.304711931142,1000
sp3,114,mortality.additional.larva.rate.sp13,-14.8032822277678,225.792409138864,339.84365282819,1000
sp3,115,mortality.additional.larva.rate.sp14,12.2478321362558,247.823876844326,376.000774980402,1000
sp3,116,mortality.additional.larva.rate.sp15,5.74675240487853,256.546717580554,385.952962045235,1000
sp3,117,mortality.additional.larva.rate.mean.sp7,-2.20340924130041,231.942940175215,354.329764705959,1000
sp3,118,mortality.additional.larva.rate.mean.sp8,-0.30586897543253,230.408687858373,344.618302885324,1000
sp3,119,species.linf.sp0,-48.5080811105562,571.128450230281,1017.25396249601,1000
sp3,120,species.linf.sp1,-14.7148149721395,244.216888039598,359.453881903969,1000
sp3,121,species.linf.sp2,12.9341490238209,1639.97644154502,2333.1865322614,1000
sp3,122,species.linf.sp3,755.332166397951,12522.3699328551,14213.5968945811,1000
sp3,123,species.linf.sp4,-8.87256371210772,388.802587648421,583.714264849983,1000
sp3,124,species.linf.sp5,18.5320299044106,492.194768544122,618.06681378484,1000
sp3,125,species.linf.sp6,-4.36038711496316,339.221177858039,511.259790145451,1000
sp3,126,species.linf.sp7,-0.245625364379935,236.539659586874,366.466195433033,1000
sp3,127,species.linf.sp8,26.9198121607281,520.131439629596,734.052588914029,1000
sp3,128,species.linf.sp9,35.5023799455813,1372.12479341552,1840.08609714723,1000
sp3,129,species.linf.sp10,-40.770567484801,1270.69877537154,1926.34422079569,1000
sp3,130,species.linf.sp11,-22.8614685572489,314.290079949254,470.789409743711,1000
sp3,131,species.linf.sp12,53.9531861154092,782.434267058731,1123.17287899592,1000
sp3,132,species.linf.sp13,-13.757119387941,355.802201858895,582.636051809273,1000
sp3,133,species.linf.sp14,-14.8515895639791,240.549375556332,350.465080193517,1000
sp3,134,species.linf.sp15,-1.42665483886605,270.706321369575,404.468220630684,1000
sp3,135,species.accessibility2fish.sp16,4.44701025886534,227.965846166278,329.234023531238,1000
sp3,136,species.accessibility2fish.sp17,0.957302739140546,241.735966788659,356.918143047229,1000
sp3,137,species.accessibility2fish.sp18,-12.585184393023,247.19679716245,386.734236597313,1000
sp3,138,species.accessibility2fish.sp19,-13.2871683789492,250.902290712842,381.992402667449,1000
sp3,139,species.accessibility2fish.sp20,16.2227962858355,240.35057748415,363.779335533856,1000
sp3,140,species.accessibility2fish.sp21,17.8083885748613,276.316207017622,430.685396402467,1000
sp3,141,species.accessibility2fish.sp22,-24.3386551573151,233.713653635473,359.244196568036,1000
sp3,142,species.accessibility2fish.sp23,15.1951448768334,241.804207348569,369.951519001229,1000
sp3,143,species.accessibility2fish.sp24,-20.7178200244874,1421.42065928197,2018.24399814622,1000
sp3,144,species.accessibility2fish.sp25,-10.8884475260409,232.058936370474,344.469894868527,1000
sp3,145,species.accessibility2fish.sp26,-5.67780466538153,256.782337324736,399.446417918542,1000
sp3,146,species.maturity.size.ratio.sp0,1.38899973357525,551.737106168232,931.896799793365,1000
sp3,147,species.maturity.size.ratio.sp1,-2.86197797307533,239.830737879958,369.808971831686,1000
sp3,148,species.maturity.size.ratio.sp2,-11.3787840169652,249.927118485715,373.075800020702,1000
sp3,149,species.maturity.size.ratio.sp3,4.98747749229681,289.654120190102,429.222761682091,1000
sp3,150,species.maturity.size.ratio.sp4,17.1381226146279,270.913646877056,400.76677619536,1000
sp3,151,species.maturity.size.ratio.sp5,20.5001302768746,253.920349102443,387.971330133975,1000
sp3,152,species.maturity.size.ratio.sp6,0.703258082319255,252.274643968458,377.182503382347,1000
sp3,153,species.maturity.size.ratio.sp7,5.96658991091383,234.015274836487,352.954772494589,1000
sp3,154,species.maturity.size.ratio.sp8,3.06816699430281,244.710246080591,362.053176040464,1000
sp3,155,species.maturity.size.ratio.sp9,-12.3538077683534,244.626931445965,364.682552212355,1000
sp3,156,species.maturity.size.ratio.sp10,-5.34228357095465,327.416392413338,505.916499410391,1000
sp3,157,species.maturity.size.ratio.sp11,20.455841222182,545.553235335995,792.493896772878,1000
sp3,158,species.maturity.size.ratio.sp12,4.18724631841924,238.01709734754,361.592072479485,1000
sp3,159,species.maturity.size.ratio.sp13,40.4283639525786,559.003817526611,866.985205782978,1000
sp3,160,species.maturity.size.ratio.sp14,25.7618565337809,248.999455826172,373.911959019438,1000
sp3,161,species.maturity.size.ratio.sp15,-1.2429899429927,249.139470752594,382.688453317718,1000
sp3,162,predation.predPrey.sizeRatio.teta.sp0.stage1,7.98300291943882,240.337511631139,366.555442670461,1000
sp3,163,predation.predPrey.sizeRatio.alpha.sp0.stage1,11.8924569532538,266.809495054809,405.143183422391,1000
sp3,164,predation.predPrey.sizeRatio.teta.sp1.stage1,-15.3705654767429,236.441449617474,359.296926879168,1000
sp3,165,predation.predPrey.sizeRatio.alpha.sp1.stage1,3.37980978366316,264.059557079115,394.106385114573,1000
sp3,166,predation.predPrey.sizeRatio.teta.sp2.stage1,-7.90383978250406,245.167447070737,371.007571179085,1000
sp3,167,predation.predPrey.sizeRatio.alpha.sp2.stage1,-11.8556336167807,670.460313349591,1028.61485120243,1000
sp3,168,predation.predPrey.sizeRatio.teta.sp3.stage1,9.47986651770532,251.141732813995,367.901897915321,1000
sp3,169,predation.predPrey.sizeRatio.alpha.sp3.stage1,-66.4500620475561,2839.39741706318,4156.24591542025,1000
sp3,170,predation.predPrey.sizeRatio.teta.sp4.stage1,-0.342474972878448,242.988126764573,369.740545432792,1000
sp3,171,predation.predPrey.sizeRatio.alpha.sp4.stage1,-23.7030588532663,289.673483876611,435.17504155904,1000
sp3,172,predation.predPrey.sizeRatio.teta.sp5.stage1,-11.9296122472693,237.858813113954,355.709408888555,1000
sp3,173,predation.predPrey.sizeRatio.teta.sp5.stage2,-10.3887169322833,323.609026298056,423.993601555488,1000
sp3,174,predation.predPrey.sizeRatio.alpha.sp5.stage1,3.9008776234625,231.060215849572,348.214013896291,1000
sp3,175,predation.predPrey.sizeRatio.alpha.sp5.stage2,13.2212935202928,409.820087716413,565.546215503618,1000
sp3,176,predation.predPrey.sizeRatio.teta.sp6.stage1,-21.9974246432304,226.025765649279,341.547126770502,1000
sp3,177,predation.predPrey.sizeRatio.alpha.sp6.stage1,4.11986673578538,252.502571669462,386.610140139952,1000
sp3,178,predation.predPrey.sizeRatio.teta.sp7.stage1,7.60909107777958,245.806604818338,374.687813252652,1000
sp3,179,predation.predPrey.sizeRatio.alpha.sp7.stage1,-9.14983956918153,249.669453847018,376.644175219533,1000
sp3,180,predation.predPrey.sizeRatio.teta.sp8.stage1,0.141775632796663,236.557742683352,349.973901248689,1000
sp3,181,predation.predPrey.sizeRatio.alpha.sp8.stage1,-12.3873231232791,430.080147695187,622.449736615261,1000
sp3,182,predation.predPrey.sizeRatio.teta.sp9.stage1,-14.6268171194552,275.693602893909,400.456465194569,1000
sp3,183,predation.predPrey.sizeRatio.alpha.sp9.stage1,-10.6612365623219,476.981477984969,700.969675388391,1000
sp3,184,predation.predPrey.sizeRatio.teta.sp10.stage1,-8.34769412185596,255.822401479362,385.675594436164,1000
sp3,185,predation.predPrey.sizeRatio.alpha.sp10.stage1,8.67823796547584,369.408664958892,575.540320284209,1000
sp3,186,predation.predPrey.sizeRatio.teta.sp11.stage1,2.89182876523078,244.988792037176,375.971221744874,1000
sp3,187,predation.predPrey.sizeRatio.alpha.sp11.stage1,-3.9125626206109,249.298873357019,377.758176230035,1000
sp3,188,predation.predPrey.sizeRatio.teta.sp12.stage1,-4.81758566883615,351.626287360348,533.754158344676,1000
sp3,189,predation.predPrey.sizeRatio.alpha.sp12.stage1,29.9004279393294,363.45792926199,543.033027854838,1000
sp3,190,predation.predPrey.sizeRatio.teta.sp13.stage1,-19.2357786982066,240.233234079237,355.250116381805,1000
sp3,191,predation.predPrey.sizeRatio.alpha.sp13.stage1,-0.082672951903075,287.645324682202,437.491655668273,1000
sp3,192,predation.predPrey.sizeRatio.teta.sp14.stage1,7.5762567817645,244.346297644262,359.150013549047,1000
sp3,193,predation.predPrey.sizeRatio.alpha.sp14.stage1,-6.14491005366017,226.165144575542,343.757234763808,1000
sp3,194,predation.predPrey.sizeRatio.teta.sp15.stage1,-9.14167141308514,232.660046657405,362.597490295356,1000
sp3,195,predation.predPrey.sizeRatio.alpha.sp15.stage1,21.9820697749662,263.786455964621,395.810438837459,1000
sp4,1,mortality.additional.rate.sp0,0,0,0,1000
sp4,2,mortality.additional.rate.sp1,0,0,0,1000
sp4,3,mortality.additional.rate.sp2,0,0,0,1000
sp4,4,mortality.additional.rate.sp3,0,0,0,1000
sp4,5,mortality.additional.rate.sp4,0,0,0,1000
sp4,6,mortality.additional.rate.sp5,0,0,0,1000
sp4,7,mortality.additional.rate.sp6,0,0,0,1000
sp4,8,mortality.additional.rate.sp7,0,0,0,1000
sp4,9,mortality.additional.rate.sp8,0,0,0,1000
sp4,10,mortality.additional.rate.sp9,0,0,0,1000
sp4,11,mortality.additional.rate.sp10,0,0,0,1000
sp4,12,mortality.additional.rate.sp11,0,0,0,1000
sp4,13,mortality.additional.rate.sp12,0,0,0,1000
sp4,14,mortality.additional.rate.sp13,0,0,0,1000
sp4,15,mortality.additional.rate.sp14,0,0,0,1000
sp4,16,mortality.additional.rate.sp15,0,0,0,1000
sp4,17,fisheries.rate.base.fsh0,0,0,0,1000
sp4,18,fisheries.rate.base.fsh1,0,0,0,1000
sp4,19,fisheries.rate.base.fsh2,0,0,0,1000
sp4,20,fisheries.rate.base.fsh3,0,0,0,1000
sp4,21,species.catchability.fsh0.sp0,0,0,0,1000
sp4,22,species.catchability.fsh0.sp1,0,0,0,1000
sp4,23,species.catchability.fsh0.sp2,0,0,0,1000
sp4,24,species.catchability.fsh0.sp3,0,0,0,1000
sp4,25,species.catchability.fsh0.sp5,0,0,0,1000
sp4,26,species.catchability.fsh0.sp7,0,0,0,1000
sp4,27,species.catchability.fsh0.sp8,0,0,0,1000
sp4,28,species.catchability.fsh0.sp9,0,0,0,1000
sp4,29,species.catchability.fsh0.sp10,0,0,0,1000
sp4,30,species.catchability.fsh0.sp13,0,0,0,1000
sp4,31,species.catchability.fsh0.sp14,0,0,0,1000
sp4,32,species.catchability.fsh0.sp15,0,0,0,1000
sp4,33,species.catchability.fsh1.sp9,0,0,0,1000
sp4,34,species.catchability.fsh1.sp10,0,0,0,1000
sp4,35,species.catchability.fsh1.sp11,0,0,0,1000
sp4,36,species.catchability.fsh1.sp12,0,0,0,1000
sp4,37,species.catchability.fsh2.sp0,0,0,0,1000
sp4,38,species.catchability.fsh2.sp5,0,0,0,1000
sp4,39,species.catchability.fsh2.sp7,0,0,0,1000
sp4,40,species.catchability.fsh2.sp8,0,0,0,1000
sp4,41,species.catchability.fsh3.sp0,0,0,0,1000
sp4,42,species.catchability.fsh3.sp1,0,0,0,1000
sp4,43,species.catchability.fsh3.sp2,0,0,0,1000
sp4,44,species.catchability.fsh3.sp3,0,0,0,1000
sp4,45,species.catchability.fsh3.sp5,0,0,0,1000
sp4,46,species.catchability.fsh3.sp7,0,0,0,1000
sp4,47,species.catchability.fsh3.sp8,0,0,0,1000
sp4,48,species.catchability.fsh3.sp9,0,0,0,1000
sp4,49,species.catchability.fsh3.sp10,0,0,0,1000
sp4,50,species.catchability.fsh3.sp11,0,0,0,1000
sp4,51,species.catchability.fsh3.sp12,0,0,0,1000
sp4,52,species.catchability.fsh3.sp13,0,0,0,1000
sp4,53,species.catchability.fsh3.sp14,0,0,0,1000
sp4,54,species.catchability.fsh3.sp15,0,0,0,1000
sp4,55,species.length2weight.condition.factor.sp0,0,0,0,1000
sp4,56,species.length2weight.condition.factor.sp1,0,0,0,1000
sp4,57,species.length2weight.condition.factor.sp2,0,0,0,1000
sp4,58,species.length2weight.condition.factor.sp3,0,0,0,1000
sp4,59,species.length2weight.condition.factor.sp4,0,0,0,1000
sp4,60,species.length2weight.condition.factor.sp5,0,0,0,1000
sp4,61,species.length2weight.condition.factor.sp6,0,0,0,1000
sp4,62,species.length2weight.condition.factor.sp7,0,0,0,1000
sp4,63,species.length2weight.condition.factor.sp8,0,0,0,1000
sp4,64,species.length2weight.condition.factor.sp9,0,0,0,1000
sp4,65,species.length2weight.condition.factor.sp10,0,0,0,1000
sp4,66,species.length2weight.condition.factor.sp11,0,0,0,1000
sp4,67,species.length2weight.condition.factor.sp12,0,0,0,1000
sp4,68,species.length2weight.condition.factor.sp13,0,0,0,1000
sp4,69,species.length2weight.condition.factor.sp14,0,0,0,1000
sp4,70,species.length2weight.condition.factor.sp15,0,0,0,1000
sp4,71,species.k.sp0,0,0,0,1000
sp4,72,species.k.sp1,0,0,0,1000
sp4,73,species.k.sp2,0,0,0,1000
sp4,74,species.k.sp3,0,0,0,1000
sp4,75,species.k.sp4,0,0,0,1000
sp4,76,species.k.sp5,0,0,0,1000
sp4,77,species.k.sp6,0,0,0,1000
sp4,78,species.k.sp7,0,0,0,1000
sp4,79,species.k.sp8,0,0,0,1000
sp4,80,species.k.sp9,0,0,0,1000
sp4,81,species.k.sp10,0,0,0,1000
sp4,82,species.k.sp11,0,0,0,1000
sp4,83,species.k.sp12,0,0,0,1000
sp4,84,species.k.sp13,0,0,0,1000
sp4,85,species.k.sp14,0,0,0,1000
sp4,86,species.k.sp15,0,0,0,1000
sp4,87,species.l0.sp0,0,0,0,1000
sp4,88,species.l0.sp1,0,0,0,1000
sp4,89,species.l0.sp2,0,0,0,1000
sp4,90,species.l0.sp3,0,0,0,1000
sp4,91,species.l0.sp4,0,0,0,1000
sp4,92,species.l0.sp5,0,0,0,1000
sp4,93,species.l0.sp6,0,0,0,1000
sp4,94,species.l0.sp7,0,0,0,1000
sp4,95,species.l0.sp8,0,0,0,1000
sp4,96,species.l0.sp9,0,0,0,1000
sp4,97,species.l0.sp10,0,0,0,1000
sp4,98,species.l0.sp11,0,0,0,1000
sp4,99,species.l0.sp12,0,0,0,1000
sp4,100,species.l0.sp13,0,0,0,1000
sp4,101,species.l0.sp14,0,0,0,1000
sp4,102,species.l0.sp15,0,0,0,1000
sp4,103,mortality.additional.larva.rate.sp0,0,0,0,1000
sp4,104,mortality.additional.larva.rate.sp1,0,0,0,1000
sp4,105,mortality.additional.larva.rate.sp2,0,0,0,1000
sp4,106,mortality.additional.larva.rate.sp3,0,0,0,1000
sp4,107,mortality.additional.larva.rate.sp4,0,0,0,1000
sp4,108,mortality.additional.larva.rate.sp5,0,0,0,1000
sp4,109,mortality.additional.larva.rate.sp6,0,0,0,1000
sp4,110,mortality.additional.larva.rate.sp9,0,0,0,1000
sp4,111,mortality.additional.larva.rate.sp10,0,0,0,1000
sp4,112,mortality.additional.larva.rate.sp11,0,0,0,1000
sp4,113,mortality.additional.larva.rate.sp12,0,0,0,1000
sp4,114,mortality.additional.larva.rate.sp13,0,0,0,1000
sp4,115,mortality.additional.larva.rate.sp14,0,0,0,1000
sp4,116,mortality.additional.larva.rate.sp15,0,0,0,1000
sp4,117,mortality.additional.larva.rate.mean.sp7,0,0,0,1000
sp4,118,mortality.additional.larva.rate.mean.sp8,0,0,0,1000
sp4,119,species.linf.sp0,0,0,0,1000
sp4,120,species.linf.sp1,0,0,0,1000
sp4,121,species.linf.sp2,0,0,0,1000
sp4,122,species.linf.sp3,0,0,0,1000
sp4,123,species.linf.sp4,0,0,0,1000
sp4,124,species.linf.sp5,0,0,0,1000
sp4,125,species.linf.sp6,0,0,0,1000
sp4,126,species.linf.sp7,0,0,0,1000
sp4,127,species.linf.sp8,0,0,0,1000
sp4,128,species.linf.sp9,0,0,0,1000
sp4,129,species.linf.sp10,0,0,0,1000
sp4,130,species.linf.sp11,0,0,0,1000
sp4,131,species.linf.sp12,0,0,0,1000
sp4,132,species.linf.sp13,0,0,0,1000
sp4,133,species.linf.sp14,0,0,0,1000
sp4,134,species.linf.sp15,0,0,0,1000
sp4,135,species.accessibility2fish.sp16,0,0,0,1000
sp4,136,species.accessibility2fish.sp17,0,0,0,1000
sp4,137,species.accessibility2fish.sp18,0,0,0,1000
sp4,138,species.accessibility2fish.sp19,0,0,0,1000
sp4,139,species.accessibility2fish.sp20,0,0,0,1000
sp4,140,species.accessibility2fish.sp21,0,0,0,1000
sp4,141,species.accessibility2fish.sp22,0,0,0,1000
sp4,142,species.accessibility2fish.sp23,0,0,0,1000
sp4,143,species.accessibility2fish.sp24,0,0,0,1000
sp4,144,species.accessibility2fish.sp25,0,0,0,1000
sp4,145,species.accessibility2fish.sp26,0,0,0,1000
sp4,146,species.maturity.size.ratio.sp0,0,0,0,1000
sp4,147,species.maturity.size.ratio.sp1,0,0,0,1000
sp4,148,species.maturity.size.ratio.sp2,0,0,0,1000
sp4,149,species.maturity.size.ratio.sp3,0,0,0,1000
sp4,150,species.maturity.size.ratio.sp4,0,0,0,1000
sp4,151,species.maturity.size.ratio.sp5,0,0,0,1000
sp4,152,species.maturity.size.ratio.sp6,0,0,0,1000
sp4,153,species.maturity.size.ratio.sp7,0,0,0,1000
sp4,154,species.maturity.size.ratio.sp8,0,0,0,1000
sp4,155,species.maturity.size.ratio.sp9,0,0,0,1000
sp4,156,species.maturity.size.ratio.sp10,0,0,0,1000
sp4,157,species.maturity.size.ratio.sp11,0,0,0,1000
sp4,158,species.maturity.size.ratio.sp12,0,0,0,1000
sp4,159,species.maturity.size.ratio.sp13,0,0,0,1000
sp4,160,species.maturity.size.ratio.sp14,0,0,0,1000
sp4,161,species.maturity.size.ratio.sp15,0,0,0,1000
sp4,162,predation.predPrey.sizeRatio.teta.sp0.stage1,0,0,0,1000
sp4,163,predation.predPrey.sizeRatio.alpha.sp0.stage1,0,0,0,1000
sp4,164,predation.predPrey.sizeRatio.teta.sp1.stage1,0,0,0,1000
sp4,165,predation.predPrey.sizeRatio.alpha.sp1.stage1,0,0,0,1000
sp4,166,predation.predPrey.sizeRatio.teta.sp2.stage1,0,0,0,1000
sp4,167,predation.predPrey.sizeRatio.alpha.sp2.stage1,0,0,0,1000
sp4,168,predation.predPrey.sizeRatio.teta.sp3.stage1,0,0,0,1000
sp4,169,predation.predPrey.sizeRatio.alpha.sp3.stage1,0,0,0,1000
sp4,170,predation.predPrey.sizeRatio.teta.sp4.stage1,0,0,0,1000
sp4,171,predation.predPrey.sizeRatio.alpha.sp4.stage1,0,0,0,1000
sp4,172,predation.predPrey.sizeRatio.teta.sp5.stage1,0,0,0,1000
sp4,173,predation.predPrey.sizeRatio.teta.sp5.stage2,0,0,0,1000
sp4,174,predation.predPrey.sizeRatio.alpha.sp5.stage1,0,0,0,1000
sp4,175,predation.predPrey.sizeRatio.alpha.sp5.stage2,0,0,0,1000
sp4,176,predation.predPrey.sizeRatio.teta.sp6.stage1,0,0,0,1000
sp4,177,predation.predPrey.sizeRatio.alpha.sp6.stage1,0,0,0,1000
sp4,178,predation.predPrey.sizeRatio.teta.sp7.stage1,0,0,0,1000
sp4,179,predation.predPrey.sizeRatio.alpha.sp7.stage1,0,0,0,1000
sp4,180,predation.predPrey.sizeRatio.teta.sp8.stage1,0,0,0,1000
sp4,181,predation.predPrey.sizeRatio.alpha.sp8.stage1,0,0,0,1000
sp4,182,predation.predPrey.sizeRatio.teta.sp9.stage1,0,0,0,1000
sp4,183,predation.predPrey.sizeRatio.alpha.sp9.stage1,0,0,0,1000
sp4,184,predation.predPrey.sizeRatio.teta.sp10.stage1,0,0,0,1000
sp4,185,predation.predPrey.sizeRatio.alpha.sp10.stage1,0,0,0,1000
sp4,186,predation.predPrey.sizeRatio.teta.sp11.stage1,0,0,0,1000
sp4,187,predation.predPrey.sizeRatio.alpha.sp11.stage1,0,0,0,1000
sp4,188,predation.predPrey.sizeRatio.teta.sp12.stage1,0,0,0,1000
sp4,189,predation.predPrey.sizeRatio.alpha.sp12.stage1,0,0,0,1000
sp4,190,predation.predPrey.sizeRatio.teta.sp13.stage1,0,0,0,1000
sp4,191,predation.predPrey.sizeRatio.alpha.sp13.stage1,0,0,0,1000
sp4,192,predation.predPrey.sizeRatio.teta.sp14.stage1,0,0,0,1000
sp4,193,predation.predPrey.sizeRatio.alpha.sp14.stage1,0,0,0,1000
sp4,194,predation.predPrey.sizeRatio.teta.sp15.stage1,0,0,0,1000
sp4,195,predation.predPrey.sizeRatio.alpha.sp15.stage1,0,0,0,1000
sp5,1,mortality.additional.rate.sp0,-0.0264260403487507,2.02757838145431,2.77697871617188,1000
sp5,2,mortality.additional.rate.sp1,0.0924063448495828,2.03954950852042,2.77145138868006,1000
sp5,3,mortality.additional.rate.sp2,0.00664497834583224,2.0819007481125,2.92727300572686,1000
sp5,4,mortality.additional.rate.sp3,0.136986858006248,2.23165309826181,3.15885463270196,1000
sp5,5,mortality.additional.rate.sp4,0.0302681124861099,2.04930278537639,2.91335711748177,1000
sp5,6,mortality.additional.rate.sp5,2.40705430532292,81.1806776745368,85.9769813495894,1000
sp5,7,mortality.additional.rate.sp6,-0.0145281939405586,2.01923593540667,2.72002009431821,1000
sp5,8,mortality.additional.rate.sp7,-0.121623571324305,1.95707726789653,2.64353391441622,1000
sp5,9,mortality.additional.rate.sp8,0.0924907429638896,1.97733506435695,2.77600104410149,1000
sp5,10,mortality.additional.rate.sp9,0.0186219468574986,2.06533791326917,2.83093817470634,1000
sp5,11,mortality.additional.rate.sp10,-0.238177732191389,2.04433816029333,2.76626366034269,1000
sp5,12,mortality.additional.rate.sp11,0.0733503361305562,1.96002546544583,2.73369746879997,1000
sp5,13,mortality.additional.rate.sp12,-0.0766053917134743,1.98926653787458,2.7202887222131,1000
sp5,14,mortality.additional.rate.sp13,0.1246076482,2.03111406655695,2.79307533615556,1000
sp5,15,mortality.additional.rate.sp14,0.0393253173619447,1.95886090714611,2.65100207073326,1000
sp5,16,mortality.additional.rate.sp15,0.053731079457221,2.02767285567389,2.74917863850602,1000
sp5,17,fisheries.rate.base.fsh0,-1.42470698537417,58.16361603528,60.594522901808,1000
sp5,18,fisheries.rate.base.fsh1,-0.118748714535693,2.20867050575208,3.08732077315119,1000
sp5,19,fisheries.rate.base.fsh2,-0.0269686223129172,3.30118333155236,4.14118481870367,1000
sp5,20,fisheries.rate.base.fsh3,0.168987744605557,2.9066353596,3.76137468291797,1000
sp5,21,species.catchability.fsh0.sp0,0.0202266333791658,2.14506884831944,3.01948857324706,1000
sp5,22,species.catchability.fsh0.sp1,-0.0256333049826379,2.03688860509653,2.74756416575162,1000
sp5,23,species.catchability.fsh0.sp2,0.0192761823070829,2.01423324337764,2.86566867718192,1000
sp5,24,species.catchability.fsh0.sp3,-0.00230460789027845,2.9271003710375,4.3284553757415,1000
sp5,25,species.catchability.fsh0.sp5,0.455803792564167,60.7356459479622,63.2573888257189,1000
sp5,26,species.catchability.fsh0.sp7,0.0993312960237489,2.00796504722236,2.73649329694612,1000
sp5,27,species.catchability.fsh0.sp8,-0.122017430363888,1.95693077648056,2.74967643822325,1000
sp5,28,species.catchability.fsh0.sp9,0.0442605575338882,2.02921837994945,2.78296393846387,1000
sp5,29,species.catchability.fsh0.sp10,-0.0434644486908348,2.13777335869222,2.97225649407601,1000
sp5,30,species.catchability.fsh0.sp13,-0.084546966922637,2.01086715670458,2.77273441854921,1000
sp5,31,species.catchability.fsh0.sp14,-0.0593302741500005,1.909334827925,2.65962588127566,1000
sp5,32,species.catchability.fsh0.sp15,-0.00499705949652921,1.94137507939569,2.66859894220655,1000
sp5,33,species.catchability.fsh1.sp9,-0.00820183260263758,1.99300062476375,2.77498796835944,1000
sp5,34,species.catchability.fsh1.sp10,-0.185542294097223,2.02174153208417,2.71966726718786,1000
sp5,35,species.catchability.fsh1.sp11,-0.121392017813888,1.95735624860417,2.71518168375964,1000
sp5,36,species.catchability.fsh1.sp12,-0.0478690410294466,2.02833113116083,2.80414316794632,1000
sp5,37,species.catchability.fsh2.sp0,-0.144002250169167,1.95062281311917,2.63295381347965,1000
sp5,38,species.catchability.fsh2.sp5,0.0726341313765283,3.2572571000132,4.07427105077292,1000
sp5,39,species.catchability.fsh2.sp7,-0.0292626980965296,1.95382971570208,2.70106145756126,1000
sp5,40,species.catchability.fsh2.sp8,0.0833842819706942,1.9392299262943,2.65625851662016,1000
sp5,41,species.catchability.fsh3.sp0,0.143538764659309,1.88607461479208,2.5545269440667,1000
sp5,42,species.catchability.fsh3.sp1,-0.118399777410833,1.94609590542111,2.67406092199987,1000
sp5,43,species.catchability.fsh3.sp2,0.0308578548356943,1.94209150504347,2.66072731752905,1000
sp5,44,species.catchability.fsh3.sp3,0.0692398823783331,1.9682634688675,2.65805744496812,1000
sp5,45,species.catchability.fsh3.sp5,0.0632155275441687,2.97286576406361,3.85768899247474,1000
sp5,46,species.catchability.fsh3.sp7,0.0711168342412511,1.92118170341708,2.67916234424454,1000
sp5,47,species.catchability.fsh3.sp8,0.0532219060595848,2.0036342574082,2.7409498191825,1000
sp5,48,species.catchability.fsh3.sp9,-0.0506832798558345,2.01798166263361,2.71488936377652,1000
sp5,49,species.catchability.fsh3.sp10,-0.0555572305769452,1.96265261173917,2.81950604054198,1000
sp5,50,species.catchability.fsh3.sp11,0.086742000868056,1.95075271085139,2.71719205167663,1000
sp5,51,species.catchability.fsh3.sp12,0.100155330014444,1.85076464973361,2.53477405815241,1000
sp5,52,species.catchability.fsh3.sp13,0.0102667477344443,1.98180415388861,2.68010574451197,1000
sp5,53,species.catchability.fsh3.sp14,-0.0116808420011108,1.91714461560028,2.62296223481976,1000
sp5,54,species.catchability.fsh3.sp15,-0.0630832868633348,1.93763477232305,2.61673921011062,1000
sp5,55,species.length2weight.condition.factor.sp0,-0.131968864596528,2.15239688182847,2.9727928710304,1000
sp5,56,species.length2weight.condition.factor.sp1,0.0158110760383348,1.94188994470334,2.65600843649652,1000
sp5,57,species.length2weight.condition.factor.sp2,-0.0537922888270852,2.14825333499097,3.15792074016604,1000
sp5,58,species.length2weight.condition.factor.sp3,0.0265851559944438,2.16661992515694,3.18349372740566,1000
sp5,59,species.length2weight.condition.factor.sp4,0.0615005470479151,1.96314342831736,2.67153158534195,1000
sp5,60,species.length2weight.condition.factor.sp5,-0.0637001984743057,2.04947712691458,2.84356150699649,1000
sp5,61,species.length2weight.condition.factor.sp6,-0.00480016604083276,2.05821431434306,2.79367880990834,1000
sp5,62,species.length2weight.condition.factor.sp7,-0.00812778807652725,2.07100496131375,2.81013654246917,1000
sp5,63,species.length2weight.condition.factor.sp8,-0.0622452083468053,2.14537993632181,2.95453890117599,1000
sp5,64,species.length2weight.condition.factor.sp9,-0.0112032167459709,2.12693583603181,3.04199880766491,1000
sp5,65,species.length2weight.condition.factor.sp10,-0.116365559326528,1.9400008539693,2.69386729717335,1000
sp5,66,species.length2weight.condition.factor.sp11,0.344904867105554,2.02427901066806,2.73513384152771,1000
sp5,67,species.length2weight.condition.factor.sp12,0.0516727627986123,2.00587118467944,2.78311825337584,1000
sp5,68,species.length2weight.condition.factor.sp13,-0.00715864029513911,1.99219233699792,2.68703298950902,1000
sp5,69,species.length2weight.condition.factor.sp14,0.0706539203718047,2.04628061825736,2.88798635384068,1000
sp5,70,species.length2weight.condition.factor.sp15,-0.124581410968194,1.94532116897903,2.71231169871181,1000
sp5,71,species.k.sp0,0.086838811303612,2.92044187669111,4.35483588312907,1000
sp5,72,species.k.sp1,0.0215271544045839,2.08131683024125,2.89663773349102,1000
sp5,73,species.k.sp2,0.190640742079861,2.36522972195903,3.70394799257387,1000
sp5,74,species.k.sp3,0.163382210567916,3.19291130433042,5.34185767915007,1000
sp5,75,species.k.sp4,0.00487168120347273,2.75136661781042,3.87283948925335,1000
sp5,76,species.k.sp5,4.92574048299861,57.1036642848292,60.0036317770831,1000
sp5,77,species.k.sp6,-0.00190050951416784,2.08512785693722,2.91841058419962,1000
sp5,78,species.k.sp7,-0.00224854444500002,1.94959569040639,2.74296695528,1000
sp5,79,species.k.sp8,-0.0334568883259722,1.90845987755597,2.68493462738433,1000
sp5,80,species.k.sp9,0.0513807744936095,2.33660459299167,3.378120621099,1000
sp5,81,species.k.sp10,0.0138473910793213,2.04575605535432,2.88455260219671,1000
sp5,82,species.k.sp11,-0.176395126760418,1.97468332297153,2.65937311360193,1000
sp5,83,species.k.sp12,-0.249936845096946,2.3825830380275,3.28629392071079,1000
sp5,84,species.k.sp13,-0.236693697626943,3.28356861365361,5.20220549331012,1000
sp5,85,species.k.sp14,0.0220354434688895,2.03313786432944,2.83726572350508,1000
sp5,86,species.k.sp15,0.0477754348701364,1.98784763187986,2.71622782167493,1000
sp5,87,species.l0.sp0,-0.0619299704197216,2.19495571610389,3.09449393474684,1000
sp5,88,species.l0.sp1,-0.21733840572986,1.99912899278264,2.77371904036104,1000
sp5,89,species.l0.sp2,0.0194185555608334,2.51702790870222,3.6925706774099,1000
sp5,90,species.l0.sp3,0.0381778671613874,2.21088774088778,3.24931516299357,1000
sp5,91,species.l0.sp4,0.122005632534722,2.2679750013375,3.17491363159027,1000
sp5,92,species.l0.sp5,-0.111133435999446,3.63216424718972,4.44515406781765,1000
sp5,93,species.l0.sp6,0.0486585844577787,1.97707151057306,2.71895146847758,1000
sp5,94,species.l0.sp7,-0.062909196654307,2.0786556671718,2.95478522975109,1000
sp5,95,species.l0.sp8,0.117055856350417,2.37630634341042,3.39521340927038,1000
sp5,96,species.l0.sp9,-0.0876686446377769,2.90930054099417,4.13031372086382,1000
sp5,97,species.l0.sp10,0.128304813758333,2.39989411406111,3.50747934873315,1000
sp5,98,species.l0.sp11,0.16088039375625,2.00391861530486,2.74959085519964,1000
sp5,99,species.l0.sp12,0.154739050501389,1.84260973659583,2.56661533356069,1000
sp5,100,species.l0.sp13,-0.0460830973652781,1.99113994514167,2.70164346012433,1000
sp5,101,species.l0.sp14,-0.0166964703033327,1.98421584669389,2.75810942603072,1000
sp5,102,species.l0.sp15,0.0654760809898609,1.97794604387042,2.75716708230988,1000
sp5,103,mortality.additional.larva.rate.sp0,0.224275497110969,2.96266837625597,4.76412633474639,1000
sp5,104,mortality.additional.larva.rate.sp1,-0.0259348018368063,2.09124471361264,2.85836924797215,1000
sp5,105,mortality.additional.larva.rate.sp2,0.214283732124583,5.14303319951847,8.87411634228156,1000
sp5,106,mortality.additional.larva.rate.sp3,-0.66569958255111,5.59199784751222,10.5847565633786,1000
sp5,107,mortality.additional.larva.rate.sp4,0.022466716887222,1.96040794631694,2.60775532088756,1000
sp5,108,mortality.additional.larva.rate.sp5,0.0061668283473625,2.04480462673375,2.89128301033313,1000
sp5,109,mortality.additional.larva.rate.sp6,0.121994450488751,2.00966443270542,2.76497412299855,1000
sp5,110,mortality.additional.larva.rate.sp9,0.448487951287639,3.65202570179125,6.09978424476895,1000
sp5,111,mortality.additional.larva.rate.sp10,0.0277501487122221,2.74092747520667,4.04003830274458,1000
sp5,112,mortality.additional.larva.rate.sp11,0.0302052624455562,2.01782463845861,2.83224521441173,1000
sp5,113,mortality.additional.larva.rate.sp12,-0.0132217408963917,2.16792880677722,3.13628201610719,1000
sp5,114,mortality.additional.larva.rate.sp13,-0.0778970854374998,1.99377034705139,2.7575471951891,1000
sp5,115,mortality.additional.larva.rate.sp14,0.0194002829095831,2.08183881567764,2.85720574195484,1000
sp5,116,mortality.additional.larva.rate.sp15,-0.00452688930555626,1.99991872894722,2.72567874837798,1000
sp5,117,mortality.additional.larva.rate.mean.sp7,-0.06174086870972,2.03376117331528,2.79759031892482,1000
sp5,118,mortality.additional.larva.rate.mean.sp8,-0.100418644303055,2.43967760590945,3.52404800461275,1000
sp5,119,species.linf.sp0,0.0191511851854187,3.03285914824375,4.66689589936789,1000
sp5,120,species.linf.sp1,-0.0282379538875001,2.03060241739444,2.80390906063381,1000
sp5,121,species.linf.sp2,-0.107840322199167,4.11475050242278,7.384651992935,1000
sp5,122,species.linf.sp3,0.39112345005125,6.48817755001792,12.0904168968201,1000
sp5,123,species.linf.sp4,-0.184314844136543,7.15171727576013,9.45152066940869,1000
sp5,124,species.linf.sp5,-3.26799818746917,177.62894260427,186.117633558288,1000
sp5,125,species.linf.sp6,0.0175608147915277,2.62158354723903,3.86089516511885,1000
sp5,126,species.linf.sp7,0.0999841247358344,2.04622790590944,2.95907776205792,1000
sp5,127,species.linf.sp8,-0.0867972155555565,2.22548216019306,3.07377205891029,1000
sp5,128,species.linf.sp9,0.0652636870754173,4.18354831676348,7.23945186374627,1000
sp5,129,species.linf.sp10,-0.00600017436763641,3.23042822529292,4.96604573007312,1000
sp5,130,species.linf.sp11,0.153085473377083,2.42937932561042,3.43041322219247,1000
sp5,131,species.linf.sp12,0.212020310704999,2.1278443830175,2.9534874568876,1000
sp5,132,species.linf.sp13,0.0631532834381958,2.45474040756875,3.45317140930203,1000
sp5,133,species.linf.sp14,0.106127332457223,2.21145408818444,3.10811316822793,1000
sp5,134,species.linf.sp15,-0.160500890796945,2.03873274441278,2.78202288481391,1000
sp5,135,species.accessibility2fish.sp16,0.184523123912361,1.96015874088903,2.71292781208433,1000
sp5,136,species.accessibility2fish.sp17,0.0190378750479159,1.96754551437986,2.74716516499401,1000
sp5,137,species.accessibility2fish.sp18,0.0701276880519447,2.13032090709278,2.88167029287046,1000
sp5,138,species.accessibility2fish.sp19,-0.0628699968477776,1.98438126921611,2.67867907830154,1000
sp5,139,species.accessibility2fish.sp20,0.0297134702666676,1.94795450918056,2.71930226160363,1000
sp5,140,species.accessibility2fish.sp21,-0.2777933451125,2.690890983025,3.95188865225881,1000
sp5,141,species.accessibility2fish.sp22,-0.00363830055652865,2.11997710756708,2.84338432888398,1000
sp5,142,species.accessibility2fish.sp23,-0.105098219600694,2.26108802853403,3.12858704876681,1000
sp5,143,species.accessibility2fish.sp24,-0.2342818912525,3.29444086745667,4.48496300243455,1000
sp5,144,species.accessibility2fish.sp25,0.00975847408277743,1.95267711737,2.70609012599302,1000
sp5,145,species.accessibility2fish.sp26,0.0907048634430552,2.44160718792083,3.26825303404085,1000
sp5,146,species.maturity.size.ratio.sp0,0.232692647974305,3.38866140462014,5.48611489234772,1000
sp5,147,species.maturity.size.ratio.sp1,0.00843976172569419,2.08846906915208,2.89787692476463,1000
sp5,148,species.maturity.size.ratio.sp2,0.206237519510557,2.08044927814111,2.84392956836381,1000
sp5,149,species.maturity.size.ratio.sp3,0.160768678534724,2.02935536280556,2.8322167775683,1000
sp5,150,species.maturity.size.ratio.sp4,0.170040503373611,1.89378626506806,2.60902642822316,1000
sp5,151,species.maturity.size.ratio.sp5,0.0418830358955571,1.95699274931611,2.69997213563031,1000
sp5,152,species.maturity.size.ratio.sp6,0.0188869192215296,1.95753905796458,2.69860496086612,1000
sp5,153,species.maturity.size.ratio.sp7,0.0613576814277763,2.04474743697778,2.75037752518704,1000
sp5,154,species.maturity.size.ratio.sp8,0.0732509448018074,1.98593618658653,2.72911890295429,1000
sp5,155,species.maturity.size.ratio.sp9,0.0484740529680572,1.97039918184861,2.760828113586,1000
sp5,156,species.maturity.size.ratio.sp10,-0.114913442320834,2.00523112629583,2.78530946824519,1000
sp5,157,species.maturity.size.ratio.sp11,-0.0570119806919446,2.13037632131333,3.07593117465165,1000
sp5,158,species.maturity.size.ratio.sp12,-0.0371747015052758,1.90261775813472,2.58608998195173,1000
sp5,159,species.maturity.size.ratio.sp13,0.10108641496139,4.79485478993306,8.18573980269873,1000
sp5,160,species.maturity.size.ratio.sp14,0.0836356683020836,1.98048207275625,2.73847904143963,1000
sp5,161,species.maturity.size.ratio.sp15,-0.0334540573461108,1.98590651664417,2.68444405135379,1000
sp5,162,predation.predPrey.sizeRatio.teta.sp0.stage1,-0.195345317139583,1.95674325752014,2.70812310165429,1000
sp5,163,predation.predPrey.sizeRatio.alpha.sp0.stage1,-0.126750152862083,2.24728163612264,3.26671980650223,1000
sp5,164,predation.predPrey.sizeRatio.teta.sp1.stage1,0.148229535863888,2.06972810727083,2.85558511572848,1000
sp5,165,predation.predPrey.sizeRatio.alpha.sp1.stage1,-0.0884341341138881,2.15201634870833,2.97604027751747,1000
sp5,166,predation.predPrey.sizeRatio.teta.sp2.stage1,0.0586459052472221,1.94520104552083,2.71648639521514,1000
sp5,167,predation.predPrey.sizeRatio.alpha.sp2.stage1,0.052147592933332,2.09131159550833,2.97049987477102,1000
sp5,168,predation.predPrey.sizeRatio.teta.sp3.stage1,0.212855948647222,2.32141763637583,3.16604725168473,1000
sp5,169,predation.predPrey.sizeRatio.alpha.sp3.stage1,0.276662113181805,16.1910598370665,19.6726987470997,1000
sp5,170,predation.predPrey.sizeRatio.teta.sp4.stage1,-0.0634026531415275,2.00688781480542,2.73774882539391,1000
sp5,171,predation.predPrey.sizeRatio.alpha.sp4.stage1,0.00480022548250083,2.38444423499722,3.34525470539699,1000
sp5,172,predation.predPrey.sizeRatio.teta.sp5.stage1,-0.0820794205097234,1.84927943537361,2.6077153526422,1000
sp5,173,predation.predPrey.sizeRatio.teta.sp5.stage2,-7.00496792754111,108.931948228024,120.577016794218,1000
sp5,174,predation.predPrey.sizeRatio.alpha.sp5.stage1,-0.0821456679662493,2.06985942125375,2.96498057219934,1000
sp5,175,predation.predPrey.sizeRatio.alpha.sp5.stage2,-1.29150186127958,31.9358161605496,35.7754462835014,1000
sp5,176,predation.predPrey.sizeRatio.teta.sp6.stage1,-0.181063610418054,2.01626823199861,2.86504094291615,1000
sp5,177,predation.predPrey.sizeRatio.alpha.sp6.stage1,0.0604629705652779,2.00495331046111,2.77693012329778,1000
sp5,178,predation.predPrey.sizeRatio.teta.sp7.stage1,-0.0296207366991648,2.02160183602417,2.74394493024239,1000
sp5,179,predation.predPrey.sizeRatio.alpha.sp7.stage1,0.000308837030832873,2.33015477741083,3.42554551498079,1000
sp5,180,predation.predPrey.sizeRatio.teta.sp8.stage1,-0.104004068454027,2.01632079163181,2.73612115399233,1000
sp5,181,predation.predPrey.sizeRatio.alpha.sp8.stage1,0.062361274443611,2.7523400848825,4.0610053125976,1000
sp5,182,predation.predPrey.sizeRatio.teta.sp9.stage1,-0.0822811941894441,2.07443674652472,2.86809827230729,1000
sp5,183,predation.predPrey.sizeRatio.alpha.sp9.stage1,0.123150646810137,2.82100091722069,4.11986396974957,1000
sp5,184,predation.predPrey.sizeRatio.teta.sp10.stage1,-0.120032267823612,1.934754951325,2.85349620794332,1000
sp5,185,predation.predPrey.sizeRatio.alpha.sp10.stage1,0.0118650049768067,2.19139058990153,3.08723649896841,1000
sp5,186,predation.predPrey.sizeRatio.teta.sp11.stage1,-0.0514550469951375,1.91249897865347,2.60127159263561,1000
sp5,187,predation.predPrey.sizeRatio.alpha.sp11.stage1,-0.12779030243389,1.98268982686444,2.78755308149235,1000
sp5,188,predation.predPrey.sizeRatio.teta.sp12.stage1,-0.0493831012499988,2.1028552075125,2.93653013654446,1000
sp5,189,predation.predPrey.sizeRatio.alpha.sp12.stage1,0.0323238174087484,2.69423338971014,3.98104895335189,1000
sp5,190,predation.predPrey.sizeRatio.teta.sp13.stage1,0.195249200557638,2.00901736718958,2.70545525644753,1000
sp5,191,predation.predPrey.sizeRatio.alpha.sp13.stage1,-0.327445239548194,5.52149876990736,6.63376681354098,1000
sp5,192,predation.predPrey.sizeRatio.teta.sp14.stage1,-0.0116364683924986,1.94200768643972,2.6313208282527,1000
sp5,193,predation.predPrey.sizeRatio.alpha.sp14.stage1,-0.0820746151069453,2.00663673075833,2.74810397720067,1000
sp5,194,predation.predPrey.sizeRatio.teta.sp15.stage1,0.0499168690708314,2.04949756342917,2.85432674943675,1000
sp5,195,predation.predPrey.sizeRatio.alpha.sp15.stage1,-0.107763781598474,6.88053580817069,7.52887573227601,1000
sp6,1,mortality.additional.rate.sp0,0,0,0,1000
sp6,2,mortality.additional.rate.sp1,0,0,0,1000
sp6,3,mortality.additional.rate.sp2,0,0,0,1000
sp6,4,mortality.additional.rate.sp3,0,0,0,1000
sp6,5,mortality.additional.rate.sp4,0,0,0,1000
sp6,6,mortality.additional.rate.sp5,0,0,0,1000
sp6,7,mortality.additional.rate.sp6,0,0,0,1000
sp6,8,mortality.additional.rate.sp7,0,0,0,1000
sp6,9,mortality.additional.rate.sp8,0,0,0,1000
sp6,10,mortality.additional.rate.sp9,0,0,0,1000
sp6,11,mortality.additional.rate.sp10,0,0,0,1000
sp6,12,mortality.additional.rate.sp11,0,0,0,1000
sp6,13,mortality.additional.rate.sp12,0,0,0,1000
sp6,14,mortality.additional.rate.sp13,0,0,0,1000
sp6,15,mortality.additional.rate.sp14,0,0,0,1000
sp6,16,mortality.additional.rate.sp15,0,0,0,1000
sp6,17,fisheries.rate.base.fsh0,0,0,0,1000
sp6,18,fisheries.rate.base.fsh1,0,0,0,1000
sp6,19,fisheries.rate.base.fsh2,0,0,0,1000
sp6,20,fisheries.rate.base.fsh3,0,0,0,1000
sp6,21,species.catchability.fsh0.sp0,0,0,0,1000
sp6,22,species.catchability.fsh0.sp1,0,0,0,1000
sp6,23,species.catchability.fsh0.sp2,0,0,0,1000
sp6,24,species.catchability.fsh0.sp3,0,0,0,1000
sp6,25,species.catchability.fsh0.sp5,0,0,0,1000
sp6,26,species.catchability.fsh0.sp7,0,0,0,1000
sp6,27,species.catchability.fsh0.sp8,0,0,0,1000
sp6,28,species.catchability.fsh0.sp9,0,0,0,1000
sp6,29,species.catchability.fsh0.sp10,0,0,0,1000
sp6,30,species.catchability.fsh0.sp13,0,0,0,1000
sp6,31,species.catchability.fsh0.sp14,0,0,0,1000
sp6,32,species.catchability.fsh0.sp15,0,0,0,1000
sp6,33,species.catchability.fsh1.sp9,0,0,0,1000
sp6,34,species.catchability.fsh1.sp10,0,0,0,1000
sp6,35,species.catchability.fsh1.sp11,0,0,0,1000
sp6,36,species.catchability.fsh1.sp12,0,0,0,1000
sp6,37,species.catchability.fsh2.sp0,0,0,0,1000
sp6,38,species.catchability.fsh2.sp5,0,0,0,1000
sp6,39,species.catchability.fsh2.sp7,0,0,0,1000
sp6,40,species.catchability.fsh2.sp8,0,0,0,1000
sp6,41,species.catchability.fsh3.sp0,0,0,0,1000
sp6,42,species.catchability.fsh3.sp1,0,0,0,1000
sp6,43,species.catchability.fsh3.sp2,0,0,0,1000
sp6,44,species.catchability.fsh3.sp3,0,0,0,1000
sp6,45,species.catchability.fsh3.sp5,0,0,0,1000
sp6,46,species.catchability.fsh3.sp7,0,0,0,1000
sp6,47,species.catchability.fsh3.sp8,0,0,0,1000
sp6,48,species.catchability.fsh3.sp9,0,0,0,1000
sp6,49,species.catchability.fsh3.sp10,0,0,0,1000
sp6,50,species.catchability.fsh3.sp11,0,0,0,1000
sp6,51,species.catchability.fsh3.sp12,0,0,0,1000
sp6,52,species.catchability.fsh3.sp13,0,0,0,1000
sp6,53,species.catchability.fsh3.sp14,0,0,0,1000
sp6,54,species.catchability.fsh3.sp15,0,0,0,1000
sp6,55,species.length2weight.condition.factor.sp0,0,0,0,1000
sp6,56,species.length2weight.condition.factor.sp1,0,0,0,1000
sp6,57,species.length2weight.condition.factor.sp2,0,0,0,1000
sp6,58,species.length2weight.condition.factor.sp3,0,0,0,1000
sp6,59,species.length2weight.condition.factor.sp4,0,0,0,1000
sp6,60,species.length2weight.condition.factor.sp5,0,0,0,1000
sp6,61,species.length2weight.condition.factor.sp6,0,0,0,1000
sp6,62,species.length2weight.condition.factor.sp7,0,0,0,1000
sp6,63,species.length2weight.condition.factor.sp8,0,0,0,1000
sp6,64,species.length2weight.condition.factor.sp9,0,0,0,1000
sp6,65,species.length2weight.condition.factor.sp10,0,0,0,1000
sp6,66,species.length2weight.condition.factor.sp11,0,0,0,1000
sp6,67,species.length2weight.condition.factor.sp12,0,0,0,1000
sp6,68,species.length2weight.condition.factor.sp13,0,0,0,1000
sp6,69,species.length2weight.condition.factor.sp14,0,0,0,1000
sp6,70,species.length2weight.condition.factor.sp15,0,0,0,1000
sp6,71,species.k.sp0,0,0,0,1000
sp6,72,species.k.sp1,0,0,0,1000
sp6,73,species.k.sp2,0,0,0,1000
sp6,74,species.k.sp3,0,0,0,1000
sp6,75,species.k.sp4,0,0,0,1000
sp6,76,species.k.sp5,0,0,0,1000
sp6,77,species.k.sp6,0,0,0,1000
sp6,78,species.k.sp7,0,0,0,1000
sp6,79,species.k.sp8,0,0,0,1000
sp6,80,species.k.sp9,0,0,0,1000
sp6,81,species.k.sp10,0,0,0,1000
sp6,82,species.k.sp11,0,0,0,1000
sp6,83,species.k.sp12,0,0,0,1000
sp6,84,species.k.sp13,0,0,0,1000
sp6,85,species.k.sp14,0,0,0,1000
sp6,86,species.k.sp15,0,0,0,1000
sp6,87,species.l0.sp0,0,0,0,1000
sp6,88,species.l0.sp1,0,0,0,1000
sp6,89,species.l0.sp2,0,0,0,1000
sp6,90,species.l0.sp3,0,0,0,1000
sp6,91,species.l0.sp4,0,0,0,1000
sp6,92,species.l0.sp5,0,0,0,1000
sp6,93,species.l0.sp6,0,0,0,1000
sp6,94,species.l0.sp7,0,0,0,1000
sp6,95,species.l0.sp8,0,0,0,1000
sp6,96,species.l0.sp9,0,0,0,1000
sp6,97,species.l0.sp10,0,0,0,1000
sp6,98,species.l0.sp11,0,0,0,1000
sp6,99,species.l0.sp12,0,0,0,1000
sp6,100,species.l0.sp13,0,0,0,1000
sp6,101,species.l0.sp14,0,0,0,1000
sp6,102,species.l0.sp15,0,0,0,1000
sp6,103,mortality.additional.larva.rate.sp0,0,0,0,1000
sp6,104,mortality.additional.larva.rate.sp1,0,0,0,1000
sp6,105,mortality.additional.larva.rate.sp2,0,0,0,1000
sp6,106,mortality.additional.larva.rate.sp3,0,0,0,1000
sp6,107,mortality.additional.larva.rate.sp4,0,0,0,1000
sp6,108,mortality.additional.larva.rate.sp5,0,0,0,1000
sp6,109,mortality.additional.larva.rate.sp6,0,0,0,1000
sp6,110,mortality.additional.larva.rate.sp9,0,0,0,1000
sp6,111,mortality.additional.larva.rate.sp10,0,0,0,1000
sp6,112,mortality.additional.larva.rate.sp11,0,0,0,1000
sp6,113,mortality.additional.larva.rate.sp12,0,0,0,1000
sp6,114,mortality.additional.larva.rate.sp13,0,0,0,1000
sp6,115,mortality.additional.larva.rate.sp14,0,0,0,1000
sp6,116,mortality.additional.larva.rate.sp15,0,0,0,1000
sp6,117,mortality.additional.larva.rate.mean.sp7,0,0,0,1000
sp6,118,mortality.additional.larva.rate.mean.sp8,0,0,0,1000
sp6,119,species.linf.sp0,0,0,0,1000
sp6,120,species.linf.sp1,0,0,0,1000
sp6,121,species.linf.sp2,0,0,0,1000
sp6,122,species.linf.sp3,0,0,0,1000
sp6,123,species.linf.sp4,0,0,0,1000
sp6,124,species.linf.sp5,0,0,0,1000
sp6,125,species.linf.sp6,0,0,0,1000
sp6,126,species.linf.sp7,0,0,0,1000
sp6,127,species.linf.sp8,0,0,0,1000
sp6,128,species.linf.sp9,0,0,0,1000
sp6,129,species.linf.sp10,0,0,0,1000
sp6,130,species.linf.sp11,0,0,0,1000
sp6,131,species.linf.sp12,0,0,0,1000
sp6,132,species.linf.sp13,0,0,0,1000
sp6,133,species.linf.sp14,0,0,0,1000
sp6,134,species.linf.sp15,0,0,0,1000
sp6,135,species.accessibility2fish.sp16,0,0,0,1000
sp6,136,species.accessibility2fish.sp17,0,0,0,1000
sp6,137,species.accessibility2fish.sp18,0,0,0,1000
sp6,138,species.accessibility2fish.sp19,0,0,0,1000
sp6,139,species.accessibility2fish.sp20,0,0,0,1000
sp6,140,species.accessibility2fish.sp21,0,0,0,1000
sp6,141,species.accessibility2fish.sp22,0,0,0,1000
sp6,142,species.accessibility2fish.sp23,0,0,0,1000
sp6,143,species.accessibility2fish.sp24,0,0,0,1000
sp6,144,species.accessibility2fish.sp25,0,0,0,1000
sp6,145,species.accessibility2fish.sp26,0,0,0,1000
sp6,146,species.maturity.size.ratio.sp0,0,0,0,1000
sp6,147,species.maturity.size.ratio.sp1,0,0,0,1000
sp6,148,species.maturity.size.ratio.sp2,0,0,0,1000
sp6,149,species.maturity.size.ratio.sp3,0,0,0,1000
sp6,150,species.maturity.size.ratio.sp4,0,0,0,1000
sp6,151,species.maturity.size.ratio.sp5,0,0,0,1000
sp6,152,species.maturity.size.ratio.sp6,0,0,0,1000
sp6,153,species.maturity.size.ratio.sp7,0,0,0,1000
sp6,154,species.maturity.size.ratio.sp8,0,0,0,1000
sp6,155,species.maturity.size.ratio.sp9,0,0,0,1000
sp6,156,species.maturity.size.ratio.sp10,0,0,0,1000
sp6,157,species.maturity.size.ratio.sp11,0,0,0,1000
sp6,158,species.maturity.size.ratio.sp12,0,0,0,1000
sp6,159,species.maturity.size.ratio.sp13,0,0,0,1000
sp6,160,species.maturity.size.ratio.sp14,0,0,0,1000
sp6,161,species.maturity.size.ratio.sp15,0,0,0,1000
sp6,162,predation.predPrey.sizeRatio.teta.sp0.stage1,0,0,0,1000
sp6,163,predation.predPrey.sizeRatio.alpha.sp0.stage1,0,0,0,1000
sp6,164,predation.predPrey.sizeRatio.teta.sp1.stage1,0,0,0,1000
sp6,165,predation.predPrey.sizeRatio.alpha.sp1.stage1,0,0,0,1000
sp6,166,predation.predPrey.sizeRatio.teta.sp2.stage1,0,0,0,1000
sp6,167,predation.predPrey.sizeRatio.alpha.sp2.stage1,0,0,0,1000
sp6,168,predation.predPrey.sizeRatio.teta.sp3.stage1,0,0,0,1000
sp6,169,predation.predPrey.sizeRatio.alpha.sp3.stage1,0,0,0,1000
sp6,170,predation.predPrey.sizeRatio.teta.sp4.stage1,0,0,0,1000
sp6,171,predation.predPrey.sizeRatio.alpha.sp4.stage1,0,0,0,1000
sp6,172,predation.predPrey.sizeRatio.teta.sp5.stage1,0,0,0,1000
sp6,173,predation.predPrey.sizeRatio.teta.sp5.stage2,0,0,0,1000
sp6,174,predation.predPrey.sizeRatio.alpha.sp5.stage1,0,0,0,1000
sp6,175,predation.predPrey.sizeRatio.alpha.sp5.stage2,0,0,0,1000
sp6,176,predation.predPrey.sizeRatio.teta.sp6.stage1,0,0,0,1000
sp6,177,predation.predPrey.sizeRatio.alpha.sp6.stage1,0,0,0,1000
sp6,178,predation.predPrey.sizeRatio.teta.sp7.stage1,0,0,0,1000
sp6,179,predation.predPrey.sizeRatio.alpha.sp7.stage1,0,0,0,1000
sp6,180,predation.predPrey.sizeRatio.teta.sp8.stage1,0,0,0,1000
sp6,181,predation.predPrey.sizeRatio.alpha.sp8.stage1,0,0,0,1000
sp6,182,predation.predPrey.sizeRatio.teta.sp9.stage1,0,0,0,1000
sp6,183,predation.predPrey.sizeRatio.alpha.sp9.stage1,0,0,0,1000
sp6,184,predation.predPrey.sizeRatio.teta.sp10.stage1,0,0,0,1000
sp6,185,predation.predPrey.sizeRatio.alpha.sp10.stage1,0,0,0,1000
sp6,186,predation.predPrey.sizeRatio.teta.sp11.stage1,0,0,0,1000
sp6,187,predation.predPrey.sizeRatio.alpha.sp11.stage1,0,0,0,1000
sp6,188,predation.predPrey.sizeRatio.teta.sp12.stage1,0,0,0,1000
sp6,189,predation.predPrey.sizeRatio.alpha.sp12.stage1,0,0,0,1000
sp6,190,predation.predPrey.sizeRatio.teta.sp13.stage1,0,0,0,1000
sp6,191,predation.predPrey.sizeRatio.alpha.sp13.stage1,0,0,0,1000
sp6,192,predation.predPrey.sizeRatio.teta.sp14.stage1,0,0,0,1000
sp6,193,predation.predPrey.sizeRatio.alpha.sp14.stage1,0,0,0,1000
sp6,194,predation.predPrey.sizeRatio.teta.sp15.stage1,0,0,0,1000
sp6,195,predation.predPrey.sizeRatio.alpha.sp15.stage1,0,0,0,1000
sp7,1,mortality.additional.rate.sp0,-0.0599492753766668,4.59872334314361,7.34067074689433,1000
sp7,2,mortality.additional.rate.sp1,-0.0822868251547218,4.77150150782083,7.17304372341793,1000
sp7,3,mortality.additional.rate.sp2,0.151674631881112,4.76474561894917,7.09059362998413,1000
sp7,4,mortality.additional.rate.sp3,-0.227338896574999,6.28548585492917,8.5734811671469,1000
sp7,5,mortality.additional.rate.sp4,0.138131801850973,4.85742094363264,7.0666774570189,1000
sp7,6,mortality.additional.rate.sp5,0.646162900026391,10.6272806402992,13.4969927784453,1000
sp7,7,mortality.additional.rate.sp6,0.0544555109738891,4.79198288001805,6.70599777606952,1000
sp7,8,mortality.additional.rate.sp7,-1.38500743147764,50.6019879036651,63.327733756221,1000
sp7,9,mortality.additional.rate.sp8,0.0990282707059709,4.76190145061847,7.08409273341314,1000
sp7,10,mortality.additional.rate.sp9,-0.327834786445833,4.637113204885,6.93640721899751,1000
sp7,11,mortality.additional.rate.sp10,-0.141300123575722,4.8346181662135,6.72784519996719,1000
sp7,12,mortality.additional.rate.sp11,-0.173557278662638,4.77441808524625,8.05655270798357,1000
sp7,13,mortality.additional.rate.sp12,0.029441523237777,4.84470777834945,7.27499123514197,1000
sp7,14,mortality.additional.rate.sp13,0.0657602435252774,4.76789606535472,7.21881197979346,1000
sp7,15,mortality.additional.rate.sp14,0.0630497180648605,4.58204748702264,6.42793239175321,1000
sp7,16,mortality.additional.rate.sp15,0.0551823919762506,4.53664274306542,6.51453764258933,1000
sp7,17,fisheries.rate.base.fsh0,-1.37943818811361,42.3384889707558,48.7534530700453,1000
sp7,18,fisheries.rate.base.fsh1,-0.0196260624281932,5.66173564033292,8.07251371243846,1000
sp7,19,fisheries.rate.base.fsh2,-0.397723151840972,18.2914974210549,19.9931591012719,1000
sp7,20,fisheries.rate.base.fsh3,0.127553148629861,9.48894810879069,12.8795012040046,1000
sp7,21,species.catchability.fsh0.sp0,-0.0557745827440292,5.09988782941264,7.46544745311515,1000
sp7,22,species.catchability.fsh0.sp1,0.191246637760695,5.00891529975958,7.60985725691791,1000
sp7,23,species.catchability.fsh0.sp2,-0.0457660860873604,4.78619743774375,7.19323378412096,1000
sp7,24,species.catchability.fsh0.sp3,0.259203375473194,8.5470052901168,11.1187319442914,1000
sp7,25,species.catchability.fsh0.sp5,0.203013503634863,6.78089160587708,9.32084811395355,1000
sp7,26,species.catchability.fsh0.sp7,2.34306440997436,43.8834902460405,49.0181819898729,1000
sp7,27,species.catchability.fsh0.sp8,-0.231554800340696,5.09962446069125,7.92799224548368,1000
sp7,28,species.catchability.fsh0.sp9,-0.354498130082639,4.53041951267014,6.86603516853481,1000
sp7,29,species.catchability.fsh0.sp10,0.113725597239724,4.81617982193639,7.3955225934621,1000
sp7,30,species.catchability.fsh0.sp13,0.114558957567639,4.67564854428097,6.73691641680638,1000
sp7,31,species.catchability.fsh0.sp14,-0.062370520976945,4.89616049815667,7.196269849209,1000
sp7,32,species.catchability.fsh0.sp15,-0.239200886219167,4.77899209140306,6.98697196385282,1000
sp7,33,species.catchability.fsh1.sp9,0.110530634909722,4.88674561324056,7.27102883432008,1000
sp7,34,species.catchability.fsh1.sp10,0.407849777841528,4.77229536171014,6.69139524738679,1000
sp7,35,species.catchability.fsh1.sp11,0.313699178968195,4.73864781262347,7.26455255063209,1000
sp7,36,species.catchability.fsh1.sp12,0.111945665609166,5.10302299650694,8.37456131981028,1000
sp7,37,species.catchability.fsh2.sp0,0.120984529402915,4.62850779484431,6.61704054646193,1000
sp7,38,species.catchability.fsh2.sp5,-0.0234896982308335,4.94723620289694,7.38132661942618,1000
sp7,39,species.catchability.fsh2.sp7,-0.0741095504503456,17.8860734694381,19.716555163016,1000
sp7,40,species.catchability.fsh2.sp8,-0.121363287921943,4.6560374154525,6.88012259905508,1000
sp7,41,species.catchability.fsh3.sp0,0.129053109416875,4.60826119556007,6.74198274801299,1000
sp7,42,species.catchability.fsh3.sp1,-0.264123040039444,4.667742449475,6.72534391035869,1000
sp7,43,species.catchability.fsh3.sp2,0.252761139554583,4.70845742591681,7.17628723439986,1000
sp7,44,species.catchability.fsh3.sp3,-0.304866955509861,4.81869839076986,6.89101918618405,1000
sp7,45,species.catchability.fsh3.sp5,-0.159050393639862,4.93815474374347,7.64072511788712,1000
sp7,46,species.catchability.fsh3.sp7,-0.243689705975138,10.4712549030726,14.4105165223436,1000
sp7,47,species.catchability.fsh3.sp8,0.195211902241806,4.68834267925819,6.97129942704201,1000
sp7,48,species.catchability.fsh3.sp9,-0.035429114749583,4.83944964314875,7.01880837257314,1000
sp7,49,species.catchability.fsh3.sp10,0.0125525986472641,4.61455221801282,6.9110960161425,1000
sp7,50,species.catchability.fsh3.sp11,-0.018646855480552,4.64619323608806,6.70190802474206,1000
sp7,51,species.catchability.fsh3.sp12,-0.0300792054986105,4.82838923502056,7.33224860600461,1000
sp7,52,species.catchability.fsh3.sp13,-0.224234721544169,4.87130007927889,7.56902625731502,1000
sp7,53,species.catchability.fsh3.sp14,0.237076387711526,4.43546935542764,6.32904974217073,1000
sp7,54,species.catchability.fsh3.sp15,0.0222577937195809,4.51590142594792,6.6019876433207,1000
sp7,55,species.length2weight.condition.factor.sp0,-0.149667566937777,4.77734767430667,6.97701007293837,1000
sp7,56,species.length2weight.condition.factor.sp1,0.0915448768908353,4.9812112525175,7.19613758720519,1000
sp7,57,species.length2weight.condition.factor.sp2,-0.0443139011874999,5.35715714515333,7.76095607862203,1000
sp7,58,species.length2weight.condition.factor.sp3,0.388475777011389,6.6730492393775,9.66717626577939,1000
sp7,59,species.length2weight.condition.factor.sp4,-0.00755338636791645,4.84435862295486,6.91968946009216,1000
sp7,60,species.length2weight.condition.factor.sp5,-0.199393779039581,4.81119707123903,7.23107529147501,1000
sp7,61,species.length2weight.condition.factor.sp6,0.359927824784305,4.67947013011819,6.74810493772523,1000
sp7,62,species.length2weight.condition.factor.sp7,0.128789738320836,5.1957650662225,8.09551016684929,1000
sp7,63,species.length2weight.condition.factor.sp8,-0.0648963124512487,5.29766820788236,7.8134506383894,1000
sp7,64,species.length2weight.condition.factor.sp9,-0.134194348026668,4.80294603413333,6.88906357667623,1000
sp7,65,species.length2weight.condition.factor.sp10,0.196960865917085,4.72173240495153,7.08615104470491,1000
sp7,66,species.length2weight.condition.factor.sp11,-0.109094930746179,4.87146526351382,6.97550257910572,1000
sp7,67,species.length2weight.condition.factor.sp12,-0.132529819386805,4.99039439355042,7.08977310220974,1000
sp7,68,species.length2weight.condition.factor.sp13,-0.0301641059961099,4.82632536760889,7.3230023367086,1000
sp7,69,species.length2weight.condition.factor.sp14,-0.650520718987221,4.76298355647139,7.09753956830555,1000
sp7,70,species.length2weight.condition.factor.sp15,-0.0848318860686107,4.94326470196222,7.67897099685278,1000
sp7,71,species.k.sp0,0.00598438797930536,8.23317742091736,11.3710139074605,1000
sp7,72,species.k.sp1,-0.113430234609028,18.1295306804354,21.1192561198296,1000
sp7,73,species.k.sp2,-0.109090702947919,5.69783250498486,8.40735371006281,1000
sp7,74,species.k.sp3,-0.389250119988333,12.7727210897144,16.9368869076712,1000
sp7,75,species.k.sp4,-0.693474787181943,7.48092492225361,10.5495475522257,1000
sp7,76,species.k.sp5,-1.36631631529264,12.2530985082324,16.5578712030365,1000
sp7,77,species.k.sp6,0.359806698798748,11.8546567376368,14.5376531883565,1000
sp7,78,species.k.sp7,1.04492176689931,12.3440492460571,18.8934677599474,1000
sp7,79,species.k.sp8,0.907383751700418,8.66161140301625,12.201791081279,1000
sp7,80,species.k.sp9,-0.108495854519306,5.31850702451347,7.48267703706602,1000
sp7,81,species.k.sp10,-0.257522332250986,4.98819098761235,7.32485762617452,1000
sp7,82,species.k.sp11,0.126764371217361,4.85593651510236,7.19054576628562,1000
sp7,83,species.k.sp12,0.252788624202525,4.60603689451753,6.88796971107499,1000
sp7,84,species.k.sp13,0.45044814318778,6.01951871512834,8.45447752220648,1000
sp7,85,species.k.sp14,-0.153476416776668,7.16676555205528,10.2567445144924,1000
sp7,86,species.k.sp15,-0.307606869827639,4.84244672854153,7.17188145034722,1000
sp7,87,species.l0.sp0,0.218506690427084,4.85089843874514,7.23424007360745,1000
sp7,88,species.l0.sp1,-0.312067539493888,13.5141670521297,16.0769758533824,1000
sp7,89,species.l0.sp2,0.00999929806166739,7.01544263778361,10.3453904346613,1000
sp7,90,species.l0.sp3,0.474674139225416,6.39887171579542,8.89680299380833,1000
sp7,91,species.l0.sp4,-0.0569643397506923,6.50416032137958,9.05863611640112,1000
sp7,92,species.l0.sp5,-0.00531131857861271,4.76253142418083,7.3054542015211,1000
sp7,93,species.l0.sp6,-0.171129151940833,6.29694063748944,8.38939545966027,1000
sp7,94,species.l0.sp7,-2.43278994145444,44.676150505,63.4665530720217,1000
sp7,95,species.l0.sp8,-0.518118359872361,8.67935487674597,11.3172964751263,1000
sp7,96,species.l0.sp9,0.0277348289186112,5.13200429787695,7.63980671409577,1000
sp7,97,species.l0.sp10,-0.238016381686804,5.18561531738542,7.36215498497764,1000
sp7,98,species.l0.sp11,0.185807815395415,4.82871605932625,7.19861113887884,1000
sp7,99,species.l0.sp12,0.347005889125972,4.8102204748082,6.97952933993267,1000
sp7,100,species.l0.sp13,0.115734327676529,4.70654258329597,6.97952931545102,1000
sp7,101,species.l0.sp14,-0.112303442431249,4.74427498581458,7.22712244985635,1000
sp7,102,species.l0.sp15,0.45286671748014,4.76672631375014,7.12291191225771,1000
sp7,103,mortality.additional.larva.rate.sp0,-0.106369297485695,6.96869347872736,9.8750744081765,1000
sp7,104,mortality.additional.larva.rate.sp1,0.0012456485027769,5.40255652412778,7.47982664576204,1000
sp7,105,mortality.additional.larva.rate.sp2,-0.422451099103056,15.3223594593339,22.7716112528853,1000
sp7,106,mortality.additional.larva.rate.sp3,-0.52499704865514,29.8082200022454,39.9523195736072,1000
sp7,107,mortality.additional.larva.rate.sp4,-0.067338008225835,4.731572478745,7.16271325380005,1000
sp7,108,mortality.additional.larva.rate.sp5,0.0996232783466658,5.16281916892584,7.77646734281854,1000
sp7,109,mortality.additional.larva.rate.sp6,0.123868006018751,4.60926109622319,6.53131695863348,1000
sp7,110,mortality.additional.larva.rate.sp9,-0.525911555986249,5.77544806082125,8.25305596148644,1000
sp7,111,mortality.additional.larva.rate.sp10,0.275307393451806,5.19275061708569,7.29152473948279,1000
sp7,112,mortality.additional.larva.rate.sp11,-0.0214764023211109,4.91376630535972,7.09305205447571,1000
sp7,113,mortality.additional.larva.rate.sp12,0.0311014652880552,5.17627408989833,7.49762802606993,1000
sp7,114,mortality.additional.larva.rate.sp13,0.143635579658473,4.71658849016736,7.05571462071556,1000
sp7,115,mortality.additional.larva.rate.sp14,0.335043979620973,4.88881620985042,7.703238702178,1000
sp7,116,mortality.additional.larva.rate.sp15,-0.0992701358621409,4.88306455455214,6.89338993458465,1000
sp7,117,mortality.additional.larva.rate.mean.sp7,0.0753666114697243,36.6099733144153,57.1532124767654,1000
sp7,118,mortality.additional.larva.rate.mean.sp8,0.452116575681945,11.9573915576967,15.5185320196041,1000
sp7,119,species.linf.sp0,0.633656163872085,9.38834452442736,12.8427901393824,1000
sp7,120,species.linf.sp1,0.0173002803711115,42.7834927220342,46.7683346059472,1000
sp7,121,species.linf.sp2,-0.0280225564150008,10.9055834400703,16.3566827559639,1000
sp7,122,species.linf.sp3,2.63579321423736,46.0884548181488,55.7437397347273,1000
sp7,123,species.linf.sp4,-0.0976146016762338,13.9211562538237,18.0204799919325,1000
sp7,124,species.linf.sp5,0.638894459769999,47.8689442642445,57.3016552756323,1000
sp7,125,species.linf.sp6,-0.862388431745556,32.86355578716,36.0028452121303,1000
sp7,126,species.linf.sp7,-2.28116623284278,174.471976213257,206.066296462036,1000
sp7,127,species.linf.sp8,0.382628542296391,16.6871768282469,22.4274712649507,1000
sp7,128,species.linf.sp9,0.283763426156388,7.66149419865083,10.3894654647552,1000
sp7,129,species.linf.sp10,-0.165124837815001,6.64911913424695,9.42082294930429,1000
sp7,130,species.linf.sp11,-0.123978183883067,5.07041240566749,7.67327639282979,1000
sp7,131,species.linf.sp12,0.2622683344225,5.59283274622722,7.48065311049445,1000
sp7,132,species.linf.sp13,-0.0671166155824321,8.00163342912938,11.6356576064295,1000
sp7,133,species.linf.sp14,0.162813709730001,6.31933542522333,9.36312870989545,1000
sp7,134,species.linf.sp15,0.00332804664888926,5.10091047146333,7.48185971111773,1000
sp7,135,species.accessibility2fish.sp16,0.0683898396620828,4.56103031463819,6.61005893035895,1000
sp7,136,species.accessibility2fish.sp17,0.0101018797347219,4.68530880158056,6.93120525918185,1000
sp7,137,species.accessibility2fish.sp18,-0.174361352269029,4.69915260855542,7.00507754879299,1000
sp7,138,species.accessibility2fish.sp19,0.0169591451283335,5.02196844148028,7.21016954783542,1000
sp7,139,species.accessibility2fish.sp20,0.600559939784582,4.83084410134375,7.02249394851093,1000
sp7,140,species.accessibility2fish.sp21,-0.0913227834331934,5.19916269226764,7.66671785485647,1000
sp7,141,species.accessibility2fish.sp22,-0.503210997065972,14.6505996187221,26.5694694194063,1000
sp7,142,species.accessibility2fish.sp23,-2.28453657492764,39.8004220052863,43.9545634743209,1000
sp7,143,species.accessibility2fish.sp24,-0.209734872141668,13.3733916623358,19.2973566068138,1000
sp7,144,species.accessibility2fish.sp25,0.114496912005971,4.77864116461958,7.13099595236407,1000
sp7,145,species.accessibility2fish.sp26,-0.147875248444584,4.81621202747514,6.76064261180898,1000
sp7,146,species.maturity.size.ratio.sp0,0.0203323519573602,7.82961208315514,11.3708022838368,1000
sp7,147,species.maturity.size.ratio.sp1,0.0396959294822227,4.87988807390194,6.98587980836488,1000
sp7,148,species.maturity.size.ratio.sp2,0.121814200026361,5.10641168632331,7.50820282126104,1000
sp7,149,species.maturity.size.ratio.sp3,-0.0515998933877782,4.91640598859278,7.6260162844527,1000
sp7,150,species.maturity.size.ratio.sp4,0.137596425666389,5.00172423424528,7.05314312745787,1000
sp7,151,species.maturity.size.ratio.sp5,0.388266470010417,4.65988388777431,6.60002912378256,1000
sp7,152,species.maturity.size.ratio.sp6,-0.323981510302918,4.99087009376958,7.54047052535745,1000
sp7,153,species.maturity.size.ratio.sp7,0.0175294306434719,4.78486301765597,7.03509988421938,1000
sp7,154,species.maturity.size.ratio.sp8,0.0491194650401399,4.79702427011986,7.01593998777743,1000
sp7,155,species.maturity.size.ratio.sp9,0.00739049961999927,4.80764190850028,7.15524738837275,1000
sp7,156,species.maturity.size.ratio.sp10,-0.0844548811681947,4.85978656079486,7.36746788882243,1000
sp7,157,species.maturity.size.ratio.sp11,-0.288471876002915,4.95205799258431,7.19257884358717,1000
sp7,158,species.maturity.size.ratio.sp12,0.109332610092221,4.52897813166945,6.53246077420932,1000
sp7,159,species.maturity.size.ratio.sp13,-0.438553011900696,9.70259882710708,13.8372794656384,1000
sp7,160,species.maturity.size.ratio.sp14,-0.18142544819875,4.97958768132292,7.50154305442948,1000
sp7,161,species.maturity.size.ratio.sp15,-0.0169860264651379,4.91332273218792,7.3440077981357,1000
sp7,162,predation.predPrey.sizeRatio.teta.sp0.stage1,0.429888014884999,4.59237962302194,6.84653418053014,1000
sp7,163,predation.predPrey.sizeRatio.alpha.sp0.stage1,-0.302846686450972,6.00177880472236,8.65247149880717,1000
sp7,164,predation.predPrey.sizeRatio.teta.sp1.stage1,0.043347545801388,6.39374674897389,9.13821555071119,1000
sp7,165,predation.predPrey.sizeRatio.alpha.sp1.stage1,-0.116999359458333,6.19223587350083,9.83848743584605,1000
sp7,166,predation.predPrey.sizeRatio.teta.sp2.stage1,0.335229683911111,5.14944500900472,7.40239091766357,1000
sp7,167,predation.predPrey.sizeRatio.alpha.sp2.stage1,-0.160360016057501,7.42731850025472,10.6062215684971,1000
sp7,168,predation.predPrey.sizeRatio.teta.sp3.stage1,0.234958337919861,6.0534850336907,8.85862981387152,1000
sp7,169,predation.predPrey.sizeRatio.alpha.sp3.stage1,-1.11018444493736,24.9497020311963,34.1441364491033,1000
sp7,170,predation.predPrey.sizeRatio.teta.sp4.stage1,0.116333955829583,4.88563197927875,6.97917164793385,1000
sp7,171,predation.predPrey.sizeRatio.alpha.sp4.stage1,-0.527228381095695,5.33075627395597,7.93198819490549,1000
sp7,172,predation.predPrey.sizeRatio.teta.sp5.stage1,-0.211450482795416,4.78196530955403,7.2012676930168,1000
sp7,173,predation.predPrey.sizeRatio.teta.sp5.stage2,-1.43159278110917,33.9403553547917,41.842483119594,1000
sp7,174,predation.predPrey.sizeRatio.alpha.sp5.stage1,0.21045677680903,4.7078655738032,7.5310705399988,1000
sp7,175,predation.predPrey.sizeRatio.alpha.sp5.stage2,0.0784213484337493,20.5985917535193,29.7770976916201,1000
sp7,176,predation.predPrey.sizeRatio.teta.sp6.stage1,-0.209574817885417,6.17175822725292,8.89364737513963,1000
sp7,177,predation.predPrey.sizeRatio.alpha.sp6.stage1,-0.0249839447501386,10.8245737530632,13.4388461375075,1000
sp7,178,predation.predPrey.sizeRatio.teta.sp7.stage1,-1.29496517271431,20.9009387419263,28.524210383157,1000
sp7,179,predation.predPrey.sizeRatio.alpha.sp7.stage1,-1.4944807135193,217.19727593799,266.823588868393,1000
sp7,180,predation.predPrey.sizeRatio.teta.sp8.stage1,-0.378517562275416,5.63719778979486,7.990212712883,1000
sp7,181,predation.predPrey.sizeRatio.alpha.sp8.stage1,-0.191775238624862,14.577883179264,17.8602083502721,1000
sp7,182,predation.predPrey.sizeRatio.teta.sp9.stage1,0.201540875049304,5.22068967038597,7.7608877860942,1000
sp7,183,predation.predPrey.sizeRatio.alpha.sp9.stage1,0.0886594789713889,5.62866417614667,8.32410397180021,1000
sp7,184,predation.predPrey.sizeRatio.teta.sp10.stage1,-0.0904978676593063,4.83598539035403,7.09330277253942,1000
sp7,185,predation.predPrey.sizeRatio.alpha.sp10.stage1,0.134354530983748,4.83770502849375,7.01778525154535,1000
sp7,186,predation.predPrey.sizeRatio.teta.sp11.stage1,-0.136869331884445,4.79093383220667,7.78256716084276,1000
sp7,187,predation.predPrey.sizeRatio.alpha.sp11.stage1,0.128992456439583,4.62165354076514,6.82699928845922,1000
sp7,188,predation.predPrey.sizeRatio.teta.sp12.stage1,0.28961436623875,4.61025582145625,6.57720027166837,1000
sp7,189,predation.predPrey.sizeRatio.alpha.sp12.stage1,0.0238622509319432,5.20504995259278,7.42897655483312,1000
sp7,190,predation.predPrey.sizeRatio.teta.sp13.stage1,-0.182339778438612,4.48842267106528,6.35778379222621,1000
sp7,191,predation.predPrey.sizeRatio.alpha.sp13.stage1,0.116319004867917,5.25054749340042,7.79969284015693,1000
sp7,192,predation.predPrey.sizeRatio.teta.sp14.stage1,-0.0433866800655568,5.06348493136695,7.38699896906764,1000
sp7,193,predation.predPrey.sizeRatio.alpha.sp14.stage1,-0.388770319329584,7.22317059604875,9.74174607662843,1000
sp7,194,predation.predPrey.sizeRatio.teta.sp15.stage1,-0.344977443567362,4.68815488332431,6.81762343317357,1000
sp7,195,predation.predPrey.sizeRatio.alpha.sp15.stage1,0.236800326707778,5.68462564572,7.92136105821892,1000
sp8,1,mortality.additional.rate.sp0,1.54470942606458,53.0035855703715,70.4258623702842,1000
sp8,2,mortality.additional.rate.sp1,1.93492663715846,51.9020382286224,69.1082656094045,1000
sp8,3,mortality.additional.rate.sp2,-0.53740333375555,59.0668593243361,79.5271466487992,1000
sp8,4,mortality.additional.rate.sp3,-0.783089858312204,55.8833450936872,73.8140645709901,1000
sp8,5,mortality.additional.rate.sp4,-1.22113931192361,52.4910511854847,69.8415521930755,1000
sp8,6,mortality.additional.rate.sp5,-0.368175689281934,71.7711722259097,91.6754584837262,1000
sp8,7,mortality.additional.rate.sp6,2.10333687514513,50.2561027961563,67.7803649436495,1000
sp8,8,mortality.additional.rate.sp7,-1.22367332454305,55.8700768149125,73.8308509199923,1000
sp8,9,mortality.additional.rate.sp8,-2.10124108687013,51.1963241196896,69.4829710705064,1000
sp8,10,mortality.additional.rate.sp9,-1.59624214232776,52.1016334003278,70.4093137494344,1000
sp8,11,mortality.additional.rate.sp10,-0.92848682348041,54.2171703292946,71.4190233173629,1000
sp8,12,mortality.additional.rate.sp11,1.96767452279028,51.9758387024819,68.8190546042819,1000
sp8,13,mortality.additional.rate.sp12,-0.959105542704147,51.9628010929514,69.2349450979499,1000
sp8,14,mortality.additional.rate.sp13,-2.65960385965555,51.4284165662556,68.4458443175422,1000
sp8,15,mortality.additional.rate.sp14,2.19821300455362,52.0805598627981,69.7571869339904,1000
sp8,16,mortality.additional.rate.sp15,0.521188905450682,50.1753938221521,67.4710339892518,1000
sp8,17,fisheries.rate.base.fsh0,-18.5899455349903,619.129205528682,683.298978895618,1000
sp8,18,fisheries.rate.base.fsh1,1.31492143340637,56.3583527483103,74.7605309996404,1000
sp8,19,fisheries.rate.base.fsh2,-0.929299501890285,103.764708438971,132.333540275921,1000
sp8,20,fisheries.rate.base.fsh3,-3.4678750085875,81.3387463927986,105.106443129674,1000
sp8,21,species.catchability.fsh0.sp0,1.35194142739443,52.73984426305,70.5541581661421,1000
sp8,22,species.catchability.fsh0.sp1,0.0363750130624998,52.7694027259875,69.8630800675232,1000
sp8,23,species.catchability.fsh0.sp2,-0.120043863593895,53.19407993242,70.7489999628171,1000
sp8,24,species.catchability.fsh0.sp3,-2.58573304217082,59.8519144856792,78.7850504036328,1000
sp8,25,species.catchability.fsh0.sp5,0.758649051649986,57.1878129144972,74.9855356063031,1000
sp8,26,species.catchability.fsh0.sp7,0.78038570584723,52.4641326961305,69.5366119422753,1000
sp8,27,species.catchability.fsh0.sp8,20.9785807091584,549.246949715917,615.619679148968,1000
sp8,28,species.catchability.fsh0.sp9,0.332693138030563,48.9852749598139,64.5245008972455,1000
sp8,29,species.catchability.fsh0.sp10,-0.534800084661106,51.7451785691361,68.9815395677694,1000
sp8,30,species.catchability.fsh0.sp13,1.22247165893612,53.2926928951667,70.5951352210364,1000
sp8,31,species.catchability.fsh0.sp14,-1.3579936088702,49.1991444870008,65.2660422743758,1000
sp8,32,species.catchability.fsh0.sp15,-1.00188041789305,50.8724282364569,68.2143267190491,1000
sp8,33,species.catchability.fsh1.sp9,1.62116652963126,54.252420213284,71.0760130813486,1000
sp8,34,species.catchability.fsh1.sp10,0.458602300858336,52.1666827247611,69.9941303054141,1000
sp8,35,species.catchability.fsh1.sp11,-2.9346589279875,51.3417240280875,69.1272880885207,1000
sp8,36,species.catchability.fsh1.sp12,-2.730222110316,52.3523836454549,68.7257428738369,1000
sp8,37,species.catchability.fsh2.sp0,3.41002321607498,51.9644053206445,69.0866151002207,1000
sp8,38,species.catchability.fsh2.sp5,3.92477730643056,53.0448467998361,70.5315033942012,1000
sp8,39,species.catchability.fsh2.sp7,-0.564529836827627,49.8617588538193,67.5037554217665,1000
sp8,40,species.catchability.fsh2.sp8,3.46487400707779,96.9552237362139,123.952882964618,1000
sp8,41,species.catchability.fsh3.sp0,-0.0947720434597219,51.4367529308792,68.6531279969524,1000
sp8,42,species.catchability.fsh3.sp1,3.30520248455834,51.4915319995806,68.6981272753326,1000
sp8,43,species.catchability.fsh3.sp2,-0.939503083632356,50.5670623827629,66.7361296074713,1000
sp8,44,species.catchability.fsh3.sp3,1.52405922539304,53.9728075994431,70.900425416507,1000
sp8,45,species.catchability.fsh3.sp5,-0.893569528940264,52.6696417222014,70.7642026686388,1000
sp8,46,species.catchability.fsh3.sp7,2.33622350310417,52.2463077234097,68.5179882038191,1000
sp8,47,species.catchability.fsh3.sp8,-1.26303854718322,73.176090958389,99.5254126447951,1000
sp8,48,species.catchability.fsh3.sp9,-2.3756119996107,51.469541702006,69.9649542015063,1000
sp8,49,species.catchability.fsh3.sp10,0.0906932543124938,52.2742233925042,68.9619175953178,1000
sp8,50,species.catchability.fsh3.sp11,0.598151943485824,51.4036942119225,67.8656626456973,1000
sp8,51,species.catchability.fsh3.sp12,-2.95459888444583,51.3141140521042,69.6414306372861,1000
sp8,52,species.catchability.fsh3.sp13,1.37316135626248,54.2730156310708,72.9679416214882,1000
sp8,53,species.catchability.fsh3.sp14,-1.72632133281806,53.1831358653681,71.1401662586517,1000
sp8,54,species.catchability.fsh3.sp15,0.26642195563474,51.2267010361264,69.2815423893269,1000
sp8,55,species.length2weight.condition.factor.sp0,2.32658674893751,59.9310029918736,82.0723822012674,1000
sp8,56,species.length2weight.condition.factor.sp1,1.20991393903819,52.7121715934674,70.8602704282716,1000
sp8,57,species.length2weight.condition.factor.sp2,0.0317334695514059,58.6391527542236,79.8416274405391,1000
sp8,58,species.length2weight.condition.factor.sp3,0.890347057775005,61.3678764114694,81.0386645034632,1000
sp8,59,species.length2weight.condition.factor.sp4,-1.01245893075834,51.2319220014972,68.0890054364068,1000
sp8,60,species.length2weight.condition.factor.sp5,1.53007370092306,50.7847822082397,67.6130079933226,1000
sp8,61,species.length2weight.condition.factor.sp6,-0.357662896670142,51.8699223896146,68.0812661448541,1000
sp8,62,species.length2weight.condition.factor.sp7,3.99097074787154,52.817495850141,68.6731838028374,1000
sp8,63,species.length2weight.condition.factor.sp8,-2.88448088444444,59.6042344531472,79.0077024874413,1000
sp8,64,species.length2weight.condition.factor.sp9,4.48383967778542,52.5600444171396,69.9346812087668,1000
sp8,65,species.length2weight.condition.factor.sp10,-0.447938683898637,52.8785508367083,70.9289848389302,1000
sp8,66,species.length2weight.condition.factor.sp11,-1.210614250475,48.9634986014417,66.1139250861089,1000
sp8,67,species.length2weight.condition.factor.sp12,0.37428421626945,51.6648566843695,68.3235040863979,1000
sp8,68,species.length2weight.condition.factor.sp13,1.57143201021526,51.6178045868431,70.4814126902654,1000
sp8,69,species.length2weight.condition.factor.sp14,-2.33399556719583,53.6559370119986,70.772383256035,1000
sp8,70,species.length2weight.condition.factor.sp15,-3.34646987850973,51.7811576917347,69.7547259092488,1000
sp8,71,species.k.sp0,-6.53623312946042,75.5098780472118,112.471856554186,1000
sp8,72,species.k.sp1,-2.29313453411389,74.5070937849194,94.9739486190122,1000
sp8,73,species.k.sp2,0.0824322179722116,87.1508059703556,113.983927675057,1000
sp8,74,species.k.sp3,-3.84396466714167,92.9799942421389,127.026069673565,1000
sp8,75,species.k.sp4,-3.99289584059722,84.247191392525,108.178277628894,1000
sp8,76,species.k.sp5,-10.452161417425,78.4940624052472,96.9735983009979,1000
sp8,77,species.k.sp6,-0.961479382645837,57.1963674945736,75.7634268679436,1000
sp8,78,species.k.sp7,3.40181971311389,56.1621111650278,74.2305520395783,1000
sp8,79,species.k.sp8,-12.6937205815486,669.538758199121,709.557074381493,1000
sp8,80,species.k.sp9,-1.44137249626318,65.7037383390743,88.3162001169126,1000
sp8,81,species.k.sp10,2.05465611024073,51.102407697788,68.1974370110619,1000
sp8,82,species.k.sp11,1.9554930458389,53.5004043747833,72.4173247109927,1000
sp8,83,species.k.sp12,-3.83219444943904,53.8995592210804,71.1603940810215,1000
sp8,84,species.k.sp13,0.682742405304658,63.1889922221741,83.6334817636104,1000
sp8,85,species.k.sp14,2.49852772894861,65.1427578096069,83.2092118511377,1000
sp8,86,species.k.sp15,-0.136933522449309,51.271579332084,68.0508167954914,1000
sp8,87,species.l0.sp0,-2.85400978216665,57.3869403878361,76.2997339404752,1000
sp8,88,species.l0.sp1,2.27429204117499,59.5353723306806,80.6971521068012,1000
sp8,89,species.l0.sp2,0.602267928465976,76.9910260979271,101.055138138906,1000
sp8,90,species.l0.sp3,-1.85711629217919,58.826741365632,80.3045514796376,1000
sp8,91,species.l0.sp4,1.55133744219028,61.3582104771514,81.2905271031511,1000
sp8,92,species.l0.sp5,0.84468309603612,52.6320647035556,71.3924543705127,1000
sp8,93,species.l0.sp6,-3.2343963380264,51.0321154489125,68.7744634278835,1000
sp8,94,species.l0.sp7,0.912255315484738,52.8705200210931,70.9470443830996,1000
sp8,95,species.l0.sp8,6.21808561219999,281.821994807403,341.51189708185,1000
sp8,96,species.l0.sp9,-1.19755705266459,56.9472229283854,76.7139251874811,1000
sp8,97,species.l0.sp10,-0.1661964830361,53.4296363323722,70.78424386155,1000
sp8,98,species.l0.sp11,0.587155323222197,54.6093372572028,74.5205513215715,1000
sp8,99,species.l0.sp12,1.20178585734862,51.1748964745181,68.2823192232229,1000
sp8,100,species.l0.sp13,-1.53241621470098,50.8610231987268,67.4769184566284,1000
sp8,101,species.l0.sp14,-1.08023889521042,51.992596313034,69.2690717458144,1000
sp8,102,species.l0.sp15,-0.542886647109721,52.2256031209986,68.9405553907547,1000
sp8,103,mortality.additional.larva.rate.sp0,-0.0568621001958353,80.9050078326097,121.157412685397,1000
sp8,104,mortality.additional.larva.rate.sp1,1.37507353564486,52.4400902107046,69.4302718022926,1000
sp8,105,mortality.additional.larva.rate.sp2,3.26354152023473,237.19047368696,310.115316614169,1000
sp8,106,mortality.additional.larva.rate.sp3,-5.16534660011805,206.062596139001,284.290897721348,1000
sp8,107,mortality.additional.larva.rate.sp4,-3.40782625781111,52.044789219325,68.7096135837482,1000
sp8,108,mortality.additional.larva.rate.sp5,-0.556355063818741,51.279712739816,69.9872380017744,1000
sp8,109,mortality.additional.larva.rate.sp6,3.16532058439721,53.6229846767417,71.7092910790014,1000
sp8,110,mortality.additional.larva.rate.sp9,3.7739917793472,66.5480891161333,91.489642130011,1000
sp8,111,mortality.additional.larva.rate.sp10,0.288035447204152,57.8991372072264,77.7021575527244,1000
sp8,112,mortality.additional.larva.rate.sp11,1.68891143008582,51.2978463636586,68.7690316204045,1000
sp8,113,mortality.additional.larva.rate.sp12,-0.355833061397919,54.697818154734,73.4516596083136,1000
sp8,114,mortality.additional.larva.rate.sp13,0.583313123127781,51.6770517521611,68.8702794056562,1000
sp8,115,mortality.additional.larva.rate.sp14,-1.33659504403347,52.066357731361,69.6112573287469,1000
sp8,116,mortality.additional.larva.rate.sp15,-2.03801076264235,50.4444506620396,66.6140738513758,1000
sp8,117,mortality.additional.larva.rate.mean.sp7,-1.09466332466945,53.233047943425,69.847469927007,1000
sp8,118,mortality.additional.larva.rate.mean.sp8,9.83163157155277,256.713058065664,318.219786892956,1000
sp8,119,species.linf.sp0,-3.55625561037835,80.2766419459161,118.008986152438,1000
sp8,120,species.linf.sp1,-1.64365914431249,144.78596458164,169.037803458689,1000
sp8,121,species.linf.sp2,12.9310081044336,225.148951556952,284.849024683206,1000
sp8,122,species.linf.sp3,-3.26085333961528,248.202365026321,345.764458732898,1000
sp8,123,species.linf.sp4,-0.378664608963786,214.385491405823,254.904348943393,1000
sp8,124,species.linf.sp5,2.81446730677292,199.758140206416,229.498358723873,1000
sp8,125,species.linf.sp6,2.03268380287779,83.1450346814111,103.342879628139,1000
sp8,126,species.linf.sp7,0.557187867036113,67.5050223318334,87.2195998194959,1000
sp8,127,species.linf.sp8,30.187158998325,1844.50880228004,1908.89528131143,1000
sp8,128,species.linf.sp9,1.45795985530126,96.0971433688418,128.90121586816,1000
sp8,129,species.linf.sp10,0.652324945805543,61.2101756359917,81.194056232786,1000
sp8,130,species.linf.sp11,1.28964709675764,54.1137029288674,71.8831483638902,1000
sp8,131,species.linf.sp12,-0.804325835320001,61.7472907493244,80.3750546807945,1000
sp8,132,species.linf.sp13,-1.94199825599306,65.5355672290958,87.6428303255202,1000
sp8,133,species.linf.sp14,4.67696155522362,95.5061432491542,117.11867041901,1000
sp8,134,species.linf.sp15,-2.38378384012222,52.0065416226028,68.0496975824293,1000
sp8,135,species.accessibility2fish.sp16,-1.26101262677639,51.9653762208486,68.8249128443923,1000
sp8,136,species.accessibility2fish.sp17,-1.272075738675,49.6015378898472,66.5078270219403,1000
sp8,137,species.accessibility2fish.sp18,2.49072031465833,50.6157431527611,65.9940948684675,1000
sp8,138,species.accessibility2fish.sp19,1.32878217051808,49.7848231952458,65.1277518708479,1000
sp8,139,species.accessibility2fish.sp20,-6.13478851277639,51.5012351590042,67.5032204793743,1000
sp8,140,species.accessibility2fish.sp21,-3.22543677158986,64.0730374207768,84.6434648831126,1000
sp8,141,species.accessibility2fish.sp22,-0.430364679009021,100.409939727276,147.42433363243,1000
sp8,142,species.accessibility2fish.sp23,-7.7063875010014,156.522561324782,176.958882785121,1000
sp8,143,species.accessibility2fish.sp24,-19.3653479770654,577.526877515299,651.832371511746,1000
sp8,144,species.accessibility2fish.sp25,1.47911468792014,54.1841302947048,71.1739893154724,1000
sp8,145,species.accessibility2fish.sp26,-0.479004950675403,56.3027334702885,75.3067878936882,1000
sp8,146,species.maturity.size.ratio.sp0,7.28356904904027,84.7726896439403,130.464584200594,1000
sp8,147,species.maturity.size.ratio.sp1,-0.537662546827777,49.8029321659139,65.3841455782673,1000
sp8,148,species.maturity.size.ratio.sp2,-0.904186898863894,51.7014483468389,68.0532328713435,1000
sp8,149,species.maturity.size.ratio.sp3,-2.2800347923257,56.5117317078465,76.2433982209112,1000
sp8,150,species.maturity.size.ratio.sp4,-5.22284710936041,52.0677869988452,69.5245865214383,1000
sp8,151,species.maturity.size.ratio.sp5,-1.25593176858332,50.9172878579167,67.1202251650244,1000
sp8,152,species.maturity.size.ratio.sp6,2.69740193177194,51.8531914040525,68.8248384788161,1000
sp8,153,species.maturity.size.ratio.sp7,1.24958608183888,54.4582495521264,71.6873618108451,1000
sp8,154,species.maturity.size.ratio.sp8,0.56179768435485,57.3889369953618,77.4190970915407,1000
sp8,155,species.maturity.size.ratio.sp9,1.32647344947638,52.0441883827153,68.0683762425295,1000
sp8,156,species.maturity.size.ratio.sp10,2.01535102668473,51.9774237882569,69.5186211186067,1000
sp8,157,species.maturity.size.ratio.sp11,-5.39105038187916,71.1880047700403,95.3352993246881,1000
sp8,158,species.maturity.size.ratio.sp12,1.06915842118752,51.5814400323736,67.9039846419199,1000
sp8,159,species.maturity.size.ratio.sp13,1.79309210129583,80.2585864993597,108.621550430022,1000
sp8,160,species.maturity.size.ratio.sp14,1.08889912947083,53.4818406884709,72.3570891075388,1000
sp8,161,species.maturity.size.ratio.sp15,-0.10361682078611,52.85533388205,70.5607666113577,1000
sp8,162,predation.predPrey.sizeRatio.teta.sp0.stage1,1.31967714482819,50.8194010801468,68.5994966368124,1000
sp8,163,predation.predPrey.sizeRatio.alpha.sp0.stage1,1.29181632360763,61.855180371284,81.5632878098002,1000
sp8,164,predation.predPrey.sizeRatio.teta.sp1.stage1,0.546916535559716,49.9459636956875,67.3594450126941,1000
sp8,165,predation.predPrey.sizeRatio.alpha.sp1.stage1,5.37577074221249,72.5221758565792,94.9666202542366,1000
sp8,166,predation.predPrey.sizeRatio.teta.sp2.stage1,-0.417637848356944,54.0266603845792,72.4386155433421,1000
sp8,167,predation.predPrey.sizeRatio.alpha.sp2.stage1,-0.620294318254715,89.5266149357786,124.194128462573,1000
sp8,168,predation.predPrey.sizeRatio.teta.sp3.stage1,1.27683911777916,53.3504168014903,71.1016297582609,1000
sp8,169,predation.predPrey.sizeRatio.alpha.sp3.stage1,3.80002912186527,186.852781368274,232.719486841355,1000
sp8,170,predation.predPrey.sizeRatio.teta.sp4.stage1,-1.45632936609027,51.5184164486931,68.0923435899844,1000
sp8,171,predation.predPrey.sizeRatio.alpha.sp4.stage1,-1.06172318023332,95.2615094921389,124.940049659485,1000
sp8,172,predation.predPrey.sizeRatio.teta.sp5.stage1,-1.90712936445695,51.1929647474486,67.8312386057381,1000
sp8,173,predation.predPrey.sizeRatio.teta.sp5.stage2,-6.90198338967083,96.029454268582,117.159162249737,1000
sp8,174,predation.predPrey.sizeRatio.alpha.sp5.stage1,-1.22525469592363,52.5207985467764,69.3948854211388,1000
sp8,175,predation.predPrey.sizeRatio.alpha.sp5.stage2,-3.1435857614875,74.903279851332,94.8716490074639,1000
sp8,176,predation.predPrey.sizeRatio.teta.sp6.stage1,-2.78274904765084,51.2903019239353,67.4591019508705,1000
sp8,177,predation.predPrey.sizeRatio.alpha.sp6.stage1,1.1893680172111,54.2601051298444,71.041735082568,1000
sp8,178,predation.predPrey.sizeRatio.teta.sp7.stage1,-0.554653636036113,52.0986293879139,70.3262716907384,1000
sp8,179,predation.predPrey.sizeRatio.alpha.sp7.stage1,2.10674197780277,54.5768993058722,73.6112936016245,1000
sp8,180,predation.predPrey.sizeRatio.teta.sp8.stage1,1.04325113498473,82.5490917007847,102.366184035558,1000
sp8,181,predation.predPrey.sizeRatio.alpha.sp8.stage1,-15.6910874239291,1523.52809899969,1591.34568450427,1000
sp8,182,predation.predPrey.sizeRatio.teta.sp9.stage1,1.92834439753958,67.8512873091035,91.4266018547826,1000
sp8,183,predation.predPrey.sizeRatio.alpha.sp9.stage1,3.99416954601388,57.6509852796695,76.6528530283344,1000
sp8,184,predation.predPrey.sizeRatio.teta.sp10.stage1,0.168554344330564,51.1831882028639,67.684138754762,1000
sp8,185,predation.predPrey.sizeRatio.alpha.sp10.stage1,-0.666497688033327,52.2665625539361,69.5319466245248,1000
sp8,186,predation.predPrey.sizeRatio.teta.sp11.stage1,-0.470099317132089,51.0862447130321,69.5090120361879,1000
sp8,187,predation.predPrey.sizeRatio.alpha.sp11.stage1,-3.21194492031388,53.5189742268806,72.1421417338739,1000
sp8,188,predation.predPrey.sizeRatio.teta.sp12.stage1,0.515045370782637,53.4528299363771,72.1428861473288,1000
sp8,189,predation.predPrey.sizeRatio.alpha.sp12.stage1,-1.30780163190833,57.9979577685861,77.7233801086463,1000
sp8,190,predation.predPrey.sizeRatio.teta.sp13.stage1,0.0906602801611051,54.2188034877028,71.4438038978669,1000
sp8,191,predation.predPrey.sizeRatio.alpha.sp13.stage1,4.25856651425041,99.3119859135746,131.917975006321,1000
sp8,192,predation.predPrey.sizeRatio.teta.sp14.stage1,-3.16162033083751,51.8760270341542,69.0039039240969,1000
sp8,193,predation.predPrey.sizeRatio.alpha.sp14.stage1,1.11782595575001,72.9096774085361,94.0700605895913,1000
sp8,194,predation.predPrey.sizeRatio.teta.sp15.stage1,-2.12730319422834,51.0165949266439,67.6992883308767,1000
sp8,195,predation.predPrey.sizeRatio.alpha.sp15.stage1,0.803469578262357,56.0713920318096,76.0191713874796,1000
sp9,1,mortality.additional.rate.sp0,5.83316764246795,93.9756098917325,126.892353034587,1000
sp9,2,mortality.additional.rate.sp1,0.232409103853983,99.8285726110866,139.121297427778,1000
sp9,3,mortality.additional.rate.sp2,4.32754149810531,115.838839424029,151.336956387796,1000
sp9,4,mortality.additional.rate.sp3,-8.7643877470903,111.391504814477,146.346532092334,1000
sp9,5,mortality.additional.rate.sp4,-0.867437638399867,95.6834296983721,129.012729408445,1000
sp9,6,mortality.additional.rate.sp5,-2.6980748443464,107.646247201096,141.940979690843,1000
sp9,7,mortality.additional.rate.sp6,-3.67118130522266,89.957624549576,119.582005018616,1000
sp9,8,mortality.additional.rate.sp7,2.30356385057338,91.2493340093662,119.608617091045,1000
sp9,9,mortality.additional.rate.sp8,10.4234702571504,96.2738661873207,127.570311273687,1000
sp9,10,mortality.additional.rate.sp9,-0.852005711343802,95.4083584232994,131.327168577349,1000
sp9,11,mortality.additional.rate.sp10,-4.64062359119478,90.4872334106247,119.550026166894,1000
sp9,12,mortality.additional.rate.sp11,-2.43463094322601,92.6159263460276,122.261716188081,1000
sp9,13,mortality.additional.rate.sp12,-3.88349673939764,93.7645651909562,125.354022003326,1000
sp9,14,mortality.additional.rate.sp13,8.13939184590711,94.5356539312338,126.638873028406,1000
sp9,15,mortality.additional.rate.sp14,8.03938739389275,92.1004266836786,122.559509169384,1000
sp9,16,mortality.additional.rate.sp15,-0.716709829947225,94.3382085850633,127.751471319057,1000
sp9,17,fisheries.rate.base.fsh0,-9.09345413971828,215.976141607244,263.477488988547,1000
sp9,18,fisheries.rate.base.fsh1,40.6004772805868,1429.80114777856,1563.01599737973,1000
sp9,19,fisheries.rate.base.fsh2,-0.84366908369236,89.8067277987551,118.052139230244,1000
sp9,20,fisheries.rate.base.fsh3,9.49572952464108,122.642457840898,156.872982898099,1000
sp9,21,species.catchability.fsh0.sp0,-5.94864348107235,98.2409373322579,129.511191538799,1000
sp9,22,species.catchability.fsh0.sp1,-0.541001658082079,95.0501967098921,124.577388864506,1000
sp9,23,species.catchability.fsh0.sp2,5.87417876064624,96.2333032287787,127.43779427446,1000
sp9,24,species.catchability.fsh0.sp3,-1.29293951112425,120.054862437471,158.424750758783,1000
sp9,25,species.catchability.fsh0.sp5,-3.58762223466831,99.4560936303886,129.326010131295,1000
sp9,26,species.catchability.fsh0.sp7,5.17883904731679,93.3414628393255,124.821906433065,1000
sp9,27,species.catchability.fsh0.sp8,5.54488184515075,89.3205339255187,117.025465775837,1000
sp9,28,species.catchability.fsh0.sp9,5.22593791245551,138.953837902258,178.804256952721,1000
sp9,29,species.catchability.fsh0.sp10,-0.64285535685292,107.488000692417,142.6820667825,1000
sp9,30,species.catchability.fsh0.sp13,-2.75331485239135,93.8657972831706,126.79543889817,1000
sp9,31,species.catchability.fsh0.sp14,-2.04719919048778,92.546734046561,124.480259235389,1000
sp9,32,species.catchability.fsh0.sp15,-0.456617145094966,92.9200991791328,124.775268579934,1000
sp9,33,species.catchability.fsh1.sp9,20.2888238378504,1272.11540290458,1406.00640476595,1000
sp9,34,species.catchability.fsh1.sp10,-2.97127842426487,123.529779538222,161.879972983845,1000
sp9,35,species.catchability.fsh1.sp11,-0.718303783409818,94.9306030298025,126.953048651664,1000
sp9,36,species.catchability.fsh1.sp12,-2.55581521551142,106.172417706158,138.800442557257,1000
sp9,37,species.catchability.fsh2.sp0,-4.07092000130211,89.8240668730235,120.527228202705,1000
sp9,38,species.catchability.fsh2.sp5,1.48028159052656,90.9352048415657,122.417145691179,1000
sp9,39,species.catchability.fsh2.sp7,2.70915704196374,98.5252191580669,136.358280684027,1000
sp9,40,species.catchability.fsh2.sp8,6.23778517983356,92.2416593629991,123.409505078664,1000
sp9,41,species.catchability.fsh3.sp0,1.93634849861379,88.8772078353762,115.348631580251,1000
sp9,42,species.catchability.fsh3.sp1,-6.42473072199517,91.7261887869373,121.890812595924,1000
sp9,43,species.catchability.fsh3.sp2,-0.303637641934563,93.400606155174,125.184624652971,1000
sp9,44,species.catchability.fsh3.sp3,-7.30757786273621,91.5473573888606,122.430063604932,1000
sp9,45,species.catchability.fsh3.sp5,-6.88198373792884,94.4269370750242,124.842567387954,1000
sp9,46,species.catchability.fsh3.sp7,0.208311165554938,90.3747117763224,118.980383385023,1000
sp9,47,species.catchability.fsh3.sp8,0.120122049538732,93.7354015558868,125.291001758086,1000
sp9,48,species.catchability.fsh3.sp9,4.19461028282497,109.97509976242,144.948748183621,1000
sp9,49,species.catchability.fsh3.sp10,3.63032246353354,95.9570319779105,126.214623637811,1000
sp9,50,species.catchability.fsh3.sp11,2.55105190851447,90.7205538036216,119.757768769078,1000
sp9,51,species.catchability.fsh3.sp12,-2.48043752570036,95.0310918852701,126.443767769559,1000
sp9,52,species.catchability.fsh3.sp13,-4.99590392613995,96.5783118592048,131.196295150641,1000
sp9,53,species.catchability.fsh3.sp14,-3.30309039616201,89.7267457610561,117.246948837889,1000
sp9,54,species.catchability.fsh3.sp15,1.05982547122999,93.8779669848527,125.476069603714,1000
sp9,55,species.length2weight.condition.factor.sp0,3.63547916265119,98.8155372164676,132.791413633832,1000
sp9,56,species.length2weight.condition.factor.sp1,0.648036265985895,89.6647497864775,118.009545372322,1000
sp9,57,species.length2weight.condition.factor.sp2,-6.01444628867939,124.509445548965,165.913482482322,1000
sp9,58,species.length2weight.condition.factor.sp3,-3.21256395982115,153.944996309757,206.69100092802,1000
sp9,59,species.length2weight.condition.factor.sp4,17.0938753065287,177.228576041084,226.833110699569,1000
sp9,60,species.length2weight.condition.factor.sp5,-0.21577755976126,94.5020154868852,125.718112883513,1000
sp9,61,species.length2weight.condition.factor.sp6,-1.61162313691796,96.9636445999166,126.946133735623,1000
sp9,62,species.length2weight.condition.factor.sp7,-0.591196422098343,92.0828938395341,125.743785131884,1000
sp9,63,species.length2weight.condition.factor.sp8,-3.04641070115891,95.1410564681427,126.461486242145,1000
sp9,64,species.length2weight.condition.factor.sp9,-1.79478978365496,148.159804182205,191.64847633994,1000
sp9,65,species.length2weight.condition.factor.sp10,-8.10579555714968,106.503841349184,140.442390428722,1000
sp9,66,species.length2weight.condition.factor.sp11,6.59728200616567,95.491163138441,125.278573958054,1000
sp9,67,species.length2weight.condition.factor.sp12,-2.91924014265608,97.5735764724595,129.055344813576,1000
sp9,68,species.length2weight.condition.factor.sp13,3.38039999411372,112.087937503353,148.997237908256,1000
sp9,69,species.length2weight.condition.factor.sp14,-2.14804568290178,95.3466024755246,127.857162894789,1000
sp9,70,species.length2weight.condition.factor.sp15,-0.510268556532909,94.5368552306777,125.743744157214,1000
sp9,71,species.k.sp0,-1.94135787186191,135.989432417796,195.11069287431,1000
sp9,72,species.k.sp1,1.0621645946414,94.5761577470025,126.598820865032,1000
sp9,73,species.k.sp2,-2.46793757938371,238.617167224972,309.600712295548,1000
sp9,74,species.k.sp3,2.43418225291762,303.528877434131,424.82967391273,1000
sp9,75,species.k.sp4,15.7047590454679,151.875923197309,210.36602355159,1000
sp9,76,species.k.sp5,-14.0425388813049,114.852457620397,150.674912454527,1000
sp9,77,species.k.sp6,-4.14336401757464,94.4986439132577,125.684851122341,1000
sp9,78,species.k.sp7,-7.18934554725428,93.2311246653199,125.34660666764,1000
sp9,79,species.k.sp8,14.5230316018431,97.2655650385751,130.423532494542,1000
sp9,80,species.k.sp9,62.3276005620479,1438.11440192298,1511.664417405,1000
sp9,81,species.k.sp10,-1.84413525053535,185.346606149874,241.253650879578,1000
sp9,82,species.k.sp11,0.896472438592903,128.56271357399,163.217355447883,1000
sp9,83,species.k.sp12,-4.00680696377043,94.9100708562799,125.854679695605,1000
sp9,84,species.k.sp13,10.541122514788,674.936644372817,844.53184496207,1000
sp9,85,species.k.sp14,0.913614744871149,92.426435461029,121.304827685199,1000
sp9,86,species.k.sp15,5.15534609824989,93.789694172229,126.344516055443,1000
sp9,87,species.l0.sp0,1.28338265693682,98.2920943050213,132.998662227924,1000
sp9,88,species.l0.sp1,2.59312004863383,91.5318186738322,124.435931933173,1000
sp9,89,species.l0.sp2,-0.17632260754082,233.485533918141,300.385065917521,1000
sp9,90,species.l0.sp3,5.93767528302633,151.671714520896,201.992211954846,1000
sp9,91,species.l0.sp4,-5.7425065417051,174.279070040316,244.137071467094,1000
sp9,92,species.l0.sp5,3.58724749811625,94.6602021855506,126.239882424739,1000
sp9,93,species.l0.sp6,2.93862190235968,94.4396501903211,123.336197146116,1000
sp9,94,species.l0.sp7,7.13726700334096,95.0268938771944,131.504739643843,1000
sp9,95,species.l0.sp8,2.91861710530667,87.9036789251389,115.621851504569,1000
sp9,96,species.l0.sp9,24.5305046777612,677.303188681115,795.020051321654,1000
sp9,97,species.l0.sp10,11.4079835539638,278.591537932814,355.835405197953,1000
sp9,98,species.l0.sp11,-2.9743804562213,117.092430556524,151.803690816039,1000
sp9,99,species.l0.sp12,4.69175187267112,93.2730129752614,130.121882518757,1000
sp9,100,species.l0.sp13,3.1254791906593,94.2652702696768,123.311349481641,1000
sp9,101,species.l0.sp14,0.547088707101399,89.9668365238769,119.031439465192,1000
sp9,102,species.l0.sp15,0.288347190164441,98.7381724934578,131.710887875746,1000
sp9,103,mortality.additional.larva.rate.sp0,-2.46293012904606,135.153898459134,213.901789595042,1000
sp9,104,mortality.additional.larva.rate.sp1,-5.02622798392547,92.2286626893626,125.472536650846,1000
sp9,105,mortality.additional.larva.rate.sp2,-1.83517178090879,818.715997587661,1020.57814722397,1000
sp9,106,mortality.additional.larva.rate.sp3,-0.358153371280463,751.761029787543,1094.23921970824,1000
sp9,107,mortality.additional.larva.rate.sp4,3.52922506505593,94.9645445063793,128.417091534803,1000
sp9,108,mortality.additional.larva.rate.sp5,-2.56213679691373,91.6765843106254,120.616394656915,1000
sp9,109,mortality.additional.larva.rate.sp6,1.70916166509649,96.2961569829397,128.923133502158,1000
sp9,110,mortality.additional.larva.rate.sp9,-13.6719744379135,660.67412274975,817.328445054996,1000
sp9,111,mortality.additional.larva.rate.sp10,2.58695436023615,453.286890846375,581.853356989598,1000
sp9,112,mortality.additional.larva.rate.sp11,0.838884810577897,94.3969185448246,127.768329107033,1000
sp9,113,mortality.additional.larva.rate.sp12,1.89535430255186,155.52184257117,199.852042856966,1000
sp9,114,mortality.additional.larva.rate.sp13,0.499267259365878,93.9982789404004,127.212821103442,1000
sp9,115,mortality.additional.larva.rate.sp14,7.14704371010612,97.0657455193394,131.310591736227,1000
sp9,116,mortality.additional.larva.rate.sp15,-1.13536089512164,97.1624827744136,129.425243357676,1000
sp9,117,mortality.additional.larva.rate.mean.sp7,-0.976693965011627,97.8824270565346,137.457339899642,1000
sp9,118,mortality.additional.larva.rate.mean.sp8,-0.762171108322956,94.3371840371765,123.998846056664,1000
sp9,119,species.linf.sp0,-1.42191936281848,141.343139755503,206.681262881553,1000
sp9,120,species.linf.sp1,-3.18200515575911,93.4546273137906,123.559237867303,1000
sp9,121,species.linf.sp2,5.59922839272658,637.783429650251,815.192743053107,1000
sp9,122,species.linf.sp3,-7.0207609219892,725.781993112095,1024.34449169061,1000
sp9,123,species.linf.sp4,-13.9202257498897,269.096213859539,396.37036355531,1000
sp9,124,species.linf.sp5,11.9798056785582,237.151691574989,279.739685063685,1000
sp9,125,species.linf.sp6,-2.72974465388481,111.284924956049,147.030062072175,1000
sp9,126,species.linf.sp7,-0.518984772236706,97.5323669204347,130.785977742777,1000
sp9,127,species.linf.sp8,0.16515999546637,98.3806303847192,131.819202856172,1000
sp9,128,species.linf.sp9,-48.3093968546236,3865.0118605957,4032.2011572,1000
sp9,129,species.linf.sp10,-11.9955429557895,529.122806475299,662.759107690822,1000
sp9,130,species.linf.sp11,2.3201998132283,138.817765047096,181.581753953531,1000
sp9,131,species.linf.sp12,6.79327630353001,296.05463554499,362.160910670563,1000
sp9,132,species.linf.sp13,-7.74450634296307,677.174037987242,821.331661343805,1000
sp9,133,species.linf.sp14,1.12565025806589,97.4976669607405,129.035897873291,1000
sp9,134,species.linf.sp15,-0.216742186219998,100.52091743169,130.331119269411,1000
sp9,135,species.accessibility2fish.sp16,-6.06541410946051,94.3522487869589,128.688483082583,1000
sp9,136,species.accessibility2fish.sp17,1.37345446001749,94.2835887474152,123.600806378499,1000
sp9,137,species.accessibility2fish.sp18,-3.34296633204218,94.9453184314623,126.051679648991,1000
sp9,138,species.accessibility2fish.sp19,2.92919692672891,96.1278496294927,129.309147752898,1000
sp9,139,species.accessibility2fish.sp20,1.2081090576213,91.7763777028696,120.108796278275,1000
sp9,140,species.accessibility2fish.sp21,-3.77773175370627,452.825609503314,787.923803909716,1000
sp9,141,species.accessibility2fish.sp22,5.58016311499461,93.9960334425632,130.165776612131,1000
sp9,142,species.accessibility2fish.sp23,-3.42488381399822,95.9599997969932,128.126563378963,1000
sp9,143,species.accessibility2fish.sp24,-6.23273084958813,116.461264927226,152.540373340731,1000
sp9,144,species.accessibility2fish.sp25,0.751072546420811,93.824045482685,123.61172474321,1000
sp9,145,species.accessibility2fish.sp26,0.979016516897597,96.0073333286574,127.315605299453,1000
sp9,146,species.maturity.size.ratio.sp0,4.6018055706894,131.7813854906,195.613442857742,1000
sp9,147,species.maturity.size.ratio.sp1,1.59826484672382,94.8737264944704,129.072899756213,1000
sp9,148,species.maturity.size.ratio.sp2,0.24597407595589,102.2053111381,139.98261715207,1000
sp9,149,species.maturity.size.ratio.sp3,10.7031817604836,107.285883653614,146.332947261439,1000
sp9,150,species.maturity.size.ratio.sp4,11.9195569082129,193.060439126694,239.602398960088,1000
sp9,151,species.maturity.size.ratio.sp5,-2.60135719197374,93.2346107789338,127.887648826534,1000
sp9,152,species.maturity.size.ratio.sp6,2.58799698898502,103.734685500809,137.711807489668,1000
sp9,153,species.maturity.size.ratio.sp7,5.11775478624231,95.8312569980213,126.595694960849,1000
sp9,154,species.maturity.size.ratio.sp8,7.03302535885292,96.9169043225349,127.2954715738,1000
sp9,155,species.maturity.size.ratio.sp9,5.43670941534244,118.438827477574,154.92035336508,1000
sp9,156,species.maturity.size.ratio.sp10,3.87204437998564,150.933339501893,204.929145377219,1000
sp9,157,species.maturity.size.ratio.sp11,-8.05299991152313,245.571751811017,293.241180632372,1000
sp9,158,species.maturity.size.ratio.sp12,-2.80414178388359,100.659572498551,135.440197735482,1000
sp9,159,species.maturity.size.ratio.sp13,-3.39797630817157,660.258934703144,897.191557428629,1000
sp9,160,species.maturity.size.ratio.sp14,0.314071725277213,95.5036230956594,128.858775681794,1000
sp9,161,species.maturity.size.ratio.sp15,2.22392171733296,97.1907049055454,129.47001351447,1000
sp9,162,predation.predPrey.sizeRatio.teta.sp0.stage1,-0.132380250333191,89.6243196406318,121.00030408896,1000
sp9,163,predation.predPrey.sizeRatio.alpha.sp0.stage1,3.42163930896372,105.74332987437,138.922769128162,1000
sp9,164,predation.predPrey.sizeRatio.teta.sp1.stage1,-4.71592483365535,93.5014546520767,125.874994041508,1000
sp9,165,predation.predPrey.sizeRatio.alpha.sp1.stage1,-4.13594849386812,93.9344818564952,124.679884073877,1000
sp9,166,predation.predPrey.sizeRatio.teta.sp2.stage1,-2.80956853083627,98.7992655003099,132.354097664443,1000
sp9,167,predation.predPrey.sizeRatio.alpha.sp2.stage1,-6.4892742875138,158.886134789422,217.627569802078,1000
sp9,168,predation.predPrey.sizeRatio.teta.sp3.stage1,7.89814803535355,103.379992606428,139.141545637854,1000
sp9,169,predation.predPrey.sizeRatio.alpha.sp3.stage1,-3.64240409478825,199.611025717377,264.267553202139,1000
sp9,170,predation.predPrey.sizeRatio.teta.sp4.stage1,-1.28669330802299,104.783622773743,136.627220346805,1000
sp9,171,predation.predPrey.sizeRatio.alpha.sp4.stage1,21.5918520979938,221.657561471836,311.51632159153,1000
sp9,172,predation.predPrey.sizeRatio.teta.sp5.stage1,-5.30109864356071,96.4708706047074,130.186063449022,1000
sp9,173,predation.predPrey.sizeRatio.teta.sp5.stage2,-7.02399865748729,140.909311355616,179.817945380446,1000
sp9,174,predation.predPrey.sizeRatio.alpha.sp5.stage1,-0.872227393271513,96.8716937838809,129.202334132462,1000
sp9,175,predation.predPrey.sizeRatio.alpha.sp5.stage2,-8.44055496121465,112.259702175987,144.652236018032,1000
sp9,176,predation.predPrey.sizeRatio.teta.sp6.stage1,2.15406660188883,93.2185732189159,124.003752760107,1000
sp9,177,predation.predPrey.sizeRatio.alpha.sp6.stage1,-6.20082994659898,92.3425937827733,124.153291345788,1000
sp9,178,predation.predPrey.sizeRatio.teta.sp7.stage1,-0.956916848806292,91.5083635951171,123.730203020753,1000
sp9,179,predation.predPrey.sizeRatio.alpha.sp7.stage1,2.79682722336559,94.9609660486136,124.458443498989,1000
sp9,180,predation.predPrey.sizeRatio.teta.sp8.stage1,-5.14675285814943,95.1934128280225,128.274517145894,1000
sp9,181,predation.predPrey.sizeRatio.alpha.sp8.stage1,-1.07410571946718,101.078324299306,133.301102029649,1000
sp9,182,predation.predPrey.sizeRatio.teta.sp9.stage1,-6.40420160719518,113.943044360602,151.575975679859,1000
sp9,183,predation.predPrey.sizeRatio.alpha.sp9.stage1,46.0499147820317,1438.5373196396,1596.0938685672,1000
sp9,184,predation.predPrey.sizeRatio.teta.sp10.stage1,2.2181575506098,96.1207537331347,129.802376971778,1000
sp9,185,predation.predPrey.sizeRatio.alpha.sp10.stage1,-0.7735884443885,120.748939613672,169.138779522611,1000
sp9,186,predation.predPrey.sizeRatio.teta.sp11.stage1,-9.79400003858082,97.7540898042673,130.296391489187,1000
sp9,187,predation.predPrey.sizeRatio.alpha.sp11.stage1,-3.48180316570702,109.41797761074,141.445407835926,1000
sp9,188,predation.predPrey.sizeRatio.teta.sp12.stage1,1.19198634354335,162.355216578808,204.077944736407,1000
sp9,189,predation.predPrey.sizeRatio.alpha.sp12.stage1,5.3391857560763,165.693918459697,207.873573958943,1000
sp9,190,predation.predPrey.sizeRatio.teta.sp13.stage1,-0.838926512898393,94.2264318911471,128.638221841741,1000
sp9,191,predation.predPrey.sizeRatio.alpha.sp13.stage1,-37.2878188582185,537.92584442916,641.077687980794,1000
sp9,192,predation.predPrey.sizeRatio.teta.sp14.stage1,-1.48357361417324,93.7489443465993,123.7741467176,1000
sp9,193,predation.predPrey.sizeRatio.alpha.sp14.stage1,-9.36352832181852,94.7651185666435,126.572055552427,1000
sp9,194,predation.predPrey.sizeRatio.teta.sp15.stage1,7.38428781307002,94.0499887059717,127.316267320212,1000
sp9,195,predation.predPrey.sizeRatio.alpha.sp15.stage1,-1.13780095698453,99.0724262922896,128.575061068352,1000
sp10,1,mortality.additional.rate.sp0,14.9630054123563,275.229558979056,400.016355481387,1000
sp10,2,mortality.additional.rate.sp1,-5.66473140736738,288.091684427271,419.847351291234,1000
sp10,3,mortality.additional.rate.sp2,-9.17738197200605,287.836538208463,427.210332280619,1000
sp10,4,mortality.additional.rate.sp3,16.1419473873509,307.343157141186,455.84547301589,1000
sp10,5,mortality.additional.rate.sp4,-12.6747216592562,275.195906358136,404.035877005353,1000
sp10,6,mortality.additional.rate.sp5,15.9902737064533,301.822094518319,434.909440930309,1000
sp10,7,mortality.additional.rate.sp6,29.9677220147465,282.027944112557,415.215638298185,1000
sp10,8,mortality.additional.rate.sp7,23.6804707915329,267.964933922838,395.145363093842,1000
sp10,9,mortality.additional.rate.sp8,-4.41780181745083,277.59826714769,411.188285524581,1000
sp10,10,mortality.additional.rate.sp9,3.26811511775656,285.742994830527,430.831365146913,1000
sp10,11,mortality.additional.rate.sp10,-28.3329647538833,291.422709501296,437.079976257746,1000
sp10,12,mortality.additional.rate.sp11,0.589764021138723,274.577675862741,407.183853385455,1000
sp10,13,mortality.additional.rate.sp12,-16.198851863362,283.33422507356,429.886651568416,1000
sp10,14,mortality.additional.rate.sp13,-26.8663094128209,305.571892812282,441.184575244157,1000
sp10,15,mortality.additional.rate.sp14,-9.22667849378668,277.93187957687,412.509348416607,1000
sp10,16,mortality.additional.rate.sp15,2.16826746469594,282.800475590264,409.35673067504,1000
sp10,17,fisheries.rate.base.fsh0,43.1289134886528,464.380139277374,634.395567955778,1000
sp10,18,fisheries.rate.base.fsh1,21.0179503179809,753.7019610105,1122.68532490157,1000
sp10,19,fisheries.rate.base.fsh2,-7.31335830627944,284.669468528002,426.396903972064,1000
sp10,20,fisheries.rate.base.fsh3,8.17243553624916,291.767082257432,424.214112360352,1000
sp10,21,species.catchability.fsh0.sp0,27.9620450346717,291.518649483021,431.509153430859,1000
sp10,22,species.catchability.fsh0.sp1,-4.98552411873425,284.197880965934,417.555142241969,1000
sp10,23,species.catchability.fsh0.sp2,-17.4762917394349,292.859245889645,438.795731506001,1000
sp10,24,species.catchability.fsh0.sp3,4.30941556874443,306.308972482903,457.494146880184,1000
sp10,25,species.catchability.fsh0.sp5,-9.81657571190948,280.306619149167,416.757221497723,1000
sp10,26,species.catchability.fsh0.sp7,-17.2110151858105,273.328309310214,409.355298430859,1000
sp10,27,species.catchability.fsh0.sp8,1.14687640786187,273.145948354669,410.658819488298,1000
sp10,28,species.catchability.fsh0.sp9,1.63051957658238,273.834044575917,383.93298390126,1000
sp10,29,species.catchability.fsh0.sp10,-29.9312897004707,526.635066909018,687.687370823907,1000
sp10,30,species.catchability.fsh0.sp13,28.9840659076744,272.591254737232,401.757616102816,1000
sp10,31,species.catchability.fsh0.sp14,17.6968084678833,297.498206624258,439.092943353157,1000
sp10,32,species.catchability.fsh0.sp15,9.32361936726296,296.904224818657,440.296402225936,1000
sp10,33,species.catchability.fsh1.sp9,-9.00100328255108,302.687204135839,439.8322299571,1000
sp10,34,species.catchability.fsh1.sp10,5.32435964469117,687.206207245924,906.188114012807,1000
sp10,35,species.catchability.fsh1.sp11,-12.9720416785494,290.848220058139,427.203443117444,1000
sp10,36,species.catchability.fsh1.sp12,1.00167289228689,298.58338052554,454.844834160986,1000
sp10,37,species.catchability.fsh2.sp0,0.908767830777163,286.44847272658,420.225311328407,1000
sp10,38,species.catchability.fsh2.sp5,11.0769745619227,284.576228301686,420.179903313423,1000
sp10,39,species.catchability.fsh2.sp7,2.22549313842813,280.211774877247,415.234609339575,1000
sp10,40,species.catchability.fsh2.sp8,7.8648320652815,297.480002896837,433.316287242604,1000
sp10,41,species.catchability.fsh3.sp0,7.33025516410513,273.40959948734,407.912487993085,1000
sp10,42,species.catchability.fsh3.sp1,12.4313025222401,285.315831480995,415.94792874413,1000
sp10,43,species.catchability.fsh3.sp2,5.95888561551937,289.302849262712,431.710060982309,1000
sp10,44,species.catchability.fsh3.sp3,5.96850015755076,304.618537210092,447.396869527948,1000
sp10,45,species.catchability.fsh3.sp5,2.60459386030656,281.600907082335,423.18011071512,1000
sp10,46,species.catchability.fsh3.sp7,7.24478556693124,272.641394743693,409.264397683505,1000
sp10,47,species.catchability.fsh3.sp8,-8.15437009595927,278.058008455677,413.400535160247,1000
sp10,48,species.catchability.fsh3.sp9,-5.6006420401028,273.496037968202,401.884899088262,1000
sp10,49,species.catchability.fsh3.sp10,-15.6336118061752,304.600869776662,444.034060747751,1000
sp10,50,species.catchability.fsh3.sp11,-13.4854596027255,281.612071725983,423.240764916375,1000
sp10,51,species.catchability.fsh3.sp12,8.3749267621368,295.751461804432,435.362757501961,1000
sp10,52,species.catchability.fsh3.sp13,12.2654424128542,278.209192474498,405.861368871297,1000
sp10,53,species.catchability.fsh3.sp14,16.2292550295224,268.378733263745,400.303320989188,1000
sp10,54,species.catchability.fsh3.sp15,-20.5333937715971,281.376745149973,417.043891942908,1000
sp10,55,species.length2weight.condition.factor.sp0,-5.53003937572676,297.426612543782,445.023489340599,1000
sp10,56,species.length2weight.condition.factor.sp1,13.0515519710375,295.385637917159,434.595910182689,1000
sp10,57,species.length2weight.condition.factor.sp2,-23.3166648890439,341.245591970135,507.937191437233,1000
sp10,58,species.length2weight.condition.factor.sp3,-14.6497184363328,347.002109683769,528.186984015677,1000
sp10,59,species.length2weight.condition.factor.sp4,-3.18616157052938,337.75366938947,512.110650875037,1000
sp10,60,species.length2weight.condition.factor.sp5,-16.9746362003098,285.34442932926,418.963562321673,1000
sp10,61,species.length2weight.condition.factor.sp6,18.0490547468362,287.714508217052,427.474964880476,1000
sp10,62,species.length2weight.condition.factor.sp7,-17.2678234370895,271.543403450585,399.176098138125,1000
sp10,63,species.length2weight.condition.factor.sp8,2.67530988264231,291.374277288692,421.331191944738,1000
sp10,64,species.length2weight.condition.factor.sp9,9.89629226126714,356.274651554544,511.871864923872,1000
sp10,65,species.length2weight.condition.factor.sp10,41.7574687098729,801.850006243209,1080.12164938765,1000
sp10,66,species.length2weight.condition.factor.sp11,5.93223739343887,292.036542939391,420.214743203384,1000
sp10,67,species.length2weight.condition.factor.sp12,-15.1657056869831,289.509763702515,424.831363074545,1000
sp10,68,species.length2weight.condition.factor.sp13,-1.2497496712653,278.882566390181,413.291424973204,1000
sp10,69,species.length2weight.condition.factor.sp14,14.8489602623774,282.786268188413,414.547517624499,1000
sp10,70,species.length2weight.condition.factor.sp15,15.0122335822254,285.051066558585,421.106120056086,1000
sp10,71,species.k.sp0,4.41213662283132,384.821634260451,643.921284655032,1000
sp10,72,species.k.sp1,10.7190676880114,288.200604134303,414.771912035613,1000
sp10,73,species.k.sp2,13.9487465126461,569.397425101834,872.425404090395,1000
sp10,74,species.k.sp3,-12.3232568639515,503.660075997354,844.557049443919,1000
sp10,75,species.k.sp4,-20.743708880739,382.210498994951,569.837721904602,1000
sp10,76,species.k.sp5,-2.69622515819788,289.445843172464,427.585911013528,1000
sp10,77,species.k.sp6,6.83821745186766,278.825030746709,415.95449341202,1000
sp10,78,species.k.sp7,31.0339758448736,287.923371476981,425.939253338296,1000
sp10,79,species.k.sp8,-24.7458230151334,278.600125938192,401.161035522141,1000
sp10,80,species.k.sp9,-75.7824056717449,1297.04996305131,1645.112469024,1000
sp10,81,species.k.sp10,141.385173770905,2923.35480660607,3563.12053410243,1000
sp10,82,species.k.sp11,2.43425100804453,468.157702770127,658.715863913274,1000
sp10,83,species.k.sp12,-9.15516025990383,280.62087893211,426.326013644652,1000
sp10,84,species.k.sp13,40.9985891345529,1041.81011924573,1659.59311066048,1000
sp10,85,species.k.sp14,-10.1553326078215,278.657458702076,411.236367880209,1000
sp10,86,species.k.sp15,-5.99865360098786,277.074438892166,410.320584530267,1000
sp10,87,species.l0.sp0,-8.25548643963821,295.877533196796,441.451987742093,1000
sp10,88,species.l0.sp1,1.60672944370378,303.71049757665,460.705832089541,1000
sp10,89,species.l0.sp2,-39.1942802589128,578.195033045881,874.270190363968,1000
sp10,90,species.l0.sp3,6.4499330578947,311.276428619064,476.132312566654,1000
sp10,91,species.l0.sp4,23.6837341657666,369.929498543734,549.730398726085,1000
sp10,92,species.l0.sp5,2.43411957151085,270.858336509663,401.967516457085,1000
sp10,93,species.l0.sp6,12.3296071635508,294.948649836389,434.119370459663,1000
sp10,94,species.l0.sp7,-6.83710649841848,267.451183809166,387.197264169047,1000
sp10,95,species.l0.sp8,8.12410204383425,274.443197635279,404.461997681498,1000
sp10,96,species.l0.sp9,-2.51205063218593,959.486869056484,1305.55826993449,1000
sp10,97,species.l0.sp10,51.921451146541,4288.71679858085,5263.65883467431,1000
sp10,98,species.l0.sp11,-14.2269007798324,341.033910188347,486.655360979892,1000
sp10,99,species.l0.sp12,4.26593463967033,307.190554019554,445.897302154228,1000
sp10,100,species.l0.sp13,9.29575386495555,262.51366370723,383.370783895974,1000
sp10,101,species.l0.sp14,-2.16899295128131,280.382258204364,416.562673634672,1000
sp10,102,species.l0.sp15,18.3160356240223,286.722379826424,424.015170364314,1000
sp10,103,mortality.additional.larva.rate.sp0,23.7804594733666,435.047006155795,709.438792721558,1000
sp10,104,mortality.additional.larva.rate.sp1,-2.90152527393376,302.582218078332,446.597999687146,1000
sp10,105,mortality.additional.larva.rate.sp2,35.4971223991915,1780.04841326711,2656.29710078086,1000
sp10,106,mortality.additional.larva.rate.sp3,139.905033701781,1112.2402748527,1897.4269317906,1000
sp10,107,mortality.additional.larva.rate.sp4,-28.9447184172613,278.844852473845,417.491769632708,1000
sp10,108,mortality.additional.larva.rate.sp5,-8.0627624118719,289.436149224689,430.562462600093,1000
sp10,109,mortality.additional.larva.rate.sp6,14.3321774301141,279.444309731463,425.9399514103,1000
sp10,110,mortality.additional.larva.rate.sp9,81.7468690751345,1613.66086582738,2199.27206257843,1000
sp10,111,mortality.additional.larva.rate.sp10,-61.1342137252602,5863.84376338998,7048.0367220048,1000
sp10,112,mortality.additional.larva.rate.sp11,26.5597339550361,296.212501430063,439.556225495972,1000
sp10,113,mortality.additional.larva.rate.sp12,29.8302930231744,501.512501823126,736.856732203502,1000
sp10,114,mortality.additional.larva.rate.sp13,7.61787586874719,289.617819433652,429.913540284095,1000
sp10,115,mortality.additional.larva.rate.sp14,14.1373091483944,278.443131587773,424.340593979522,1000
sp10,116,mortality.additional.larva.rate.sp15,-3.26307766953606,285.371588136452,421.643881677569,1000
sp10,117,mortality.additional.larva.rate.mean.sp7,6.63216552256232,276.130745857142,404.708576335084,1000
sp10,118,mortality.additional.larva.rate.mean.sp8,5.8772187780782,279.533220032196,407.161530597976,1000
sp10,119,species.linf.sp0,-39.289494786156,439.857895016947,775.022752265347,1000
sp10,120,species.linf.sp1,-17.0986587886526,346.302040609565,516.162069003871,1000
sp10,121,species.linf.sp2,60.4608713194498,1554.04045245341,2346.9867968898,1000
sp10,122,species.linf.sp3,-22.4801360183137,1006.49875183126,1622.87239675247,1000
sp10,123,species.linf.sp4,-37.2874423098945,783.009078323034,1117.36375228033,1000
sp10,124,species.linf.sp5,2.13116893261231,483.143744385632,665.417429306487,1000
sp10,125,species.linf.sp6,13.7258213470372,293.627515577398,429.055610142319,1000
sp10,126,species.linf.sp7,-8.49628294023254,289.320916713116,423.249788320327,1000
sp10,127,species.linf.sp8,-12.3361974482587,279.667630124911,410.040735159118,1000
sp10,128,species.linf.sp9,73.5427749529896,3446.22023833312,4241.49019826398,1000
sp10,129,species.linf.sp10,243.369906034663,10717.3868975876,12260.2761527604,1000
sp10,130,species.linf.sp11,5.16559932583382,516.431535858616,736.954694302906,1000
sp10,131,species.linf.sp12,71.8651713742392,756.687498547151,1136.30105329675,1000
sp10,132,species.linf.sp13,-6.59325722258777,685.052639948542,1055.89205683924,1000
sp10,133,species.linf.sp14,-12.6832491280771,277.410572859223,394.182931754108,1000
sp10,134,species.linf.sp15,-9.61767682755193,297.799783451984,448.224912070046,1000
sp10,135,species.accessibility2fish.sp16,15.640490577429,275.176921699951,402.312607854787,1000
sp10,136,species.accessibility2fish.sp17,7.0869545210781,282.907107934058,432.411571956084,1000
sp10,137,species.accessibility2fish.sp18,0.857232605879501,287.227898836123,436.140884983566,1000
sp10,138,species.accessibility2fish.sp19,-9.52910896323413,295.992853245314,450.099881379609,1000
sp10,139,species.accessibility2fish.sp20,-0.75408586534189,281.119008622654,419.010308600308,1000
sp10,140,species.accessibility2fish.sp21,35.6606363033216,800.583817448171,1550.38072263312,1000
sp10,141,species.accessibility2fish.sp22,-8.34328256917208,265.692072542402,390.750982846699,1000
sp10,142,species.accessibility2fish.sp23,2.91780954774362,284.719428251672,419.950344746269,1000
sp10,143,species.accessibility2fish.sp24,14.4301459782605,335.943469804233,500.176991176455,1000
sp10,144,species.accessibility2fish.sp25,-1.56357191615189,262.052739170185,386.532117683023,1000
sp10,145,species.accessibility2fish.sp26,-10.6608584556318,270.504397811958,402.171809897879,1000
sp10,146,species.maturity.size.ratio.sp0,9.4806955612157,423.416223699456,721.320292434004,1000
sp10,147,species.maturity.size.ratio.sp1,-2.69184711912327,282.778074348809,411.692850354581,1000
sp10,148,species.maturity.size.ratio.sp2,18.8217775637219,304.360176250321,445.3550027692,1000
sp10,149,species.maturity.size.ratio.sp3,16.6514790488959,294.313068833063,443.292261698496,1000
sp10,150,species.maturity.size.ratio.sp4,16.1379219360067,370.688067707552,581.204485328015,1000
sp10,151,species.maturity.size.ratio.sp5,-10.3851899827484,271.428340680832,404.555984583515,1000
sp10,152,species.maturity.size.ratio.sp6,8.99303249264274,280.619476829174,413.424900623512,1000
sp10,153,species.maturity.size.ratio.sp7,10.3625804444184,259.578815934871,386.213613256346,1000
sp10,154,species.maturity.size.ratio.sp8,-23.845332830007,281.330009638581,403.005872626866,1000
sp10,155,species.maturity.size.ratio.sp9,6.66592655401866,310.93315318437,458.462580285776,1000
sp10,156,species.maturity.size.ratio.sp10,-31.1233722999342,1075.06589556586,1508.50430486983,1000
sp10,157,species.maturity.size.ratio.sp11,-71.7668806096723,897.984316146418,1184.80537273359,1000
sp10,158,species.maturity.size.ratio.sp12,4.59283710309843,315.084631423424,470.589423199799,1000
sp10,159,species.maturity.size.ratio.sp13,-32.5021405210507,1423.44689629908,2206.41151713296,1000
sp10,160,species.maturity.size.ratio.sp14,16.0949693057825,283.88349900178,420.326978936446,1000
sp10,161,species.maturity.size.ratio.sp15,-1.83662248419485,291.339595777883,435.726247025565,1000
sp10,162,predation.predPrey.sizeRatio.teta.sp0.stage1,-10.8261037634404,272.250510574836,406.311859113555,1000
sp10,163,predation.predPrey.sizeRatio.alpha.sp0.stage1,-22.7140225711431,315.490008678892,458.851869354798,1000
sp10,164,predation.predPrey.sizeRatio.teta.sp1.stage1,-4.28569935018545,297.49737770731,440.046755032963,1000
sp10,165,predation.predPrey.sizeRatio.alpha.sp1.stage1,-19.784646095118,291.642590389858,443.924788219498,1000
sp10,166,predation.predPrey.sizeRatio.teta.sp2.stage1,5.16502732906501,301.074183584426,457.174697324933,1000
sp10,167,predation.predPrey.sizeRatio.alpha.sp2.stage1,-5.99784422975819,407.28923345033,650.202540651001,1000
sp10,168,predation.predPrey.sizeRatio.teta.sp3.stage1,-34.1480187051715,301.228105216879,441.401324432466,1000
sp10,169,predation.predPrey.sizeRatio.alpha.sp3.stage1,-21.1350081878798,615.423373394689,914.940717978502,1000
sp10,170,predation.predPrey.sizeRatio.teta.sp4.stage1,10.5473590654523,296.243730925934,432.2211323311,1000
sp10,171,predation.predPrey.sizeRatio.alpha.sp4.stage1,35.9507519652041,416.491764776868,675.028952146858,1000
sp10,172,predation.predPrey.sizeRatio.teta.sp5.stage1,2.31509489730874,284.088766018382,416.11580735662,1000
sp10,173,predation.predPrey.sizeRatio.teta.sp5.stage2,-13.0606103820605,393.321708567779,550.95520086802,1000
sp10,174,predation.predPrey.sizeRatio.alpha.sp5.stage1,-9.62870491012977,295.868199098765,433.657860027846,1000
sp10,175,predation.predPrey.sizeRatio.alpha.sp5.stage2,-15.9606849901772,314.537053336445,458.615611269157,1000
sp10,176,predation.predPrey.sizeRatio.teta.sp6.stage1,15.4634910289075,299.903000865275,442.77612469975,1000
sp10,177,predation.predPrey.sizeRatio.alpha.sp6.stage1,18.8653544177501,287.12356038132,429.106881770079,1000
sp10,178,predation.predPrey.sizeRatio.teta.sp7.stage1,4.58839142034329,270.151345919626,397.450383732085,1000
sp10,179,predation.predPrey.sizeRatio.alpha.sp7.stage1,4.84474585497936,268.9475258482,404.047313589473,1000
sp10,180,predation.predPrey.sizeRatio.teta.sp8.stage1,-5.818491183272,284.491959120009,419.19347875293,1000
sp10,181,predation.predPrey.sizeRatio.alpha.sp8.stage1,2.71264232965302,278.653586151137,416.250230894919,1000
sp10,182,predation.predPrey.sizeRatio.teta.sp9.stage1,-0.375508420247554,296.377097327258,436.738599443572,1000
sp10,183,predation.predPrey.sizeRatio.alpha.sp9.stage1,-64.8075709334605,1154.11114511704,1467.40509817134,1000
sp10,184,predation.predPrey.sizeRatio.teta.sp10.stage1,-5.90293681627769,303.691128851808,456.043010499395,1000
sp10,185,predation.predPrey.sizeRatio.alpha.sp10.stage1,-31.0763578180584,2350.55867088713,3193.07566773409,1000
sp10,186,predation.predPrey.sizeRatio.teta.sp11.stage1,-5.73912282747437,272.639546619046,414.248651446821,1000
sp10,187,predation.predPrey.sizeRatio.alpha.sp11.stage1,-15.4070253899354,310.549657279595,445.065488010814,1000
sp10,188,predation.predPrey.sizeRatio.teta.sp12.stage1,-17.4558184279734,383.437354315194,568.136796780469,1000
sp10,189,predation.predPrey.sizeRatio.alpha.sp12.stage1,3.2551815549581,502.394538363867,713.378343589589,1000
sp10,190,predation.predPrey.sizeRatio.teta.sp13.stage1,2.53248997868422,278.674346550206,404.882069268109,1000
sp10,191,predation.predPrey.sizeRatio.alpha.sp13.stage1,-28.6484475673005,468.553458590541,723.086245145351,1000
sp10,192,predation.predPrey.sizeRatio.teta.sp14.stage1,-3.09563161102221,280.694814453998,424.229929072667,1000
sp10,193,predation.predPrey.sizeRatio.alpha.sp14.stage1,3.0217574814735,274.662137338223,411.487600943938,1000
sp10,194,predation.predPrey.sizeRatio.teta.sp15.stage1,-5.54186783177856,276.514491950621,411.5542234771,1000
sp10,195,predation.predPrey.sizeRatio.alpha.sp15.stage1,-8.73540654390019,280.722294183488,405.397342915441,1000
sp11,1,mortality.additional.rate.sp0,211.955311780139,1065.09710429014,4109.75633279663,1000
sp11,2,mortality.additional.rate.sp1,96.9794874163889,986.801891158611,2216.35812215176,1000
sp11,3,mortality.additional.rate.sp2,27.6412056909724,870.641424050417,1565.81579171943,1000
sp11,4,mortality.additional.rate.sp3,76.2684990880557,914.754370928611,1827.60987714963,1000
sp11,5,mortality.additional.rate.sp4,-5.82916680694437,901.940945688611,1784.54218586003,1000
sp11,6,mortality.additional.rate.sp5,-160.999837555278,1011.56760950389,2608.15211428583,1000
sp11,7,mortality.additional.rate.sp6,-76.5415038149997,899.869675730277,1659.68779463307,1000
sp11,8,mortality.additional.rate.sp7,10.4628918858332,1029.08874141306,2509.0319494469,1000
sp11,9,mortality.additional.rate.sp8,-25.3943133645834,939.264971624583,2103.66793352285,1000
sp11,10,mortality.additional.rate.sp9,120.190969875569,987.108956717236,2190.53976329706,1000
sp11,11,mortality.additional.rate.sp10,27.8460448763194,925.659899692986,1769.54825830116,1000
sp11,12,mortality.additional.rate.sp11,94.3458802426392,933.415180122639,2195.42554339668,1000
sp11,13,mortality.additional.rate.sp12,40.7538784780553,957.124504042778,2038.29588331322,1000
sp11,14,mortality.additional.rate.sp13,12.2354842837503,942.908273279583,2180.18542938081,1000
sp11,15,mortality.additional.rate.sp14,12.1391487369446,1079.79863135278,2663.9370754973,1000
sp11,16,mortality.additional.rate.sp15,-101.691120890139,985.765095234306,2057.70433570004,1000
sp11,17,fisheries.rate.base.fsh0,48.7638775224999,992.956482495834,1964.96762737741,1000
sp11,18,fisheries.rate.base.fsh1,561.425509889028,9586.02005442181,13525.6076129191,1000
sp11,19,fisheries.rate.base.fsh2,7.97668061458386,941.401388490695,2213.44216920329,1000
sp11,20,fisheries.rate.base.fsh3,34.6938963038891,1001.11615223667,2645.42741776534,1000
sp11,21,species.catchability.fsh0.sp0,6.76783944958318,899.336713752361,1696.73593797068,1000
sp11,22,species.catchability.fsh0.sp1,36.5426081659722,949.556028752917,1715.16008212369,1000
sp11,23,species.catchability.fsh0.sp2,-164.470278263472,992.658177156528,2547.14147231176,1000
sp11,24,species.catchability.fsh0.sp3,-32.6722535523612,1096.75401553569,2305.52802295344,1000
sp11,25,species.catchability.fsh0.sp5,-48.3903867115276,949.598772957917,2134.06897141835,1000
sp11,26,species.catchability.fsh0.sp7,-13.20271085,900.877754386944,1772.2125767895,1000
sp11,27,species.catchability.fsh0.sp8,-174.556292692639,1015.61328018597,2970.27001642604,1000
sp11,28,species.catchability.fsh0.sp9,87.3822395152778,941.620390476111,1823.17758818713,1000
sp11,29,species.catchability.fsh0.sp10,-0.245554143333149,1023.21757995722,1970.57653238976,1000
sp11,30,species.catchability.fsh0.sp13,-0.832740404027862,1028.05317109542,2625.24412831593,1000
sp11,31,species.catchability.fsh0.sp14,89.996887976528,975.397672422639,2056.99439309754,1000
sp11,32,species.catchability.fsh0.sp15,-31.2878326561113,942.499898781389,2205.18723197106,1000
sp11,33,species.catchability.fsh1.sp9,10.5648445762223,1032.31114246011,2566.19542816495,1000
sp11,34,species.catchability.fsh1.sp10,-137.127310835278,1000.43864200583,2802.53361371278,1000
sp11,35,species.catchability.fsh1.sp11,68.6912619260975,8838.0092566186,12354.6260627717,1000
sp11,36,species.catchability.fsh1.sp12,-68.9192925652778,966.384842365833,2097.16516363997,1000
sp11,37,species.catchability.fsh2.sp0,-36.5823016883333,1024.69299771806,2968.49117515609,1000
sp11,38,species.catchability.fsh2.sp5,24.6628265080556,866.542230664444,1501.34491364191,1000
sp11,39,species.catchability.fsh2.sp7,41.7219505743052,906.486863515139,1728.21799438308,1000
sp11,40,species.catchability.fsh2.sp8,-138.115017495,964.952997551667,2221.89735275472,1000
sp11,41,species.catchability.fsh3.sp0,-27.1574360040276,849.364094081805,1713.08778807668,1000
sp11,42,species.catchability.fsh3.sp1,24.122817201389,987.433634189722,2137.57523956808,1000
sp11,43,species.catchability.fsh3.sp2,145.716517426667,970.784034760556,2471.44315811966,1000
sp11,44,species.catchability.fsh3.sp3,-81.3641380761805,1042.08520628674,2748.2211194546,1000
sp11,45,species.catchability.fsh3.sp5,48.6198300145833,1030.08549788764,2343.17313837754,1000
sp11,46,species.catchability.fsh3.sp7,-67.6619738812505,950.877303669028,1958.14814022369,1000
sp11,47,species.catchability.fsh3.sp8,148.451964115,1046.47623166917,3226.95689101906,1000
sp11,48,species.catchability.fsh3.sp9,-53.9774160897223,997.598814706667,2715.13913072206,1000
sp11,49,species.catchability.fsh3.sp10,118.252806152639,949.71464823375,2332.77331241923,1000
sp11,50,species.catchability.fsh3.sp11,-1.83331024654159,945.079786047348,1728.72482265747,1000
sp11,51,species.catchability.fsh3.sp12,18.1288912359722,1019.71545701375,2137.8261658295,1000
sp11,52,species.catchability.fsh3.sp13,98.4454212943052,1025.45599922403,2209.02562530767,1000
sp11,53,species.catchability.fsh3.sp14,-11.7239764133337,968.216801861944,1902.87412364381,1000
sp11,54,species.catchability.fsh3.sp15,-9.89735317958305,871.042801485694,1675.96066892644,1000
sp11,55,species.length2weight.condition.factor.sp0,-23.1835240972223,981.8492239675,1947.98452436435,1000
sp11,56,species.length2weight.condition.factor.sp1,88.265346988486,998.291118064041,2370.06730188815,1000
sp11,57,species.length2weight.condition.factor.sp2,105.821410994444,971.722123188056,2375.5177616238,1000
sp11,58,species.length2weight.condition.factor.sp3,-22.9908913655557,997.566257444167,2159.1127642772,1000
sp11,59,species.length2weight.condition.factor.sp4,22.5614570834723,921.155733628472,1716.06298505808,1000
sp11,60,species.length2weight.condition.factor.sp5,-23.509205115278,998.710822186389,2357.97225697028,1000
sp11,61,species.length2weight.condition.factor.sp6,144.360361075972,1016.44770634847,2396.37031766607,1000
sp11,62,species.length2weight.condition.factor.sp7,89.6760299513748,1011.93492632138,2649.00900700725,1000
sp11,63,species.length2weight.condition.factor.sp8,33.4246057045835,895.173203463195,2284.84525659286,1000
sp11,64,species.length2weight.condition.factor.sp9,-25.6058353405556,1017.34000273694,2253.39398205042,1000
sp11,65,species.length2weight.condition.factor.sp10,0.985755009166635,1009.94434292694,2104.25278890674,1000
sp11,66,species.length2weight.condition.factor.sp11,-250.120039519583,5247.75672333208,9541.59428023766,1000
sp11,67,species.length2weight.condition.factor.sp12,-130.409903927917,973.619663631806,2188.12134651011,1000
sp11,68,species.length2weight.condition.factor.sp13,-58.3767764193054,1022.38369074819,2190.16525409674,1000
sp11,69,species.length2weight.condition.factor.sp14,89.9923115340274,941.60656083375,2079.54336390776,1000
sp11,70,species.length2weight.condition.factor.sp15,-127.405421536944,1012.688914405,2694.58457783261,1000
sp11,71,species.k.sp0,0.995616349583591,1344.93465948819,2474.71623658172,1000
sp11,72,species.k.sp1,12.5688146801389,884.247766913194,1713.84802084185,1000
sp11,73,species.k.sp2,-30.3121569265276,1106.37211098847,2247.97368514166,1000
sp11,74,species.k.sp3,-31.3772267867919,1360.59564445904,2555.42643766156,1000
sp11,75,species.k.sp4,67.5534737179167,1909.58961655681,3186.84623190021,1000
sp11,76,species.k.sp5,5.62309946508337,1002.93260203325,1943.14328031963,1000
sp11,77,species.k.sp6,-38.6655812380832,967.845988459972,2479.95348691235,1000
sp11,78,species.k.sp7,-0.960615727361202,972.355593800694,2330.51996579315,1000
sp11,79,species.k.sp8,-44.6737222497221,981.163507302222,1987.75856522688,1000
sp11,80,species.k.sp9,33.0827936706948,1345.18950933014,3453.33713268509,1000
sp11,81,species.k.sp10,20.3645487080865,1082.02938757753,2386.97638472016,1000
sp11,82,species.k.sp11,454.47379847625,32002.3773382493,49578.6230318999,1000
sp11,83,species.k.sp12,-203.794224758056,1247.42983113,2908.41106770474,1000
sp11,84,species.k.sp13,-15.8168416631943,1564.89479716014,4229.43247323323,1000
sp11,85,species.k.sp14,-20.9202386633335,980.986991648611,3537.60190535997,1000
sp11,86,species.k.sp15,29.2901474123612,900.98243353125,1668.25284129135,1000
sp11,87,species.l0.sp0,166.54371642125,1066.94702577653,2588.09922335135,1000
sp11,88,species.l0.sp1,-26.8952978631944,968.674986565417,2083.53445240101,1000
sp11,89,species.l0.sp2,12.1680438531945,1187.22436233042,2600.2025479382,1000
sp11,90,species.l0.sp3,42.6207181118056,948.871614262639,1857.80215411362,1000
sp11,91,species.l0.sp4,-2.79720632138914,1454.43854980472,2296.26858937467,1000
sp11,92,species.l0.sp5,-47.8035154741666,932.411122136667,1906.7260271773,1000
sp11,93,species.l0.sp6,-49.7932453205834,922.442447145528,1994.5348166982,1000
sp11,94,species.l0.sp7,72.8338492456946,1015.72583905431,2047.50005590736,1000
sp11,95,species.l0.sp8,-33.935898803722,920.003901269055,1999.44769055742,1000
sp11,96,species.l0.sp9,-76.0546330862501,1226.53997161986,2253.10972499496,1000
sp11,97,species.l0.sp10,6.40437821498639,1328.33668630085,2778.05843112497,1000
sp11,98,species.l0.sp11,967.823115595972,23620.1272926918,40110.8926672341,1000
sp11,99,species.l0.sp12,63.7392640431945,1053.49846370708,3082.67019631443,1000
sp11,100,species.l0.sp13,-98.4323453691669,877.933193359445,1560.7583347822,1000
sp11,101,species.l0.sp14,-70.6087803263888,991.037879994167,2144.81984599187,1000
sp11,102,species.l0.sp15,63.2487457709721,941.645839801528,1971.96753731551,1000
sp11,103,mortality.additional.larva.rate.sp0,-59.3659943672638,1610.83435867365,2967.18869099414,1000
sp11,104,mortality.additional.larva.rate.sp1,46.99371254375,955.303896000417,1818.03514545443,1000
sp11,105,mortality.additional.larva.rate.sp2,29.9966484430273,2233.54817672642,3979.45414668104,1000
sp11,106,mortality.additional.larva.rate.sp3,-141.459593837917,2385.23214059375,4787.69633661671,1000
sp11,107,mortality.additional.larva.rate.sp4,0.755011033194486,994.008237544583,1952.42530248168,1000
sp11,108,mortality.additional.larva.rate.sp5,-87.2568329266669,903.504761193611,1810.22963816756,1000
sp11,109,mortality.additional.larva.rate.sp6,36.1662220529166,993.52651295625,2274.4669181434,1000
sp11,110,mortality.additional.larva.rate.sp9,66.1812531323612,2658.57442919153,4380.89791947492,1000
sp11,111,mortality.additional.larva.rate.sp10,-80.8889614497222,1856.60182988194,3513.47787577381,1000
sp11,112,mortality.additional.larva.rate.sp11,-59.2949610448612,958.258226600695,2127.44793982484,1000
sp11,113,mortality.additional.larva.rate.sp12,108.700755529722,1097.76132258917,2206.06778473855,1000
sp11,114,mortality.additional.larva.rate.sp13,-96.4964704190276,929.321510373472,1936.46043018548,1000
sp11,115,mortality.additional.larva.rate.sp14,-70.1630611830552,913.396671189722,1905.92982379651,1000
sp11,116,mortality.additional.larva.rate.sp15,-92.8212334972222,1059.78086179972,2402.07613878695,1000
sp11,117,mortality.additional.larva.rate.mean.sp7,7.44903250680563,953.157219739861,2053.57167047242,1000
sp11,118,mortality.additional.larva.rate.mean.sp8,51.7272552504168,1022.40542799792,2514.11169777933,1000
sp11,119,species.linf.sp0,-44.9832748176391,1456.59353337653,2492.29069427605,1000
sp11,120,species.linf.sp1,-0.605064899444653,998.850856991944,2099.63855687921,1000
sp11,121,species.linf.sp2,-122.407345533472,1913.91559635597,4080.75374844599,1000
sp11,122,species.linf.sp3,364.369852888611,4012.06443469417,6029.91699055012,1000
sp11,123,species.linf.sp4,-97.2933601965589,4433.20405692684,5830.63169747302,1000
sp11,124,species.linf.sp5,-34.3387824568056,1135.76671198569,2478.99038055941,1000
sp11,125,species.linf.sp6,-50.5120499644445,1119.49674683583,3281.0312444157,1000
sp11,126,species.linf.sp7,77.850240321389,994.408720161111,2847.69893595584,1000
sp11,127,species.linf.sp8,-121.585141424444,1044.87518182639,2733.02152971287,1000
sp11,128,species.linf.sp9,-88.8180113663887,2868.96850032139,4731.55304058306,1000
sp11,129,species.linf.sp10,93.4953141606947,1620.09394214986,3229.14287533298,1000
sp11,130,species.linf.sp11,-1796.85668507431,45626.0033207913,67638.2089920849,1000
sp11,131,species.linf.sp12,-21.167748773889,1835.70674544639,3149.37882237009,1000
sp11,132,species.linf.sp13,-8.48496929097203,1555.34808713958,4409.95758175325,1000
sp11,133,species.linf.sp14,0.796075735000193,984.458071440278,1873.2700269407,1000
sp11,134,species.linf.sp15,-17.0148222056944,1020.75030281292,2291.60475598577,1000
sp11,135,species.accessibility2fish.sp16,5.79391687777777,961.457272342778,2158.00755555378,1000
sp11,136,species.accessibility2fish.sp17,-63.9563615833337,953.321357669722,2001.39911315573,1000
sp11,137,species.accessibility2fish.sp18,53.6997767995694,974.26256196568,2137.91004669469,1000
sp11,138,species.accessibility2fish.sp19,-66.4564433195837,2008.47916612681,4454.60280451,1000
sp11,139,species.accessibility2fish.sp20,41.6804436125,959.099781933611,1810.66164356858,1000
sp11,140,species.accessibility2fish.sp21,180.505406372083,2779.28401342569,7279.06458058412,1000
sp11,141,species.accessibility2fish.sp22,-9.88888966595857,960.565982111264,2050.96456487224,1000
sp11,142,species.accessibility2fish.sp23,-3.00606936777737,1042.73395172528,2551.01042367495,1000
sp11,143,species.accessibility2fish.sp24,-30.8042110843055,1060.94467579236,2947.54459994384,1000
sp11,144,species.accessibility2fish.sp25,37.4752791136111,914.937414416667,1859.54620401902,1000
sp11,145,species.accessibility2fish.sp26,-130.303658268194,999.547512278194,2063.21390018358,1000
sp11,146,species.maturity.size.ratio.sp0,159.124525818611,1531.57609741889,2794.47984606772,1000
sp11,147,species.maturity.size.ratio.sp1,-23.0610356190281,962.991743660139,2505.33884756861,1000
sp11,148,species.maturity.size.ratio.sp2,-231.114984538472,894.331437075417,2049.54218826454,1000
sp11,149,species.maturity.size.ratio.sp3,9.90044207833334,1002.20144495917,2089.17129774287,1000
sp11,150,species.maturity.size.ratio.sp4,84.6197499544448,1099.20577999944,2281.33553863465,1000
sp11,151,species.maturity.size.ratio.sp5,79.8970111321666,952.095678025333,2220.14903478103,1000
sp11,152,species.maturity.size.ratio.sp6,51.4992812074998,883.016607958333,1687.74630019888,1000
sp11,153,species.maturity.size.ratio.sp7,-26.3719320776528,887.214976327069,1576.54959050046,1000
sp11,154,species.maturity.size.ratio.sp8,68.1089506931944,1001.06383093208,2790.69045376116,1000
sp11,155,species.maturity.size.ratio.sp9,37.2988466618056,1027.25029388042,2561.4609261147,1000
sp11,156,species.maturity.size.ratio.sp10,-58.3461923282779,1035.23865088856,1841.10878370023,1000
sp11,157,species.maturity.size.ratio.sp11,3740.72109673597,50634.1594108438,75568.2933900634,1000
sp11,158,species.maturity.size.ratio.sp12,23.9598453791668,890.4056951125,1811.8098509531,1000
sp11,159,species.maturity.size.ratio.sp13,112.606508797708,2013.56824603521,4775.7177770143,1000
sp11,160,species.maturity.size.ratio.sp14,-74.2813627208335,936.965614898056,1813.27762710166,1000
sp11,161,species.maturity.size.ratio.sp15,32.1438446884721,1015.98847971542,2119.36231209601,1000
sp11,162,predation.predPrey.sizeRatio.teta.sp0.stage1,41.2264998152777,1037.15772563667,2643.14884211684,1000
sp11,163,predation.predPrey.sizeRatio.alpha.sp0.stage1,111.982775643472,1175.62875006986,2232.44045512314,1000
sp11,164,predation.predPrey.sizeRatio.teta.sp1.stage1,102.794886571805,1030.68112358653,2463.24102088707,1000
sp11,165,predation.predPrey.sizeRatio.alpha.sp1.stage1,-28.9422575370835,972.782854278472,2447.17231330969,1000
sp11,166,predation.predPrey.sizeRatio.teta.sp2.stage1,-58.9448321087502,909.47584644875,1724.42972798243,1000
sp11,167,predation.predPrey.sizeRatio.alpha.sp2.stage1,59.0184295623607,1094.32609304375,2714.2736212196,1000
sp11,168,predation.predPrey.sizeRatio.teta.sp3.stage1,-69.777611854028,962.850979335972,2603.78590006245,1000
sp11,169,predation.predPrey.sizeRatio.alpha.sp3.stage1,-176.752045816111,2811.65768130722,4724.53132182993,1000
sp11,170,predation.predPrey.sizeRatio.teta.sp4.stage1,84.9367206936115,1079.84289842528,2530.20827109328,1000
sp11,171,predation.predPrey.sizeRatio.alpha.sp4.stage1,-42.6698034962501,1564.68582952597,2997.51149232315,1000
sp11,172,predation.predPrey.sizeRatio.teta.sp5.stage1,137.156091936111,1097.71393970583,3039.20243154478,1000
sp11,173,predation.predPrey.sizeRatio.teta.sp5.stage2,-3.77540650608352,1025.92731885447,2701.85437292975,1000
sp11,174,predation.predPrey.sizeRatio.alpha.sp5.stage1,58.9500970829167,944.32941948625,2203.18950084153,1000
sp11,175,predation.predPrey.sizeRatio.alpha.sp5.stage2,-79.0342351594443,978.042666171667,2154.33371589767,1000
sp11,176,predation.predPrey.sizeRatio.teta.sp6.stage1,-13.8107383895833,893.069257728472,1981.44352771037,1000
sp11,177,predation.predPrey.sizeRatio.alpha.sp6.stage1,123.282292566806,1052.79167282042,2815.10371101059,1000
sp11,178,predation.predPrey.sizeRatio.teta.sp7.stage1,18.1034287194443,936.637243081944,1816.03187445029,1000
sp11,179,predation.predPrey.sizeRatio.alpha.sp7.stage1,-41.8254943020836,1029.21931718181,2037.87099399636,1000
sp11,180,predation.predPrey.sizeRatio.teta.sp8.stage1,-45.0070326124998,976.673972345556,2549.68112791669,1000
sp11,181,predation.predPrey.sizeRatio.alpha.sp8.stage1,-70.8224402579164,1048.72033193181,2513.12318829994,1000
sp11,182,predation.predPrey.sizeRatio.teta.sp9.stage1,-42.4384101866667,1224.43838353861,2223.46419540462,1000
sp11,183,predation.predPrey.sizeRatio.alpha.sp9.stage1,38.570950118361,1527.59323446081,2605.07205337232,1000
sp11,184,predation.predPrey.sizeRatio.teta.sp10.stage1,-100.565774138472,1018.89334796375,3761.20888870719,1000
sp11,185,predation.predPrey.sizeRatio.alpha.sp10.stage1,-31.3695948115281,1064.77914936653,2656.99272744013,1000
sp11,186,predation.predPrey.sizeRatio.teta.sp11.stage1,-205.867783847639,4063.23314918208,7295.68467562046,1000
sp11,187,predation.predPrey.sizeRatio.alpha.sp11.stage1,334.888681053889,4661.78187855917,10115.5527194906,1000
sp11,188,predation.predPrey.sizeRatio.teta.sp12.stage1,-5.96541643541688,1190.46196370986,1925.20246441504,1000
sp11,189,predation.predPrey.sizeRatio.alpha.sp12.stage1,5.42466006765277,1131.07657707654,2850.75145166515,1000
sp11,190,predation.predPrey.sizeRatio.teta.sp13.stage1,-10.18483475625,943.652392805694,1908.54755875246,1000
sp11,191,predation.predPrey.sizeRatio.alpha.sp13.stage1,258.624481401805,1711.01359936208,3216.35630797906,1000
sp11,192,predation.predPrey.sizeRatio.teta.sp14.stage1,-43.6046986462501,896.839391205139,2033.8057963661,1000
sp11,193,predation.predPrey.sizeRatio.alpha.sp14.stage1,50.2128937313892,999.366508546389,2275.55785331998,1000
sp11,194,predation.predPrey.sizeRatio.teta.sp15.stage1,-68.924665581722,1016.19455272397,2161.62240851537,1000
sp11,195,predation.predPrey.sizeRatio.alpha.sp15.stage1,-16.8479050561115,1006.57668353472,2299.41347553888,1000
sp12,1,mortality.additional.rate.sp0,-0.455124255736099,51.8518644664028,67.7830388008428,1000
sp12,2,mortality.additional.rate.sp1,-0.143611220083328,51.1051210393889,65.4301674572194,1000
sp12,3,mortality.additional.rate.sp2,-0.488228235444447,52.490054757,67.2978470442349,1000
sp12,4,mortality.additional.rate.sp3,-1.5722167933889,65.0680698383333,82.8906048193991,1000
sp12,5,mortality.additional.rate.sp4,0.827346648916664,48.9551092074722,62.1382590238622,1000
sp12,6,mortality.additional.rate.sp5,-0.78373820058332,78.2582536681944,97.2935028996898,1000
sp12,7,mortality.additional.rate.sp6,-0.455746798305576,46.9394150380556,61.0257722794665,1000
sp12,8,mortality.additional.rate.sp7,-1.31070710156945,50.5888764730417,65.4875612812555,1000
sp12,9,mortality.additional.rate.sp8,5.27085972019448,50.5062312307778,64.8393634923499,1000
sp12,10,mortality.additional.rate.sp9,-0.104443801680555,50.604167480125,64.9280944769225,1000
sp12,11,mortality.additional.rate.sp10,2.56183536685415,51.0336781773681,65.4853585309205,1000
sp12,12,mortality.additional.rate.sp11,1.21375299665278,50.7021852679028,64.7864449052672,1000
sp12,13,mortality.additional.rate.sp12,-2.81918398426389,53.379922493625,68.0591173809405,1000
sp12,14,mortality.additional.rate.sp13,0.0470040627777687,49.3095547141945,63.4358680176159,1000
sp12,15,mortality.additional.rate.sp14,2.89920255731946,50.8446859539305,65.1220342570861,1000
sp12,16,mortality.additional.rate.sp15,0.547140067055567,50.6138234081667,65.2341183186523,1000
sp12,17,fisheries.rate.base.fsh0,1.61973611673608,68.1949625872083,87.2246010602184,1000
sp12,18,fisheries.rate.base.fsh1,11.4911541982222,1126.75846576183,1162.27617164796,1000
sp12,19,fisheries.rate.base.fsh2,0.0580156097500032,51.2827436675555,66.6616913444474,1000
sp12,20,fisheries.rate.base.fsh3,1.76185514224999,61.7641174175278,78.8604627493419,1000
sp12,21,species.catchability.fsh0.sp0,2.24803678468055,56.9523659900417,72.0241385049821,1000
sp12,22,species.catchability.fsh0.sp1,4.29972117866668,52.9301610391945,67.8967190310354,1000
sp12,23,species.catchability.fsh0.sp2,-1.24671500527775,52.2898102714166,66.0588067934398,1000
sp12,24,species.catchability.fsh0.sp3,4.60280624747221,84.8753299807778,105.155727624859,1000
sp12,25,species.catchability.fsh0.sp5,-0.0943610311388852,58.2638246071389,74.0782220764566,1000
sp12,26,species.catchability.fsh0.sp7,-0.515701642652786,52.3649563814028,68.6180340123109,1000
sp12,27,species.catchability.fsh0.sp8,4.9805275249722,50.3817948569444,65.0969840888377,1000
sp12,28,species.catchability.fsh0.sp9,-2.48882574966666,51.4802249861667,67.1135298391584,1000
sp12,29,species.catchability.fsh0.sp10,3.89240136473612,51.7416862162083,66.3731230982861,1000
sp12,30,species.catchability.fsh0.sp13,0.512395395166659,49.6492799496944,63.8001602761251,1000
sp12,31,species.catchability.fsh0.sp14,1.01573786727779,51.4283917993611,66.676883889347,1000
sp12,32,species.catchability.fsh0.sp15,-3.51293704718056,48.0874768670139,62.6789337589193,1000
sp12,33,species.catchability.fsh1.sp9,0.258141947972222,51.0898907573055,65.2276466435352,1000
sp12,34,species.catchability.fsh1.sp10,-3.36840491088889,54.9587969663056,70.9124611670535,1000
sp12,35,species.catchability.fsh1.sp11,1.87167729505554,55.4369379509167,71.6498120003485,1000
sp12,36,species.catchability.fsh1.sp12,28.6406240768472,1069.62600272451,1101.7681916019,1000
sp12,37,species.catchability.fsh2.sp0,0.532353298847249,52.2022016464861,67.3096037002148,1000
sp12,38,species.catchability.fsh2.sp5,-1.96418812372222,49.1665455363056,63.6803229309373,1000
sp12,39,species.catchability.fsh2.sp7,-0.943956909388873,51.007791289,65.9934500344047,1000
sp12,40,species.catchability.fsh2.sp8,2.80875499595832,51.6088842232639,65.5370808940931,1000
sp12,41,species.catchability.fsh3.sp0,-2.02831348756945,49.0801006160695,63.7530489077979,1000
sp12,42,species.catchability.fsh3.sp1,-2.76513300719447,51.9354727943333,67.2656777288712,1000
sp12,43,species.catchability.fsh3.sp2,0.451937927875016,49.7597085124028,64.7744081952989,1000
sp12,44,species.catchability.fsh3.sp3,-0.774940779472226,53.0831365520555,67.7367578284559,1000
sp12,45,species.catchability.fsh3.sp5,-0.181074275375009,51.9126611845139,65.892484697486,1000
sp12,46,species.catchability.fsh3.sp7,1.14321696941668,48.6060178864167,62.7501362323542,1000
sp12,47,species.catchability.fsh3.sp8,-3.04504096837499,50.9294204512917,64.5436297720157,1000
sp12,48,species.catchability.fsh3.sp9,-1.99003947556946,51.3740047032916,66.0511677057725,1000
sp12,49,species.catchability.fsh3.sp10,2.23599810223611,50.9272710499583,66.120236633799,1000
sp12,50,species.catchability.fsh3.sp11,0.385840188513906,49.9514922605417,65.1047047128654,1000
sp12,51,species.catchability.fsh3.sp12,2.32392749040277,65.6094813320139,83.1961599680065,1000
sp12,52,species.catchability.fsh3.sp13,-0.371754240472216,51.0823329741667,66.0734000103023,1000
sp12,53,species.catchability.fsh3.sp14,-0.20883344543055,51.4776294094028,66.1702860351891,1000
sp12,54,species.catchability.fsh3.sp15,-3.44715689704163,52.5349445865417,67.4084397948619,1000
sp12,55,species.length2weight.condition.factor.sp0,-0.425921033319447,57.2119678410972,72.1289893421805,1000
sp12,56,species.length2weight.condition.factor.sp1,2.37547627420832,48.5037346010972,62.9082890723703,1000
sp12,57,species.length2weight.condition.factor.sp2,2.69781016468056,54.0021607283472,69.8126071632684,1000
sp12,58,species.length2weight.condition.factor.sp3,0.613454372319414,74.2049726330694,98.4839120704155,1000
sp12,59,species.length2weight.condition.factor.sp4,5.26852552790278,55.5650813140695,70.778306157259,1000
sp12,60,species.length2weight.condition.factor.sp5,-1.08186598216668,48.6697119856111,62.9396681066467,1000
sp12,61,species.length2weight.condition.factor.sp6,-1.39072223986112,51.2702051870556,66.188345051911,1000
sp12,62,species.length2weight.condition.factor.sp7,-3.00671011579167,52.6822596779306,67.1748994632821,1000
sp12,63,species.length2weight.condition.factor.sp8,1.76802337920831,48.6484813419306,63.1195583672858,1000
sp12,64,species.length2weight.condition.factor.sp9,-0.338791178055559,60.6003317091667,76.2815287200567,1000
sp12,65,species.length2weight.condition.factor.sp10,-0.968031024430556,57.9380533092084,75.2249199328059,1000
sp12,66,species.length2weight.condition.factor.sp11,2.79323359476389,57.9791665904306,73.6019799522916,1000
sp12,67,species.length2weight.condition.factor.sp12,1.90819398505555,81.0460643543055,99.5856528665773,1000
sp12,68,species.length2weight.condition.factor.sp13,-2.24897108206943,54.9249304676528,70.8933383490183,1000
sp12,69,species.length2weight.condition.factor.sp14,-1.60322107720833,51.2462654177639,66.6959858196969,1000
sp12,70,species.length2weight.condition.factor.sp15,1.64762468791667,50.1650189168334,64.7942371120746,1000
sp12,71,species.k.sp0,-1.3413390028889,114.266979811833,152.099014348477,1000
sp12,72,species.k.sp1,-0.149255200791647,51.4435039211528,66.6576895232286,1000
sp12,73,species.k.sp2,3.6599005179722,55.6686104343056,71.7715068176831,1000
sp12,74,species.k.sp3,-4.02560826441665,153.926464110611,208.257545812872,1000
sp12,75,species.k.sp4,0.939824683000035,56.5764713498056,73.064429840089,1000
sp12,76,species.k.sp5,-8.46520799551389,84.5477804884028,102.179924483334,1000
sp12,77,species.k.sp6,-1.01465248791669,51.1971195711111,67.0945469909807,1000
sp12,78,species.k.sp7,2.37978729576387,49.9878704347361,64.9660166324386,1000
sp12,79,species.k.sp8,-1.95322553951389,50.8347721012639,65.1497550924812,1000
sp12,80,species.k.sp9,-8.59366027430557,84.4528188256667,108.006321428106,1000
sp12,81,species.k.sp10,-4.91716144726856,68.5399296043519,88.948905059842,1000
sp12,82,species.k.sp11,1.53674589327777,101.646391364194,120.94946126223,1000
sp12,83,species.k.sp12,-4.71906884225001,265.340580966028,299.317051564087,1000
sp12,84,species.k.sp13,8.41444884097222,347.601016158861,423.425856478338,1000
sp12,85,species.k.sp14,-1.21547260975001,49.8443402059167,63.9134466447651,1000
sp12,86,species.k.sp15,-0.884661406222226,52.6493052343611,68.3323924598081,1000
sp12,87,species.l0.sp0,2.81356132506945,52.4186183275417,69.3817842623839,1000
sp12,88,species.l0.sp1,3.09255600752776,52.04412089275,66.9940093793742,1000
sp12,89,species.l0.sp2,-2.98662878480554,64.9899207651944,83.0097635653236,1000
sp12,90,species.l0.sp3,0.360729150736119,73.5647026519028,96.2841677209602,1000
sp12,91,species.l0.sp4,-0.829492151055545,55.6756801867778,72.1159702732831,1000
sp12,92,species.l0.sp5,-0.480950291791665,49.350494687375,63.0544918744241,1000
sp12,93,species.l0.sp6,-0.892142519527761,50.1382501610278,65.2741678764631,1000
sp12,94,species.l0.sp7,0.916829493027775,50.8340979259167,66.3428590822626,1000
sp12,95,species.l0.sp8,-2.74504449751389,51.7913143040417,66.9058104186014,1000
sp12,96,species.l0.sp9,1.07064729304167,126.018736540958,150.288949173905,1000
sp12,97,species.l0.sp10,4.37374337565274,115.001070136458,149.364188141898,1000
sp12,98,species.l0.sp11,0.560625283361109,80.9111294848889,100.624893879212,1000
sp12,99,species.l0.sp12,-2.13491341816665,70.7183614658889,89.8340752056811,1000
sp12,100,species.l0.sp13,3.87311586705554,50.9570956193056,65.9623830554294,1000
sp12,101,species.l0.sp14,3.96919198579166,50.118178917625,64.7397538426903,1000
sp12,102,species.l0.sp15,-2.85330445448609,50.5052910651528,64.4641116210093,1000
sp12,103,mortality.additional.larva.rate.sp0,1.28170802151388,101.673804043681,135.113430018979,1000
sp12,104,mortality.additional.larva.rate.sp1,-3.22059242584722,53.0496398274306,68.389406284491,1000
sp12,105,mortality.additional.larva.rate.sp2,-1.78795469231946,119.656805575125,160.209109807814,1000
sp12,106,mortality.additional.larva.rate.sp3,-21.8618946645556,350.70625725975,471.474903919254,1000
sp12,107,mortality.additional.larva.rate.sp4,-1.70147613406944,50.7354791075417,65.6107329917685,1000
sp12,108,mortality.additional.larva.rate.sp5,-0.264714475472203,49.6357166898056,62.6537313005877,1000
sp12,109,mortality.additional.larva.rate.sp6,0.970599417375011,49.6193312952361,62.2516272987247,1000
sp12,110,mortality.additional.larva.rate.sp9,14.7380275693194,228.815060631986,260.310751368975,1000
sp12,111,mortality.additional.larva.rate.sp10,-1.23977775269445,195.571318135278,248.277148055873,1000
sp12,112,mortality.additional.larva.rate.sp11,0.97472846362502,51.0701173872361,65.5829536628149,1000
sp12,113,mortality.additional.larva.rate.sp12,-3.69319552418055,250.249217093264,293.056990621543,1000
sp12,114,mortality.additional.larva.rate.sp13,-0.47345667211111,50.7874434795,65.0401262831218,1000
sp12,115,mortality.additional.larva.rate.sp14,-2.21735492980555,51.6049872720278,65.6429199846086,1000
sp12,116,mortality.additional.larva.rate.sp15,3.17566373279165,57.7164093851528,74.1776944130322,1000
sp12,117,mortality.additional.larva.rate.mean.sp7,-2.34163972077779,51.5374035821945,65.6565373394736,1000
sp12,118,mortality.additional.larva.rate.mean.sp8,-0.835727258236112,51.4516169180417,67.4484308001729,1000
sp12,119,species.linf.sp0,4.63409747393058,134.540523576764,182.043682499231,1000
sp12,120,species.linf.sp1,-0.380206678638884,54.0757930463333,69.1581796501556,1000
sp12,121,species.linf.sp2,-6.06257032480555,95.8660230556389,127.451444614686,1000
sp12,122,species.linf.sp3,31.5268336966528,501.461524011292,602.519237072929,1000
sp12,123,species.linf.sp4,3.77000392682407,84.9643693164908,110.675782038737,1000
sp12,124,species.linf.sp5,7.72259719291665,233.461867206944,253.483463514966,1000
sp12,125,species.linf.sp6,-1.738341919125,56.2368631674306,72.9940951184151,1000
sp12,126,species.linf.sp7,-1.02017821781942,49.4143497428194,63.8082701118773,1000
sp12,127,species.linf.sp8,0.642389960236111,55.0239333518195,71.6145450678279,1000
sp12,128,species.linf.sp9,2.39809645872221,182.507127556056,228.979485555445,1000
sp12,129,species.linf.sp10,-5.50484749373612,159.964557714208,208.432774846709,1000
sp12,130,species.linf.sp11,1.82594978465277,79.3075279903473,100.291902338323,1000
sp12,131,species.linf.sp12,-65.3398245201528,1606.75972217085,1657.11353386834,1000
sp12,132,species.linf.sp13,-2.15473841974998,152.368989619,195.36982375297,1000
sp12,133,species.linf.sp14,1.31553357959724,52.5497431109583,67.9334225034696,1000
sp12,134,species.linf.sp15,-3.49523665293058,62.8456237131528,80.0765470754631,1000
sp12,135,species.accessibility2fish.sp16,0.282916591611138,51.0173894278611,65.5949866558662,1000
sp12,136,species.accessibility2fish.sp17,0.989839132333305,50.8883297959167,66.2911164470175,1000
sp12,137,species.accessibility2fish.sp18,-4.41411591765277,52.6516468262361,67.4053520805068,1000
sp12,138,species.accessibility2fish.sp19,-8.08811361351391,167.309502401319,269.026401484204,1000
sp12,139,species.accessibility2fish.sp20,2.18809670984723,51.926691268375,66.7457902831953,1000
sp12,140,species.accessibility2fish.sp21,-1.82397347241668,240.408501368972,402.656353312868,1000
sp12,141,species.accessibility2fish.sp22,-1.40312469529167,50.0322477582083,64.0048798637691,1000
sp12,142,species.accessibility2fish.sp23,-1.38702247687501,49.1968901772639,63.6618689233174,1000
sp12,143,species.accessibility2fish.sp24,-2.29145239973612,70.2432083154861,89.3657858696667,1000
sp12,144,species.accessibility2fish.sp25,-0.364868827069417,51.8948368731528,66.2310246652846,1000
sp12,145,species.accessibility2fish.sp26,2.18672000837498,48.7004897579861,62.6344152776097,1000
sp12,146,species.maturity.size.ratio.sp0,-0.854742869263915,104.909902804681,145.233454798032,1000
sp12,147,species.maturity.size.ratio.sp1,-0.885587617541675,50.6708772302639,66.0766323725097,1000
sp12,148,species.maturity.size.ratio.sp2,-2.33448613893056,55.2054037178194,71.0390124840777,1000
sp12,149,species.maturity.size.ratio.sp3,0.71685909244443,50.0270186573889,64.2807935777749,1000
sp12,150,species.maturity.size.ratio.sp4,0.237727141069451,59.8454283055416,75.4137526922835,1000
sp12,151,species.maturity.size.ratio.sp5,-0.91133099127778,49.7867448816111,63.2710919107224,1000
sp12,152,species.maturity.size.ratio.sp6,-2.15877121405557,50.4757532471111,65.1698071751462,1000
sp12,153,species.maturity.size.ratio.sp7,-0.398442406444411,51.7938782524722,67.0211488433681,1000
sp12,154,species.maturity.size.ratio.sp8,3.42509196049998,51.0224947553611,65.9160714082687,1000
sp12,155,species.maturity.size.ratio.sp9,0.0220832066388987,54.6626833697778,70.6282132464586,1000
sp12,156,species.maturity.size.ratio.sp10,-2.10045768829168,75.3489790661805,99.4514390439906,1000
sp12,157,species.maturity.size.ratio.sp11,-11.7425801458195,293.951095598319,322.378987740177,1000
sp12,158,species.maturity.size.ratio.sp12,0.722599000277767,95.2397450071667,126.135846264041,1000
sp12,159,species.maturity.size.ratio.sp13,8.03784025245832,549.718383091014,633.365245308119,1000
sp12,160,species.maturity.size.ratio.sp14,2.32599640544447,50.945174196,66.2111464988811,1000
sp12,161,species.maturity.size.ratio.sp15,-1.52605781640278,57.3351980612639,75.0298243441233,1000
sp12,162,predation.predPrey.sizeRatio.teta.sp0.stage1,-2.30954793980553,49.2138773295556,62.8571916125273,1000
sp12,163,predation.predPrey.sizeRatio.alpha.sp0.stage1,-5.9993837015,86.0344234273611,113.746533778329,1000
sp12,164,predation.predPrey.sizeRatio.teta.sp1.stage1,-2.21489763911112,50.3801675879445,63.7137628063414,1000
sp12,165,predation.predPrey.sizeRatio.alpha.sp1.stage1,-1.24908446677777,47.7883267386389,62.5585688424516,1000
sp12,166,predation.predPrey.sizeRatio.teta.sp2.stage1,-4.26899807356944,49.1290189180972,63.7211170754358,1000
sp12,167,predation.predPrey.sizeRatio.alpha.sp2.stage1,-0.669449018486125,69.7025571197084,91.0084241415937,1000
sp12,168,predation.predPrey.sizeRatio.teta.sp3.stage1,0.828842102083354,54.3395998811945,69.2622678432883,1000
sp12,169,predation.predPrey.sizeRatio.alpha.sp3.stage1,3.80786088831945,193.937089915042,261.793214445542,1000
sp12,170,predation.predPrey.sizeRatio.teta.sp4.stage1,0.512436145277785,49.4956552080278,62.2890617640652,1000
sp12,171,predation.predPrey.sizeRatio.alpha.sp4.stage1,-4.4883429392083,61.2324743911806,78.9608613248646,1000
sp12,172,predation.predPrey.sizeRatio.teta.sp5.stage1,-1.61984667745832,51.1358650680695,65.1507354202635,1000
sp12,173,predation.predPrey.sizeRatio.teta.sp5.stage2,-2.98677368918053,87.0041426332361,109.0843090686,1000
sp12,174,predation.predPrey.sizeRatio.alpha.sp5.stage1,1.12920855502778,50.6857209909166,64.4466631041812,1000
sp12,175,predation.predPrey.sizeRatio.alpha.sp5.stage2,-0.822804094388877,65.1872616766389,82.9436450331047,1000
sp12,176,predation.predPrey.sizeRatio.teta.sp6.stage1,1.80248950418057,52.5992892180972,67.2520638358768,1000
sp12,177,predation.predPrey.sizeRatio.alpha.sp6.stage1,-1.15107790524998,51.1592929460278,65.5882472464858,1000
sp12,178,predation.predPrey.sizeRatio.teta.sp7.stage1,-1.63538397458334,50.1700260835278,64.3770400922948,1000
sp12,179,predation.predPrey.sizeRatio.alpha.sp7.stage1,2.46500322250002,51.0752413025555,65.392730145464,1000
sp12,180,predation.predPrey.sizeRatio.teta.sp8.stage1,-4.77745584438889,53.2750241521944,67.8927930728014,1000
sp12,181,predation.predPrey.sizeRatio.alpha.sp8.stage1,-1.19527902802778,55.6565089610833,72.3449321436511,1000
sp12,182,predation.predPrey.sizeRatio.teta.sp9.stage1,-1.13094463931946,52.1776067749028,67.0007788246795,1000
sp12,183,predation.predPrey.sizeRatio.alpha.sp9.stage1,10.2965938204305,247.967415893264,291.001982700083,1000
sp12,184,predation.predPrey.sizeRatio.teta.sp10.stage1,-0.372094603708326,53.1032936137083,69.7790078134889,1000
sp12,185,predation.predPrey.sizeRatio.alpha.sp10.stage1,-1.67424115473611,91.4035968244584,122.018316211206,1000
sp12,186,predation.predPrey.sizeRatio.teta.sp11.stage1,0.535991810180548,68.1732846731806,85.9003806387373,1000
sp12,187,predation.predPrey.sizeRatio.alpha.sp11.stage1,-1.64114034029167,55.3347018977084,72.1628436599591,1000
sp12,188,predation.predPrey.sizeRatio.teta.sp12.stage1,0.154849671180572,117.116059775653,144.413412175366,1000
sp12,189,predation.predPrey.sizeRatio.alpha.sp12.stage1,-0.160012896263869,140.769255859264,178.934364903729,1000
sp12,190,predation.predPrey.sizeRatio.teta.sp13.stage1,-2.3723868826389,52.0127990695833,66.4760700343584,1000
sp12,191,predation.predPrey.sizeRatio.alpha.sp13.stage1,-4.76684199279166,92.679244907375,120.803971581105,1000
sp12,192,predation.predPrey.sizeRatio.teta.sp14.stage1,4.98522894459719,49.8251230770417,64.455358287885,1000
sp12,193,predation.predPrey.sizeRatio.alpha.sp14.stage1,2.55399847315279,52.2045937897361,67.8298193469434,1000
sp12,194,predation.predPrey.sizeRatio.teta.sp15.stage1,-0.88412727671526,51.7376843502847,67.2278406295266,1000
sp12,195,predation.predPrey.sizeRatio.alpha.sp15.stage1,1.98685374261111,87.3601896519722,111.407807031155,1000
sp13,1,mortality.additional.rate.sp0,-3.02651195093667,167.888223864249,293.398544728111,1000
sp13,2,mortality.additional.rate.sp1,10.6174097429287,162.859525124827,277.343967704068,1000
sp13,3,mortality.additional.rate.sp2,7.93045264457446,163.772302070238,284.936316594747,1000
sp13,4,mortality.additional.rate.sp3,11.8954772858958,156.950894482168,274.546077711292,1000
sp13,5,mortality.additional.rate.sp4,-11.2476720638134,157.759705731598,285.508675508991,1000
sp13,6,mortality.additional.rate.sp5,10.871167768364,164.540600436158,295.356988388352,1000
sp13,7,mortality.additional.rate.sp6,-9.73753845299314,148.21862423919,251.298142807117,1000
sp13,8,mortality.additional.rate.sp7,-7.47119101535849,152.782740871741,264.70029821367,1000
sp13,9,mortality.additional.rate.sp8,-15.5992899916273,159.470953381063,282.524836854013,1000
sp13,10,mortality.additional.rate.sp9,0.0431032760005406,158.282511519914,267.686011104414,1000
sp13,11,mortality.additional.rate.sp10,2.49750127434782,151.300174805193,262.400781646241,1000
sp13,12,mortality.additional.rate.sp11,-5.09870434401526,156.201829944748,261.703646926626,1000
sp13,13,mortality.additional.rate.sp12,18.163610718051,164.604499233841,302.195384788035,1000
sp13,14,mortality.additional.rate.sp13,-2.93111161451247,157.973600691564,275.292641841328,1000
sp13,15,mortality.additional.rate.sp14,2.05801200182793,147.241776970311,246.311421775779,1000
sp13,16,mortality.additional.rate.sp15,-3.27296034258264,162.396063534785,279.808538414444,1000
sp13,17,fisheries.rate.base.fsh0,-19.6053835272062,651.787473986453,1059.1433729916,1000
sp13,18,fisheries.rate.base.fsh1,-0.260405488131167,168.700405661865,276.381078411807,1000
sp13,19,fisheries.rate.base.fsh2,3.45390424992611,149.639210110575,258.846119602833,1000
sp13,20,fisheries.rate.base.fsh3,-16.1058488674982,159.313390946038,274.687244579586,1000
sp13,21,species.catchability.fsh0.sp0,5.28602773309823,160.991677284855,284.263109083705,1000
sp13,22,species.catchability.fsh0.sp1,-1.20393668905738,160.08248170684,275.209607684117,1000
sp13,23,species.catchability.fsh0.sp2,-4.6302893456739,158.465250396246,266.087879104013,1000
sp13,24,species.catchability.fsh0.sp3,-3.33394292846175,153.406763623755,250.946041630022,1000
sp13,25,species.catchability.fsh0.sp5,8.41298453367023,141.92878352383,237.671454648828,1000
sp13,26,species.catchability.fsh0.sp7,-15.2267387739218,162.494268141011,281.221478812131,1000
sp13,27,species.catchability.fsh0.sp8,-16.9156252060185,151.749597059329,257.774927326495,1000
sp13,28,species.catchability.fsh0.sp9,2.32655787261806,155.323907047681,282.716686670023,1000
sp13,29,species.catchability.fsh0.sp10,1.02987208202467,158.424884623832,268.804377075119,1000
sp13,30,species.catchability.fsh0.sp13,-39.2271761745486,598.936089175793,974.958072322742,1000
sp13,31,species.catchability.fsh0.sp14,-0.293498565172133,156.441188014566,259.620361805992,1000
sp13,32,species.catchability.fsh0.sp15,1.40634630100887,159.214694402495,277.826154993752,1000
sp13,33,species.catchability.fsh1.sp9,-1.01043401324484,160.685486336272,279.65266318002,1000
sp13,34,species.catchability.fsh1.sp10,5.62854136892093,167.449564897769,295.03665208864,1000
sp13,35,species.catchability.fsh1.sp11,-3.99358448784434,161.920071343921,295.009628759972,1000
sp13,36,species.catchability.fsh1.sp12,2.49509891762126,154.994529652819,266.16035459491,1000
sp13,37,species.catchability.fsh2.sp0,8.59031459287337,146.914648113069,249.171365216079,1000
sp13,38,species.catchability.fsh2.sp5,-16.6090626004942,162.179090111294,280.144873975763,1000
sp13,39,species.catchability.fsh2.sp7,-14.7243304873795,168.380053726938,301.139550759573,1000
sp13,40,species.catchability.fsh2.sp8,-14.6014013454524,145.356779924423,247.775663886272,1000
sp13,41,species.catchability.fsh3.sp0,4.61303378337242,152.58021861121,262.001213590512,1000
sp13,42,species.catchability.fsh3.sp1,1.21683876529203,158.321015954237,278.887866544327,1000
sp13,43,species.catchability.fsh3.sp2,-4.51931944280116,162.226826928269,284.902675149165,1000
sp13,44,species.catchability.fsh3.sp3,8.56905815749071,154.211093913623,275.073827167655,1000
sp13,45,species.catchability.fsh3.sp5,6.86543058183963,170.214080541349,279.787518068718,1000
sp13,46,species.catchability.fsh3.sp7,4.1242821070825,151.203584021055,259.220535195832,1000
sp13,47,species.catchability.fsh3.sp8,7.19962315761382,153.081878982266,256.469050466509,1000
sp13,48,species.catchability.fsh3.sp9,-6.66081515045423,157.081387120088,293.672597961222,1000
sp13,49,species.catchability.fsh3.sp10,-2.80470111220624,152.976255821116,259.25336150303,1000
sp13,50,species.catchability.fsh3.sp11,2.76906817295141,155.634813937682,251.248430224062,1000
sp13,51,species.catchability.fsh3.sp12,-4.86312477874585,153.155129056855,263.564209278999,1000
sp13,52,species.catchability.fsh3.sp13,10.8831662811126,165.497237382401,295.455597700505,1000
sp13,53,species.catchability.fsh3.sp14,6.2537780529611,160.979865298288,264.154633803151,1000
sp13,54,species.catchability.fsh3.sp15,-9.00079946658377,149.860081544646,266.244422504671,1000
sp13,55,species.length2weight.condition.factor.sp0,4.00648524526918,167.65588221788,284.615454848671,1000
sp13,56,species.length2weight.condition.factor.sp1,-19.5348157006171,166.306972008959,280.461434400843,1000
sp13,57,species.length2weight.condition.factor.sp2,6.24333980936347,154.1320447642,259.515939271595,1000
sp13,58,species.length2weight.condition.factor.sp3,11.9415339341395,153.340804531608,255.834452786087,1000
sp13,59,species.length2weight.condition.factor.sp4,-12.2333609939077,198.918760393766,314.612095602147,1000
sp13,60,species.length2weight.condition.factor.sp5,10.6169676197884,158.320975861434,265.935826220697,1000
sp13,61,species.length2weight.condition.factor.sp6,4.80258082290177,154.48963289108,262.227343284389,1000
sp13,62,species.length2weight.condition.factor.sp7,-5.57266323007875,159.190065044018,287.875882788958,1000
sp13,63,species.length2weight.condition.factor.sp8,2.95760179231737,146.673786752273,260.990361269859,1000
sp13,64,species.length2weight.condition.factor.sp9,4.34961280184725,163.196240238071,284.383878011977,1000
sp13,65,species.length2weight.condition.factor.sp10,0.173018519090025,156.836090235716,273.271522392203,1000
sp13,66,species.length2weight.condition.factor.sp11,-8.28817075459921,153.586757165406,263.840470116616,1000
sp13,67,species.length2weight.condition.factor.sp12,2.01550288725018,157.96377143382,268.056495283845,1000
sp13,68,species.length2weight.condition.factor.sp13,-3.43157609167971,173.06211349771,293.337623434813,1000
sp13,69,species.length2weight.condition.factor.sp14,0.279707404294647,153.914591992612,264.74698195056,1000
sp13,70,species.length2weight.condition.factor.sp15,-10.0174450589623,169.522785636157,288.567767342614,1000
sp13,71,species.k.sp0,3.20948446549406,232.938118238988,409.056588555628,1000
sp13,72,species.k.sp1,-3.86551949923949,153.412902566042,261.090752858402,1000
sp13,73,species.k.sp2,-8.00381355766928,167.016006482943,295.120222255711,1000
sp13,74,species.k.sp3,-1.84492436313682,171.502967020567,316.814162979447,1000
sp13,75,species.k.sp4,3.9686758006587,232.420620540663,391.933895434918,1000
sp13,76,species.k.sp5,7.38508564533263,164.193077614813,298.971820299785,1000
sp13,77,species.k.sp6,14.4400495279497,161.837333337432,285.191573361648,1000
sp13,78,species.k.sp7,-0.368304719646601,148.893575645023,263.043729085099,1000
sp13,79,species.k.sp8,-10.5801050028852,150.540477880691,254.960046441881,1000
sp13,80,species.k.sp9,-31.199445203592,289.92236277492,447.826042475126,1000
sp13,81,species.k.sp10,9.47133758537212,151.003890228285,256.305546060862,1000
sp13,82,species.k.sp11,-1.46671391532899,152.10968249553,257.23363525574,1000
sp13,83,species.k.sp12,6.59592665969411,163.718402319506,280.828394193478,1000
sp13,84,species.k.sp13,14.4442446891521,2663.1232509959,3508.63159328344,1000
sp13,85,species.k.sp14,-3.79891030684976,158.349959888995,264.017419366929,1000
sp13,86,species.k.sp15,2.57363413778603,151.306201277847,270.386582672568,1000
sp13,87,species.l0.sp0,-9.0757737555043,166.307067118811,289.244913042658,1000
sp13,88,species.l0.sp1,15.1285174775809,163.360365407332,281.875830799586,1000
sp13,89,species.l0.sp2,9.08987175696467,173.216551457915,284.685256550937,1000
sp13,90,species.l0.sp3,-5.55654334951302,172.701292517615,297.615099627511,1000
sp13,91,species.l0.sp4,-14.4134954132139,233.749404160415,389.531026369992,1000
sp13,92,species.l0.sp5,-15.6778876643762,165.928174766125,295.299913663423,1000
sp13,93,species.l0.sp6,-19.9089818004239,152.345323324653,277.908145996817,1000
sp13,94,species.l0.sp7,-2.25058504987181,153.780669156488,262.544540868314,1000
sp13,95,species.l0.sp8,1.79263329169562,154.836774979066,258.887844588635,1000
sp13,96,species.l0.sp9,-6.38063556002901,221.92599158322,366.345471205081,1000
sp13,97,species.l0.sp10,-0.366749174626217,158.266319259553,259.596829149839,1000
sp13,98,species.l0.sp11,-6.6877921457314,152.131133939206,271.21266554828,1000
sp13,99,species.l0.sp12,-2.36250123867939,163.937846908232,285.644307308934,1000
sp13,100,species.l0.sp13,4.91278108884309,153.736356854247,254.089246774971,1000
sp13,101,species.l0.sp14,16.4979316285334,143.430157835236,245.50241481034,1000
sp13,102,species.l0.sp15,-6.23912930976404,149.019556119005,269.524684320198,1000
sp13,103,mortality.additional.larva.rate.sp0,-17.3898254932601,233.641172187189,418.849994505633,1000
sp13,104,mortality.additional.larva.rate.sp1,2.36459454235448,149.561506594822,245.834309895856,1000
sp13,105,mortality.additional.larva.rate.sp2,20.4298777014481,322.955575094025,526.067350616272,1000
sp13,106,mortality.additional.larva.rate.sp3,-19.7514351906608,223.351580695868,379.490169241447,1000
sp13,107,mortality.additional.larva.rate.sp4,4.1411010308199,162.746493525997,282.567607488749,1000
sp13,108,mortality.additional.larva.rate.sp5,13.0713346455312,150.331454915128,274.296328355705,1000
sp13,109,mortality.additional.larva.rate.sp6,-12.9133205975449,170.546705116572,283.950672602539,1000
sp13,110,mortality.additional.larva.rate.sp9,3.29400079016926,280.042724562856,426.354296053397,1000
sp13,111,mortality.additional.larva.rate.sp10,8.01141908753862,162.629286741758,282.616716535277,1000
sp13,112,mortality.additional.larva.rate.sp11,-12.9846128406922,174.955717322941,326.337585765229,1000
sp13,113,mortality.additional.larva.rate.sp12,4.41481299845903,197.782240529431,331.510025984123,1000
sp13,114,mortality.additional.larva.rate.sp13,-0.75748722026911,151.675969220886,269.348771588045,1000
sp13,115,mortality.additional.larva.rate.sp14,-10.7537993024404,164.785298628076,281.927659135442,1000
sp13,116,mortality.additional.larva.rate.sp15,3.47344563812686,160.976624588177,274.778028440575,1000
sp13,117,mortality.additional.larva.rate.mean.sp7,-2.68029422914589,167.264211115859,294.582885989373,1000
sp13,118,mortality.additional.larva.rate.mean.sp8,9.58882710581684,154.875072815356,271.077868388087,1000
sp13,119,species.linf.sp0,-17.3863949826671,248.567553256703,460.899800575621,1000
sp13,120,species.linf.sp1,20.5203485008775,155.690396605906,262.849916863057,1000
sp13,121,species.linf.sp2,-12.6705415530543,297.102145456309,484.947771327111,1000
sp13,122,species.linf.sp3,3.2336081358981,210.190037003188,358.087752440299,1000
sp13,123,species.linf.sp4,-9.74557609478689,384.419831169593,691.189384781057,1000
sp13,124,species.linf.sp5,-9.97734629434239,183.70634164873,295.638552997156,1000
sp13,125,species.linf.sp6,-7.4135310372314,161.021443276463,288.208883822917,1000
sp13,126,species.linf.sp7,3.60372901609685,169.799023292036,292.931232564871,1000
sp13,127,species.linf.sp8,9.24589334468722,156.698879441844,264.732781877332,1000
sp13,128,species.linf.sp9,-1.51088252703668,664.415315059747,911.539629383543,1000
sp13,129,species.linf.sp10,-5.71432483225301,159.623687384244,294.51961282843,1000
sp13,130,species.linf.sp11,1.24018755742235,166.238360271829,279.715948539225,1000
sp13,131,species.linf.sp12,14.0957470347861,176.202068208138,321.24797668683,1000
sp13,132,species.linf.sp13,-51.0611530539955,2226.75315422948,3088.95836299396,1000
sp13,133,species.linf.sp14,0.0732187500998073,166.564060776194,285.592629910307,1000
sp13,134,species.linf.sp15,16.6884117489376,160.508396508504,281.73568980532,1000
sp13,135,species.accessibility2fish.sp16,4.83084539720182,163.551853363699,270.800081621517,1000
sp13,136,species.accessibility2fish.sp17,-4.93182041072394,150.170499250726,253.917695371153,1000
sp13,137,species.accessibility2fish.sp18,-1.15687472438416,154.057982280998,259.324734131215,1000
sp13,138,species.accessibility2fish.sp19,-2.94419772259923,165.79514555853,302.32669740647,1000
sp13,139,species.accessibility2fish.sp20,-2.14270334254701,160.964886257732,270.288741543579,1000
sp13,140,species.accessibility2fish.sp21,28.011835441853,262.168298928086,514.671297287078,1000
sp13,141,species.accessibility2fish.sp22,-7.10600812111838,158.202182819863,268.141013473311,1000
sp13,142,species.accessibility2fish.sp23,-11.3131713834514,158.101485891126,288.560876014255,1000
sp13,143,species.accessibility2fish.sp24,5.37348195741773,160.393414790904,266.025264041949,1000
sp13,144,species.accessibility2fish.sp25,5.79313686275416,144.541798988305,243.233495163021,1000
sp13,145,species.accessibility2fish.sp26,7.27932014683734,156.809702290634,272.497852122812,1000
sp13,146,species.maturity.size.ratio.sp0,11.6193698596519,247.308276342616,448.315415619873,1000
sp13,147,species.maturity.size.ratio.sp1,5.54906870311161,162.621435972628,281.711352163059,1000
sp13,148,species.maturity.size.ratio.sp2,2.48016712914156,161.553993204635,290.299208441409,1000
sp13,149,species.maturity.size.ratio.sp3,-16.5871043006967,164.335695921092,273.39955235296,1000
sp13,150,species.maturity.size.ratio.sp4,-5.40239730244611,193.178771174888,309.637139583073,1000
sp13,151,species.maturity.size.ratio.sp5,2.1743389110963,161.11819616484,277.237650928429,1000
sp13,152,species.maturity.size.ratio.sp6,2.5720989598428,150.692566762866,257.342380050692,1000
sp13,153,species.maturity.size.ratio.sp7,-17.1261224029543,168.587947001354,295.901597897883,1000
sp13,154,species.maturity.size.ratio.sp8,8.33473387827305,163.413913754086,279.873113868125,1000
sp13,155,species.maturity.size.ratio.sp9,-12.8796798400443,156.92976791119,273.425549199564,1000
sp13,156,species.maturity.size.ratio.sp10,-1.13261228459745,167.84963743374,282.635987867455,1000
sp13,157,species.maturity.size.ratio.sp11,2.61594923027446,156.398389754584,258.916728286202,1000
sp13,158,species.maturity.size.ratio.sp12,1.78756958051458,164.555138168704,301.76996583464,1000
sp13,159,species.maturity.size.ratio.sp13,-21.7077310231539,2852.04671872108,3677.26331423689,1000
sp13,160,species.maturity.size.ratio.sp14,-23.1580146269092,155.765703274893,242.946032057715,1000
sp13,161,species.maturity.size.ratio.sp15,11.0136792435173,152.951428587633,262.213229447227,1000
sp13,162,predation.predPrey.sizeRatio.teta.sp0.stage1,3.35083966873856,151.369834953882,246.27605814705,1000
sp13,163,predation.predPrey.sizeRatio.alpha.sp0.stage1,6.01458060115816,169.064509582706,281.038849341933,1000
sp13,164,predation.predPrey.sizeRatio.teta.sp1.stage1,-2.1101829841147,144.04508179831,259.447932712587,1000
sp13,165,predation.predPrey.sizeRatio.alpha.sp1.stage1,6.6086115274938,145.623341208782,246.501417616147,1000
sp13,166,predation.predPrey.sizeRatio.teta.sp2.stage1,0.830059189169484,157.795799977141,274.075197130808,1000
sp13,167,predation.predPrey.sizeRatio.alpha.sp2.stage1,8.84038997810938,164.033381521728,293.202137113798,1000
sp13,168,predation.predPrey.sizeRatio.teta.sp3.stage1,0.256449789480269,155.638577696867,261.217969125418,1000
sp13,169,predation.predPrey.sizeRatio.alpha.sp3.stage1,1.16675750987549,187.519374084233,319.810763266952,1000
sp13,170,predation.predPrey.sizeRatio.teta.sp4.stage1,9.26321954093181,164.718750599607,280.054598764401,1000
sp13,171,predation.predPrey.sizeRatio.alpha.sp4.stage1,6.81303465746474,262.457323554334,449.331371407672,1000
sp13,172,predation.predPrey.sizeRatio.teta.sp5.stage1,-1.97715305105164,162.969728935484,281.916166474554,1000
sp13,173,predation.predPrey.sizeRatio.teta.sp5.stage2,0.855540165081296,158.910157975481,266.06013285555,1000
sp13,174,predation.predPrey.sizeRatio.alpha.sp5.stage1,8.28184618466148,157.536395216908,272.860815777278,1000
sp13,175,predation.predPrey.sizeRatio.alpha.sp5.stage2,3.15676748214383,159.168624095185,267.338085578689,1000
sp13,176,predation.predPrey.sizeRatio.teta.sp6.stage1,-12.9624956291257,155.927857432206,278.380375597852,1000
sp13,177,predation.predPrey.sizeRatio.alpha.sp6.stage1,12.5260430256137,159.617950860742,275.657310117846,1000
sp13,178,predation.predPrey.sizeRatio.teta.sp7.stage1,4.16059141005529,156.596380581663,279.610813962202,1000
sp13,179,predation.predPrey.sizeRatio.alpha.sp7.stage1,-10.2370257540067,150.090927821865,272.969105444906,1000
sp13,180,predation.predPrey.sizeRatio.teta.sp8.stage1,15.6546286090351,166.43440631123,332.531130833933,1000
sp13,181,predation.predPrey.sizeRatio.alpha.sp8.stage1,5.168065575008,165.918965103594,282.897110912024,1000
sp13,182,predation.predPrey.sizeRatio.teta.sp9.stage1,0.226508728380118,158.724207532707,267.002226236682,1000
sp13,183,predation.predPrey.sizeRatio.alpha.sp9.stage1,-14.8575183303657,206.594137286886,347.91683576884,1000
sp13,184,predation.predPrey.sizeRatio.teta.sp10.stage1,-3.27614763291169,155.907795298932,262.257849093441,1000
sp13,185,predation.predPrey.sizeRatio.alpha.sp10.stage1,18.509778229929,168.212028005933,313.583249787536,1000
sp13,186,predation.predPrey.sizeRatio.teta.sp11.stage1,1.53332969556438,149.91725059976,251.522688826451,1000
sp13,187,predation.predPrey.sizeRatio.alpha.sp11.stage1,14.2574859574152,166.382687954855,279.02999862474,1000
sp13,188,predation.predPrey.sizeRatio.teta.sp12.stage1,-6.94410939392472,164.483430444797,290.555154413633,1000
sp13,189,predation.predPrey.sizeRatio.alpha.sp12.stage1,-7.71252953737971,174.020079962723,304.910123492239,1000
sp13,190,predation.predPrey.sizeRatio.teta.sp13.stage1,-0.317805407239404,215.073047910803,353.993936465944,1000
sp13,191,predation.predPrey.sizeRatio.alpha.sp13.stage1,122.196937471612,1410.45735238501,2075.27077524796,1000
sp13,192,predation.predPrey.sizeRatio.teta.sp14.stage1,0.781829865305199,154.016802264304,251.161747864231,1000
sp13,193,predation.predPrey.sizeRatio.alpha.sp14.stage1,7.37874628988819,166.12732382345,287.974602225442,1000
sp13,194,predation.predPrey.sizeRatio.teta.sp15.stage1,-6.54041827757705,163.291962696086,282.171809360947,1000
sp13,195,predation.predPrey.sizeRatio.alpha.sp15.stage1,-0.21124721403574,148.736922384254,244.644090955872,1000
sp14,1,mortality.additional.rate.sp0,0.440046160407691,15.160446486329,20.4523915397171,1000
sp14,2,mortality.additional.rate.sp1,-0.113858771290625,15.3897497886219,20.8378390084443,1000
sp14,3,mortality.additional.rate.sp2,1.39642816315417,18.3163840203602,25.2803033560445,1000
sp14,4,mortality.additional.rate.sp3,0.212556066240169,16.1937011058932,21.9938887027236,1000
sp14,5,mortality.additional.rate.sp4,-0.628232526781195,15.1816055474757,20.4926899383625,1000
sp14,6,mortality.additional.rate.sp5,1.38097399825805,17.4217320294057,24.1983617203433,1000
sp14,7,mortality.additional.rate.sp6,-0.715750430538549,15.005243841213,20.5183280433763,1000
sp14,8,mortality.additional.rate.sp7,-0.133748587431141,15.2756711284275,20.2915705974611,1000
sp14,9,mortality.additional.rate.sp8,1.15953365587934,14.8309490805505,19.6870463098077,1000
sp14,10,mortality.additional.rate.sp9,1.09631365074037,15.4995665140081,20.6500551108922,1000
sp14,11,mortality.additional.rate.sp10,0.765979434504367,14.9743415848741,20.3347935077871,1000
sp14,12,mortality.additional.rate.sp11,-0.955927052801373,15.3490640220425,20.70837122329,1000
sp14,13,mortality.additional.rate.sp12,-0.21524429643705,15.1642112497225,20.8385856696797,1000
sp14,14,mortality.additional.rate.sp13,-1.04283321718777,15.4357934490055,20.7074766365162,1000
sp14,15,mortality.additional.rate.sp14,-0.888659800356284,16.6844115839322,22.3798489354784,1000
sp14,16,mortality.additional.rate.sp15,0.164822275190164,16.2027023818142,21.9968164235774,1000
sp14,17,fisheries.rate.base.fsh0,-9.10973130689639,317.099789030724,355.576338892406,1000
sp14,18,fisheries.rate.base.fsh1,-0.954555067423807,18.3414782687978,24.1700153947109,1000
sp14,19,fisheries.rate.base.fsh2,0.416450728202794,15.5648211435725,21.2034654314749,1000
sp14,20,fisheries.rate.base.fsh3,0.244923188506314,21.5120546303715,27.770206425993,1000
sp14,21,species.catchability.fsh0.sp0,0.62320600238115,23.5943401805551,33.0514561834628,1000
sp14,22,species.catchability.fsh0.sp1,-1.49183612067722,15.2408994120856,20.549510897662,1000
sp14,23,species.catchability.fsh0.sp2,-1.04756925813691,16.3169492420653,22.0946646199382,1000
sp14,24,species.catchability.fsh0.sp3,1.19083651240122,19.198466787897,25.8396500826239,1000
sp14,25,species.catchability.fsh0.sp5,0.335706921802372,16.0650052376709,21.8076837699379,1000
sp14,26,species.catchability.fsh0.sp7,-0.80109940072404,16.4201046533909,22.3180543583881,1000
sp14,27,species.catchability.fsh0.sp8,0.130258272675617,16.1917315016983,22.2134647348543,1000
sp14,28,species.catchability.fsh0.sp9,0.102801110519889,15.8234870415646,21.6395246436499,1000
sp14,29,species.catchability.fsh0.sp10,0.306831393408677,15.7074829450822,21.4140987200527,1000
sp14,30,species.catchability.fsh0.sp13,-0.181042720561319,15.2050583333521,20.5439490571711,1000
sp14,31,species.catchability.fsh0.sp14,6.1086923916768,307.340912291627,342.78635482355,1000
sp14,32,species.catchability.fsh0.sp15,-0.978430944179359,15.0036536687492,20.420497605249,1000
sp14,33,species.catchability.fsh1.sp9,0.12938744702265,15.7190915135698,21.2180680994084,1000
sp14,34,species.catchability.fsh1.sp10,0.629604240752253,15.737577455968,20.7544642831208,1000
sp14,35,species.catchability.fsh1.sp11,0.481845320018461,14.5486267202296,19.7629138039571,1000
sp14,36,species.catchability.fsh1.sp12,0.106034438148503,16.2096538312974,22.1493965464513,1000
sp14,37,species.catchability.fsh2.sp0,-0.553438653830406,15.5913755154743,20.696844439933,1000
sp14,38,species.catchability.fsh2.sp5,0.110514691281142,15.685785168123,21.4727758817774,1000
sp14,39,species.catchability.fsh2.sp7,-0.331325899885582,15.3987779635889,21.3978933811969,1000
sp14,40,species.catchability.fsh2.sp8,-0.227746483621317,15.6416392210998,21.4412538370454,1000
sp14,41,species.catchability.fsh3.sp0,0.388931684292478,15.8138569097843,21.2378960550977,1000
sp14,42,species.catchability.fsh3.sp1,-1.43788932598507,15.7400840808152,21.5374853094867,1000
sp14,43,species.catchability.fsh3.sp2,-0.344844895464614,15.0805467390157,20.480708229614,1000
sp14,44,species.catchability.fsh3.sp3,-0.388952621819223,15.2906173008917,20.391997438142,1000
sp14,45,species.catchability.fsh3.sp5,-0.537264600034306,15.4232684857496,20.8267296307303,1000
sp14,46,species.catchability.fsh3.sp7,-1.40781149397356,15.2956053419486,20.4640179222152,1000
sp14,47,species.catchability.fsh3.sp8,0.337398552240081,15.370244850648,20.6570897754543,1000
sp14,48,species.catchability.fsh3.sp9,-0.64141858469388,15.9015180986162,21.9775418981293,1000
sp14,49,species.catchability.fsh3.sp10,-0.627204959047156,15.0767890087637,20.5109225319562,1000
sp14,50,species.catchability.fsh3.sp11,0.0558335679438714,15.2023687881488,21.0694804142456,1000
sp14,51,species.catchability.fsh3.sp12,0.306756276106027,15.0167072136291,20.1915173861071,1000
sp14,52,species.catchability.fsh3.sp13,0.446694206221472,15.704946390043,21.5951453110554,1000
sp14,53,species.catchability.fsh3.sp14,0.255807704193433,21.3778528400565,28.1929088539092,1000
sp14,54,species.catchability.fsh3.sp15,0.270061175486768,15.4105899559821,20.8789758090331,1000
sp14,55,species.length2weight.condition.factor.sp0,-0.794140703637338,31.3436481690075,45.7002130086343,1000
sp14,56,species.length2weight.condition.factor.sp1,-0.640130031582036,15.5480543625016,20.7911827429764,1000
sp14,57,species.length2weight.condition.factor.sp2,-1.21113155416483,18.5192697191876,25.6217161498801,1000
sp14,58,species.length2weight.condition.factor.sp3,1.42210328725854,20.62878770614,27.7938490108446,1000
sp14,59,species.length2weight.condition.factor.sp4,0.199636422458704,16.858480552274,23.0518257889496,1000
sp14,60,species.length2weight.condition.factor.sp5,-0.337357779637761,14.9886226875026,20.2496771418234,1000
sp14,61,species.length2weight.condition.factor.sp6,0.383393737828435,15.6073343575118,21.2208431132497,1000
sp14,62,species.length2weight.condition.factor.sp7,0.739141144102617,15.3575380546746,20.8578172634879,1000
sp14,63,species.length2weight.condition.factor.sp8,0.951602389625308,16.0259989652549,21.640177744013,1000
sp14,64,species.length2weight.condition.factor.sp9,-0.589203043795616,16.4578102318519,22.5804551705971,1000
sp14,65,species.length2weight.condition.factor.sp10,-0.0167642837105313,15.5096682177281,20.8477536424144,1000
sp14,66,species.length2weight.condition.factor.sp11,0.700964288118324,15.6516802814492,20.7894582868306,1000
sp14,67,species.length2weight.condition.factor.sp12,0.190937859494354,16.1069823806912,21.5957337897156,1000
sp14,68,species.length2weight.condition.factor.sp13,0.82845160220632,15.5551763015585,21.1679903008839,1000
sp14,69,species.length2weight.condition.factor.sp14,-4.56847818990904,92.5941015500893,110.510978898435,1000
sp14,70,species.length2weight.condition.factor.sp15,-0.630712119902418,15.938639017163,21.3884796569696,1000
sp14,71,species.k.sp0,-2.43667974410808,71.6020805875579,113.989016125165,1000
sp14,72,species.k.sp1,1.50295513818549,16.0297652363386,21.8241798754786,1000
sp14,73,species.k.sp2,1.02511073748378,30.42506378679,41.1014386350946,1000
sp14,74,species.k.sp3,-0.146754967132728,30.5732892046121,42.4523549692495,1000
sp14,75,species.k.sp4,-2.6476010621539,56.2174604685448,66.8298805501271,1000
sp14,76,species.k.sp5,0.465411624031101,18.062688682347,24.4256545004474,1000
sp14,77,species.k.sp6,1.84567465825068,23.1846871303494,29.0881646483611,1000
sp14,78,species.k.sp7,-0.681082313527841,15.7556972461187,21.5662214269006,1000
sp14,79,species.k.sp8,-0.785292001774039,20.1628151612207,26.7996038024092,1000
sp14,80,species.k.sp9,-0.132894658314053,23.6586738807535,31.2681350400649,1000
sp14,81,species.k.sp10,0.608991638378595,16.5440237366835,21.9720315166512,1000
sp14,82,species.k.sp11,0.558719829285484,16.4356544820391,22.155463641408,1000
sp14,83,species.k.sp12,0.13040364190531,16.3256902597117,22.0482970290988,1000
sp14,84,species.k.sp13,-0.398504156219083,46.5102983721542,63.2397816999554,1000
sp14,85,species.k.sp14,-4.13367070710001,321.290340827673,344.124540265061,1000
sp14,86,species.k.sp15,0.591371458098403,15.9090490713849,21.2740405180497,1000
sp14,87,species.l0.sp0,0.075463636399222,23.8906420027654,36.1391279225679,1000
sp14,88,species.l0.sp1,1.14530460564005,15.308749747325,20.1760059528672,1000
sp14,89,species.l0.sp2,-1.01813233901179,28.7091395763367,38.6328332963533,1000
sp14,90,species.l0.sp3,-0.144357465657794,20.3880835775787,28.1563361948881,1000
sp14,91,species.l0.sp4,-0.477497449615816,32.9880041530536,40.6764830995344,1000
sp14,92,species.l0.sp5,-0.973776261583047,16.2255748886388,22.3381469800449,1000
sp14,93,species.l0.sp6,-0.990686429646612,18.6797846273013,24.7564278731531,1000
sp14,94,species.l0.sp7,0.407787410546372,15.527567470978,21.4378068830466,1000
sp14,95,species.l0.sp8,0.632830728381971,16.1967619587286,22.0939772633119,1000
sp14,96,species.l0.sp9,-1.21532610972407,18.2717987101496,24.5428977889537,1000
sp14,97,species.l0.sp10,0.221545575968765,19.1330426400699,25.5997350232614,1000
sp14,98,species.l0.sp11,-1.11045704734933,15.8838548863885,21.2802399568384,1000
sp14,99,species.l0.sp12,0.13287679161072,16.0654010348213,21.671346801141,1000
sp14,100,species.l0.sp13,0.611055788062378,15.2339221757371,20.6803041096563,1000
sp14,101,species.l0.sp14,1.48645780448959,15.1609659347932,20.4313187782839,1000
sp14,102,species.l0.sp15,-0.468137618487601,15.2708296092108,20.3300708171073,1000
sp14,103,mortality.additional.larva.rate.sp0,3.8085671991097,78.7888662986072,127.448068095882,1000
sp14,104,mortality.additional.larva.rate.sp1,-0.67831229534944,15.473282313461,20.972931062778,1000
sp14,105,mortality.additional.larva.rate.sp2,1.14290115393932,98.2140308098094,129.44856437002,1000
sp14,106,mortality.additional.larva.rate.sp3,1.55243687749544,77.700804886194,113.702217233224,1000
sp14,107,mortality.additional.larva.rate.sp4,-0.0223710848426208,16.0142471166126,21.6394835541638,1000
sp14,108,mortality.additional.larva.rate.sp5,1.20531832215686,15.9298544906282,21.4664329920513,1000
sp14,109,mortality.additional.larva.rate.sp6,-0.792549873134361,15.5523172708657,20.7576592066741,1000
sp14,110,mortality.additional.larva.rate.sp9,-0.288946011165413,23.6385187814447,31.2058937379327,1000
sp14,111,mortality.additional.larva.rate.sp10,0.870004471464326,22.9675226051945,31.8901610098796,1000
sp14,112,mortality.additional.larva.rate.sp11,-0.629615057967079,16.4363884225898,22.5060507609927,1000
sp14,113,mortality.additional.larva.rate.sp12,0.271812967654423,17.9552370209869,23.4763645928276,1000
sp14,114,mortality.additional.larva.rate.sp13,0.232166074804116,15.7836832601477,21.1173302819861,1000
sp14,115,mortality.additional.larva.rate.sp14,3.79786170506848,191.829246583114,233.674488317831,1000
sp14,116,mortality.additional.larva.rate.sp15,-0.90016725865601,16.7047123798671,22.67320908415,1000
sp14,117,mortality.additional.larva.rate.mean.sp7,-0.230676226203533,15.107546494163,20.2611604868355,1000
sp14,118,mortality.additional.larva.rate.mean.sp8,-0.327769836466157,16.3423094826926,22.0133207548015,1000
sp14,119,species.linf.sp0,-9.37232621337576,80.4343482711879,130.315451803401,1000
sp14,120,species.linf.sp1,-0.863178592783517,18.7439351745469,25.1687363765755,1000
sp14,121,species.linf.sp2,-0.010894604454664,80.0042497126277,107.035688799335,1000
sp14,122,species.linf.sp3,0.598325516224753,64.130431758158,85.6908757334421,1000
sp14,123,species.linf.sp4,-0.585198591162189,145.928276481117,164.084263770313,1000
sp14,124,species.linf.sp5,0.528619658230052,30.2127233268575,42.0586803604125,1000
sp14,125,species.linf.sp6,-0.00938688173558295,47.7604285910487,55.7408592037368,1000
sp14,126,species.linf.sp7,0.238298408580628,16.4504519758566,22.2432152064134,1000
sp14,127,species.linf.sp8,1.49157439482867,40.3949254570177,50.0142206316669,1000
sp14,128,species.linf.sp9,-0.618028717389803,56.8764193824769,68.5302311264655,1000
sp14,129,species.linf.sp10,0.0176912260408401,27.3751257900648,36.8084637892537,1000
sp14,130,species.linf.sp11,-0.189360354899283,16.4015464003984,21.9943145632826,1000
sp14,131,species.linf.sp12,-1.05733669296276,23.3315504184833,30.3277482412049,1000
sp14,132,species.linf.sp13,-0.481717550216598,26.0196611355779,34.7938698802999,1000
sp14,133,species.linf.sp14,-32.3568831746623,930.177032376911,971.128718774529,1000
sp14,134,species.linf.sp15,-0.535429703482952,17.1268577179893,23.4033429386661,1000
sp14,135,species.accessibility2fish.sp16,0.00028745978811603,15.4078383542062,20.3567031741345,1000
sp14,136,species.accessibility2fish.sp17,1.42419876210675,15.3894076042751,20.0472779152885,1000
sp14,137,species.accessibility2fish.sp18,-0.54265615329019,16.0257802265037,21.8103107346976,1000
sp14,138,species.accessibility2fish.sp19,0.766168956616567,15.6864440883942,21.4160335183792,1000
sp14,139,species.accessibility2fish.sp20,0.0856427049467183,15.5597765211822,20.9505013180156,1000
sp14,140,species.accessibility2fish.sp21,-0.600153562109706,18.4687947234955,25.188543158889,1000
sp14,141,species.accessibility2fish.sp22,-0.642417744363723,35.4450165188591,57.7823141105862,1000
sp14,142,species.accessibility2fish.sp23,-1.38423625705301,40.0289002902516,48.2356817594732,1000
sp14,143,species.accessibility2fish.sp24,-4.24846702777827,198.103848000489,228.911479344282,1000
sp14,144,species.accessibility2fish.sp25,-1.18954171119118,15.4771237869986,20.7089585532823,1000
sp14,145,species.accessibility2fish.sp26,0.361950951136551,15.9618023546593,21.5210858594399,1000
sp14,146,species.maturity.size.ratio.sp0,5.18432432425794,75.7752162853321,125.059898793549,1000
sp14,147,species.maturity.size.ratio.sp1,0.529741340632097,14.7837143732477,19.7796252080544,1000
sp14,148,species.maturity.size.ratio.sp2,0.787758995195892,15.4216398602388,20.8881430942852,1000
sp14,149,species.maturity.size.ratio.sp3,0.269417893464274,16.3445644447089,21.8548967244052,1000
sp14,150,species.maturity.size.ratio.sp4,-0.519591228144622,16.5064498217188,21.9191110449587,1000
sp14,151,species.maturity.size.ratio.sp5,-0.257638343584029,14.6171312749515,19.3535415136505,1000
sp14,152,species.maturity.size.ratio.sp6,0.599979005790867,17.0258132239179,23.0705997815871,1000
sp14,153,species.maturity.size.ratio.sp7,0.337357439702477,15.2520196375304,20.2631363073738,1000
sp14,154,species.maturity.size.ratio.sp8,-0.61821608527603,15.9127224103402,22.1746812032786,1000
sp14,155,species.maturity.size.ratio.sp9,0.0142826225832918,15.7515898983465,21.4272366378987,1000
sp14,156,species.maturity.size.ratio.sp10,-0.329454675927571,16.8927363009406,22.9585132067497,1000
sp14,157,species.maturity.size.ratio.sp11,0.129725466094907,16.6117977122472,22.4324976937074,1000
sp14,158,species.maturity.size.ratio.sp12,-0.255938999287126,15.4052665988413,21.3694483190892,1000
sp14,159,species.maturity.size.ratio.sp13,-2.74109210840734,68.0294609923166,86.7356921705499,1000
sp14,160,species.maturity.size.ratio.sp14,-1.09876255115335,37.6652597839014,51.69524262958,1000
sp14,161,species.maturity.size.ratio.sp15,-0.113641514471924,16.4951003552224,22.4220774280194,1000
sp14,162,predation.predPrey.sizeRatio.teta.sp0.stage1,-0.274796644031281,16.3563585941219,22.1150845918517,1000
sp14,163,predation.predPrey.sizeRatio.alpha.sp0.stage1,1.44255207327287,24.9240255562598,36.1972851186778,1000
sp14,164,predation.predPrey.sizeRatio.teta.sp1.stage1,-1.27909223853898,15.2983462328948,20.8293928495372,1000
sp14,165,predation.predPrey.sizeRatio.alpha.sp1.stage1,0.538675499338414,16.008096017155,21.5697951394769,1000
sp14,166,predation.predPrey.sizeRatio.teta.sp2.stage1,-0.125832413993527,15.5402268888408,21.083333226636,1000
sp14,167,predation.predPrey.sizeRatio.alpha.sp2.stage1,0.170663865805758,25.0917713984292,36.0170928899365,1000
sp14,168,predation.predPrey.sizeRatio.teta.sp3.stage1,0.297648754512694,17.1916535980829,24.4264437139042,1000
sp14,169,predation.predPrey.sizeRatio.alpha.sp3.stage1,-3.37440366696923,30.0013626925598,42.8202746070966,1000
sp14,170,predation.predPrey.sizeRatio.teta.sp4.stage1,-1.02780027814517,16.2709258338551,22.4129639574906,1000
sp14,171,predation.predPrey.sizeRatio.alpha.sp4.stage1,-2.622860925273,36.7791990973068,47.8271534855465,1000
sp14,172,predation.predPrey.sizeRatio.teta.sp5.stage1,-0.838560454586878,16.1647920418825,22.0045835266041,1000
sp14,173,predation.predPrey.sizeRatio.teta.sp5.stage2,-0.00964548542770062,19.3589143899675,26.8049546411971,1000
sp14,174,predation.predPrey.sizeRatio.alpha.sp5.stage1,-0.28536609351659,15.2606876491745,20.3736881597155,1000
sp14,175,predation.predPrey.sizeRatio.alpha.sp5.stage2,0.254451872135158,17.7883045868391,24.1548122489713,1000
sp14,176,predation.predPrey.sizeRatio.teta.sp6.stage1,-0.133313098192383,16.8120985325171,22.5878575714535,1000
sp14,177,predation.predPrey.sizeRatio.alpha.sp6.stage1,1.30742870056714,19.5194680657856,25.9532792001389,1000
sp14,178,predation.predPrey.sizeRatio.teta.sp7.stage1,0.348109411548333,14.8422420389592,20.036841413199,1000
sp14,179,predation.predPrey.sizeRatio.alpha.sp7.stage1,0.462291349036628,16.0786387879327,21.5641571998636,1000
sp14,180,predation.predPrey.sizeRatio.teta.sp8.stage1,0.551481473862905,15.5461590571495,20.9253822357605,1000
sp14,181,predation.predPrey.sizeRatio.alpha.sp8.stage1,0.603065392172774,28.025828307084,36.4164139156498,1000
sp14,182,predation.predPrey.sizeRatio.teta.sp9.stage1,0.660896130485877,16.4295881458578,22.0247971838503,1000
sp14,183,predation.predPrey.sizeRatio.alpha.sp9.stage1,1.3292662729586,37.1457242407292,48.2046804690585,1000
sp14,184,predation.predPrey.sizeRatio.teta.sp10.stage1,0.253293392573264,15.97526612458,21.6237357968227,1000
sp14,185,predation.predPrey.sizeRatio.alpha.sp10.stage1,0.562925994720831,18.1194047884889,24.291085144046,1000
sp14,186,predation.predPrey.sizeRatio.teta.sp11.stage1,-0.0918394664815316,16.1720396434135,21.6040006970277,1000
sp14,187,predation.predPrey.sizeRatio.alpha.sp11.stage1,0.191658513478757,16.1588385039251,21.4291906265811,1000
sp14,188,predation.predPrey.sizeRatio.teta.sp12.stage1,-0.31970641840957,16.2014286473609,22.0892918557774,1000
sp14,189,predation.predPrey.sizeRatio.alpha.sp12.stage1,-0.447274328239669,16.8561976042425,22.2789965999303,1000
sp14,190,predation.predPrey.sizeRatio.teta.sp13.stage1,0.27290725082832,15.8596611991747,21.1181209381477,1000
sp14,191,predation.predPrey.sizeRatio.alpha.sp13.stage1,1.89718172227207,27.3766109725704,37.6709558819997,1000
sp14,192,predation.predPrey.sizeRatio.teta.sp14.stage1,-3.28070101153556,44.1172697096527,55.9577223311808,1000
sp14,193,predation.predPrey.sizeRatio.alpha.sp14.stage1,4.00320461367954,447.680951649761,492.977123698768,1000
sp14,194,predation.predPrey.sizeRatio.teta.sp15.stage1,0.886184097556655,16.0100596739519,21.5169117388064,1000
sp14,195,predation.predPrey.sizeRatio.alpha.sp15.stage1,0.809726662564495,16.0178998260112,21.6607775922397,1000
sp15,1,mortality.additional.rate.sp0,-0.0190081008833346,0.703902361186109,1.1191799536137,1000
sp15,2,mortality.additional.rate.sp1,-0.0383756013861111,0.708557819141667,1.19235663435839,1000
sp15,3,mortality.additional.rate.sp2,0.0162761914097221,1.03919007759583,1.82794226193425,1000
sp15,4,mortality.additional.rate.sp3,-0.0746582410388846,1.04707854066667,1.89023312171181,1000
sp15,5,mortality.additional.rate.sp4,-0.00934115032083196,0.658633866712496,1.04813632471123,1000
sp15,6,mortality.additional.rate.sp5,-0.00162994194027774,0.919451954759722,1.59673047424507,1000
sp15,7,mortality.additional.rate.sp6,-0.0803708562416651,0.627807636769447,0.924619620509128,1000
sp15,8,mortality.additional.rate.sp7,0.043814692259722,0.685508858504167,1.09228608091084,1000
sp15,9,mortality.additional.rate.sp8,0.0138072466874993,0.698765628565277,1.09945009331008,1000
sp15,10,mortality.additional.rate.sp9,0.0562083009930559,0.714938120837501,1.21851222124817,1000
sp15,11,mortality.additional.rate.sp10,-0.00531441330485806,0.703983480700696,1.17999506072572,1000
sp15,12,mortality.additional.rate.sp11,-0.0142052163652799,0.678926737056942,1.06036408845996,1000
sp15,13,mortality.additional.rate.sp12,0.0370634675444437,0.722687918166668,1.23789009058215,1000
sp15,14,mortality.additional.rate.sp13,0.010387491741668,0.678051355313889,1.10281228416257,1000
sp15,15,mortality.additional.rate.sp14,-0.00843568325833005,0.676385467294446,1.09922868254239,1000
sp15,16,mortality.additional.rate.sp15,0.506970836322221,16.5593517486056,19.9682063949095,1000
sp15,17,fisheries.rate.base.fsh0,-1.90303640539445,35.5411757727056,40.9811916416,1000
sp15,18,fisheries.rate.base.fsh1,0.011681504547225,0.783513873061109,1.29890264946708,1000
sp15,19,fisheries.rate.base.fsh2,0.0135845320430527,0.700846038501394,1.16127954492067,1000
sp15,20,fisheries.rate.base.fsh3,-0.163866639445834,47.631118543507,56.7459818801496,1000
sp15,21,species.catchability.fsh0.sp0,-0.0531908385361148,1.07949860725,2.55827208979512,1000
sp15,22,species.catchability.fsh0.sp1,-0.00819861405416996,0.707623861670835,1.18728188169573,1000
sp15,23,species.catchability.fsh0.sp2,-0.0109968800180555,0.674266385537502,1.02809683864469,1000
sp15,24,species.catchability.fsh0.sp3,-0.03995714982778,1.16850867859444,2.03349864205537,1000
sp15,25,species.catchability.fsh0.sp5,-0.026669004308333,0.795308446177776,1.5879807503696,1000
sp15,26,species.catchability.fsh0.sp7,-0.0622883843361126,0.667220001875,1.09233287737777,1000
sp15,27,species.catchability.fsh0.sp8,0.0996421538583342,1.57027397704722,2.43748225132664,1000
sp15,28,species.catchability.fsh0.sp9,-0.0453434537013875,0.640613199537498,0.994948918214698,1000
sp15,29,species.catchability.fsh0.sp10,-0.0193594216569449,0.669965236334724,1.05681651306825,1000
sp15,30,species.catchability.fsh0.sp13,0.0634292960194466,0.683850463138889,1.16267197834603,1000
sp15,31,species.catchability.fsh0.sp14,0.0030529901888892,0.641118102508331,1.0092572103657,1000
sp15,32,species.catchability.fsh0.sp15,0.205345638234724,32.277334058482,36.7407342954794,1000
sp15,33,species.catchability.fsh1.sp9,0.0525653826347231,0.693306968695828,1.15704299905723,1000
sp15,34,species.catchability.fsh1.sp10,0.00655772219860894,0.700443646962499,1.133513752137,1000
sp15,35,species.catchability.fsh1.sp11,-0.00144680617083452,0.691572532165278,1.13359647431527,1000
sp15,36,species.catchability.fsh1.sp12,-0.0785636277708322,0.703989721059718,1.09863206209192,1000
sp15,37,species.catchability.fsh2.sp0,0.0462218076249999,0.668915154308333,1.05744894051245,1000
sp15,38,species.catchability.fsh2.sp5,-0.0433000501791638,0.657112006143055,1.2113010172309,1000
sp15,39,species.catchability.fsh2.sp7,0.0281972228805565,0.677245019538887,1.13720587924049,1000
sp15,40,species.catchability.fsh2.sp8,0.00123807864444421,0.699979982838888,1.15557688069565,1000
sp15,41,species.catchability.fsh3.sp0,0.0417193951708366,0.711833913515279,1.15561093072445,1000
sp15,42,species.catchability.fsh3.sp1,0.0266826316944434,0.698226365336108,1.14944539676257,1000
sp15,43,species.catchability.fsh3.sp2,-0.0377042538152779,0.695221875026388,1.18043165438592,1000
sp15,44,species.catchability.fsh3.sp3,-0.0259039199416674,0.669092580994447,1.0448134027935,1000
sp15,45,species.catchability.fsh3.sp5,-0.00871526933472339,0.672289344348609,1.09316064719886,1000
sp15,46,species.catchability.fsh3.sp7,-0.0473868545694433,0.701473252413889,1.19892954039294,1000
sp15,47,species.catchability.fsh3.sp8,-0.0146198433305548,0.692297223663891,1.06167299461843,1000
sp15,48,species.catchability.fsh3.sp9,0.105402711565276,0.717702851590277,1.27242877355304,1000
sp15,49,species.catchability.fsh3.sp10,-0.0235245364375013,0.709092688276388,1.1835250764171,1000
sp15,50,species.catchability.fsh3.sp11,0.0424801896069442,0.675556456254169,1.11265890603649,1000
sp15,51,species.catchability.fsh3.sp12,0.0409611345013895,0.686992587662503,1.16194174079103,1000
sp15,52,species.catchability.fsh3.sp13,0.0973554363055558,0.675873615997222,1.26433923411832,1000
sp15,53,species.catchability.fsh3.sp14,0.0515687413402764,0.680488974287497,1.12235154675409,1000
sp15,54,species.catchability.fsh3.sp15,-1.92132437238194,45.3613598710708,52.6908499317575,1000
sp15,55,species.length2weight.condition.factor.sp0,-0.0188279355249959,1.44050118848611,4.15289141989242,1000
sp15,56,species.length2weight.condition.factor.sp1,-0.00110849749305606,0.69416540002639,1.22168485452512,1000
sp15,57,species.length2weight.condition.factor.sp2,-0.0244808203402774,1.04701931439583,2.21657774837519,1000
sp15,58,species.length2weight.condition.factor.sp3,-0.0641443651527804,1.42941214251111,2.43301795843383,1000
sp15,59,species.length2weight.condition.factor.sp4,0.0293435288708339,0.857287810740279,1.36200790393061,1000
sp15,60,species.length2weight.condition.factor.sp5,-0.0166713873861085,0.63821037458889,0.981044147596201,1000
sp15,61,species.length2weight.condition.factor.sp6,-0.0317562780013906,0.714062145601388,1.21895388471377,1000
sp15,62,species.length2weight.condition.factor.sp7,0.0128419283125021,0.673028098623616,1.11785112848562,1000
sp15,63,species.length2weight.condition.factor.sp8,0.0801816227236135,0.673324735620834,1.08169204907588,1000
sp15,64,species.length2weight.condition.factor.sp9,-0.0504342256347193,0.709986941290278,1.13139224095525,1000
sp15,65,species.length2weight.condition.factor.sp10,0.0058097754069424,0.708667648723613,1.12426697003908,1000
sp15,66,species.length2weight.condition.factor.sp11,0.0122399497500002,0.685239959949999,1.11780101608944,1000
sp15,67,species.length2weight.condition.factor.sp12,0.000514073243054995,0.687255243140274,1.18042868033687,1000
sp15,68,species.length2weight.condition.factor.sp13,-0.0493908944666664,0.696648894452778,1.10645776230169,1000
sp15,69,species.length2weight.condition.factor.sp14,0.0868209728847247,0.869348420665277,1.42460244872517,1000
sp15,70,species.length2weight.condition.factor.sp15,-1.81153717388194,116.37485551089,170.777616551131,1000
sp15,71,species.k.sp0,0.379266646636106,3.53167231419723,12.7071403047148,1000
sp15,72,species.k.sp1,-0.0120409477513891,0.787745932915279,1.3397533779817,1000
sp15,73,species.k.sp2,-0.225176818922222,2.35634421930834,4.34530181426905,1000
sp15,74,species.k.sp3,0.196907194905553,3.69730348683889,6.85549260998034,1000
sp15,75,species.k.sp4,0.0205592022805567,1.36137598805833,2.43524988371013,1000
sp15,76,species.k.sp5,0.189598137069444,1.14295387297778,2.55654079162502,1000
sp15,77,species.k.sp6,0.0345442530027796,0.749488806247224,1.23414158885681,1000
sp15,78,species.k.sp7,0.0405339650625003,0.700385488979165,1.20024096733659,1000
sp15,79,species.k.sp8,-0.183335395279165,3.4515884255125,6.20092783613876,1000
sp15,80,species.k.sp9,-0.132875900266668,0.885577660255554,1.47821212142428,1000
sp15,81,species.k.sp10,-0.0663518802149659,0.827133810126079,1.43425442840452,1000
sp15,82,species.k.sp11,-0.0630061554888904,0.715663700072224,1.09960344199375,1000
sp15,83,species.k.sp12,-0.0050275925388944,0.736280672361112,1.25908140529544,1000
sp15,84,species.k.sp13,-0.121157698277777,1.56797273375556,2.9512108711637,1000
sp15,85,species.k.sp14,0.0472589158416691,1.47176590223056,2.53940639874299,1000
sp15,86,species.k.sp15,-5.34652316252639,192.462216815099,296.382882967754,1000
sp15,87,species.l0.sp0,0.0729630559486098,0.891700476731941,1.56063947254477,1000
sp15,88,species.l0.sp1,-0.0537025889458311,0.74472269941806,1.32990588761577,1000
sp15,89,species.l0.sp2,-0.0310545886777774,1.840877727325,3.37933098029857,1000
sp15,90,species.l0.sp3,0.0112171428055537,1.39300763793334,2.55987238716163,1000
sp15,91,species.l0.sp4,0.0815308914583323,1.40076788695278,2.21039560141468,1000
sp15,92,species.l0.sp5,-0.0773227665291658,0.662635129440277,1.09849673035206,1000
sp15,93,species.l0.sp6,-0.00802651028471998,0.725384496734723,1.18140679336777,1000
sp15,94,species.l0.sp7,-0.047282279722225,0.66399468278889,1.06075469113652,1000
sp15,95,species.l0.sp8,0.00300263415277838,0.867372331291667,1.51000900131623,1000
sp15,96,species.l0.sp9,-0.0762584469694414,0.863922826938888,1.56865277905139,1000
sp15,97,species.l0.sp10,0.0259161689208321,1.03162181854861,2.13291034936051,1000
sp15,98,species.l0.sp11,-0.0390065298291671,0.69060554172361,1.13185494696853,1000
sp15,99,species.l0.sp12,0.00634351575277543,0.72179213790833,1.29529159097907,1000
sp15,100,species.l0.sp13,-0.0146275218444427,0.663166395791663,1.13618593504412,1000
sp15,101,species.l0.sp14,-0.0304682976013922,0.678437069770833,1.19067913683221,1000
sp15,102,species.l0.sp15,-2.22313948186944,42.8927995547528,76.7664936968981,1000
sp15,103,mortality.additional.larva.rate.sp0,0.0501801820430528,2.96402059666806,9.95534780831829,1000
sp15,104,mortality.additional.larva.rate.sp1,0.0416384522944472,0.74018578338056,1.32826983373281,1000
sp15,105,mortality.additional.larva.rate.sp2,0.60019427561528,5.84189410018472,11.0731714306294,1000
sp15,106,mortality.additional.larva.rate.sp3,0.444459919594443,8.49634918591667,15.6478981526213,1000
sp15,107,mortality.additional.larva.rate.sp4,-0.0417985620597235,0.660878896659723,1.01663858025486,1000
sp15,108,mortality.additional.larva.rate.sp5,0.0283576351333357,0.662447211844448,1.05717136907098,1000
sp15,109,mortality.additional.larva.rate.sp6,0.0322341227638875,0.655963329874998,1.05130964383108,1000
sp15,110,mortality.additional.larva.rate.sp9,-0.113248855747224,1.46816043921944,2.60662975875244,1000
sp15,111,mortality.additional.larva.rate.sp10,0.057077740504165,1.41376734505417,2.53331100009181,1000
sp15,112,mortality.additional.larva.rate.sp11,-0.00380676561805814,0.675955725345835,1.08994013921192,1000
sp15,113,mortality.additional.larva.rate.sp12,0.0600561056180568,0.898398154451386,1.45178039457897,1000
sp15,114,mortality.additional.larva.rate.sp13,0.0436661321444438,0.655150239430555,1.03740202284482,1000
sp15,115,mortality.additional.larva.rate.sp14,-0.0655592582458348,1.29866842518195,2.29074290560288,1000
sp15,116,mortality.additional.larva.rate.sp15,4.60518115838472,305.887316876196,410.35137379557,1000
sp15,117,mortality.additional.larva.rate.mean.sp7,0.0169459123458317,0.686386377843056,1.16124454421467,1000
sp15,118,mortality.additional.larva.rate.mean.sp8,-0.00215863296249869,0.993883368498615,1.73097283091706,1000
sp15,119,species.linf.sp0,-0.867667564749999,3.36637072531667,10.9207302845107,1000
sp15,120,species.linf.sp1,-0.0705418384222223,1.06748345489722,1.75650042445761,1000
sp15,121,species.linf.sp2,0.286834731088886,6.97215861447778,12.8181035177583,1000
sp15,122,species.linf.sp3,-0.803010357411108,8.73626290578611,16.3603786634294,1000
sp15,123,species.linf.sp4,0.0966782098635821,2.55080016414136,4.50880350375118,1000
sp15,124,species.linf.sp5,0.00127317551666372,2.5689617345,4.65844060418279,1000
sp15,125,species.linf.sp6,0.0224307739444435,0.773961676483332,1.3432714421724,1000
sp15,126,species.linf.sp7,0.0863221478000003,0.725106126577778,1.2526981741016,1000
sp15,127,species.linf.sp8,-0.146998050830554,9.01355542690555,12.7225732552968,1000
sp15,128,species.linf.sp9,-0.0255462685722234,1.50157960489445,2.55065319088791,1000
sp15,129,species.linf.sp10,0.13952480749861,1.47460326335972,2.81681386879336,1000
sp15,130,species.linf.sp11,-0.0566379855708323,0.9693203552375,1.75254502135873,1000
sp15,131,species.linf.sp12,-0.0851107018027743,1.20925747156667,2.13243130065178,1000
sp15,132,species.linf.sp13,0.0635669971708347,0.960919880929168,1.62440779269401,1000
sp15,133,species.linf.sp14,0.104190704459719,4.90910384720972,8.26319840475841,1000
sp15,134,species.linf.sp15,26.1921126092403,378.315097370476,502.817219187003,1000
sp15,135,species.accessibility2fish.sp16,-0.016367630465279,0.70442708419028,1.10547318517901,1000
sp15,136,species.accessibility2fish.sp17,0.00324447203888978,0.668669025655552,1.0313758686868,1000
sp15,137,species.accessibility2fish.sp18,-0.0162236382972217,0.695342894633336,1.12513911116714,1000
sp15,138,species.accessibility2fish.sp19,-0.0269615053069466,0.700750412979163,1.19248799617853,1000
sp15,139,species.accessibility2fish.sp20,-0.0268823418791668,0.671708227020831,1.02895551375332,1000
sp15,140,species.accessibility2fish.sp21,0.0448058421708287,1.01356199039861,1.89880804836445,1000
sp15,141,species.accessibility2fish.sp22,0.0138729135319425,0.750150597573613,1.24320098307951,1000
sp15,142,species.accessibility2fish.sp23,-0.00930303237500176,0.894609629063891,1.57886076851743,1000
sp15,143,species.accessibility2fish.sp24,-0.382482020647218,4.70053731711666,6.57308393093784,1000
sp15,144,species.accessibility2fish.sp25,0.0213230945763936,0.709163578481946,1.17495220560135,1000
sp15,145,species.accessibility2fish.sp26,0.0621846607861116,1.30139319735833,2.80274192336663,1000
sp15,146,species.maturity.size.ratio.sp0,0.1364746243875,3.44378457166528,11.2173823819166,1000
sp15,147,species.maturity.size.ratio.sp1,0.033010749002778,0.625304791163887,1.06781515165576,1000
sp15,148,species.maturity.size.ratio.sp2,-0.029793277636112,0.725442542747223,1.19335705376136,1000
sp15,149,species.maturity.size.ratio.sp3,0.038815741115281,0.7999986301125,1.35775748712522,1000
sp15,150,species.maturity.size.ratio.sp4,-0.0900841113763878,0.920842674004169,1.5678430182462,1000
sp15,151,species.maturity.size.ratio.sp5,-0.0626945654708334,0.703598493684724,1.23295600938423,1000
sp15,152,species.maturity.size.ratio.sp6,0.0148558723347203,0.677295349062499,1.08793781807732,1000
sp15,153,species.maturity.size.ratio.sp7,-0.0762002990583352,0.675234852230559,1.06576056051726,1000
sp15,154,species.maturity.size.ratio.sp8,0.00719921393333036,0.673444055938893,1.1114641184387,1000
sp15,155,species.maturity.size.ratio.sp9,0.00066560690000022,0.698326580097218,1.05102034182317,1000
sp15,156,species.maturity.size.ratio.sp10,0.00536360910555615,0.737545618483335,1.24939717065161,1000
sp15,157,species.maturity.size.ratio.sp11,-0.0396729892319439,0.940487366029169,1.65765771492016,1000
sp15,158,species.maturity.size.ratio.sp12,-0.0285884569930574,0.710617408093058,1.12868442239362,1000
sp15,159,species.maturity.size.ratio.sp13,-0.0809512115611127,2.56980582430833,4.43434919376977,1000
sp15,160,species.maturity.size.ratio.sp14,-0.0137619178472243,0.684385032469449,1.12125601378452,1000
sp15,161,species.maturity.size.ratio.sp15,-5.13160985161805,304.588329173032,486.317820194421,1000
sp15,162,predation.predPrey.sizeRatio.teta.sp0.stage1,-0.096888228305559,0.811919823555554,1.4331529421753,1000
sp15,163,predation.predPrey.sizeRatio.alpha.sp0.stage1,-0.0239621516847208,1.33559389814861,3.96070160658505,1000
sp15,164,predation.predPrey.sizeRatio.teta.sp1.stage1,0.0201657369958316,0.716559465231945,1.14549049615936,1000
sp15,165,predation.predPrey.sizeRatio.alpha.sp1.stage1,0.135425519648613,1.49492489740417,2.42191259675236,1000
sp15,166,predation.predPrey.sizeRatio.teta.sp2.stage1,-0.0198496212444449,0.856929455744445,1.40867994494397,1000
sp15,167,predation.predPrey.sizeRatio.alpha.sp2.stage1,-0.267742731812501,3.31330062485139,6.40531939300503,1000
sp15,168,predation.predPrey.sizeRatio.teta.sp3.stage1,-0.0421324399222242,0.863322177122223,1.63481235770594,1000
sp15,169,predation.predPrey.sizeRatio.alpha.sp3.stage1,-0.0238839113041649,2.19764501614583,4.56420895489041,1000
sp15,170,predation.predPrey.sizeRatio.teta.sp4.stage1,0.0528099266333331,0.760325076272222,1.25080646958749,1000
sp15,171,predation.predPrey.sizeRatio.alpha.sp4.stage1,-0.147486148356944,1.5247449067375,3.52738818434871,1000
sp15,172,predation.predPrey.sizeRatio.teta.sp5.stage1,-0.00915148828611505,0.684562859536108,1.18982687648979,1000
sp15,173,predation.predPrey.sizeRatio.teta.sp5.stage2,0.1165990144375,1.16357239144028,2.10711882534347,1000
sp15,174,predation.predPrey.sizeRatio.alpha.sp5.stage1,0.0148928777375,0.674882043606943,1.09256860342019,1000
sp15,175,predation.predPrey.sizeRatio.alpha.sp5.stage2,-0.00859639290416384,0.836067904709723,1.2896321052456,1000
sp15,176,predation.predPrey.sizeRatio.teta.sp6.stage1,0.041919406793055,0.717286005790277,1.18505337273368,1000
sp15,177,predation.predPrey.sizeRatio.alpha.sp6.stage1,0.0225520126805559,0.742231467094444,1.23091391718526,1000
sp15,178,predation.predPrey.sizeRatio.teta.sp7.stage1,0.0392868406972227,0.734712964630554,1.2557969432895,1000
sp15,179,predation.predPrey.sizeRatio.alpha.sp7.stage1,0.0217738590513894,0.901079212726389,1.54234068050657,1000
sp15,180,predation.predPrey.sizeRatio.teta.sp8.stage1,-0.0827926797152768,1.22909747832084,1.88769288767025,1000
sp15,181,predation.predPrey.sizeRatio.alpha.sp8.stage1,-0.0419617501333318,8.35761012521945,11.6558952417855,1000
sp15,182,predation.predPrey.sizeRatio.teta.sp9.stage1,0.0292645478222219,0.735335744286112,1.22906512340128,1000
sp15,183,predation.predPrey.sizeRatio.alpha.sp9.stage1,-0.0404949540333338,1.18630499359166,2.28707319697894,1000
sp15,184,predation.predPrey.sizeRatio.teta.sp10.stage1,0.0143160279694454,0.669759447777775,1.06190294638667,1000
sp15,185,predation.predPrey.sizeRatio.alpha.sp10.stage1,-0.0278995659055533,0.759773221336111,1.39625598711509,1000
sp15,186,predation.predPrey.sizeRatio.teta.sp11.stage1,-0.054632524712499,0.641403251406945,1.02957719955889,1000
sp15,187,predation.predPrey.sizeRatio.alpha.sp11.stage1,0.0129369739722197,0.686166670233334,1.15272560476718,1000
sp15,188,predation.predPrey.sizeRatio.teta.sp12.stage1,0.0199153905513868,0.740399033004166,1.15770751282699,1000
sp15,189,predation.predPrey.sizeRatio.alpha.sp12.stage1,-0.055711947015279,1.07948043024305,1.8194309737098,1000
sp15,190,predation.predPrey.sizeRatio.teta.sp13.stage1,0.0316012253763884,0.698706769590277,1.12570431352676,1000
sp15,191,predation.predPrey.sizeRatio.alpha.sp13.stage1,-0.0861568774986129,0.953215604279166,1.6600131846304,1000
sp15,192,predation.predPrey.sizeRatio.teta.sp14.stage1,0.0819197911291687,0.804413219001391,1.2147505080927,1000
sp15,193,predation.predPrey.sizeRatio.alpha.sp14.stage1,-0.244871003786109,6.17784223007777,10.289334828186,1000
sp15,194,predation.predPrey.sizeRatio.teta.sp15.stage1,0.0200174063104177,1.08899936810486,1.78192482102351,1000
sp15,195,predation.predPrey.sizeRatio.alpha.sp15.stage1,-0.327525268184721,9.6960168790625,19.9518309259311,1000
