species,param_id,param_name,mu,mu_star,sigma,n_ee
sp0,1,mortality.additional.rate.sp0,0.000239286068994598,0.058920216942006,0.0932844839008688,1000
sp0,2,mortality.additional.rate.sp1,0.000269626975929036,0.0322721079018262,0.0564460000269644,1000
sp0,3,mortality.additional.rate.sp2,0.00250921572486487,0.0450590914858549,0.0789253750897606,1000
sp0,4,mortality.additional.rate.sp3,-0.00186663311362466,0.0450344277718014,0.0804698247935812,1000
sp0,5,mortality.additional.rate.sp4,-0.000317427771215553,0.030010831155895,0.0502536361260597,1000
sp0,6,mortality.additional.rate.sp5,-0.0218522364234767,0.22238215948524,0.333806359284017,1000
sp0,7,mortality.additional.rate.sp6,-0.00510272435760673,0.0327740724924147,0.0571542870358378,1000
sp0,8,mortality.additional.rate.sp7,-0.000661471180226934,0.033311735001187,0.0563409273702337,1000
sp0,9,mortality.additional.rate.sp8,0.000996706606880847,0.0315939053018451,0.0550694295210582,1000
sp0,10,mortality.additional.rate.sp9,-0.000849446892027076,0.0321597436386692,0.0555353616699807,1000
sp0,11,mortality.additional.rate.sp10,0.000534586096344942,0.0337024943423507,0.0569917574221516,1000
sp0,12,mortality.additional.rate.sp11,0.000151848831700659,0.0299834334882616,0.050973158172692,1000
sp0,13,mortality.additional.rate.sp12,-0.00198629347174673,0.0321578620251634,0.0553768478548408,1000
sp0,14,mortality.additional.rate.sp13,-0.000480110666119217,0.0315618438512455,0.052537534322975,1000
sp0,15,mortality.additional.rate.sp14,-0.00212878377427625,0.0320443443505609,0.055258322873513,1000
sp0,16,mortality.additional.rate.sp15,-0.00226832477584677,0.0318018732233039,0.0549610977573329,1000
sp0,17,fisheries.rate.base.fsh0,-0.0200856251470981,0.313400880280686,0.597021862022742,1000
sp0,18,fisheries.rate.base.fsh1,-0.00183439707348961,0.0344777039539335,0.0587855425046684,1000
sp0,19,fisheries.rate.base.fsh2,0.000373402091810736,0.0460919352341015,0.0891914055182435,1000
sp0,20,fisheries.rate.base.fsh3,0.000160537892564985,0.0557353182288664,0.110730839572778,1000
sp0,21,species.catchability.fsh0.sp0,-0.010161877462469,0.197206195626011,0.447584542980979,1000
sp0,22,species.catchability.fsh0.sp1,0.0029568054309149,0.0335850875765404,0.0602118883400069,1000
sp0,23,species.catchability.fsh0.sp2,0.000211362668112386,0.0344059180775498,0.0641051835118194,1000
sp0,24,species.catchability.fsh0.sp3,-0.0021831099754446,0.0604292814998074,0.104694465529712,1000
sp0,25,species.catchability.fsh0.sp5,0.00106571717003578,0.118733965428977,0.181597599549599,1000
sp0,26,species.catchability.fsh0.sp7,-0.00142257009296455,0.028847407124179,0.0499880161113525,1000
sp0,27,species.catchability.fsh0.sp8,9.9963428083434e-05,0.0429460488325704,0.0733119537185271,1000
sp0,28,species.catchability.fsh0.sp9,0.000998580777268606,0.0314280619735995,0.054341134974423,1000
sp0,29,species.catchability.fsh0.sp10,-0.000254925464496028,0.0318674432605666,0.0543026830425473,1000
sp0,30,species.catchability.fsh0.sp13,-0.000812236572255524,0.0332723930144708,0.0576468677265718,1000
sp0,31,species.catchability.fsh0.sp14,-0.000651149573362875,0.0310301552500227,0.0521220030401412,1000
sp0,32,species.catchability.fsh0.sp15,0.00162364111254624,0.031185339111198,0.0523005263009284,1000
sp0,33,species.catchability.fsh1.sp9,-0.000586371984018606,0.0320123554739628,0.0572019661667521,1000
sp0,34,species.catchability.fsh1.sp10,0.00148672651246516,0.0357935752316188,0.0621081065544602,1000
sp0,35,species.catchability.fsh1.sp11,0.000844195013767035,0.0319167675970806,0.0553542392084294,1000
sp0,36,species.catchability.fsh1.sp12,-0.00184353131572691,0.033159227452731,0.059636585607134,1000
sp0,37,species.catchability.fsh2.sp0,0.000911141161878886,0.0480121561873977,0.0858021052386945,1000
sp0,38,species.catchability.fsh2.sp5,-0.00187538013777896,0.0354555677593879,0.059821402306196,1000
sp0,39,species.catchability.fsh2.sp7,-0.00222045512990016,0.0328101540510184,0.0565507683303088,1000
sp0,40,species.catchability.fsh2.sp8,0.00151868270500983,0.0318594343876201,0.0551822824070576,1000
sp0,41,species.catchability.fsh3.sp0,-0.0012068421816234,0.0459094431590583,0.0909144634160633,1000
sp0,42,species.catchability.fsh3.sp1,0.00170434912594811,0.0313262728806761,0.0558438417823787,1000
sp0,43,species.catchability.fsh3.sp2,-0.000304499389683058,0.0332915711062712,0.0582175065557564,1000
sp0,44,species.catchability.fsh3.sp3,-0.00219412164848315,0.0319875818807493,0.0525296018022027,1000
sp0,45,species.catchability.fsh3.sp5,-0.000634259738668746,0.034938093115306,0.0570570177358894,1000
sp0,46,species.catchability.fsh3.sp7,0.000926940973874157,0.0333209215430267,0.0555026467264917,1000
sp0,47,species.catchability.fsh3.sp8,-0.00443147171966448,0.0300920166847416,0.0507725044017725,1000
sp0,48,species.catchability.fsh3.sp9,-0.000749587451853339,0.0315135078950377,0.0548128587840763,1000
sp0,49,species.catchability.fsh3.sp10,3.35934850495472e-05,0.0315586645304267,0.0537470653075345,1000
sp0,50,species.catchability.fsh3.sp11,0.000488553338945936,0.0297393785100616,0.0517038850015842,1000
sp0,51,species.catchability.fsh3.sp12,0.0029805658947538,0.0301204316817314,0.0513759762807827,1000
sp0,52,species.catchability.fsh3.sp13,0.000399402598139878,0.0319141304667092,0.054530575690598,1000
sp0,53,species.catchability.fsh3.sp14,0.00226692339818883,0.0311706116078419,0.0530863383306783,1000
sp0,54,species.catchability.fsh3.sp15,0.000859257779972475,0.0326763556773351,0.0555880447226862,1000
sp0,55,species.length2weight.condition.factor.sp0,0.0164489262112906,0.874520788929564,1.30957083331936,1000
sp0,56,species.length2weight.condition.factor.sp1,-0.00205194881993531,0.032515711046381,0.054839146453823,1000
sp0,57,species.length2weight.condition.factor.sp2,0.000812129382628975,0.0451183420139828,0.0849357339678682,1000
sp0,58,species.length2weight.condition.factor.sp3,0.0016659158080463,0.0475325548768599,0.0833313096964251,1000
sp0,59,species.length2weight.condition.factor.sp4,-0.00134013456808872,0.0335603443251028,0.0566162988437623,1000
sp0,60,species.length2weight.condition.factor.sp5,-0.00151863455018572,0.0311943707726562,0.0558572725277585,1000
sp0,61,species.length2weight.condition.factor.sp6,0.00184856044126502,0.0316842539990629,0.0570608259558911,1000
sp0,62,species.length2weight.condition.factor.sp7,-0.00193499050820069,0.0320856129499748,0.0543541892267167,1000
sp0,63,species.length2weight.condition.factor.sp8,-0.00141764817007607,0.0316214937818252,0.0551974409296465,1000
sp0,64,species.length2weight.condition.factor.sp9,0.00103141837186283,0.0330256141144693,0.0557601492363338,1000
sp0,65,species.length2weight.condition.factor.sp10,0.000637034172638998,0.033748549228354,0.0568483674992555,1000
sp0,66,species.length2weight.condition.factor.sp11,-0.00159935292583894,0.0323590930819261,0.0537559284859299,1000
sp0,67,species.length2weight.condition.factor.sp12,0.00177031089995908,0.0309052787791769,0.0535251370769979,1000
sp0,68,species.length2weight.condition.factor.sp13,-0.000880553478162586,0.0333972610915685,0.0577769185450781,1000
sp0,69,species.length2weight.condition.factor.sp14,0.00138934021398905,0.0329761614203384,0.0568264082230588,1000
sp0,70,species.length2weight.condition.factor.sp15,0.00448552648481945,0.0327430324487729,0.0559396591994167,1000
sp0,71,species.k.sp0,-0.04477709985278,3.03656097352517,4.20657819791884,1000
sp0,72,species.k.sp1,0.000479590483363412,0.0362106330541579,0.0635575280774682,1000
sp0,73,species.k.sp2,0.00160878455559659,0.107988250647074,0.215993942014869,1000
sp0,74,species.k.sp3,-0.00876339027254935,0.0982484344898398,0.181791752188799,1000
sp0,75,species.k.sp4,-0.00446625891842376,0.0421228638127758,0.0739023772132553,1000
sp0,76,species.k.sp5,-0.0179009572082152,0.251264152993903,0.387140583983155,1000
sp0,77,species.k.sp6,-0.00197849684240635,0.0360998696036434,0.0637053817189605,1000
sp0,78,species.k.sp7,0.00200927506802304,0.0326845083073392,0.0573425713215938,1000
sp0,79,species.k.sp8,-0.000132289392910654,0.0707348761929663,0.118071853471331,1000
sp0,80,species.k.sp9,-0.00075475376538548,0.0420374210822377,0.068050702171863,1000
sp0,81,species.k.sp10,-7.97630931105536e-05,0.0377667184101266,0.0658288869311069,1000
sp0,82,species.k.sp11,-0.000855096578197455,0.0345093878224142,0.0577030856868313,1000
sp0,83,species.k.sp12,0.00445878014669511,0.035320968591069,0.0618742958788356,1000
sp0,84,species.k.sp13,0.00554493556244578,0.0498904462838287,0.0866214529524184,1000
sp0,85,species.k.sp14,0.00043602425942608,0.0413102249552355,0.0703134992524019,1000
sp0,86,species.k.sp15,0.000217432660189625,0.0296639656456828,0.0515473971404194,1000
sp0,87,species.l0.sp0,-0.0284251012860013,0.595553322746142,0.967683285508479,1000
sp0,88,species.l0.sp1,0.0033891856446207,0.0360413699128162,0.0595372774377124,1000
sp0,89,species.l0.sp2,0.00464414248369582,0.0895272823766441,0.182739740319399,1000
sp0,90,species.l0.sp3,0.00312894390990466,0.0441259540722059,0.0781710596930478,1000
sp0,91,species.l0.sp4,-0.000509197804344554,0.0381829626459407,0.066072268182836,1000
sp0,92,species.l0.sp5,0.000617166287193086,0.0331285754968618,0.0541553423845708,1000
sp0,93,species.l0.sp6,-0.0018901754960067,0.032525397363605,0.0552420693203004,1000
sp0,94,species.l0.sp7,0.000645173165161395,0.031594455406487,0.0551451881674282,1000
sp0,95,species.l0.sp8,-0.000562109952569426,0.035455439294585,0.0606296456487707,1000
sp0,96,species.l0.sp9,0.002172976231741,0.0451054356183449,0.0752807723822283,1000
sp0,97,species.l0.sp10,-0.00158636319308976,0.0507367054958106,0.0944756406309933,1000
sp0,98,species.l0.sp11,0.00312648293820453,0.0301223793302821,0.0519885179579157,1000
sp0,99,species.l0.sp12,0.000326018027235271,0.0317498952070984,0.0531614963373613,1000
sp0,100,species.l0.sp13,0.00087879209613868,0.0319023586598254,0.0562853760317633,1000
sp0,101,species.l0.sp14,-0.00225752885160606,0.0305975869585098,0.0526150967521851,1000
sp0,102,species.l0.sp15,7.9118941888892e-05,0.0325324959953706,0.0538760985822991,1000
sp0,103,mortality.additional.larva.rate.sp0,-0.0935467866655575,2.94220857548762,4.26490060688851,1000
sp0,104,mortality.additional.larva.rate.sp1,0.00304264608838932,0.0343256267140426,0.0592375941884341,1000
sp0,105,mortality.additional.larva.rate.sp2,0.0148212292939536,0.256509721084983,0.55924604514655,1000
sp0,106,mortality.additional.larva.rate.sp3,0.00132247988688907,0.215785719471726,0.44885572769455,1000
sp0,107,mortality.additional.larva.rate.sp4,0.000817413573080316,0.0327610342346993,0.057690098956117,1000
sp0,108,mortality.additional.larva.rate.sp5,-0.000526696033120548,0.0316363033763273,0.056664337076547,1000
sp0,109,mortality.additional.larva.rate.sp6,-0.000862039335045711,0.0310692032008357,0.0525822977707036,1000
sp0,110,mortality.additional.larva.rate.sp9,0.00176141129882119,0.0627746098617682,0.107662566778919,1000
sp0,111,mortality.additional.larva.rate.sp10,0.00475837711443348,0.0696759713107519,0.131116143466171,1000
sp0,112,mortality.additional.larva.rate.sp11,0.00129219066979573,0.0317222716015704,0.055105877195265,1000
sp0,113,mortality.additional.larva.rate.sp12,0.00404357948192374,0.033225593257801,0.0554776091997363,1000
sp0,114,mortality.additional.larva.rate.sp13,0.000710403695104965,0.0324983809271738,0.0577801057294554,1000
sp0,115,mortality.additional.larva.rate.sp14,-0.00225648212183734,0.0315021886768642,0.0538600968639318,1000
sp0,116,mortality.additional.larva.rate.sp15,-0.0020698464064331,0.0307900107497931,0.0534127585052416,1000
sp0,117,mortality.additional.larva.rate.mean.sp7,0.00107777914517624,0.033868700024226,0.0577821814442369,1000
sp0,118,mortality.additional.larva.rate.mean.sp8,0.00153268685991242,0.0376339165365994,0.0662700673883946,1000
sp0,119,species.linf.sp0,0.402893536020991,3.58260046799136,5.25269819976873,1000
sp0,120,species.linf.sp1,-0.00362485191811788,0.0539683300575854,0.0994925114381611,1000
sp0,121,species.linf.sp2,0.0109772270227349,0.277343604418055,0.564090458963745,1000
sp0,122,species.linf.sp3,0.00309689079281469,0.342196004826116,0.665081765831572,1000
sp0,123,species.linf.sp4,-0.000115258153742399,0.0851576027936864,0.14944350121942,1000
sp0,124,species.linf.sp5,0.00660217617708989,0.754237423774938,1.09441678362635,1000
sp0,125,species.linf.sp6,-0.00166975693917349,0.0480890861442657,0.0821963710089494,1000
sp0,126,species.linf.sp7,0.00402955933355738,0.0418217405810866,0.0695972525465613,1000
sp0,127,species.linf.sp8,-0.0109396087787116,0.194761880099051,0.312689318765803,1000
sp0,128,species.linf.sp9,0.000709031046433161,0.0872775525719655,0.15048987365988,1000
sp0,129,species.linf.sp10,-0.000446563813654265,0.0727088945065103,0.134096944557647,1000
sp0,130,species.linf.sp11,-0.00217072501257573,0.0421221265847189,0.0763926302535028,1000
sp0,131,species.linf.sp12,-0.000931186241269705,0.0490152681589221,0.0889399864964061,1000
sp0,132,species.linf.sp13,0.00158493061287661,0.0411830431207533,0.0725142934853712,1000
sp0,133,species.linf.sp14,0.00421254647365574,0.0598526500027085,0.100701824786443,1000
sp0,134,species.linf.sp15,-0.00130810598340749,0.0356625703368118,0.0623558162224773,1000
sp0,135,species.accessibility2fish.sp16,-7.94551115032181e-05,0.0344361607519574,0.0592917324560056,1000
sp0,136,species.accessibility2fish.sp17,0.000247482029784127,0.0299183071784297,0.05078084305616,1000
sp0,137,species.accessibility2fish.sp18,-0.00147562753600604,0.0322663959992597,0.0551063702336251,1000
sp0,138,species.accessibility2fish.sp19,-0.00140172061174862,0.0312745871804128,0.053060898722306,1000
sp0,139,species.accessibility2fish.sp20,-0.000313226133847365,0.0325298744339848,0.0587476695112993,1000
sp0,140,species.accessibility2fish.sp21,0.000140660962675801,0.0471262872788238,0.095407497422687,1000
sp0,141,species.accessibility2fish.sp22,0.00181093744986114,0.0334313385946646,0.0611776592846286,1000
sp0,142,species.accessibility2fish.sp23,-0.00186025535756098,0.0345649215472539,0.0573366411383276,1000
sp0,143,species.accessibility2fish.sp24,-0.00363396062851927,0.244500392585838,0.47258988011854,1000
sp0,144,species.accessibility2fish.sp25,0.000201689788938574,0.0322430321411062,0.0531147480805687,1000
sp0,145,species.accessibility2fish.sp26,0.00320700205871292,0.0501819639090054,0.108145529182109,1000
sp0,146,species.maturity.size.ratio.sp0,-0.0880501351043901,3.11233751516434,4.83172179006412,1000
sp0,147,species.maturity.size.ratio.sp1,-0.00169826191508662,0.0316763207525633,0.0557003517066686,1000
sp0,148,species.maturity.size.ratio.sp2,-0.000655008230375913,0.0360651189116166,0.0634967408532177,1000
sp0,149,species.maturity.size.ratio.sp3,0.00443232355190966,0.0361775538095432,0.0653174497175117,1000
sp0,150,species.maturity.size.ratio.sp4,-0.000171584890297657,0.0319793062989513,0.0554527126443663,1000
sp0,151,species.maturity.size.ratio.sp5,-0.00307904250785644,0.0316644352550731,0.051784461984127,1000
sp0,152,species.maturity.size.ratio.sp6,0.00234612271082442,0.03166811704238,0.0524692384743725,1000
sp0,153,species.maturity.size.ratio.sp7,-0.00103867653977259,0.0312255766252624,0.0524844688979085,1000
sp0,154,species.maturity.size.ratio.sp8,-0.000581119938551791,0.0338835353016875,0.0582675684929412,1000
sp0,155,species.maturity.size.ratio.sp9,0.00313668266845511,0.0318223756869636,0.0540941445365072,1000
sp0,156,species.maturity.size.ratio.sp10,-0.00315553253675028,0.0330945115201799,0.0553164309369014,1000
sp0,157,species.maturity.size.ratio.sp11,0.00119269519124295,0.0427646047992857,0.0739444441923442,1000
sp0,158,species.maturity.size.ratio.sp12,-0.00144352023314452,0.0317251341552839,0.0550577688099225,1000
sp0,159,species.maturity.size.ratio.sp13,0.00274126682720964,0.0597442539774047,0.105465437070047,1000
sp0,160,species.maturity.size.ratio.sp14,-0.00110231758477037,0.0330830511961925,0.056973767212839,1000
sp0,161,species.maturity.size.ratio.sp15,0.00127193582472645,0.0324492349279713,0.0557467459094387,1000
sp0,162,predation.predPrey.sizeRatio.teta.sp0.stage1,0.00403633873520548,0.0573166275933257,0.103584668800259,1000
sp0,163,predation.predPrey.sizeRatio.alpha.sp0.stage1,-0.0866373556596077,0.961996437997055,1.66243357287347,1000
sp0,164,predation.predPrey.sizeRatio.teta.sp1.stage1,-0.00149798235626485,0.0339672212798836,0.0565813548577232,1000
sp0,165,predation.predPrey.sizeRatio.alpha.sp1.stage1,0.0049630147114963,0.0576937823220823,0.102926890167636,1000
sp0,166,predation.predPrey.sizeRatio.teta.sp2.stage1,0.0012691222630904,0.0344342562471035,0.061314142069733,1000
sp0,167,predation.predPrey.sizeRatio.alpha.sp2.stage1,0.00734254925449376,0.157089745054567,0.357445030710743,1000
sp0,168,predation.predPrey.sizeRatio.teta.sp3.stage1,0.00134794572689055,0.0381113823322097,0.063084329158116,1000
sp0,169,predation.predPrey.sizeRatio.alpha.sp3.stage1,-0.00225164005800387,0.280099709037782,0.495149994507262,1000
sp0,170,predation.predPrey.sizeRatio.teta.sp4.stage1,0.00206733410231831,0.0320942876337078,0.0553969130984577,1000
sp0,171,predation.predPrey.sizeRatio.alpha.sp4.stage1,-0.00477766010133623,0.0714031513173871,0.139816945839376,1000
sp0,172,predation.predPrey.sizeRatio.teta.sp5.stage1,-0.00146538382236427,0.0309277736439412,0.0525839182100171,1000
sp0,173,predation.predPrey.sizeRatio.teta.sp5.stage2,-0.00478722025843512,0.258058484747747,0.431091742360332,1000
sp0,174,predation.predPrey.sizeRatio.alpha.sp5.stage1,0.00303592837793855,0.0317754826298811,0.0539914408189132,1000
sp0,175,predation.predPrey.sizeRatio.alpha.sp5.stage2,0.000465057337596169,0.193864134179139,0.308145462544023,1000
sp0,176,predation.predPrey.sizeRatio.teta.sp6.stage1,-0.000684335124544157,0.0340721289286736,0.0574133838796763,1000
sp0,177,predation.predPrey.sizeRatio.alpha.sp6.stage1,-0.00200569145276081,0.035352940445837,0.061277125078173,1000
sp0,178,predation.predPrey.sizeRatio.teta.sp7.stage1,-0.00157539414523598,0.0330048753191456,0.0594537060338727,1000
sp0,179,predation.predPrey.sizeRatio.alpha.sp7.stage1,0.00475577963607133,0.039102189589086,0.0705934869376541,1000
sp0,180,predation.predPrey.sizeRatio.teta.sp8.stage1,0.00159893064211437,0.0313454896824566,0.0537325791009761,1000
sp0,181,predation.predPrey.sizeRatio.alpha.sp8.stage1,-0.00391501132309073,0.131706495564399,0.2140780008129,1000
sp0,182,predation.predPrey.sizeRatio.teta.sp9.stage1,0.00500997074620379,0.0330801487011547,0.0573115775030271,1000
sp0,183,predation.predPrey.sizeRatio.alpha.sp9.stage1,-0.0040621775833502,0.0801040928074421,0.160777087024714,1000
sp0,184,predation.predPrey.sizeRatio.teta.sp10.stage1,0.00289107822399195,0.0308779641044172,0.0526824404895258,1000
sp0,185,predation.predPrey.sizeRatio.alpha.sp10.stage1,0.00158227186090551,0.0419548099764997,0.0712067193825113,1000
sp0,186,predation.predPrey.sizeRatio.teta.sp11.stage1,0.00217568638663987,0.0328153656161629,0.054879850751512,1000
sp0,187,predation.predPrey.sizeRatio.alpha.sp11.stage1,0.00199477764396529,0.0340385087752494,0.0574997045876011,1000
sp0,188,predation.predPrey.sizeRatio.teta.sp12.stage1,0.00151072928990817,0.0336536393133266,0.0590611973749586,1000
sp0,189,predation.predPrey.sizeRatio.alpha.sp12.stage1,0.0005350870799935,0.0389050087846131,0.0661073992183586,1000
sp0,190,predation.predPrey.sizeRatio.teta.sp13.stage1,-0.000246695879777271,0.0326676570162463,0.0562845300596962,1000
sp0,191,predation.predPrey.sizeRatio.alpha.sp13.stage1,-0.0012943906038077,0.0381681932677388,0.0670950283794005,1000
sp0,192,predation.predPrey.sizeRatio.teta.sp14.stage1,-0.000104414016313654,0.0297950626256142,0.0511500148204194,1000
sp0,193,predation.predPrey.sizeRatio.alpha.sp14.stage1,-0.00259714235842912,0.0474261292154813,0.0782140466876665,1000
sp0,194,predation.predPrey.sizeRatio.teta.sp15.stage1,0.00118505078391233,0.03132903263048,0.052162128158332,1000
sp0,195,predation.predPrey.sizeRatio.alpha.sp15.stage1,-0.0025308443981955,0.0458594645508816,0.0814205236436172,1000
sp1,1,mortality.additional.rate.sp0,7.83380083068403e-05,0.00415087021725411,0.00620030235996402,1000
sp1,2,mortality.additional.rate.sp1,9.25443763108596e-05,0.00417627040673375,0.00601760653074812,1000
sp1,3,mortality.additional.rate.sp2,9.38265016039124e-05,0.00453530381030292,0.00674214160210473,1000
sp1,4,mortality.additional.rate.sp3,4.11090494525122e-05,0.00616433840087452,0.00841312032081405,1000
sp1,5,mortality.additional.rate.sp4,0.000164100527662215,0.00389037952342306,0.00569326748108505,1000
sp1,6,mortality.additional.rate.sp5,0.000101618042200612,0.00618414710871505,0.00813417167805642,1000
sp1,7,mortality.additional.rate.sp6,9.81990676014092e-05,0.00427948271044461,0.00622778660304008,1000
sp1,8,mortality.additional.rate.sp7,-0.000463808478271343,0.00550964037942738,0.00782444685180338,1000
sp1,9,mortality.additional.rate.sp8,1.03630106850433e-05,0.00446051428935652,0.00694034201856084,1000
sp1,10,mortality.additional.rate.sp9,3.8548642615657e-05,0.00417398967869786,0.00624036687556917,1000
sp1,11,mortality.additional.rate.sp10,6.65002836877649e-05,0.0042672249008252,0.00649338080923474,1000
sp1,12,mortality.additional.rate.sp11,3.06206628974555e-05,0.0040314880090509,0.00594094971724752,1000
sp1,13,mortality.additional.rate.sp12,0.000110451659571448,0.00408098842323784,0.0062443624112318,1000
sp1,14,mortality.additional.rate.sp13,-2.7414669251492e-05,0.00415504161195205,0.00612984493394782,1000
sp1,15,mortality.additional.rate.sp14,0.000426797036504613,0.00408185160510529,0.00593459356689314,1000
sp1,16,mortality.additional.rate.sp15,8.54689448612987e-05,0.00437934202095908,0.00652657401000525,1000
sp1,17,fisheries.rate.base.fsh0,-0.00243783598321946,0.0669366947496541,0.0770762565034184,1000
sp1,18,fisheries.rate.base.fsh1,-0.000303898226321589,0.00483906670666697,0.0070841279070385,1000
sp1,19,fisheries.rate.base.fsh2,-0.000371317572877564,0.00425055313913172,0.00641643343096665,1000
sp1,20,fisheries.rate.base.fsh3,-0.000189184560575157,0.00503533930995217,0.00706499467657614,1000
sp1,21,species.catchability.fsh0.sp0,2.55557117539156e-06,0.00488894586268961,0.00696063065967008,1000
sp1,22,species.catchability.fsh0.sp1,0.00553191549357892,0.0720046447903416,0.0818207743908982,1000
sp1,23,species.catchability.fsh0.sp2,3.49444066060892e-06,0.00437724825743756,0.00644342885642954,1000
sp1,24,species.catchability.fsh0.sp3,0.000294196389910258,0.0100680022084677,0.0133411031115259,1000
sp1,25,species.catchability.fsh0.sp5,0.000176890936444135,0.00474614180854481,0.00691607278170533,1000
sp1,26,species.catchability.fsh0.sp7,-1.89180730841839e-05,0.00420881389862441,0.00623710086326474,1000
sp1,27,species.catchability.fsh0.sp8,5.2200080372581e-05,0.00467624353598711,0.00711615873533573,1000
sp1,28,species.catchability.fsh0.sp9,-0.000279457242088011,0.0039421171948918,0.00586298494889767,1000
sp1,29,species.catchability.fsh0.sp10,0.000225483609100088,0.00416399231279581,0.00603362147920658,1000
sp1,30,species.catchability.fsh0.sp13,-0.000246588684984747,0.00418423757497563,0.00598988525413837,1000
sp1,31,species.catchability.fsh0.sp14,-7.81477988498026e-05,0.00420426113311899,0.00615966608528497,1000
sp1,32,species.catchability.fsh0.sp15,-2.72243562832256e-05,0.00396524677848037,0.0057985519407816,1000
sp1,33,species.catchability.fsh1.sp9,0.000191463798869124,0.004269175485029,0.00609425747615243,1000
sp1,34,species.catchability.fsh1.sp10,0.000290995722458183,0.00409691533866482,0.00597427863037829,1000
sp1,35,species.catchability.fsh1.sp11,0.000149205430914817,0.00390323929452802,0.00567948861084804,1000
sp1,36,species.catchability.fsh1.sp12,-0.000275685240563676,0.00425852486477569,0.00630428121943466,1000
sp1,37,species.catchability.fsh2.sp0,0.00023672817485164,0.00408339607412941,0.00608920052310203,1000
sp1,38,species.catchability.fsh2.sp5,0.000434138457551339,0.00432968119816224,0.00648722883128744,1000
sp1,39,species.catchability.fsh2.sp7,-0.000225173595153539,0.00414042189361285,0.00625201949969809,1000
sp1,40,species.catchability.fsh2.sp8,-0.000293605007576892,0.00421241408410232,0.00624857457586697,1000
sp1,41,species.catchability.fsh3.sp0,-2.09177076901574e-05,0.00419003185660527,0.00611335769804251,1000
sp1,42,species.catchability.fsh3.sp1,8.51918505055723e-05,0.00592919994498585,0.00832281352693756,1000
sp1,43,species.catchability.fsh3.sp2,-0.0003020210675052,0.00414146527898301,0.00605850426907529,1000
sp1,44,species.catchability.fsh3.sp3,-0.000163544297859843,0.00455642695288316,0.00705920551840724,1000
sp1,45,species.catchability.fsh3.sp5,-7.36783875517217e-05,0.00395654406219111,0.00607308323639703,1000
sp1,46,species.catchability.fsh3.sp7,-0.000103734400615522,0.00428580339997396,0.00651723784597226,1000
sp1,47,species.catchability.fsh3.sp8,5.20293117967699e-05,0.00445389084230638,0.00675703994672809,1000
sp1,48,species.catchability.fsh3.sp9,0.000339208615566189,0.00406937782528793,0.00614293958474528,1000
sp1,49,species.catchability.fsh3.sp10,-0.00018419581223034,0.00410178832410452,0.00603159002398342,1000
sp1,50,species.catchability.fsh3.sp11,0.00018311421375656,0.00418479984207019,0.00618245443520615,1000
sp1,51,species.catchability.fsh3.sp12,0.000145235430980513,0.00434281742568695,0.00641248920462031,1000
sp1,52,species.catchability.fsh3.sp13,0.000143078158048009,0.0042070147314235,0.00647085100114036,1000
sp1,53,species.catchability.fsh3.sp14,0.000215237781404385,0.00394959319220166,0.00586235845575612,1000
sp1,54,species.catchability.fsh3.sp15,-3.28928612331255e-05,0.00417420026664325,0.00620228371734339,1000
sp1,55,species.length2weight.condition.factor.sp0,-5.08613998458779e-05,0.00458503627430703,0.00655248051631007,1000
sp1,56,species.length2weight.condition.factor.sp1,-6.90761429819395e-05,0.00515036947579339,0.0073009610083813,1000
sp1,57,species.length2weight.condition.factor.sp2,-1.63113214611467e-05,0.00496763146375927,0.00730968119103377,1000
sp1,58,species.length2weight.condition.factor.sp3,5.83422847597976e-05,0.00665434009528547,0.00994703455449996,1000
sp1,59,species.length2weight.condition.factor.sp4,0.000108073975615984,0.00435975790706271,0.00637347936630393,1000
sp1,60,species.length2weight.condition.factor.sp5,-2.86188842250187e-06,0.00458362836653784,0.00703781534531656,1000
sp1,61,species.length2weight.condition.factor.sp6,0.000178105827375061,0.00427125915276486,0.00625505766549133,1000
sp1,62,species.length2weight.condition.factor.sp7,8.17440781675198e-06,0.00433330799007731,0.00644175060233549,1000
sp1,63,species.length2weight.condition.factor.sp8,-4.82713632386266e-05,0.00466331514830434,0.00682581468406641,1000
sp1,64,species.length2weight.condition.factor.sp9,-0.000644896587889653,0.00431378611122341,0.00644874160949915,1000
sp1,65,species.length2weight.condition.factor.sp10,6.03722085192716e-05,0.00419151562933283,0.00610014595149502,1000
sp1,66,species.length2weight.condition.factor.sp11,-0.000206215560716125,0.00421631529187178,0.0063946373306959,1000
sp1,67,species.length2weight.condition.factor.sp12,-0.000298136807268979,0.00438578474390563,0.00663943203269728,1000
sp1,68,species.length2weight.condition.factor.sp13,-3.57666207044773e-05,0.00429259394262169,0.00636208517384406,1000
sp1,69,species.length2weight.condition.factor.sp14,3.65834268809482e-05,0.00483774085631159,0.00717803781865055,1000
sp1,70,species.length2weight.condition.factor.sp15,0.000181651061692055,0.00412640386210046,0.00610043854864115,1000
sp1,71,species.k.sp0,-8.64288905590188e-05,0.00948139491170795,0.0128108193378907,1000
sp1,72,species.k.sp1,0.00232993534464279,0.0856137342853949,0.10559625061673,1000
sp1,73,species.k.sp2,0.00033367352334971,0.00600172211755192,0.00855466305681214,1000
sp1,74,species.k.sp3,-0.000490226545713127,0.012837796372013,0.0190222790867889,1000
sp1,75,species.k.sp4,-0.000630576488042734,0.00863706642538929,0.0103698259091426,1000
sp1,76,species.k.sp5,-0.000419007604667975,0.00659445432937601,0.0090430358393943,1000
sp1,77,species.k.sp6,0.000493578406418498,0.0140032828744854,0.0161692441137735,1000
sp1,78,species.k.sp7,-4.60739740524345e-06,0.00436131875776244,0.00627335270011304,1000
sp1,79,species.k.sp8,-2.60834460860389e-05,0.00823356543514037,0.0115262649104592,1000
sp1,80,species.k.sp9,0.000508763016622054,0.00589937009337168,0.00802720570401318,1000
sp1,81,species.k.sp10,-6.8400046083708e-05,0.00459340104195922,0.00685247170893139,1000
sp1,82,species.k.sp11,0.000272717566006304,0.00417401979350497,0.00619155940116104,1000
sp1,83,species.k.sp12,3.88240642870245e-05,0.00449563832580253,0.00657355668419143,1000
sp1,84,species.k.sp13,0.000586028145139261,0.00644791045550925,0.00939791472280376,1000
sp1,85,species.k.sp14,0.000118473891243213,0.00791391350480063,0.0113003514715053,1000
sp1,86,species.k.sp15,0.000287482562381938,0.00454502630088972,0.00689099535296043,1000
sp1,87,species.l0.sp0,0.000108795885671917,0.00456347812492651,0.00685090592696162,1000
sp1,88,species.l0.sp1,0.000159399821408751,0.0112214925723173,0.0145999340190531,1000
sp1,89,species.l0.sp2,0.000500795739671413,0.00734018764481841,0.010489015482083,1000
sp1,90,species.l0.sp3,-8.25085461806902e-05,0.00588463033728265,0.00896041183632761,1000
sp1,91,species.l0.sp4,0.000190145381815202,0.00768107524025406,0.00942019390076614,1000
sp1,92,species.l0.sp5,-0.000133853192060938,0.00445382132852687,0.00669996905041983,1000
sp1,93,species.l0.sp6,6.32627142826554e-05,0.00711709273500023,0.00933447025097766,1000
sp1,94,species.l0.sp7,-5.12739875191863e-05,0.00453590432355868,0.00664227360782781,1000
sp1,95,species.l0.sp8,-0.000195236439668615,0.00698447247733983,0.00969439551317147,1000
sp1,96,species.l0.sp9,0.000331691941703869,0.0044199088174391,0.0063161848802772,1000
sp1,97,species.l0.sp10,0.000307369258174136,0.00456039565938957,0.00700789322462544,1000
sp1,98,species.l0.sp11,1.99553806834789e-05,0.00431368811951191,0.00647944270649729,1000
sp1,99,species.l0.sp12,0.000283377445877447,0.0042287572298117,0.00617212441146691,1000
sp1,100,species.l0.sp13,0.000141410843491082,0.00400530044712655,0.00584620769994201,1000
sp1,101,species.l0.sp14,5.37813694903202e-05,0.00414492106403371,0.00614963918276424,1000
sp1,102,species.l0.sp15,0.000235687465082092,0.00418034696946558,0.00620730127178084,1000
sp1,103,mortality.additional.larva.rate.sp0,-0.000609914161684237,0.00799192960559106,0.0112264833700908,1000
sp1,104,mortality.additional.larva.rate.sp1,-1.20044909698311e-05,0.0111378339048,0.0144453407353088,1000
sp1,105,mortality.additional.larva.rate.sp2,6.68955110235788e-05,0.0185633025621053,0.0270867440283785,1000
sp1,106,mortality.additional.larva.rate.sp3,-0.00143545786574862,0.0301782776750803,0.0443768413038085,1000
sp1,107,mortality.additional.larva.rate.sp4,-0.000166955981219582,0.00426204330264829,0.00617043297820615,1000
sp1,108,mortality.additional.larva.rate.sp5,4.2433065602972e-05,0.00418581418046448,0.00608754966633002,1000
sp1,109,mortality.additional.larva.rate.sp6,-2.67424459115273e-05,0.00410169893544001,0.00620532525290644,1000
sp1,110,mortality.additional.larva.rate.sp9,-0.000170112598769151,0.00607023245223664,0.00828470824860346,1000
sp1,111,mortality.additional.larva.rate.sp10,1.15432759749298e-05,0.00547647873667206,0.00815690954429176,1000
sp1,112,mortality.additional.larva.rate.sp11,0.000214261620888153,0.00425920061521648,0.00641777940801844,1000
sp1,113,mortality.additional.larva.rate.sp12,-0.000274556948691793,0.00465566433935106,0.00674320414655546,1000
sp1,114,mortality.additional.larva.rate.sp13,2.37539867549459e-05,0.00407679931786724,0.00618165525068993,1000
sp1,115,mortality.additional.larva.rate.sp14,0.000292939224082305,0.00536330074149583,0.00754536883596762,1000
sp1,116,mortality.additional.larva.rate.sp15,-0.000120655188376015,0.00443849403361874,0.00643759073650596,1000
sp1,117,mortality.additional.larva.rate.mean.sp7,0.000210499143851726,0.00446432343471297,0.00654482239777173,1000
sp1,118,mortality.additional.larva.rate.mean.sp8,-0.000111606711982491,0.00992704399559478,0.0126805531914994,1000
sp1,119,species.linf.sp0,0.000906954589116762,0.0115680590226628,0.0159416361298338,1000
sp1,120,species.linf.sp1,0.0112797962145609,0.228497914346637,0.265456663694881,1000
sp1,121,species.linf.sp2,-0.000514384765962489,0.0136948130130471,0.0206053443920113,1000
sp1,122,species.linf.sp3,0.00239141017206759,0.0495130397964455,0.064413112108083,1000
sp1,123,species.linf.sp4,-0.000174890181893371,0.0203354591571105,0.0225336300274934,1000
sp1,124,species.linf.sp5,0.000273254903080089,0.0199176130340048,0.0232341711748538,1000
sp1,125,species.linf.sp6,-0.000520151575664099,0.0386438697024781,0.0418800490143454,1000
sp1,126,species.linf.sp7,-1.68848229370178e-06,0.00966413437779605,0.0121189681782032,1000
sp1,127,species.linf.sp8,-0.000917142688154312,0.0192797898550708,0.0251878100444256,1000
sp1,128,species.linf.sp9,-0.000364429925390641,0.011697420228241,0.0142527139052188,1000
sp1,129,species.linf.sp10,-0.000339922607700862,0.00631250611992119,0.0108618073901028,1000
sp1,130,species.linf.sp11,-0.000209103578943068,0.00488469786597002,0.0071885370399582,1000
sp1,131,species.linf.sp12,-0.000196989381687505,0.00544932926495449,0.00763904485041247,1000
sp1,132,species.linf.sp13,-0.000152219345829935,0.00608481663630457,0.00922221744980403,1000
sp1,133,species.linf.sp14,-0.000117535315531668,0.00811049991659573,0.012105914655396,1000
sp1,134,species.linf.sp15,0.000287336373125343,0.00490271706657226,0.00716907739001225,1000
sp1,135,species.accessibility2fish.sp16,0.000303224365047793,0.00407769712966363,0.00606623229545801,1000
sp1,136,species.accessibility2fish.sp17,5.05136723991426e-06,0.00401260239938145,0.00627424822674734,1000
sp1,137,species.accessibility2fish.sp18,-0.000158298132406236,0.00432296604045685,0.00622855419057704,1000
sp1,138,species.accessibility2fish.sp19,4.08588372210917e-06,0.00444479737647785,0.00668413638674335,1000
sp1,139,species.accessibility2fish.sp20,0.000167747518749096,0.00390138543218502,0.00585568303216128,1000
sp1,140,species.accessibility2fish.sp21,6.1097654865849e-05,0.00459909852389038,0.00681053449462513,1000
sp1,141,species.accessibility2fish.sp22,-0.000222704658010065,0.0163005388725984,0.0311689228408888,1000
sp1,142,species.accessibility2fish.sp23,-5.91387440880055e-05,0.044744787884649,0.0512036068296038,1000
sp1,143,species.accessibility2fish.sp24,-0.000562162466849035,0.0201121838588223,0.0309159507821426,1000
sp1,144,species.accessibility2fish.sp25,0.000222669054427262,0.00400227031535383,0.00590706342342077,1000
sp1,145,species.accessibility2fish.sp26,0.000102532259477184,0.00420279383721214,0.00633605094973045,1000
sp1,146,species.maturity.size.ratio.sp0,-0.000763914138795232,0.00933514523042103,0.0135358950766994,1000
sp1,147,species.maturity.size.ratio.sp1,0.000316642404827539,0.00439375061990214,0.00649113563109237,1000
sp1,148,species.maturity.size.ratio.sp2,-0.000316593688852074,0.00449149690652304,0.00667605856410827,1000
sp1,149,species.maturity.size.ratio.sp3,0.000290920441438943,0.0046458901429048,0.00688910075358423,1000
sp1,150,species.maturity.size.ratio.sp4,-8.05415030481574e-05,0.00451414584537849,0.00662984546610286,1000
sp1,151,species.maturity.size.ratio.sp5,1.04649216327238e-05,0.00429359955803888,0.00650633147950426,1000
sp1,152,species.maturity.size.ratio.sp6,5.32999056449969e-05,0.00439476850250594,0.00642928591088572,1000
sp1,153,species.maturity.size.ratio.sp7,-0.000204380780863876,0.00417380676130906,0.00615953013756573,1000
sp1,154,species.maturity.size.ratio.sp8,0.000144898787613409,0.00411650651748891,0.00605550027342521,1000
sp1,155,species.maturity.size.ratio.sp9,7.40803341141823e-05,0.00418770200231641,0.00601877441876543,1000
sp1,156,species.maturity.size.ratio.sp10,-0.000537280142859291,0.00422816898857372,0.00628664071900162,1000
sp1,157,species.maturity.size.ratio.sp11,0.000105855305365326,0.00476319206648056,0.00685202857009837,1000
sp1,158,species.maturity.size.ratio.sp12,-0.000319048458880491,0.00414879851444381,0.00628848043540524,1000
sp1,159,species.maturity.size.ratio.sp13,-0.000358162584190106,0.00953443743971718,0.0129730634768317,1000
sp1,160,species.maturity.size.ratio.sp14,0.000155419453710941,0.00420869780352373,0.00624082716952522,1000
sp1,161,species.maturity.size.ratio.sp15,-0.000381876148172721,0.00437386163819626,0.00652151853720432,1000
sp1,162,predation.predPrey.sizeRatio.teta.sp0.stage1,-0.000318779246694905,0.00428948854712033,0.00628765814305954,1000
sp1,163,predation.predPrey.sizeRatio.alpha.sp0.stage1,-0.000500049081311656,0.00587607488904483,0.00846979506601889,1000
sp1,164,predation.predPrey.sizeRatio.teta.sp1.stage1,0.0011132958957746,0.0250613934612966,0.0317242332133818,1000
sp1,165,predation.predPrey.sizeRatio.alpha.sp1.stage1,-0.0245941817645392,0.25320777752779,0.295498598679245,1000
sp1,166,predation.predPrey.sizeRatio.teta.sp2.stage1,0.000210830329446476,0.00483614978288182,0.00689191229535526,1000
sp1,167,predation.predPrey.sizeRatio.alpha.sp2.stage1,-0.000168553406732802,0.00693494635694448,0.0100568257500664,1000
sp1,168,predation.predPrey.sizeRatio.teta.sp3.stage1,0.000234438619079214,0.00553825251587338,0.00798255732967633,1000
sp1,169,predation.predPrey.sizeRatio.alpha.sp3.stage1,-0.000333715486027724,0.0249698016401045,0.0400618789991907,1000
sp1,170,predation.predPrey.sizeRatio.teta.sp4.stage1,3.76497806020784e-05,0.00427238093919164,0.00623882251992454,1000
sp1,171,predation.predPrey.sizeRatio.alpha.sp4.stage1,-0.000366354799504947,0.00455353746308675,0.00645784838678059,1000
sp1,172,predation.predPrey.sizeRatio.teta.sp5.stage1,-0.000227118247448708,0.00405176806710458,0.006069012763219,1000
sp1,173,predation.predPrey.sizeRatio.teta.sp5.stage2,-0.00106540905061172,0.0138167376902311,0.0171594883546146,1000
sp1,174,predation.predPrey.sizeRatio.alpha.sp5.stage1,0.000108095129147314,0.00409818762909043,0.00608443195099145,1000
sp1,175,predation.predPrey.sizeRatio.alpha.sp5.stage2,0.000270572921420222,0.00691534880773056,0.010210999661015,1000
sp1,176,predation.predPrey.sizeRatio.teta.sp6.stage1,-9.72550098277679e-05,0.00599552200025526,0.00834418732292597,1000
sp1,177,predation.predPrey.sizeRatio.alpha.sp6.stage1,5.8380546495939e-05,0.0114579728784007,0.0138419275445508,1000
sp1,178,predation.predPrey.sizeRatio.teta.sp7.stage1,-0.000117888386225323,0.00432324784418156,0.00642979786934111,1000
sp1,179,predation.predPrey.sizeRatio.alpha.sp7.stage1,-0.000394795056386864,0.010227502461821,0.0140827338682638,1000
sp1,180,predation.predPrey.sizeRatio.teta.sp8.stage1,-4.43247284323025e-05,0.0046763363230191,0.00672439071514958,1000
sp1,181,predation.predPrey.sizeRatio.alpha.sp8.stage1,-0.00012222146024041,0.0108462702672099,0.0147898540195497,1000
sp1,182,predation.predPrey.sizeRatio.teta.sp9.stage1,7.59650281362255e-05,0.00578146276324079,0.00853062543589301,1000
sp1,183,predation.predPrey.sizeRatio.alpha.sp9.stage1,-1.8754576895683e-05,0.00617968645699165,0.00848991560184301,1000
sp1,184,predation.predPrey.sizeRatio.teta.sp10.stage1,3.22888455756052e-05,0.00427565085474711,0.00650185249183796,1000
sp1,185,predation.predPrey.sizeRatio.alpha.sp10.stage1,-2.62198604276167e-05,0.00474261168755614,0.00701317280783614,1000
sp1,186,predation.predPrey.sizeRatio.teta.sp11.stage1,1.20633190613929e-05,0.0042018842492366,0.0061743568491361,1000
sp1,187,predation.predPrey.sizeRatio.alpha.sp11.stage1,2.43186887535519e-05,0.00427795534938525,0.00623645567196774,1000
sp1,188,predation.predPrey.sizeRatio.teta.sp12.stage1,-1.14255079068935e-05,0.00441610850689665,0.00653037940929681,1000
sp1,189,predation.predPrey.sizeRatio.alpha.sp12.stage1,0.000249447819456879,0.00467689148316339,0.00718937280244229,1000
sp1,190,predation.predPrey.sizeRatio.teta.sp13.stage1,-0.000161052146415716,0.00439786282177838,0.00640688437618929,1000
sp1,191,predation.predPrey.sizeRatio.alpha.sp13.stage1,0.000313785069466167,0.00546000576723064,0.00783868917158703,1000
sp1,192,predation.predPrey.sizeRatio.teta.sp14.stage1,3.34993298332108e-05,0.00445728372210182,0.00654597850170497,1000
sp1,193,predation.predPrey.sizeRatio.alpha.sp14.stage1,-0.00012449436791827,0.00857840706122964,0.0110419767450457,1000
sp1,194,predation.predPrey.sizeRatio.teta.sp15.stage1,9.54550284418309e-05,0.00439031279828091,0.006687962414948,1000
sp1,195,predation.predPrey.sizeRatio.alpha.sp15.stage1,-2.63892278395753e-05,0.00497574343376365,0.00745561744608868,1000
sp2,1,mortality.additional.rate.sp0,0.00248296402626555,0.0318978250480637,0.0487203271156843,1000
sp2,2,mortality.additional.rate.sp1,-0.00324496743988028,0.0340008799865368,0.0531104398721601,1000
sp2,3,mortality.additional.rate.sp2,-0.00494955304353758,0.173049515599518,0.227779830828026,1000
sp2,4,mortality.additional.rate.sp3,0.000381095039787566,0.0387399439311243,0.0611236268287251,1000
sp2,5,mortality.additional.rate.sp4,0.00220166787587198,0.0312080953346744,0.0483056062682337,1000
sp2,6,mortality.additional.rate.sp5,-0.00352044392268684,0.0325920816597917,0.0497819905888177,1000
sp2,7,mortality.additional.rate.sp6,0.00270229201499985,0.0314400500788271,0.0476757116641588,1000
sp2,8,mortality.additional.rate.sp7,-0.0016805641422821,0.0325220214377504,0.0508948494643847,1000
sp2,9,mortality.additional.rate.sp8,-0.00289889767684752,0.0338653598656874,0.0530132729154672,1000
sp2,10,mortality.additional.rate.sp9,0.00354772758325615,0.0307282736949101,0.0464694973992277,1000
sp2,11,mortality.additional.rate.sp10,0.00314091794473086,0.0326511620222799,0.0500855626764083,1000
sp2,12,mortality.additional.rate.sp11,-0.00150973393204182,0.0328405439813541,0.0502511323869559,1000
sp2,13,mortality.additional.rate.sp12,-0.000943088456730308,0.0339224262413193,0.0510103972164928,1000
sp2,14,mortality.additional.rate.sp13,0.00286093640264193,0.0316894988363826,0.0487323464344438,1000
sp2,15,mortality.additional.rate.sp14,-0.00288621630118689,0.0316384999746437,0.0475666896403927,1000
sp2,16,mortality.additional.rate.sp15,-0.000890881196164005,0.0322497789871654,0.0509656671829978,1000
sp2,17,fisheries.rate.base.fsh0,-0.0037429955559283,0.390380964308911,0.526934290179886,1000
sp2,18,fisheries.rate.base.fsh1,0.00248455649501764,0.0467297868181696,0.06961573108223,1000
sp2,19,fisheries.rate.base.fsh2,0.00016001794670023,0.0325385250796796,0.0498388296888416,1000
sp2,20,fisheries.rate.base.fsh3,0.000186285972273644,0.0835753135250086,0.118030249485074,1000
sp2,21,species.catchability.fsh0.sp0,-0.00263217211105842,0.0329854884933288,0.0514136205776176,1000
sp2,22,species.catchability.fsh0.sp1,0.00388298717919079,0.0308150345411009,0.0477357268142065,1000
sp2,23,species.catchability.fsh0.sp2,-0.0264499013238485,0.322671685176685,0.47613546613625,1000
sp2,24,species.catchability.fsh0.sp3,-0.00117548018353975,0.0405997035979994,0.0634603199573343,1000
sp2,25,species.catchability.fsh0.sp5,-0.00179769923993235,0.0314788006540361,0.0480617946297582,1000
sp2,26,species.catchability.fsh0.sp7,0.00329786694810663,0.0326709944570722,0.0499013987509075,1000
sp2,27,species.catchability.fsh0.sp8,-0.00159646221931574,0.0347262143577863,0.0538282448589537,1000
sp2,28,species.catchability.fsh0.sp9,-0.000995186054359056,0.0333119619049014,0.0513203193440377,1000
sp2,29,species.catchability.fsh0.sp10,0.0013166254948217,0.0350084835185237,0.0550209719790998,1000
sp2,30,species.catchability.fsh0.sp13,-0.00212920529996433,0.0344610195152825,0.0523756996074851,1000
sp2,31,species.catchability.fsh0.sp14,-0.000382494850110585,0.0306985405244921,0.0457372038454058,1000
sp2,32,species.catchability.fsh0.sp15,0.00109792178923993,0.0326826318461329,0.049326797852535,1000
sp2,33,species.catchability.fsh1.sp9,-0.00121569595764189,0.0330938143674262,0.0498134525105261,1000
sp2,34,species.catchability.fsh1.sp10,0.000198057954952825,0.0391771368990643,0.0636194085077892,1000
sp2,35,species.catchability.fsh1.sp11,-0.000946630014266312,0.0338713679084408,0.0516411938372608,1000
sp2,36,species.catchability.fsh1.sp12,9.1265942137205e-05,0.0358458019023425,0.055084496932297,1000
sp2,37,species.catchability.fsh2.sp0,-0.00235723306662659,0.0297951710519077,0.0454432142506104,1000
sp2,38,species.catchability.fsh2.sp5,-0.000486256119844099,0.0324743540611871,0.0493716099863274,1000
sp2,39,species.catchability.fsh2.sp7,0.000515186613563549,0.0306308849429408,0.0471828539609676,1000
sp2,40,species.catchability.fsh2.sp8,-0.00369837518408644,0.0327934733783943,0.0492799769946995,1000
sp2,41,species.catchability.fsh3.sp0,-6.62094151089802e-05,0.0314051771892467,0.0480017629931917,1000
sp2,42,species.catchability.fsh3.sp1,0.00176327869196264,0.0328193215005072,0.0506127625152529,1000
sp2,43,species.catchability.fsh3.sp2,3.53960760423288e-05,0.0736319785352249,0.106738691432559,1000
sp2,44,species.catchability.fsh3.sp3,0.00309997992092989,0.0321616277401293,0.04806819520009,1000
sp2,45,species.catchability.fsh3.sp5,0.00218261853578872,0.032559844553342,0.0485652165115313,1000
sp2,46,species.catchability.fsh3.sp7,0.00151947388160549,0.0322483649512144,0.0491423267658305,1000
sp2,47,species.catchability.fsh3.sp8,-0.000392094059432365,0.032602458777098,0.0505110149776666,1000
sp2,48,species.catchability.fsh3.sp9,0.00167267193359365,0.0331248215656153,0.0486354060446898,1000
sp2,49,species.catchability.fsh3.sp10,-2.00055200794321e-05,0.0325935070189181,0.0485176051231454,1000
sp2,50,species.catchability.fsh3.sp11,2.47062296947699e-05,0.0316772657551193,0.0470215577046272,1000
sp2,51,species.catchability.fsh3.sp12,-0.00034790299900269,0.0324382448164521,0.0490029965177584,1000
sp2,52,species.catchability.fsh3.sp13,0.00114034124064421,0.0311864400350829,0.0480310766819397,1000
sp2,53,species.catchability.fsh3.sp14,0.00170269699853217,0.0302952484507151,0.0461717965876997,1000
sp2,54,species.catchability.fsh3.sp15,-0.00267787630624535,0.0340427049273543,0.0534700930228462,1000
sp2,55,species.length2weight.condition.factor.sp0,-0.00228829777113806,0.0379697812181309,0.0583191653924638,1000
sp2,56,species.length2weight.condition.factor.sp1,0.00215610283741076,0.0328848821912135,0.050477120946629,1000
sp2,57,species.length2weight.condition.factor.sp2,0.00786720144400779,0.180042055750961,0.283053214010883,1000
sp2,58,species.length2weight.condition.factor.sp3,-0.000318460787435591,0.0415795621955542,0.0672188845353269,1000
sp2,59,species.length2weight.condition.factor.sp4,-0.000755826711184976,0.0363463169361543,0.0564277460128087,1000
sp2,60,species.length2weight.condition.factor.sp5,-0.00295154280263263,0.0318890269644531,0.0491941808505951,1000
sp2,61,species.length2weight.condition.factor.sp6,-0.0022333973742019,0.0310907513559334,0.0491894087334044,1000
sp2,62,species.length2weight.condition.factor.sp7,0.000682083992173817,0.0326037216272431,0.0509764007199659,1000
sp2,63,species.length2weight.condition.factor.sp8,-0.000183486276050763,0.0308944089963813,0.0469286966935899,1000
sp2,64,species.length2weight.condition.factor.sp9,-0.000548695130721933,0.0374065754199207,0.0582252405140357,1000
sp2,65,species.length2weight.condition.factor.sp10,-0.00114453236763181,0.0364589347634406,0.0569555301914101,1000
sp2,66,species.length2weight.condition.factor.sp11,-0.000989490484453041,0.0323001996339601,0.0496678246497234,1000
sp2,67,species.length2weight.condition.factor.sp12,0.00237842741526149,0.0316962936157437,0.0489347336287893,1000
sp2,68,species.length2weight.condition.factor.sp13,-0.00194600790691064,0.0324959784277775,0.0493677827007856,1000
sp2,69,species.length2weight.condition.factor.sp14,-0.000758134168923219,0.032684575287435,0.0496588716293755,1000
sp2,70,species.length2weight.condition.factor.sp15,-0.000800903016350635,0.0322574386078119,0.0504904704617966,1000
sp2,71,species.k.sp0,0.00142725457773199,0.0608402530601361,0.107762708426444,1000
sp2,72,species.k.sp1,0.000640841389862114,0.0326393168427538,0.0489691666169795,1000
sp2,73,species.k.sp2,0.0172955645037179,0.65069280840235,0.814714805327391,1000
sp2,74,species.k.sp3,-0.000672929087225064,0.083923312411358,0.141629485104072,1000
sp2,75,species.k.sp4,-0.00103159844898802,0.071439895593719,0.100174499942347,1000
sp2,76,species.k.sp5,7.93062065857925e-05,0.0314927824832277,0.0456133263436831,1000
sp2,77,species.k.sp6,0.00186607994153377,0.0331074175572693,0.0515546619683232,1000
sp2,78,species.k.sp7,0.000904839140230259,0.0308714383912443,0.0489172275297085,1000
sp2,79,species.k.sp8,-0.00172823767185726,0.0441424536802764,0.0670876041034255,1000
sp2,80,species.k.sp9,-0.00299881885218064,0.0642082307583194,0.0955573658524809,1000
sp2,81,species.k.sp10,-0.00255160634144364,0.0544190932487634,0.0876044500662239,1000
sp2,82,species.k.sp11,-0.00183861798373475,0.037899286580372,0.0584787824900363,1000
sp2,83,species.k.sp12,-0.000360377917232636,0.0373875527238286,0.0589515300229202,1000
sp2,84,species.k.sp13,-0.00140317834421607,0.0594964304476163,0.0954862821855044,1000
sp2,85,species.k.sp14,0.00209405683377121,0.0321684912667902,0.0491893928484562,1000
sp2,86,species.k.sp15,0.00188827606943463,0.0312992576097006,0.049141451499053,1000
sp2,87,species.l0.sp0,-4.76281653608621e-05,0.0350322840122563,0.0544893828304778,1000
sp2,88,species.l0.sp1,-0.00151773647474592,0.0323591828159158,0.0483994334189665,1000
sp2,89,species.l0.sp2,0.007388994396213,0.523784153183483,0.687281805711825,1000
sp2,90,species.l0.sp3,-0.00126449476554519,0.0411712704894478,0.0647683369484011,1000
sp2,91,species.l0.sp4,0.00522592767222646,0.0502120953751523,0.0722684451957101,1000
sp2,92,species.l0.sp5,-0.00120701014279832,0.0299926655110128,0.0455709721946132,1000
sp2,93,species.l0.sp6,0.00168824689181173,0.0326082189483018,0.0511942365524939,1000
sp2,94,species.l0.sp7,0.000848878358085831,0.0299609054062712,0.0448318499748137,1000
sp2,95,species.l0.sp8,-0.00288912057813461,0.0358868742401277,0.053877335442988,1000
sp2,96,species.l0.sp9,-0.00213143942788452,0.0720638853414171,0.109218957106907,1000
sp2,97,species.l0.sp10,0.00140379557788802,0.0853840844405374,0.137766012869566,1000
sp2,98,species.l0.sp11,0.00190535032824375,0.0366626578690923,0.059213907267628,1000
sp2,99,species.l0.sp12,-0.000423334568699476,0.0320049407180008,0.0485681138643106,1000
sp2,100,species.l0.sp13,0.000384109103185778,0.0318795686165391,0.0485305477607681,1000
sp2,101,species.l0.sp14,0.0014158462018191,0.0327647231871713,0.0510132058088864,1000
sp2,102,species.l0.sp15,0.000154115713252994,0.0331549785223904,0.0501339203385882,1000
sp2,103,mortality.additional.larva.rate.sp0,0.0011970425880624,0.0645642465522649,0.118195666281504,1000
sp2,104,mortality.additional.larva.rate.sp1,-0.000173313884197872,0.0360380078074986,0.0545810139867051,1000
sp2,105,mortality.additional.larva.rate.sp2,-0.0416797932791006,1.74917881669955,2.17675344052729,1000
sp2,106,mortality.additional.larva.rate.sp3,-0.000639943565642862,0.183589689163619,0.305865487969757,1000
sp2,107,mortality.additional.larva.rate.sp4,0.00137652230253078,0.0328546821162478,0.050425195935054,1000
sp2,108,mortality.additional.larva.rate.sp5,0.000206896956032467,0.0319819691427812,0.0491479384256032,1000
sp2,109,mortality.additional.larva.rate.sp6,-0.00214892857079144,0.0315408000539477,0.0468045466657596,1000
sp2,110,mortality.additional.larva.rate.sp9,0.010393450620843,0.130512694436246,0.188442093889004,1000
sp2,111,mortality.additional.larva.rate.sp10,-0.00747391929036054,0.129102808247045,0.207887729347437,1000
sp2,112,mortality.additional.larva.rate.sp11,-0.00139546478004222,0.0327799582753801,0.0532468349536957,1000
sp2,113,mortality.additional.larva.rate.sp12,-0.00278558082243007,0.0348774958025866,0.0539325717642178,1000
sp2,114,mortality.additional.larva.rate.sp13,-0.000297265629409558,0.0304156224792253,0.0469778462560584,1000
sp2,115,mortality.additional.larva.rate.sp14,-0.000597335915444494,0.0308075007884749,0.0482039075835898,1000
sp2,116,mortality.additional.larva.rate.sp15,0.00522789499121178,0.0331543721019122,0.0517168746324988,1000
sp2,117,mortality.additional.larva.rate.mean.sp7,-0.000922281510089342,0.0321520680856443,0.0484912811807016,1000
sp2,118,mortality.additional.larva.rate.mean.sp8,-8.09348367206373e-05,0.0319153372641332,0.0483608556500119,1000
sp2,119,species.linf.sp0,-0.0102079337728684,0.0653201590157512,0.123530933599675,1000
sp2,120,species.linf.sp1,-0.00129114581959459,0.0369791211840517,0.0563098677451922,1000
sp2,121,species.linf.sp2,-0.0418108112058996,2.07974152457343,2.44889653716533,1000
sp2,122,species.linf.sp3,-0.00614340383311557,0.199091732199364,0.316443580813202,1000
sp2,123,species.linf.sp4,0.0055623967255114,0.203723953277686,0.267516753970695,1000
sp2,124,species.linf.sp5,0.00101606281581048,0.0484683660878911,0.0740661199129856,1000
sp2,125,species.linf.sp6,0.00074980580584504,0.0362487619651679,0.0536018193859077,1000
sp2,126,species.linf.sp7,0.00125030574536681,0.0322069915502208,0.049010029009072,1000
sp2,127,species.linf.sp8,-0.0102679156687878,0.0936310637351613,0.133988958862182,1000
sp2,128,species.linf.sp9,0.00145126082341762,0.170065834874445,0.241802953557006,1000
sp2,129,species.linf.sp10,-0.00222809120533091,0.156290632119953,0.245874911843885,1000
sp2,130,species.linf.sp11,0.00332018749746722,0.0390042818395692,0.0606882050444805,1000
sp2,131,species.linf.sp12,0.00728089738118697,0.0914377156765075,0.132308540472116,1000
sp2,132,species.linf.sp13,0.000262671217360527,0.0535297358979371,0.0834344902032509,1000
sp2,133,species.linf.sp14,0.000905477631247334,0.030416260507913,0.0473840237535298,1000
sp2,134,species.linf.sp15,0.000324655004976176,0.0359388738069637,0.0545261840519537,1000
sp2,135,species.accessibility2fish.sp16,-0.00039064984610925,0.0310912600702029,0.0474826742043987,1000
sp2,136,species.accessibility2fish.sp17,-0.000924938223023966,0.0313225316219202,0.0470959682447122,1000
sp2,137,species.accessibility2fish.sp18,-0.000659289397897435,0.0312808867459256,0.0502484402614688,1000
sp2,138,species.accessibility2fish.sp19,0.00011032595005401,0.0315760332409535,0.048389801731196,1000
sp2,139,species.accessibility2fish.sp20,0.00357820139857183,0.0327946409984388,0.0507610227950695,1000
sp2,140,species.accessibility2fish.sp21,-0.00120716626594221,0.0539508385772783,0.0925720591562849,1000
sp2,141,species.accessibility2fish.sp22,-0.000788351478130673,0.0345420007313057,0.0518956731733062,1000
sp2,142,species.accessibility2fish.sp23,-0.00312916784382235,0.0317698109578831,0.0485833187438063,1000
sp2,143,species.accessibility2fish.sp24,-0.012592259686569,0.315234547755248,0.439298926578068,1000
sp2,144,species.accessibility2fish.sp25,-0.000534307708767755,0.0318938174089414,0.0480019942066986,1000
sp2,145,species.accessibility2fish.sp26,-0.000673958096067736,0.0334533710820437,0.0518984542035881,1000
sp2,146,species.maturity.size.ratio.sp0,0.00332897443189143,0.0619229398421278,0.118335307440604,1000
sp2,147,species.maturity.size.ratio.sp1,-0.000543500048118127,0.031739245382745,0.0487528598142882,1000
sp2,148,species.maturity.size.ratio.sp2,0.00468022136025918,0.0608113046793002,0.10020202060948,1000
sp2,149,species.maturity.size.ratio.sp3,0.000168552849776325,0.0341319395022795,0.052334782367635,1000
sp2,150,species.maturity.size.ratio.sp4,0.00334613110037735,0.0364100141131273,0.0566998348668237,1000
sp2,151,species.maturity.size.ratio.sp5,-0.000554061714874359,0.0338370634144123,0.052883442699271,1000
sp2,152,species.maturity.size.ratio.sp6,-0.00370204134664259,0.0353309487361139,0.054208403480898,1000
sp2,153,species.maturity.size.ratio.sp7,0.00196449734894014,0.0318833179864295,0.0485678456096425,1000
sp2,154,species.maturity.size.ratio.sp8,-0.00129227579996283,0.0305063176396215,0.0453717546178862,1000
sp2,155,species.maturity.size.ratio.sp9,0.000309683038462633,0.033026040610905,0.051297968805797,1000
sp2,156,species.maturity.size.ratio.sp10,0.00246429518524153,0.0463175049225895,0.0717668976206493,1000
sp2,157,species.maturity.size.ratio.sp11,0.00506422374626443,0.0669519770006126,0.103172464159638,1000
sp2,158,species.maturity.size.ratio.sp12,0.000949676834525592,0.0338199658804695,0.0512057814680394,1000
sp2,159,species.maturity.size.ratio.sp13,0.00209971566727872,0.0649001701362919,0.114913028438073,1000
sp2,160,species.maturity.size.ratio.sp14,-0.00237007917614755,0.0342007231607898,0.0528433650866491,1000
sp2,161,species.maturity.size.ratio.sp15,-0.0026318511108949,0.0322421429734983,0.0503913858027086,1000
sp2,162,predation.predPrey.sizeRatio.teta.sp0.stage1,-0.000331821484321623,0.0320577610706136,0.0507321346851009,1000
sp2,163,predation.predPrey.sizeRatio.alpha.sp0.stage1,-0.00326859425738526,0.036113520411476,0.0560380677282117,1000
sp2,164,predation.predPrey.sizeRatio.teta.sp1.stage1,0.0018431057662592,0.0316645490360063,0.0473135353152742,1000
sp2,165,predation.predPrey.sizeRatio.alpha.sp1.stage1,0.00307691739763425,0.0392622914183066,0.0584190000363843,1000
sp2,166,predation.predPrey.sizeRatio.teta.sp2.stage1,0.00126124178966227,0.0447549756250701,0.0662886297167187,1000
sp2,167,predation.predPrey.sizeRatio.alpha.sp2.stage1,0.0100342029632469,0.529476713852167,0.717346565173428,1000
sp2,168,predation.predPrey.sizeRatio.teta.sp3.stage1,0.000423465895649646,0.0327374453111143,0.0502145141109222,1000
sp2,169,predation.predPrey.sizeRatio.alpha.sp3.stage1,0.00275312088667463,0.0701240424814281,0.106454483898641,1000
sp2,170,predation.predPrey.sizeRatio.teta.sp4.stage1,0.00148102653257133,0.0395384361103252,0.063560171580797,1000
sp2,171,predation.predPrey.sizeRatio.alpha.sp4.stage1,-0.00361256572010205,0.0859651163451372,0.126417449206994,1000
sp2,172,predation.predPrey.sizeRatio.teta.sp5.stage1,0.00301900957240235,0.0324041986723604,0.0503916487645907,1000
sp2,173,predation.predPrey.sizeRatio.teta.sp5.stage2,-0.00137411382769523,0.0420046012127117,0.0635084110234255,1000
sp2,174,predation.predPrey.sizeRatio.alpha.sp5.stage1,-0.000106919037417972,0.0316888886350542,0.0511017341063229,1000
sp2,175,predation.predPrey.sizeRatio.alpha.sp5.stage2,0.00126354322403326,0.0349790215297995,0.0516717701003324,1000
sp2,176,predation.predPrey.sizeRatio.teta.sp6.stage1,0.00226086754504327,0.0314691688489142,0.0475018493544397,1000
sp2,177,predation.predPrey.sizeRatio.alpha.sp6.stage1,0.00333906021265301,0.0324510884120213,0.0484116931725902,1000
sp2,178,predation.predPrey.sizeRatio.teta.sp7.stage1,-0.0019755734695923,0.0306229859970785,0.0459475488022487,1000
sp2,179,predation.predPrey.sizeRatio.alpha.sp7.stage1,-0.00124929364622786,0.0334739692013438,0.0508366196555663,1000
sp2,180,predation.predPrey.sizeRatio.teta.sp8.stage1,0.00152219465836322,0.0324629638194975,0.0498021344080618,1000
sp2,181,predation.predPrey.sizeRatio.alpha.sp8.stage1,5.83889866120782e-05,0.0610782415923896,0.0916763022692776,1000
sp2,182,predation.predPrey.sizeRatio.teta.sp9.stage1,-0.00268803787082682,0.0369893652333718,0.0565127756918488,1000
sp2,183,predation.predPrey.sizeRatio.alpha.sp9.stage1,0.00346255763493269,0.0475579474050808,0.0726416981621382,1000
sp2,184,predation.predPrey.sizeRatio.teta.sp10.stage1,-0.00303319892168042,0.0336659001836743,0.0518469709930579,1000
sp2,185,predation.predPrey.sizeRatio.alpha.sp10.stage1,0.00396624890592439,0.0507040854562327,0.088884296700334,1000
sp2,186,predation.predPrey.sizeRatio.teta.sp11.stage1,-0.000328315814509006,0.0340114322632598,0.0518794922904005,1000
sp2,187,predation.predPrey.sizeRatio.alpha.sp11.stage1,-0.00051223831835055,0.032957162785226,0.0503138124858781,1000
sp2,188,predation.predPrey.sizeRatio.teta.sp12.stage1,0.000661976827828738,0.0389580082963356,0.0598855116263029,1000
sp2,189,predation.predPrey.sizeRatio.alpha.sp12.stage1,-0.00245112801288126,0.0578845290800081,0.0891713571708281,1000
sp2,190,predation.predPrey.sizeRatio.teta.sp13.stage1,-0.000407942108856031,0.0308433728779881,0.0475487902820657,1000
sp2,191,predation.predPrey.sizeRatio.alpha.sp13.stage1,0.00129754550918745,0.0571763893877968,0.0879347252049659,1000
sp2,192,predation.predPrey.sizeRatio.teta.sp14.stage1,0.00171892978922216,0.0322610426516267,0.0485334086166069,1000
sp2,193,predation.predPrey.sizeRatio.alpha.sp14.stage1,0.00195216723353073,0.0332236895733227,0.0504860969559284,1000
sp2,194,predation.predPrey.sizeRatio.teta.sp15.stage1,-0.00260470010437487,0.0319599083404601,0.0488290602404454,1000
sp2,195,predation.predPrey.sizeRatio.alpha.sp15.stage1,-0.00254834373883858,0.0367293587018221,0.0561763473412032,1000
sp3,1,mortality.additional.rate.sp0,-0.000624527204824112,0.0375073077010299,0.0556502808889194,1000
sp3,2,mortality.additional.rate.sp1,0.000493149385552861,0.0380141487459483,0.05645527585556,1000
sp3,3,mortality.additional.rate.sp2,0.00105858980246215,0.0414088478580539,0.0615794131641281,1000
sp3,4,mortality.additional.rate.sp3,0.00844715902143729,0.163211992431918,0.192929143904743,1000
sp3,5,mortality.additional.rate.sp4,0.00205577235950672,0.0376002186606973,0.055962203959133,1000
sp3,6,mortality.additional.rate.sp5,0.000988359130465548,0.0434263901033659,0.0642924577056846,1000
sp3,7,mortality.additional.rate.sp6,0.00307633450236641,0.0384140519446077,0.058147036324356,1000
sp3,8,mortality.additional.rate.sp7,-0.00245485147772743,0.0416745743753488,0.0624918486223136,1000
sp3,9,mortality.additional.rate.sp8,0.00208314040132735,0.0378513046312627,0.0584901846923179,1000
sp3,10,mortality.additional.rate.sp9,0.00144722729433685,0.0376194176476486,0.0559860205082503,1000
sp3,11,mortality.additional.rate.sp10,0.00141153213670995,0.0355537536838475,0.0550083140948762,1000
sp3,12,mortality.additional.rate.sp11,-0.00208452430534113,0.0348618622574237,0.0539262527143853,1000
sp3,13,mortality.additional.rate.sp12,-0.00211248960979946,0.039135869186297,0.0588705040429567,1000
sp3,14,mortality.additional.rate.sp13,-0.00177390157816581,0.0397031437052642,0.0595843913354984,1000
sp3,15,mortality.additional.rate.sp14,0.000417279518225687,0.0376800912978501,0.0564434747606267,1000
sp3,16,mortality.additional.rate.sp15,-0.00179228685423051,0.0360571498951326,0.054212789237622,1000
sp3,17,fisheries.rate.base.fsh0,-0.0160490855070827,0.218927069814763,0.340012425391403,1000
sp3,18,fisheries.rate.base.fsh1,0.00182243318757646,0.0585196408009934,0.0894807531042596,1000
sp3,19,fisheries.rate.base.fsh2,-0.00370647914961783,0.0392893860993461,0.059068932592023,1000
sp3,20,fisheries.rate.base.fsh3,-0.00148101379834183,0.050623862042322,0.074774026969293,1000
sp3,21,species.catchability.fsh0.sp0,0.000803693954733323,0.0402248342653134,0.0615872716612972,1000
sp3,22,species.catchability.fsh0.sp1,0.00087835225522153,0.0405828022038246,0.0613074344078496,1000
sp3,23,species.catchability.fsh0.sp2,-0.00195511922427428,0.0382672018903432,0.0573702093217145,1000
sp3,24,species.catchability.fsh0.sp3,-0.00830521583009637,0.185227632946342,0.296008631405001,1000
sp3,25,species.catchability.fsh0.sp5,0.000181275199868172,0.0405576475869984,0.059404810190401,1000
sp3,26,species.catchability.fsh0.sp7,0.000883886125634093,0.0381784805595458,0.0570915630772569,1000
sp3,27,species.catchability.fsh0.sp8,5.32837175302863e-05,0.0378187891821495,0.0562325195071514,1000
sp3,28,species.catchability.fsh0.sp9,0.000289940219675378,0.0371772324605987,0.0542691372932585,1000
sp3,29,species.catchability.fsh0.sp10,0.00282229008346755,0.0434238851727161,0.0696782637837967,1000
sp3,30,species.catchability.fsh0.sp13,4.85789245555595e-06,0.0369189693409765,0.0549319586878628,1000
sp3,31,species.catchability.fsh0.sp14,-0.000895229771357218,0.0370983624682541,0.0550851318789877,1000
sp3,32,species.catchability.fsh0.sp15,-0.00021554132204266,0.0374281827283045,0.0557099256005715,1000
sp3,33,species.catchability.fsh1.sp9,0.00023759053054038,0.0365742803465735,0.0546068960797538,1000
sp3,34,species.catchability.fsh1.sp10,-0.000549569069195833,0.046992908579588,0.0711261377689436,1000
sp3,35,species.catchability.fsh1.sp11,0.00252465453274849,0.0372207081526655,0.0565820315694507,1000
sp3,36,species.catchability.fsh1.sp12,0.00360412222298962,0.0434213703808415,0.0646248060414697,1000
sp3,37,species.catchability.fsh2.sp0,-0.00139131236493073,0.0388233926917186,0.0600673125733471,1000
sp3,38,species.catchability.fsh2.sp5,-0.00173151958042691,0.036613543034606,0.05479230885105,1000
sp3,39,species.catchability.fsh2.sp7,-0.00127273416460225,0.0376838712506932,0.056941742558607,1000
sp3,40,species.catchability.fsh2.sp8,-0.00182760798250791,0.0361331503496035,0.0532931344440859,1000
sp3,41,species.catchability.fsh3.sp0,-0.00245664201734962,0.0393396302040159,0.0594881237062676,1000
sp3,42,species.catchability.fsh3.sp1,-0.00206406376969725,0.0383064168775145,0.0559049037844707,1000
sp3,43,species.catchability.fsh3.sp2,-1.59929910601294e-07,0.037563826551189,0.0566928047576779,1000
sp3,44,species.catchability.fsh3.sp3,-0.00365099110897052,0.047766530292495,0.0683555615679091,1000
sp3,45,species.catchability.fsh3.sp5,0.00104289800948727,0.0363263267825475,0.0541791721457961,1000
sp3,46,species.catchability.fsh3.sp7,0.000735571880176017,0.0374217640448426,0.0578377191262328,1000
sp3,47,species.catchability.fsh3.sp8,-0.001175871090097,0.0371646236605783,0.0551427214589164,1000
sp3,48,species.catchability.fsh3.sp9,-0.00115531990716937,0.0384233222902638,0.0584815446999115,1000
sp3,49,species.catchability.fsh3.sp10,-0.000309875411530332,0.038270736995613,0.056664735298611,1000
sp3,50,species.catchability.fsh3.sp11,0.00209964851504789,0.0384099797443887,0.0557893315670176,1000
sp3,51,species.catchability.fsh3.sp12,0.00185255747908581,0.0393824965982786,0.0597586722960149,1000
sp3,52,species.catchability.fsh3.sp13,0.00259564012840354,0.03771352730464,0.0570556354127037,1000
sp3,53,species.catchability.fsh3.sp14,0.000774974538316665,0.0379662362375416,0.0581943135326656,1000
sp3,54,species.catchability.fsh3.sp15,0.000299564938558618,0.0402177168722624,0.0611123266961027,1000
sp3,55,species.length2weight.condition.factor.sp0,-0.00210181598043712,0.0434151800890622,0.0670968233672912,1000
sp3,56,species.length2weight.condition.factor.sp1,0.00205494132899892,0.0382364066526194,0.0571949925298397,1000
sp3,57,species.length2weight.condition.factor.sp2,-0.00272417047823059,0.0466750705011926,0.0709337845225078,1000
sp3,58,species.length2weight.condition.factor.sp3,-0.00458945758335227,0.164691894799122,0.231256845574209,1000
sp3,59,species.length2weight.condition.factor.sp4,0.00364228612516523,0.0405231325554278,0.0587044037094407,1000
sp3,60,species.length2weight.condition.factor.sp5,0.00130218684916652,0.0376716333565514,0.0571987048996455,1000
sp3,61,species.length2weight.condition.factor.sp6,0.00241737878073544,0.039135142239537,0.0577028815243706,1000
sp3,62,species.length2weight.condition.factor.sp7,0.0016200393700578,0.0380118440677919,0.0569814084727732,1000
sp3,63,species.length2weight.condition.factor.sp8,-0.000916467235524605,0.0375886366426602,0.0569856081181656,1000
sp3,64,species.length2weight.condition.factor.sp9,-0.00225746672717481,0.0427141726288327,0.0621026062814352,1000
sp3,65,species.length2weight.condition.factor.sp10,-0.00151930883437443,0.0438864529342709,0.0669519505890623,1000
sp3,66,species.length2weight.condition.factor.sp11,0.00179999344078203,0.0368911115010678,0.0560667161192133,1000
sp3,67,species.length2weight.condition.factor.sp12,-0.00185275683616404,0.039766856352033,0.0586744964627839,1000
sp3,68,species.length2weight.condition.factor.sp13,0.00182817960083494,0.0386621493772234,0.0602597697595217,1000
sp3,69,species.length2weight.condition.factor.sp14,-0.00294272608436025,0.0353670377464734,0.0545873595747411,1000
sp3,70,species.length2weight.condition.factor.sp15,-0.0011252327125785,0.0361150652981946,0.0527362427685773,1000
sp3,71,species.k.sp0,-0.00295651234687377,0.0755107183518322,0.127890065701821,1000
sp3,72,species.k.sp1,-0.00449200445591791,0.0396263833418011,0.0596452461627026,1000
sp3,73,species.k.sp2,-0.00206379862700633,0.0927235048399929,0.140245341513479,1000
sp3,74,species.k.sp3,-0.000509646248719594,0.509041612452285,0.646755180998445,1000
sp3,75,species.k.sp4,0.00231646854749238,0.0414723348750581,0.0647558024675452,1000
sp3,76,species.k.sp5,-0.000400879283010134,0.0402623314901317,0.058318959574158,1000
sp3,77,species.k.sp6,-0.00259361870494267,0.0409301044832373,0.063062584299802,1000
sp3,78,species.k.sp7,-0.00249844042225512,0.0378431573364347,0.0587361768016154,1000
sp3,79,species.k.sp8,0.00271252038290535,0.046393894542839,0.0692932533066606,1000
sp3,80,species.k.sp9,-0.00236793471344955,0.0853907461906348,0.122123996418967,1000
sp3,81,species.k.sp10,-0.00576369209768892,0.0641920801641165,0.0972387413843369,1000
sp3,82,species.k.sp11,0.00142656036618471,0.0463190050229552,0.0707545421088943,1000
sp3,83,species.k.sp12,-0.000753119353871816,0.0392633757155539,0.0586422512078257,1000
sp3,84,species.k.sp13,-0.00106508420010012,0.0747236628182641,0.121071189977253,1000
sp3,85,species.k.sp14,-0.000673777612976219,0.036598579566746,0.0545922418654717,1000
sp3,86,species.k.sp15,-0.00111409766544786,0.0388705201321535,0.0605481266064859,1000
sp3,87,species.l0.sp0,0.00223050404317276,0.0434280318232701,0.0697504660422863,1000
sp3,88,species.l0.sp1,0.00293976413629683,0.0396337194938431,0.0582761930788705,1000
sp3,89,species.l0.sp2,-0.0022841901666412,0.0910223296372913,0.138957683453773,1000
sp3,90,species.l0.sp3,-0.00307590915134463,0.162770910166626,0.219969227612611,1000
sp3,91,species.l0.sp4,0.00039959689292445,0.047453641302866,0.0714509971488055,1000
sp3,92,species.l0.sp5,0.00103719188468833,0.0367902397192863,0.0557305760321143,1000
sp3,93,species.l0.sp6,0.00194148691969224,0.0399784399492674,0.0606163754889619,1000
sp3,94,species.l0.sp7,-0.000347342893082789,0.0392717200327438,0.0587851919975855,1000
sp3,95,species.l0.sp8,-0.000309004442325267,0.038150779197146,0.0591523349265542,1000
sp3,96,species.l0.sp9,0.000798770538257796,0.0970580511637805,0.137125393687313,1000
sp3,97,species.l0.sp10,-0.00270418185120271,0.100681845783324,0.154135968978596,1000
sp3,98,species.l0.sp11,0.00262413999117843,0.0422103982663444,0.0642190029564481,1000
sp3,99,species.l0.sp12,-0.00150928057384559,0.0376227213709868,0.0580908521411676,1000
sp3,100,species.l0.sp13,0.000646561936530491,0.0380694209224754,0.0571827897877328,1000
sp3,101,species.l0.sp14,0.000255611195497504,0.0365897918076337,0.0554160315609691,1000
sp3,102,species.l0.sp15,-0.000462905744473466,0.0377229111190579,0.0580002082134867,1000
sp3,103,mortality.additional.larva.rate.sp0,0.00578139868862512,0.0725323036780178,0.118658146430894,1000
sp3,104,mortality.additional.larva.rate.sp1,-0.000901333641974041,0.039812132610898,0.0609064098207616,1000
sp3,105,mortality.additional.larva.rate.sp2,0.00926885223520469,0.225161097758942,0.350517611484259,1000
sp3,106,mortality.additional.larva.rate.sp3,-0.0406893589721969,1.24555736141462,1.53701316269377,1000
sp3,107,mortality.additional.larva.rate.sp4,-0.00127618661180814,0.0381098762344135,0.0561451662067391,1000
sp3,108,mortality.additional.larva.rate.sp5,0.00091739175190475,0.0367862761449641,0.0542974114571934,1000
sp3,109,mortality.additional.larva.rate.sp6,0.000721167755701903,0.0371558938026405,0.0540418826008572,1000
sp3,110,mortality.additional.larva.rate.sp9,0.0048569249922292,0.0976750516046901,0.141981864762506,1000
sp3,111,mortality.additional.larva.rate.sp10,0.00673624303161595,0.155242073489797,0.23211831473435,1000
sp3,112,mortality.additional.larva.rate.sp11,0.0016671739262424,0.0397284980699464,0.0603044656442903,1000
sp3,113,mortality.additional.larva.rate.sp12,-0.00143693563542129,0.0414103271054491,0.0614582231566327,1000
sp3,114,mortality.additional.larva.rate.sp13,-0.00233095680065802,0.0355537605458839,0.0535125157739958,1000
sp3,115,mortality.additional.larva.rate.sp14,0.00192857010844332,0.0390228830476622,0.059205894342083,1000
sp3,116,mortality.additional.larva.rate.sp15,0.00090489604898044,0.0403964003948508,0.0607729872180589,1000
sp3,117,mortality.additional.larva.rate.mean.sp7,-0.000346953579389829,0.0365222364505011,0.0557935302461268,1000
sp3,118,mortality.additional.larva.rate.mean.sp8,-4.81627896722328e-05,0.0362806497660858,0.0542643424871663,1000
sp3,119,species.linf.sp0,-0.00763818724873232,0.0899311196415861,0.160179006614396,1000
sp3,120,species.linf.sp1,-0.00231702655546175,0.0384549187979158,0.0566003848102899,1000
sp3,121,species.linf.sp2,0.00203663904828126,0.258234233497739,0.367388591995959,1000
sp3,122,species.linf.sp3,0.118936234743837,1.97179942300848,2.23810367413575,1000
sp3,123,species.linf.sp4,-0.00139709305043275,0.0612216954218797,0.0919129092020517,1000
sp3,124,species.linf.sp5,0.0029180934654245,0.0775020515946229,0.0973221357727268,1000
sp3,125,species.linf.sp6,-0.00068659597532091,0.0534144995203982,0.0805040710841217,1000
sp3,126,species.linf.sp7,-3.86767005253508e-05,0.037246045819833,0.0577045588480083,1000
sp3,127,species.linf.sp8,0.00423885178050461,0.0819010201782444,0.115585506500729,1000
sp3,128,species.linf.sp9,0.00559028144572343,0.216057734315431,0.289743932186611,1000
sp3,129,species.linf.sp10,-0.00641982163706367,0.200086974393027,0.303326322688714,1000
sp3,130,species.linf.sp11,-0.00359981622903803,0.0494887949824312,0.0741315175536822,1000
sp3,131,species.linf.sp12,0.00849558524642443,0.123203790065377,0.176857228034149,1000
sp3,132,species.linf.sp13,-0.00216622573976425,0.0560253833812874,0.0917431314472856,1000
sp3,133,species.linf.sp14,-0.00233856337818124,0.0378774243589913,0.0551849886735168,1000
sp3,134,species.linf.sp15,-0.00022464415307901,0.0426260021979381,0.0636884398353668,1000
sp3,135,species.accessibility2fish.sp16,0.000700235842700758,0.035895994635723,0.0518419006238095,1000
sp3,136,species.accessibility2fish.sp17,0.000150738957465971,0.0380642675779502,0.0562011018916867,1000
sp3,137,species.accessibility2fish.sp18,-0.00198169032361115,0.0389241417262083,0.0608960083968978,1000
sp3,138,species.accessibility2fish.sp19,-0.00209222623860426,0.0395076167460171,0.0601493489820233,1000
sp3,139,species.accessibility2fish.sp20,0.00255447655096556,0.0378461211850613,0.0572814800835803,1000
sp3,140,species.accessibility2fish.sp21,0.00280414733831586,0.0435093469117003,0.0678166529720894,1000
sp3,141,species.accessibility2fish.sp22,-0.00383241722240466,0.0368010568174101,0.0565673673042888,1000
sp3,142,species.accessibility2fish.sp23,0.00239266033996163,0.0380750128839408,0.0582533654267642,1000
sp3,143,species.accessibility2fish.sp24,-0.00326227269992204,0.223819967853761,0.317797060170998,1000
sp3,144,species.accessibility2fish.sp25,-0.00171451847089861,0.0365405014620052,0.05424097384022,1000
sp3,145,species.accessibility2fish.sp26,-0.00089403938896426,0.0404335015888035,0.062897695931189,1000
sp3,146,species.maturity.size.ratio.sp0,0.000218714898849663,0.0868777167124341,0.146738483369262,1000
sp3,147,species.maturity.size.ratio.sp1,-0.000450653234669792,0.0377642661179215,0.0582309196414885,1000
sp3,148,species.maturity.size.ratio.sp2,-0.0017917279140846,0.0393540640203675,0.0587453214658004,1000
sp3,149,species.maturity.size.ratio.sp3,0.000785338980904584,0.0456095635351231,0.0675863433491368,1000
sp3,150,species.maturity.size.ratio.sp4,0.00269860581217209,0.0426586481202529,0.0631056023979645,1000
sp3,151,species.maturity.size.ratio.sp5,0.00322799480196507,0.0399828467402698,0.0610908038178029,1000
sp3,152,species.maturity.size.ratio.sp6,0.000110736536963733,0.0397237104544841,0.0593919718492644,1000
sp3,153,species.maturity.size.ratio.sp7,0.000939512137618632,0.0368485507433455,0.0555770210019855,1000
sp3,154,species.maturity.size.ratio.sp8,0.000483120203403906,0.0385326040209033,0.0570096752805485,1000
sp3,155,species.maturity.size.ratio.sp9,-0.00194525726042363,0.0385194851185418,0.05742370253309,1000
sp3,156,species.maturity.size.ratio.sp10,-0.000841207512574607,0.051555692501167,0.0796627049813111,1000
sp3,157,species.maturity.size.ratio.sp11,0.00322102095173091,0.0859039910515293,0.124787801093033,1000
sp3,158,species.maturity.size.ratio.sp12,0.000659332851442998,0.0374786863614902,0.0569370689176666,1000
sp3,159,species.maturity.size.ratio.sp13,0.00636593752958197,0.0880219487819584,0.136517363541103,1000
sp3,160,species.maturity.size.ratio.sp14,0.00405651758583327,0.0392079922538694,0.0588769848681828,1000
sp3,161,species.maturity.size.ratio.sp15,-0.000195723881784373,0.0392300393066726,0.0602589506211655,1000
sp3,162,predation.predPrey.sizeRatio.teta.sp0.stage1,0.0012570208862082,0.0378440638076186,0.0577186119108238,1000
sp3,163,predation.predPrey.sizeRatio.alpha.sp0.stage1,0.00187261196437378,0.042012399507695,0.0637947209347415,1000
sp3,164,predation.predPrey.sizeRatio.teta.sp1.stage1,-0.00242028244660278,0.0372305814658779,0.0565756703329985,1000
sp3,165,predation.predPrey.sizeRatio.alpha.sp1.stage1,0.000532192150291,0.0415793883330645,0.0620568428292465,1000
sp3,166,predation.predPrey.sizeRatio.teta.sp2.stage1,-0.00124455568764208,0.0386045958765507,0.058419653684189,1000
sp3,167,predation.predPrey.sizeRatio.alpha.sp2.stage1,-0.00186681368225944,0.105572129405331,0.161967916694221,1000
sp3,168,predation.predPrey.sizeRatio.teta.sp3.stage1,0.0014927202622217,0.0395453198165563,0.0579306276625671,1000
sp3,169,predation.predPrey.sizeRatio.alpha.sp3.stage1,-0.0104633703290041,0.44709765153699,0.654451461013376,1000
sp3,170,predation.predPrey.sizeRatio.teta.sp4.stage1,-5.39268491138313e-05,0.0382614353929293,0.05822014507289,1000
sp3,171,predation.predPrey.sizeRatio.alpha.sp4.stage1,-0.00373233485522418,0.0456126125830343,0.0685236021978919,1000
sp3,172,predation.predPrey.sizeRatio.teta.sp5.stage1,-0.00187846251723993,0.0374537625841118,0.0560107719997075,1000
sp3,173,predation.predPrey.sizeRatio.teta.sp5.stage2,-0.00163582981198544,0.0509561764072048,0.0667629484985023,1000
sp3,174,predation.predPrey.sizeRatio.alpha.sp5.stage1,0.000614240618062966,0.0363832407711438,0.0548305309111424,1000
sp3,175,predation.predPrey.sizeRatio.alpha.sp5.stage2,0.0020818534410439,0.064531156388882,0.0890521289016422,1000
sp3,176,predation.predPrey.sizeRatio.teta.sp6.stage1,-0.00346376200765254,0.0355905053661581,0.0537807484611444,1000
sp3,177,predation.predPrey.sizeRatio.alpha.sp6.stage1,0.000648723116794342,0.0397596004427002,0.0608764679006233,1000
sp3,178,predation.predPrey.sizeRatio.teta.sp7.stage1,0.00119814391981981,0.038705239036327,0.0589991525519035,1000
sp3,179,predation.predPrey.sizeRatio.alpha.sp7.stage1,-0.00144075350591553,0.0393134915896984,0.0593072055337412,1000
sp3,180,predation.predPrey.sizeRatio.teta.sp8.stage1,2.23242974328387e-05,0.0372488932232713,0.0551076465757191,1000
sp3,181,predation.predPrey.sizeRatio.alpha.sp8.stage1,-0.00195053466061694,0.0677213492030593,0.09801228027049,1000
sp3,182,predation.predPrey.sizeRatio.teta.sp9.stage1,-0.00230317022346716,0.0434113103213039,0.0630567401573826,1000
sp3,183,predation.predPrey.sizeRatio.alpha.sp9.stage1,-0.0016787413416839,0.0751065339963213,0.110376199464516,1000
sp3,184,predation.predPrey.sizeRatio.teta.sp10.stage1,-0.00131444595082123,0.0402823480167414,0.0607293123151082,1000
sp3,185,predation.predPrey.sizeRatio.alpha.sp10.stage1,0.00136649409854593,0.0581678864564736,0.0906258222317005,1000
sp3,186,predation.predPrey.sizeRatio.teta.sp11.stage1,0.000455353604892358,0.0385764644689991,0.0592012408257698,1000
sp3,187,predation.predPrey.sizeRatio.alpha.sp11.stage1,-0.00061608056295827,0.0392551391851395,0.0594826185395474,1000
sp3,188,predation.predPrey.sizeRatio.teta.sp12.stage1,-0.000758587447347447,0.0553678348626829,0.0840460828977001,1000
sp3,189,predation.predPrey.sizeRatio.alpha.sp12.stage1,0.00470818598033815,0.0572308707576449,0.0855071537368793,1000
sp3,190,predation.predPrey.sizeRatio.teta.sp13.stage1,-0.0030289072708775,0.0378276440390145,0.0559384508093372,1000
sp3,191,predation.predPrey.sizeRatio.alpha.sp13.stage1,-1.30178616136583e-05,0.0452932542546389,0.0688883812603546,1000
sp3,192,predation.predPrey.sizeRatio.teta.sp14.stage1,0.00119297376063393,0.0384752959138433,0.0565525370426454,1000
sp3,193,predation.predPrey.sizeRatio.alpha.sp14.stage1,-0.000967590812539072,0.0356124522730024,0.0541287568404971,1000
sp3,194,predation.predPrey.sizeRatio.teta.sp15.stage1,-0.00143946733041008,0.0366351535864266,0.0570953841790627,1000
sp3,195,predation.predPrey.sizeRatio.alpha.sp15.stage1,0.00346134419692295,0.0415363852415674,0.0623251668098971,1000
sp4,1,mortality.additional.rate.sp0,,,,0
sp4,2,mortality.additional.rate.sp1,,,,0
sp4,3,mortality.additional.rate.sp2,,,,0
sp4,4,mortality.additional.rate.sp3,,,,0
sp4,5,mortality.additional.rate.sp4,,,,0
sp4,6,mortality.additional.rate.sp5,,,,0
sp4,7,mortality.additional.rate.sp6,,,,0
sp4,8,mortality.additional.rate.sp7,,,,0
sp4,9,mortality.additional.rate.sp8,,,,0
sp4,10,mortality.additional.rate.sp9,,,,0
sp4,11,mortality.additional.rate.sp10,,,,0
sp4,12,mortality.additional.rate.sp11,,,,0
sp4,13,mortality.additional.rate.sp12,,,,0
sp4,14,mortality.additional.rate.sp13,,,,0
sp4,15,mortality.additional.rate.sp14,,,,0
sp4,16,mortality.additional.rate.sp15,,,,0
sp4,17,fisheries.rate.base.fsh0,,,,0
sp4,18,fisheries.rate.base.fsh1,,,,0
sp4,19,fisheries.rate.base.fsh2,,,,0
sp4,20,fisheries.rate.base.fsh3,,,,0
sp4,21,species.catchability.fsh0.sp0,,,,0
sp4,22,species.catchability.fsh0.sp1,,,,0
sp4,23,species.catchability.fsh0.sp2,,,,0
sp4,24,species.catchability.fsh0.sp3,,,,0
sp4,25,species.catchability.fsh0.sp5,,,,0
sp4,26,species.catchability.fsh0.sp7,,,,0
sp4,27,species.catchability.fsh0.sp8,,,,0
sp4,28,species.catchability.fsh0.sp9,,,,0
sp4,29,species.catchability.fsh0.sp10,,,,0
sp4,30,species.catchability.fsh0.sp13,,,,0
sp4,31,species.catchability.fsh0.sp14,,,,0
sp4,32,species.catchability.fsh0.sp15,,,,0
sp4,33,species.catchability.fsh1.sp9,,,,0
sp4,34,species.catchability.fsh1.sp10,,,,0
sp4,35,species.catchability.fsh1.sp11,,,,0
sp4,36,species.catchability.fsh1.sp12,,,,0
sp4,37,species.catchability.fsh2.sp0,,,,0
sp4,38,species.catchability.fsh2.sp5,,,,0
sp4,39,species.catchability.fsh2.sp7,,,,0
sp4,40,species.catchability.fsh2.sp8,,,,0
sp4,41,species.catchability.fsh3.sp0,,,,0
sp4,42,species.catchability.fsh3.sp1,,,,0
sp4,43,species.catchability.fsh3.sp2,,,,0
sp4,44,species.catchability.fsh3.sp3,,,,0
sp4,45,species.catchability.fsh3.sp5,,,,0
sp4,46,species.catchability.fsh3.sp7,,,,0
sp4,47,species.catchability.fsh3.sp8,,,,0
sp4,48,species.catchability.fsh3.sp9,,,,0
sp4,49,species.catchability.fsh3.sp10,,,,0
sp4,50,species.catchability.fsh3.sp11,,,,0
sp4,51,species.catchability.fsh3.sp12,,,,0
sp4,52,species.catchability.fsh3.sp13,,,,0
sp4,53,species.catchability.fsh3.sp14,,,,0
sp4,54,species.catchability.fsh3.sp15,,,,0
sp4,55,species.length2weight.condition.factor.sp0,,,,0
sp4,56,species.length2weight.condition.factor.sp1,,,,0
sp4,57,species.length2weight.condition.factor.sp2,,,,0
sp4,58,species.length2weight.condition.factor.sp3,,,,0
sp4,59,species.length2weight.condition.factor.sp4,,,,0
sp4,60,species.length2weight.condition.factor.sp5,,,,0
sp4,61,species.length2weight.condition.factor.sp6,,,,0
sp4,62,species.length2weight.condition.factor.sp7,,,,0
sp4,63,species.length2weight.condition.factor.sp8,,,,0
sp4,64,species.length2weight.condition.factor.sp9,,,,0
sp4,65,species.length2weight.condition.factor.sp10,,,,0
sp4,66,species.length2weight.condition.factor.sp11,,,,0
sp4,67,species.length2weight.condition.factor.sp12,,,,0
sp4,68,species.length2weight.condition.factor.sp13,,,,0
sp4,69,species.length2weight.condition.factor.sp14,,,,0
sp4,70,species.length2weight.condition.factor.sp15,,,,0
sp4,71,species.k.sp0,,,,0
sp4,72,species.k.sp1,,,,0
sp4,73,species.k.sp2,,,,0
sp4,74,species.k.sp3,,,,0
sp4,75,species.k.sp4,,,,0
sp4,76,species.k.sp5,,,,0
sp4,77,species.k.sp6,,,,0
sp4,78,species.k.sp7,,,,0
sp4,79,species.k.sp8,,,,0
sp4,80,species.k.sp9,,,,0
sp4,81,species.k.sp10,,,,0
sp4,82,species.k.sp11,,,,0
sp4,83,species.k.sp12,,,,0
sp4,84,species.k.sp13,,,,0
sp4,85,species.k.sp14,,,,0
sp4,86,species.k.sp15,,,,0
sp4,87,species.l0.sp0,,,,0
sp4,88,species.l0.sp1,,,,0
sp4,89,species.l0.sp2,,,,0
sp4,90,species.l0.sp3,,,,0
sp4,91,species.l0.sp4,,,,0
sp4,92,species.l0.sp5,,,,0
sp4,93,species.l0.sp6,,,,0
sp4,94,species.l0.sp7,,,,0
sp4,95,species.l0.sp8,,,,0
sp4,96,species.l0.sp9,,,,0
sp4,97,species.l0.sp10,,,,0
sp4,98,species.l0.sp11,,,,0
sp4,99,species.l0.sp12,,,,0
sp4,100,species.l0.sp13,,,,0
sp4,101,species.l0.sp14,,,,0
sp4,102,species.l0.sp15,,,,0
sp4,103,mortality.additional.larva.rate.sp0,,,,0
sp4,104,mortality.additional.larva.rate.sp1,,,,0
sp4,105,mortality.additional.larva.rate.sp2,,,,0
sp4,106,mortality.additional.larva.rate.sp3,,,,0
sp4,107,mortality.additional.larva.rate.sp4,,,,0
sp4,108,mortality.additional.larva.rate.sp5,,,,0
sp4,109,mortality.additional.larva.rate.sp6,,,,0
sp4,110,mortality.additional.larva.rate.sp9,,,,0
sp4,111,mortality.additional.larva.rate.sp10,,,,0
sp4,112,mortality.additional.larva.rate.sp11,,,,0
sp4,113,mortality.additional.larva.rate.sp12,,,,0
sp4,114,mortality.additional.larva.rate.sp13,,,,0
sp4,115,mortality.additional.larva.rate.sp14,,,,0
sp4,116,mortality.additional.larva.rate.sp15,,,,0
sp4,117,mortality.additional.larva.rate.mean.sp7,,,,0
sp4,118,mortality.additional.larva.rate.mean.sp8,,,,0
sp4,119,species.linf.sp0,,,,0
sp4,120,species.linf.sp1,,,,0
sp4,121,species.linf.sp2,,,,0
sp4,122,species.linf.sp3,,,,0
sp4,123,species.linf.sp4,,,,0
sp4,124,species.linf.sp5,,,,0
sp4,125,species.linf.sp6,,,,0
sp4,126,species.linf.sp7,,,,0
sp4,127,species.linf.sp8,,,,0
sp4,128,species.linf.sp9,,,,0
sp4,129,species.linf.sp10,,,,0
sp4,130,species.linf.sp11,,,,0
sp4,131,species.linf.sp12,,,,0
sp4,132,species.linf.sp13,,,,0
sp4,133,species.linf.sp14,,,,0
sp4,134,species.linf.sp15,,,,0
sp4,135,species.accessibility2fish.sp16,,,,0
sp4,136,species.accessibility2fish.sp17,,,,0
sp4,137,species.accessibility2fish.sp18,,,,0
sp4,138,species.accessibility2fish.sp19,,,,0
sp4,139,species.accessibility2fish.sp20,,,,0
sp4,140,species.accessibility2fish.sp21,,,,0
sp4,141,species.accessibility2fish.sp22,,,,0
sp4,142,species.accessibility2fish.sp23,,,,0
sp4,143,species.accessibility2fish.sp24,,,,0
sp4,144,species.accessibility2fish.sp25,,,,0
sp4,145,species.accessibility2fish.sp26,,,,0
sp4,146,species.maturity.size.ratio.sp0,,,,0
sp4,147,species.maturity.size.ratio.sp1,,,,0
sp4,148,species.maturity.size.ratio.sp2,,,,0
sp4,149,species.maturity.size.ratio.sp3,,,,0
sp4,150,species.maturity.size.ratio.sp4,,,,0
sp4,151,species.maturity.size.ratio.sp5,,,,0
sp4,152,species.maturity.size.ratio.sp6,,,,0
sp4,153,species.maturity.size.ratio.sp7,,,,0
sp4,154,species.maturity.size.ratio.sp8,,,,0
sp4,155,species.maturity.size.ratio.sp9,,,,0
sp4,156,species.maturity.size.ratio.sp10,,,,0
sp4,157,species.maturity.size.ratio.sp11,,,,0
sp4,158,species.maturity.size.ratio.sp12,,,,0
sp4,159,species.maturity.size.ratio.sp13,,,,0
sp4,160,species.maturity.size.ratio.sp14,,,,0
sp4,161,species.maturity.size.ratio.sp15,,,,0
sp4,162,predation.predPrey.sizeRatio.teta.sp0.stage1,,,,0
sp4,163,predation.predPrey.sizeRatio.alpha.sp0.stage1,,,,0
sp4,164,predation.predPrey.sizeRatio.teta.sp1.stage1,,,,0
sp4,165,predation.predPrey.sizeRatio.alpha.sp1.stage1,,,,0
sp4,166,predation.predPrey.sizeRatio.teta.sp2.stage1,,,,0
sp4,167,predation.predPrey.sizeRatio.alpha.sp2.stage1,,,,0
sp4,168,predation.predPrey.sizeRatio.teta.sp3.stage1,,,,0
sp4,169,predation.predPrey.sizeRatio.alpha.sp3.stage1,,,,0
sp4,170,predation.predPrey.sizeRatio.teta.sp4.stage1,,,,0
sp4,171,predation.predPrey.sizeRatio.alpha.sp4.stage1,,,,0
sp4,172,predation.predPrey.sizeRatio.teta.sp5.stage1,,,,0
sp4,173,predation.predPrey.sizeRatio.teta.sp5.stage2,,,,0
sp4,174,predation.predPrey.sizeRatio.alpha.sp5.stage1,,,,0
sp4,175,predation.predPrey.sizeRatio.alpha.sp5.stage2,,,,0
sp4,176,predation.predPrey.sizeRatio.teta.sp6.stage1,,,,0
sp4,177,predation.predPrey.sizeRatio.alpha.sp6.stage1,,,,0
sp4,178,predation.predPrey.sizeRatio.teta.sp7.stage1,,,,0
sp4,179,predation.predPrey.sizeRatio.alpha.sp7.stage1,,,,0
sp4,180,predation.predPrey.sizeRatio.teta.sp8.stage1,,,,0
sp4,181,predation.predPrey.sizeRatio.alpha.sp8.stage1,,,,0
sp4,182,predation.predPrey.sizeRatio.teta.sp9.stage1,,,,0
sp4,183,predation.predPrey.sizeRatio.alpha.sp9.stage1,,,,0
sp4,184,predation.predPrey.sizeRatio.teta.sp10.stage1,,,,0
sp4,185,predation.predPrey.sizeRatio.alpha.sp10.stage1,,,,0
sp4,186,predation.predPrey.sizeRatio.teta.sp11.stage1,,,,0
sp4,187,predation.predPrey.sizeRatio.alpha.sp11.stage1,,,,0
sp4,188,predation.predPrey.sizeRatio.teta.sp12.stage1,,,,0
sp4,189,predation.predPrey.sizeRatio.alpha.sp12.stage1,,,,0
sp4,190,predation.predPrey.sizeRatio.teta.sp13.stage1,,,,0
sp4,191,predation.predPrey.sizeRatio.alpha.sp13.stage1,,,,0
sp4,192,predation.predPrey.sizeRatio.teta.sp14.stage1,,,,0
sp4,193,predation.predPrey.sizeRatio.alpha.sp14.stage1,,,,0
sp4,194,predation.predPrey.sizeRatio.teta.sp15.stage1,,,,0
sp4,195,predation.predPrey.sizeRatio.alpha.sp15.stage1,,,,0
sp5,1,mortality.additional.rate.sp0,-0.000107316021962792,0.0082339859942631,0.0112772971266962,1000
sp5,2,mortality.additional.rate.sp1,0.000375261719217371,0.00828260068334219,0.0112548506765024,1000
sp5,3,mortality.additional.rate.sp2,2.69852249028845e-05,0.00845458886235936,0.0118876415092033,1000
sp5,4,mortality.additional.rate.sp3,0.000556302967391344,0.00906273243156281,0.0128280933755691,1000
sp5,5,mortality.additional.rate.sp4,0.000122918658318235,0.0083222086934516,0.0118311291543884,1000
sp5,6,mortality.additional.rate.sp5,0.00977503588455293,0.3296743391481,0.349152105159932,1000
sp5,7,mortality.additional.rate.sp6,-5.89989252808436e-05,0.00820010736123837,0.0110459884390097,1000
sp5,8,mortality.additional.rate.sp7,-0.000493912734529299,0.00794768131330752,0.0107353784325961,1000
sp5,9,mortality.additional.rate.sp8,0.000375604459551105,0.0080299481266921,0.01127332680515,1000
sp5,10,mortality.additional.rate.sp9,7.56236360641127e-05,0.00838732727021934,0.0114964262266584,1000
sp5,11,mortality.additional.rate.sp10,-0.000967238617726129,0.00830204737501649,0.0112337833368313,1000
sp5,12,mortality.additional.rate.sp11,0.000297875360034309,0.00795965392928693,0.0111015321905861,1000
sp5,13,mortality.additional.rate.sp12,-0.000311094125003122,0.00807840178290277,0.0110470793355908,1000
sp5,14,mortality.additional.rate.sp13,0.000506031056279529,0.00824834439435334,0.0113426654225475,1000
sp5,15,mortality.additional.rate.sp14,0.000159699923485057,0.00795492466366784,0.0107657065792561,1000
sp5,16,mortality.additional.rate.sp15,0.000218201653634753,0.0082343696536116,0.0111644011458385,1000
sp5,17,fisheries.rate.base.fsh0,-0.005785728172484,0.236202163226204,0.246074064246372,1000
sp5,18,fisheries.rate.base.fsh1,-0.000482237955024129,0.00896940023460913,0.0125375947181341,1000
sp5,19,fisheries.rate.base.fsh2,-0.000109519444693356,0.0134060895327757,0.016817331506762,1000
sp5,20,fisheries.rate.base.fsh3,0.000686258412997199,0.0118038321281616,0.0152749243834943,1000
sp5,21,species.catchability.fsh0.sp0,8.21402602624383e-05,0.00871111421158661,0.0122621284826093,1000
sp5,22,species.catchability.fsh0.sp1,-0.000104096727477599,0.0082717947674157,0.0111578447797964,1000
sp5,23,species.catchability.fsh0.sp2,7.82804830585882e-05,0.0081797914531199,0.0116374666291273,1000
sp5,24,species.catchability.fsh0.sp3,-9.35900148886163e-06,0.0118869404405653,0.0175778363325637,1000
sp5,25,species.catchability.fsh0.sp5,0.00185101699566031,0.246647164253814,0.256887949875965,1000
sp5,26,species.catchability.fsh0.sp7,0.000403383912421139,0.00815433633886936,0.0111128860351567,1000
sp5,27,species.catchability.fsh0.sp8,-0.0004955121941829,0.00794708641237623,0.011166422708081,1000
sp5,28,species.catchability.fsh0.sp9,0.000179741909938355,0.0082406460202148,0.0113016030854574,1000
sp5,29,species.catchability.fsh0.sp10,-0.000176508915779616,0.00868148726351827,0.0120703192376837,1000
sp5,30,species.catchability.fsh0.sp13,-0.000343344823492893,0.00816612179143139,0.0112600610545915,1000
sp5,31,species.catchability.fsh0.sp14,-0.000240939956183831,0.0077537994956411,0.0108007278321324,1000
sp5,32,species.catchability.fsh0.sp15,-2.02930344312496e-05,0.00788391480179915,0.010837167389146,1000
sp5,33,species.catchability.fsh1.sp9,-3.33076025051032e-05,0.0080935658916879,0.0112692127094644,1000
sp5,34,species.catchability.fsh1.sp10,-0.000753486358364195,0.00821028257721943,0.0110445556097409,1000
sp5,35,species.catchability.fsh1.sp11,-0.000492972396844146,0.00794881425261107,0.0110263396771477,1000
sp5,36,species.catchability.fsh1.sp12,-0.000194395943949915,0.00823704290717824,0.011387611833885,1000
sp5,37,species.catchability.fsh2.sp0,-0.000584792441012723,0.00792146980369413,0.010692412693897,1000
sp5,38,species.catchability.fsh2.sp5,0.000294966855994404,0.0132277053190839,0.0165455950190362,1000
sp5,39,species.catchability.fsh2.sp7,-0.000118835675348017,0.00793449301956299,0.0109689975068934,1000
sp5,40,species.catchability.fsh2.sp8,0.000338623165530066,0.00787520334543626,0.0107870529805634,1000
sp5,41,species.catchability.fsh3.sp0,0.000582910228600297,0.00765933988268023,0.0103739215567716,1000
sp5,42,species.catchability.fsh3.sp1,-0.000480820923048808,0.0079030860534411,0.0108593484626525,1000
sp5,43,species.catchability.fsh3.sp2,0.000125313599145728,0.0078868242028875,0.0108052007594268,1000
sp5,44,species.catchability.fsh3.sp3,0.000281182827239802,0.00799310842131305,0.0107943584198782,1000
sp5,45,species.catchability.fsh3.sp5,0.000256717951414176,0.0120727934801546,0.0156660563284743,1000
sp5,46,species.catchability.fsh3.sp7,0.000288805119671268,0.00780190959967941,0.0108800653136989,1000
sp5,47,species.catchability.fsh3.sp8,0.000216133902931178,0.00813674902239365,0.0111309839503905,1000
sp5,48,species.catchability.fsh3.sp9,-0.000205824554203875,0.00819501376557727,0.011025152567111,1000
sp5,49,species.catchability.fsh3.sp10,-0.000225617644493966,0.00797032275766962,0.0114500003851447,1000
sp5,50,species.catchability.fsh3.sp11,0.000352258845721976,0.00792199731775602,0.0110345037715291,1000
sp5,51,species.catchability.fsh3.sp12,0.000406730310469293,0.00751594628546657,0.0102937051826712,1000
sp5,52,species.catchability.fsh3.sp13,4.1693212861843e-05,0.00804809707765125,0.0108838964576191,1000
sp5,53,species.catchability.fsh3.sp14,-4.7435842835018e-05,0.00778551500559356,0.0106518369413151,1000
sp5,54,species.catchability.fsh3.sp15,-0.000256180922649314,0.00786872543287903,0.0106265652680888,1000
sp5,55,species.length2weight.condition.factor.sp0,-0.000535924920439926,0.00874087332020146,0.0120724974618995,1000
sp5,56,species.length2weight.condition.factor.sp1,6.42087032711854e-05,0.00788600566732169,0.0107860374063916,1000
sp5,57,species.length2weight.condition.factor.sp2,-0.000218450224589525,0.0087240463965478,0.0128243008425005,1000
sp5,58,species.length2weight.condition.factor.sp3,0.000107962189829892,0.00879863303032346,0.0129281526199155,1000
sp5,59,species.length2weight.condition.factor.sp4,0.000249753423918857,0.00797231596141828,0.0108490768387258,1000
sp5,60,species.length2weight.condition.factor.sp5,-0.000258686197715821,0.00832291669359445,0.0115476895179958,1000
sp5,61,species.length2weight.condition.factor.sp6,-1.94934510605747e-05,0.00835839836945632,0.0113451161265369,1000
sp5,62,species.length2weight.condition.factor.sp7,-3.3006908042916e-05,0.00841034112490172,0.0114119508988164,1000
sp5,63,species.length2weight.condition.factor.sp8,-0.000252777489849724,0.00871237753845864,0.0119983681786641,1000
sp5,64,species.length2weight.condition.factor.sp9,-4.54962089854539e-05,0.00863747613644442,0.012353542435638,1000
sp5,65,species.length2weight.condition.factor.sp10,-0.000472559973253402,0.00787833407899339,0.0109397820563755,1000
sp5,66,species.length2weight.condition.factor.sp11,0.00140065699608779,0.00822058726546802,0.0111073652932819,1000
sp5,67,species.length2weight.condition.factor.sp12,0.00020984283964572,0.00814583317321619,0.0113022297575681,1000
sp5,68,species.length2weight.condition.factor.sp13,-2.90712035930598e-05,0.0080902834389827,0.0109120279660265,1000
sp5,69,species.length2weight.condition.factor.sp14,0.000286925228687806,0.00830993568740754,0.0117280986060282,1000
sp5,70,species.length2weight.condition.factor.sp15,-0.000505924507008148,0.00789993985249927,0.0110146846817583,1000
sp5,71,species.k.sp0,0.000352651992432237,0.0118599003272496,0.0176849674453916,1000
sp5,72,species.k.sp1,8.74216698525567e-05,0.00845221757471019,0.0117632318169183,1000
sp5,73,species.k.sp2,0.000774191130946855,0.00960518645392962,0.0150417148719335,1000
sp5,74,species.k.sp3,0.000663494366399313,0.012966397354229,0.0216932581821669,1000
sp5,75,species.k.sp4,1.97838737899403e-05,0.0111732865192046,0.0157275824225687,1000
sp5,76,species.k.sp5,0.0200034082624684,0.231897704297446,0.243674458248586,1000
sp5,77,species.k.sp6,-7.71795993917943e-06,0.0084676941356784,0.0118516512582724,1000
sp5,78,species.k.sp7,-9.13132810891934e-06,0.00791729866332848,0.0111391755303202,1000
sp5,79,species.k.sp8,-0.000135868261571266,0.00775024632642696,0.0109035065275935,1000
sp5,80,species.k.sp9,0.000208657076552239,0.00948893994372952,0.0137185314932731,1000
sp5,81,species.k.sp10,5.62341881562347e-05,0.00830780543999701,0.0117141541572203,1000
sp5,82,species.k.sp11,-0.000716339756078754,0.00801917941775949,0.0107997013438327,1000
sp5,83,species.k.sp12,-0.00101499231832529,0.00967565818649925,0.0133456237074081,1000
sp5,84,species.k.sp13,-0.000961211960542167,0.0133345562486384,0.0211261313313423,1000
sp5,85,species.k.sp14,8.94858292827453e-05,0.00825656302731294,0.0115221223717067,1000
sp5,86,species.k.sp15,0.000194015809789997,0.00807263961252524,0.0110305880381587,1000
sp5,87,species.l0.sp0,-0.000251497310153487,0.00891370454022295,0.0125667248926583,1000
sp5,88,species.l0.sp1,-0.000882610213821458,0.00811845316455329,0.0112640595990041,1000
sp5,89,species.l0.sp2,7.88586601530246e-05,0.0102216381556397,0.0149955116501152,1000
sp5,90,species.l0.sp3,0.000155040133773885,0.00897840441576448,0.0131954531512836,1000
sp5,91,species.l0.sp4,0.00049546428325575,0.00921023550416695,0.0128933088923341,1000
sp5,92,species.l0.sp5,-0.000451312345743901,0.0147502014293386,0.0180517491563011,1000
sp5,93,species.l0.sp6,0.000197602275991245,0.00802887783605125,0.0110416487546427,1000
sp5,94,species.l0.sp7,-0.000255473943152994,0.00844141060436434,0.0119993685178154,1000
sp5,95,species.l0.sp8,0.000475363266126597,0.00965016856003645,0.0137879452233135,1000
sp5,96,species.l0.sp9,-0.000356021941586164,0.0118146554169047,0.016773184031047,1000
sp5,97,species.l0.sp10,0.00052104522771884,0.00974595838249174,0.014243856660141,1000
sp5,98,species.l0.sp11,0.00065333450043512,0.00813790379843581,0.0111660751558363,1000
sp5,99,species.l0.sp12,0.000628394535199241,0.00748282922268119,0.0104230124480028,1000
sp5,100,species.l0.sp13,-0.000187143235373123,0.00808600968074771,0.0109713610164854,1000
sp5,101,species.l0.sp14,-6.78042850963239e-05,0.00805789095046167,0.0112006690307542,1000
sp5,102,species.l0.sp15,0.000265898048016795,0.00803242931153937,0.0111968421774645,1000
sp5,103,mortality.additional.larva.rate.sp0,0.000910781708346872,0.0120313819376199,0.0193470939885762,1000
sp5,104,mortality.additional.larva.rate.sp1,-0.000105321104743224,0.00849253466103366,0.0116078236824333,1000
sp5,105,mortality.additional.larva.rate.sp2,0.000870205199094053,0.0208858329326291,0.0360377435181557,1000
sp5,106,mortality.additional.larva.rate.sp3,-0.00270340278296964,0.0227090761952882,0.0429846451770861,1000
sp5,107,mortality.additional.larva.rate.sp4,9.12372285473749e-05,0.00796120718225343,0.010590081737433,1000
sp5,108,mortality.additional.larva.rate.sp5,2.50434600731795e-05,0.00830394169297347,0.0117414863120893,1000
sp5,109,mortality.additional.larva.rate.sp6,0.000495418873021175,0.00816123753509157,0.0112285465319176,1000
sp5,110,mortality.additional.larva.rate.sp9,0.00182130739964264,0.0148308587003524,0.0247711942970261,1000
sp5,111,mortality.additional.larva.rate.sp10,0.0001126932196186,0.0111308932116128,0.0164065759949685,1000
sp5,112,mortality.additional.larva.rate.sp11,0.000122663424607712,0.00819437609116254,0.0115017341085763,1000
sp5,113,mortality.additional.larva.rate.sp12,-5.36934257912934e-05,0.00880394839224885,0.0127364260888219,1000
sp5,114,mortality.additional.larva.rate.sp13,-0.000316339686965019,0.00809669173017279,0.0111983858140274,1000
sp5,115,mortality.additional.larva.rate.sp14,7.87844550047306e-05,0.00845433735504112,0.011603098690128,1000
sp5,116,mortality.additional.larva.rate.sp15,-1.83836755611853e-05,0.0081216602792956,0.0110689682057604,1000
sp5,117,mortality.additional.larva.rate.mean.sp7,-0.000250729369024368,0.0082590942820878,0.0113610007457224,1000
sp5,118,mortality.additional.larva.rate.mean.sp8,-0.000407799628520984,0.00990751895034861,0.0143111418914811,1000
sp5,119,species.linf.sp0,7.77728703524401e-05,0.0123164263229616,0.018952241661068,1000
sp5,120,species.linf.sp1,-0.000114674194074583,0.00824626658958065,0.011386661125222,1000
sp5,121,species.linf.sp2,-0.000437939026538577,0.0167099818762788,0.0299890360039845,1000
sp5,122,species.linf.sp3,0.00158835043774727,0.0263484576299443,0.0490991245042835,1000
sp5,123,species.linf.sp4,-0.000748501690014337,0.029043089244866,0.0383825796961691,1000
sp5,124,species.linf.sp5,-0.0132713248232592,0.721350276249373,0.755822809131126,1000
sp5,125,species.linf.sp6,7.13143838797356e-05,0.0106462380977222,0.0156790765800652,1000
sp5,126,species.linf.sp7,0.000406035046661431,0.00830972162281775,0.012016800470739,1000
sp5,127,species.linf.sp8,-0.000352483072300691,0.00903767228193095,0.0124825734551732,1000
sp5,128,species.linf.sp9,0.000265035517358153,0.0169893694673572,0.0293993789820707,1000
sp5,129,species.linf.sp10,-2.43666790680792e-05,0.0131187533886879,0.0201670876757736,1000
sp5,130,species.linf.sp11,0.000621679366500216,0.0098656976838946,0.0139308914932344,1000
sp5,131,species.linf.sp12,0.000861013455663356,0.00864116574135625,0.0119940982684976,1000
sp5,132,species.linf.sp13,0.000256465178401067,0.00996868891498797,0.0140233123809441,1000
sp5,133,species.linf.sp14,0.000430982583486855,0.00898070434939531,0.0126220325339123,1000
sp5,134,species.linf.sp15,-0.00065179334075405,0.00827928380825395,0.0112977814711393,1000
sp5,135,species.accessibility2fish.sp16,0.000749347513175924,0.00796019516021674,0.0110171867151823,1000
sp5,136,species.accessibility2fish.sp17,7.73127184324383e-05,0.00799019281161342,0.0111562244396508,1000
sp5,137,species.accessibility2fish.sp18,0.000284788201783644,0.00865122289364038,0.0117024491129958,1000
sp5,138,species.accessibility2fish.sp19,-0.000255314752928398,0.00805856273052383,0.0108781027730432,1000
sp5,139,species.accessibility2fish.sp20,0.000120666258949356,0.00791063383431316,0.0110430733238299,1000
sp5,140,species.accessibility2fish.sp21,-0.00112811743007202,0.0109276952590235,0.0160486006909616,1000
sp5,141,species.accessibility2fish.sp22,-1.47751209518631e-05,0.00860921677382717,0.0115469699985384,1000
sp5,142,species.accessibility2fish.sp23,-0.000426803361157068,0.00918226754094277,0.0127051768636938,1000
sp5,143,species.accessibility2fish.sp24,-0.00095141762652791,0.0133787084187145,0.018213413047118,1000
sp5,144,species.accessibility2fish.sp25,3.96291160223067e-05,0.0079298123233146,0.0109894189050577,1000
sp5,145,species.accessibility2fish.sp26,0.000368352011460079,0.00991535497355831,0.0132723597539535,1000
sp5,146,species.maturity.size.ratio.sp0,0.000944963717266585,0.0137613375641384,0.0222790860268044,1000
sp5,147,species.maturity.size.ratio.sp1,3.42738315223317e-05,0.00848126278231256,0.0117682641666832,1000
sp5,148,species.maturity.size.ratio.sp2,0.00083752956860955,0.0084486944498302,0.0115491842134272,1000
sp5,149,species.maturity.size.ratio.sp3,0.00065288082546116,0.00824120230693051,0.0115016186266927,1000
sp5,150,species.maturity.size.ratio.sp4,0.000690533661259255,0.00769065685712906,0.0105952436981711,1000
sp5,151,species.maturity.size.ratio.sp5,0.000170086806071518,0.00794733808376149,0.0109645737758038,1000
sp5,152,species.maturity.size.ratio.sp6,7.66996875520522e-05,0.00794955664053898,0.0109590216857031,1000
sp5,153,species.maturity.size.ratio.sp7,0.000249173247326894,0.00830370944565125,0.0111692698188479,1000
sp5,154,species.maturity.size.ratio.sp8,0.000297471732329281,0.00806487724243979,0.0110829386568456,1000
sp5,155,species.maturity.size.ratio.sp9,0.00019685289450455,0.00800178154139318,0.0112117096077586,1000
sp5,156,species.maturity.size.ratio.sp10,-0.000466662933121051,0.00814323389921802,0.0113111282705478,1000
sp5,157,species.maturity.size.ratio.sp11,-0.000231525377670458,0.00865144793052187,0.0124913416137495,1000
sp5,158,species.maturity.size.ratio.sp12,-0.000150966282899414,0.00772652150773123,0.0105020989008678,1000
sp5,159,species.maturity.size.ratio.sp13,0.000410511441932685,0.0194718820963735,0.0332422497224294,1000
sp5,160,species.maturity.size.ratio.sp14,0.000339644044205207,0.00804272811257118,0.0111209501339345,1000
sp5,161,species.maturity.size.ratio.sp15,-0.000135856764975752,0.00806475675294746,0.0109015143007077,1000
sp5,162,predation.predPrey.sizeRatio.teta.sp0.stage1,-0.000793296387495766,0.00794632489878551,0.0109976748093791,1000
sp5,163,predation.predPrey.sizeRatio.alpha.sp0.stage1,-0.000514731757343225,0.00912619984817858,0.0132661333243395,1000
sp5,164,predation.predPrey.sizeRatio.teta.sp1.stage1,0.000601959427760294,0.00840515582681299,0.011596517334866,1000
sp5,165,predation.predPrey.sizeRatio.alpha.sp1.stage1,-0.000359130590643929,0.00873932797704224,0.0120856851639271,1000
sp5,166,predation.predPrey.sizeRatio.teta.sp2.stage1,0.000238160737381779,0.0078994520317169,0.0110316381040541,1000
sp5,167,predation.predPrey.sizeRatio.alpha.sp2.stage1,0.0002117711225248,0.00849280626808839,0.0120631856151876,1000
sp5,168,predation.predPrey.sizeRatio.teta.sp3.stage1,0.000864406977302504,0.00942726578641257,0.0128573025664482,1000
sp5,169,predation.predPrey.sizeRatio.alpha.sp3.stage1,0.00112352350267627,0.0657518156388402,0.0798907344024799,1000
sp5,170,predation.predPrey.sizeRatio.teta.sp4.stage1,-0.000257477867559436,0.0081499617032376,0.0111179847301068,1000
sp5,171,predation.predPrey.sizeRatio.alpha.sp4.stage1,1.94936924528965e-05,0.0096832164983857,0.0135850631686676,1000
sp5,172,predation.predPrey.sizeRatio.teta.sp5.stage1,-0.000333324129452161,0.00750991483713857,0.0105899194265821,1000
sp5,173,predation.predPrey.sizeRatio.teta.sp5.stage2,-0.0284471408519679,0.44237211455865,0.489662681647603,1000
sp5,174,predation.predPrey.sizeRatio.alpha.sp5.stage1,-0.00033359316005251,0.0084056890922621,0.0120407717541556,1000
sp5,175,predation.predPrey.sizeRatio.alpha.sp5.stage2,-0.00524478280820557,0.129691194868982,0.145283914215723,1000
sp5,176,predation.predPrey.sizeRatio.teta.sp6.stage1,-0.000735298445618476,0.00818805553206098,0.011634917403312,1000
sp5,177,predation.predPrey.sizeRatio.alpha.sp6.stage1,0.000245539830844393,0.00814210569045776,0.0112770997912697,1000
sp5,178,predation.predPrey.sizeRatio.teta.sp7.stage1,-0.000120289668380541,0.00820971527219585,0.0111431470819094,1000
sp5,179,predation.predPrey.sizeRatio.alpha.sp7.stage1,1.2541856875423e-06,0.00946274727387078,0.0139111237578059,1000
sp5,180,predation.predPrey.sizeRatio.teta.sp8.stage1,-0.00042236001864579,0.00818826897647702,0.0111113747644224,1000
sp5,181,predation.predPrey.sizeRatio.alpha.sp8.stage1,0.000253248833707129,0.011177239764273,0.0164917229205081,1000
sp5,182,predation.predPrey.sizeRatio.teta.sp9.stage1,-0.000334143531388998,0.00842427758803475,0.011647333203173,1000
sp5,183,predation.predPrey.sizeRatio.alpha.sp9.stage1,0.00050011418068672,0.0114560710721022,0.0167307476423454,1000
sp5,184,predation.predPrey.sizeRatio.teta.sp10.stage1,-0.000487450458714375,0.00785703049374333,0.0115880342904601,1000
sp5,185,predation.predPrey.sizeRatio.alpha.sp10.stage1,4.81837277880259e-05,0.00889922657996922,0.0125372524810857,1000
sp5,186,predation.predPrey.sizeRatio.teta.sp11.stage1,-0.000208958696821496,0.00776664909643596,0.010563751348381,1000
sp5,187,predation.predPrey.sizeRatio.alpha.sp11.stage1,-0.000518955799720336,0.00805169379131974,0.0113202395730861,1000
sp5,188,predation.predPrey.sizeRatio.teta.sp12.stage1,-0.000200544535178033,0.00853968482056996,0.0119252346726521,1000
sp5,189,predation.predPrey.sizeRatio.alpha.sp12.stage1,0.000131266866060129,0.0109412687563957,0.0161670205325742,1000
sp5,190,predation.predPrey.sizeRatio.teta.sp13.stage1,0.000792906058521662,0.00815860980516336,0.010986840702906,1000
sp5,191,predation.predPrey.sizeRatio.alpha.sp13.stage1,-0.00132975353307629,0.0224227797823276,0.0269396949245066,1000
sp5,192,predation.predPrey.sizeRatio.teta.sp14.stage1,-4.72556418252059e-05,0.00788648381594333,0.0106857811487934,1000
sp5,193,predation.predPrey.sizeRatio.alpha.sp14.stage1,-0.000333304614734739,0.00814894205213757,0.0111600369514785,1000
sp5,194,predation.predPrey.sizeRatio.teta.sp15.stage1,0.000202712163715171,0.00832299968618126,0.0115914071154454,1000
sp5,195,predation.predPrey.sizeRatio.alpha.sp15.stage1,-0.000437628195529587,0.0279418226174158,0.0305747279114522,1000
sp6,1,mortality.additional.rate.sp0,,,,0
sp6,2,mortality.additional.rate.sp1,,,,0
sp6,3,mortality.additional.rate.sp2,,,,0
sp6,4,mortality.additional.rate.sp3,,,,0
sp6,5,mortality.additional.rate.sp4,,,,0
sp6,6,mortality.additional.rate.sp5,,,,0
sp6,7,mortality.additional.rate.sp6,,,,0
sp6,8,mortality.additional.rate.sp7,,,,0
sp6,9,mortality.additional.rate.sp8,,,,0
sp6,10,mortality.additional.rate.sp9,,,,0
sp6,11,mortality.additional.rate.sp10,,,,0
sp6,12,mortality.additional.rate.sp11,,,,0
sp6,13,mortality.additional.rate.sp12,,,,0
sp6,14,mortality.additional.rate.sp13,,,,0
sp6,15,mortality.additional.rate.sp14,,,,0
sp6,16,mortality.additional.rate.sp15,,,,0
sp6,17,fisheries.rate.base.fsh0,,,,0
sp6,18,fisheries.rate.base.fsh1,,,,0
sp6,19,fisheries.rate.base.fsh2,,,,0
sp6,20,fisheries.rate.base.fsh3,,,,0
sp6,21,species.catchability.fsh0.sp0,,,,0
sp6,22,species.catchability.fsh0.sp1,,,,0
sp6,23,species.catchability.fsh0.sp2,,,,0
sp6,24,species.catchability.fsh0.sp3,,,,0
sp6,25,species.catchability.fsh0.sp5,,,,0
sp6,26,species.catchability.fsh0.sp7,,,,0
sp6,27,species.catchability.fsh0.sp8,,,,0
sp6,28,species.catchability.fsh0.sp9,,,,0
sp6,29,species.catchability.fsh0.sp10,,,,0
sp6,30,species.catchability.fsh0.sp13,,,,0
sp6,31,species.catchability.fsh0.sp14,,,,0
sp6,32,species.catchability.fsh0.sp15,,,,0
sp6,33,species.catchability.fsh1.sp9,,,,0
sp6,34,species.catchability.fsh1.sp10,,,,0
sp6,35,species.catchability.fsh1.sp11,,,,0
sp6,36,species.catchability.fsh1.sp12,,,,0
sp6,37,species.catchability.fsh2.sp0,,,,0
sp6,38,species.catchability.fsh2.sp5,,,,0
sp6,39,species.catchability.fsh2.sp7,,,,0
sp6,40,species.catchability.fsh2.sp8,,,,0
sp6,41,species.catchability.fsh3.sp0,,,,0
sp6,42,species.catchability.fsh3.sp1,,,,0
sp6,43,species.catchability.fsh3.sp2,,,,0
sp6,44,species.catchability.fsh3.sp3,,,,0
sp6,45,species.catchability.fsh3.sp5,,,,0
sp6,46,species.catchability.fsh3.sp7,,,,0
sp6,47,species.catchability.fsh3.sp8,,,,0
sp6,48,species.catchability.fsh3.sp9,,,,0
sp6,49,species.catchability.fsh3.sp10,,,,0
sp6,50,species.catchability.fsh3.sp11,,,,0
sp6,51,species.catchability.fsh3.sp12,,,,0
sp6,52,species.catchability.fsh3.sp13,,,,0
sp6,53,species.catchability.fsh3.sp14,,,,0
sp6,54,species.catchability.fsh3.sp15,,,,0
sp6,55,species.length2weight.condition.factor.sp0,,,,0
sp6,56,species.length2weight.condition.factor.sp1,,,,0
sp6,57,species.length2weight.condition.factor.sp2,,,,0
sp6,58,species.length2weight.condition.factor.sp3,,,,0
sp6,59,species.length2weight.condition.factor.sp4,,,,0
sp6,60,species.length2weight.condition.factor.sp5,,,,0
sp6,61,species.length2weight.condition.factor.sp6,,,,0
sp6,62,species.length2weight.condition.factor.sp7,,,,0
sp6,63,species.length2weight.condition.factor.sp8,,,,0
sp6,64,species.length2weight.condition.factor.sp9,,,,0
sp6,65,species.length2weight.condition.factor.sp10,,,,0
sp6,66,species.length2weight.condition.factor.sp11,,,,0
sp6,67,species.length2weight.condition.factor.sp12,,,,0
sp6,68,species.length2weight.condition.factor.sp13,,,,0
sp6,69,species.length2weight.condition.factor.sp14,,,,0
sp6,70,species.length2weight.condition.factor.sp15,,,,0
sp6,71,species.k.sp0,,,,0
sp6,72,species.k.sp1,,,,0
sp6,73,species.k.sp2,,,,0
sp6,74,species.k.sp3,,,,0
sp6,75,species.k.sp4,,,,0
sp6,76,species.k.sp5,,,,0
sp6,77,species.k.sp6,,,,0
sp6,78,species.k.sp7,,,,0
sp6,79,species.k.sp8,,,,0
sp6,80,species.k.sp9,,,,0
sp6,81,species.k.sp10,,,,0
sp6,82,species.k.sp11,,,,0
sp6,83,species.k.sp12,,,,0
sp6,84,species.k.sp13,,,,0
sp6,85,species.k.sp14,,,,0
sp6,86,species.k.sp15,,,,0
sp6,87,species.l0.sp0,,,,0
sp6,88,species.l0.sp1,,,,0
sp6,89,species.l0.sp2,,,,0
sp6,90,species.l0.sp3,,,,0
sp6,91,species.l0.sp4,,,,0
sp6,92,species.l0.sp5,,,,0
sp6,93,species.l0.sp6,,,,0
sp6,94,species.l0.sp7,,,,0
sp6,95,species.l0.sp8,,,,0
sp6,96,species.l0.sp9,,,,0
sp6,97,species.l0.sp10,,,,0
sp6,98,species.l0.sp11,,,,0
sp6,99,species.l0.sp12,,,,0
sp6,100,species.l0.sp13,,,,0
sp6,101,species.l0.sp14,,,,0
sp6,102,species.l0.sp15,,,,0
sp6,103,mortality.additional.larva.rate.sp0,,,,0
sp6,104,mortality.additional.larva.rate.sp1,,,,0
sp6,105,mortality.additional.larva.rate.sp2,,,,0
sp6,106,mortality.additional.larva.rate.sp3,,,,0
sp6,107,mortality.additional.larva.rate.sp4,,,,0
sp6,108,mortality.additional.larva.rate.sp5,,,,0
sp6,109,mortality.additional.larva.rate.sp6,,,,0
sp6,110,mortality.additional.larva.rate.sp9,,,,0
sp6,111,mortality.additional.larva.rate.sp10,,,,0
sp6,112,mortality.additional.larva.rate.sp11,,,,0
sp6,113,mortality.additional.larva.rate.sp12,,,,0
sp6,114,mortality.additional.larva.rate.sp13,,,,0
sp6,115,mortality.additional.larva.rate.sp14,,,,0
sp6,116,mortality.additional.larva.rate.sp15,,,,0
sp6,117,mortality.additional.larva.rate.mean.sp7,,,,0
sp6,118,mortality.additional.larva.rate.mean.sp8,,,,0
sp6,119,species.linf.sp0,,,,0
sp6,120,species.linf.sp1,,,,0
sp6,121,species.linf.sp2,,,,0
sp6,122,species.linf.sp3,,,,0
sp6,123,species.linf.sp4,,,,0
sp6,124,species.linf.sp5,,,,0
sp6,125,species.linf.sp6,,,,0
sp6,126,species.linf.sp7,,,,0
sp6,127,species.linf.sp8,,,,0
sp6,128,species.linf.sp9,,,,0
sp6,129,species.linf.sp10,,,,0
sp6,130,species.linf.sp11,,,,0
sp6,131,species.linf.sp12,,,,0
sp6,132,species.linf.sp13,,,,0
sp6,133,species.linf.sp14,,,,0
sp6,134,species.linf.sp15,,,,0
sp6,135,species.accessibility2fish.sp16,,,,0
sp6,136,species.accessibility2fish.sp17,,,,0
sp6,137,species.accessibility2fish.sp18,,,,0
sp6,138,species.accessibility2fish.sp19,,,,0
sp6,139,species.accessibility2fish.sp20,,,,0
sp6,140,species.accessibility2fish.sp21,,,,0
sp6,141,species.accessibility2fish.sp22,,,,0
sp6,142,species.accessibility2fish.sp23,,,,0
sp6,143,species.accessibility2fish.sp24,,,,0
sp6,144,species.accessibility2fish.sp25,,,,0
sp6,145,species.accessibility2fish.sp26,,,,0
sp6,146,species.maturity.size.ratio.sp0,,,,0
sp6,147,species.maturity.size.ratio.sp1,,,,0
sp6,148,species.maturity.size.ratio.sp2,,,,0
sp6,149,species.maturity.size.ratio.sp3,,,,0
sp6,150,species.maturity.size.ratio.sp4,,,,0
sp6,151,species.maturity.size.ratio.sp5,,,,0
sp6,152,species.maturity.size.ratio.sp6,,,,0
sp6,153,species.maturity.size.ratio.sp7,,,,0
sp6,154,species.maturity.size.ratio.sp8,,,,0
sp6,155,species.maturity.size.ratio.sp9,,,,0
sp6,156,species.maturity.size.ratio.sp10,,,,0
sp6,157,species.maturity.size.ratio.sp11,,,,0
sp6,158,species.maturity.size.ratio.sp12,,,,0
sp6,159,species.maturity.size.ratio.sp13,,,,0
sp6,160,species.maturity.size.ratio.sp14,,,,0
sp6,161,species.maturity.size.ratio.sp15,,,,0
sp6,162,predation.predPrey.sizeRatio.teta.sp0.stage1,,,,0
sp6,163,predation.predPrey.sizeRatio.alpha.sp0.stage1,,,,0
sp6,164,predation.predPrey.sizeRatio.teta.sp1.stage1,,,,0
sp6,165,predation.predPrey.sizeRatio.alpha.sp1.stage1,,,,0
sp6,166,predation.predPrey.sizeRatio.teta.sp2.stage1,,,,0
sp6,167,predation.predPrey.sizeRatio.alpha.sp2.stage1,,,,0
sp6,168,predation.predPrey.sizeRatio.teta.sp3.stage1,,,,0
sp6,169,predation.predPrey.sizeRatio.alpha.sp3.stage1,,,,0
sp6,170,predation.predPrey.sizeRatio.teta.sp4.stage1,,,,0
sp6,171,predation.predPrey.sizeRatio.alpha.sp4.stage1,,,,0
sp6,172,predation.predPrey.sizeRatio.teta.sp5.stage1,,,,0
sp6,173,predation.predPrey.sizeRatio.teta.sp5.stage2,,,,0
sp6,174,predation.predPrey.sizeRatio.alpha.sp5.stage1,,,,0
sp6,175,predation.predPrey.sizeRatio.alpha.sp5.stage2,,,,0
sp6,176,predation.predPrey.sizeRatio.teta.sp6.stage1,,,,0
sp6,177,predation.predPrey.sizeRatio.alpha.sp6.stage1,,,,0
sp6,178,predation.predPrey.sizeRatio.teta.sp7.stage1,,,,0
sp6,179,predation.predPrey.sizeRatio.alpha.sp7.stage1,,,,0
sp6,180,predation.predPrey.sizeRatio.teta.sp8.stage1,,,,0
sp6,181,predation.predPrey.sizeRatio.alpha.sp8.stage1,,,,0
sp6,182,predation.predPrey.sizeRatio.teta.sp9.stage1,,,,0
sp6,183,predation.predPrey.sizeRatio.alpha.sp9.stage1,,,,0
sp6,184,predation.predPrey.sizeRatio.teta.sp10.stage1,,,,0
sp6,185,predation.predPrey.sizeRatio.alpha.sp10.stage1,,,,0
sp6,186,predation.predPrey.sizeRatio.teta.sp11.stage1,,,,0
sp6,187,predation.predPrey.sizeRatio.alpha.sp11.stage1,,,,0
sp6,188,predation.predPrey.sizeRatio.teta.sp12.stage1,,,,0
sp6,189,predation.predPrey.sizeRatio.alpha.sp12.stage1,,,,0
sp6,190,predation.predPrey.sizeRatio.teta.sp13.stage1,,,,0
sp6,191,predation.predPrey.sizeRatio.alpha.sp13.stage1,,,,0
sp6,192,predation.predPrey.sizeRatio.teta.sp14.stage1,,,,0
sp6,193,predation.predPrey.sizeRatio.alpha.sp14.stage1,,,,0
sp6,194,predation.predPrey.sizeRatio.teta.sp15.stage1,,,,0
sp6,195,predation.predPrey.sizeRatio.alpha.sp15.stage1,,,,0
sp7,1,mortality.additional.rate.sp0,-3.34428660954289e-05,0.00256541030743711,0.00409501311394646,1000
sp7,2,mortality.additional.rate.sp1,-4.59039289095153e-05,0.00266179507588027,0.00400150192361306,1000
sp7,3,mortality.additional.rate.sp2,8.46121053541219e-05,0.00265802628492373,0.00395550691505062,1000
sp7,4,mortality.additional.rate.sp3,-0.000126821620923213,0.00350637535600539,0.00478273975528643,1000
sp7,5,mortality.additional.rate.sp4,7.70572008385074e-05,0.00270972546651127,0.00394216521300391,1000
sp7,6,mortality.additional.rate.sp5,0.000360463728804786,0.005928457369652,0.00752933408026204,1000
sp7,7,mortality.additional.rate.sp6,3.03781547018798e-05,0.00267322066498937,0.00374095907335426,1000
sp7,8,mortality.additional.rate.sp7,-0.000772630157429928,0.0282284563907103,0.0353275482786026,1000
sp7,9,mortality.additional.rate.sp8,5.52431897812555e-05,0.00265643965789548,0.00395188037224159,1000
sp7,10,mortality.additional.rate.sp9,-0.000182883526041743,0.00258682619607918,0.00386949360690031,1000
sp7,11,mortality.additional.rate.sp10,-7.88246577180471e-05,0.00269700487519402,0.00375314671811475,1000
sp7,12,mortality.additional.rate.sp11,-9.68193992960435e-05,0.00266342209651867,0.00449436981032716,1000
sp7,13,mortality.additional.rate.sp12,1.6424033703501e-05,0.00270263339272817,0.00405837361992512,1000
sp7,14,mortality.additional.rate.sp13,3.66845304601401e-05,0.00265978377000791,0.00402703386974205,1000
sp7,15,mortality.additional.rate.sp14,3.51724564700633e-05,0.0025561076358072,0.00358583954346775,1000
sp7,16,mortality.additional.rate.sp15,3.0783647243311e-05,0.00253077847606811,0.0036341525178728,1000
sp7,17,fisheries.rate.base.fsh0,-0.000769523339892841,0.0236186410667274,0.0271972462130215,1000
sp7,18,fisheries.rate.base.fsh1,-1.09484522313707e-05,0.00315841460464228,0.00450327370001356,1000
sp7,19,fisheries.rate.base.fsh2,-0.000221870940499267,0.0102039615173624,0.0111532381075074,1000
sp7,20,fisheries.rate.base.fsh3,7.1155870406719e-05,0.00529343547515669,0.00718486472830862,1000
sp7,21,species.catchability.fsh0.sp0,-3.11140024715507e-05,0.0028449862773012,0.00416462013841429,1000
sp7,22,species.catchability.fsh0.sp1,0.000106687456314474,0.00279423700454629,0.00424517953969311,1000
sp7,23,species.catchability.fsh0.sp2,-2.55307354278281e-05,0.00266999324030297,0.00401276500381391,1000
sp7,24,species.catchability.fsh0.sp3,0.000144597307022796,0.0047679701153748,0.0062026148144013,1000
sp7,25,species.catchability.fsh0.sp5,0.000113251634402029,0.00378273879972946,0.00519966043646508,1000
sp7,26,species.catchability.fsh0.sp7,0.00130708484503621,0.0244805242244799,0.0273449259599701,1000
sp7,27,species.catchability.fsh0.sp8,-0.000129173474289603,0.00284483935634465,0.00442265200714211,1000
sp7,28,species.catchability.fsh0.sp9,-0.000197757744709099,0.00252730683008936,0.00383023636741413,1000
sp7,29,species.catchability.fsh0.sp10,6.3442133307109e-05,0.00268671899475915,0.00412561236553587,1000
sp7,30,species.catchability.fsh0.sp13,6.39070256295021e-05,0.00260832323982599,0.00375820712106658,1000
sp7,31,species.catchability.fsh0.sp14,-3.47935645298205e-05,0.00273133643222193,0.00401445868096945,1000
sp7,32,species.catchability.fsh0.sp15,-0.000133438864064232,0.00266597371827658,0.00389770128715534,1000
sp7,33,species.catchability.fsh1.sp9,6.16598148935682e-05,0.00272608431309997,0.00405616318386446,1000
sp7,34,species.catchability.fsh1.sp10,0.000227520106318322,0.00266223792942858,0.00373281301306708,1000
sp7,35,species.catchability.fsh1.sp11,0.000174997939017013,0.00264346755278141,0.00405255037141905,1000
sp7,36,species.catchability.fsh1.sp12,6.24491936125793e-05,0.0028467352387801,0.00467177177816904,1000
sp7,37,species.catchability.fsh2.sp0,6.74915483301288e-05,0.00258202564471507,0.00369133404120341,1000
sp7,38,species.catchability.fsh2.sp5,-1.31037919577833e-05,0.00275982915283659,0.00411769310286264,1000
sp7,39,species.catchability.fsh2.sp7,-4.13422140056103e-05,0.00997779466479229,0.0109989338492751,1000
sp7,40,species.catchability.fsh2.sp8,-6.77028397987062e-05,0.00259738311834379,0.00383809507879234,1000
sp7,41,species.catchability.fsh3.sp0,7.19926276057604e-05,0.00257073102431313,0.0037610333876907,1000
sp7,42,species.catchability.fsh3.sp1,-0.000147341755263243,0.00260391280336495,0.00375175136691296,1000
sp7,43,species.catchability.fsh3.sp2,0.000141003488218018,0.00262662576355783,0.00400331132502394,1000
sp7,44,species.catchability.fsh3.sp3,-0.000170070859171822,0.00268812398522352,0.00384417376951815,1000
sp7,45,species.catchability.fsh3.sp5,-8.87266940843428e-05,0.00275476303618193,0.00426239925977412,1000
sp7,46,species.catchability.fsh3.sp7,-0.000135942964357059,0.00584141798836302,0.00803894578199217,1000
sp7,47,species.catchability.fsh3.sp8,0.000108899489875207,0.00261540469750122,0.00388895831992769,1000
sp7,48,species.catchability.fsh3.sp9,-1.97642278910836e-05,0.00269970012772498,0.00391546131422996,1000
sp7,49,species.catchability.fsh3.sp10,7.00250124914309e-06,0.00257424048827527,0.00385537368364059,1000
sp7,50,species.catchability.fsh3.sp11,-1.04021989760321e-05,0.00259189151614783,0.00373867759446818,1000
sp7,51,species.catchability.fsh3.sp12,-1.67797664846972e-05,0.0026935300490098,0.00409031479977599,1000
sp7,52,species.catchability.fsh3.sp13,-0.000125089948451099,0.00271746798002826,0.00422240185566469,1000
sp7,53,species.catchability.fsh3.sp14,0.00013225370680145,0.00247433862698015,0.00353067758882576,1000
sp7,54,species.catchability.fsh3.sp15,1.24165706802399e-05,0.00251920787597919,0.0036829367383013,1000
sp7,55,species.length2weight.condition.factor.sp0,-8.34924587241523e-05,0.002665056375733,0.0038921440192515,1000
sp7,56,species.length2weight.condition.factor.sp1,5.10685582160455e-05,0.0027787822265461,0.00401438489825139,1000
sp7,57,species.length2weight.condition.factor.sp2,-2.47206301371973e-05,0.00298850466384918,0.00432947042777606,1000
sp7,58,species.length2weight.condition.factor.sp3,0.00021671226733405,0.00372257864267001,0.00539286053661337,1000
sp7,59,species.length2weight.condition.factor.sp4,-4.21367710088177e-06,0.00270243861544297,0.00386016755968832,1000
sp7,60,species.length2weight.condition.factor.sp5,-0.000111232361205123,0.00268393935374913,0.00403387499147164,1000
sp7,61,species.length2weight.condition.factor.sp6,0.000200786714645871,0.00261045512186499,0.00376444866784999,1000
sp7,62,species.length2weight.condition.factor.sp7,7.18457053244992e-05,0.00289847165426508,0.00451610233456668,1000
sp7,63,species.length2weight.condition.factor.sp8,-3.6202584163993e-05,0.00295531859861631,0.00435875466052129,1000
sp7,64,species.length2weight.condition.factor.sp9,-7.48606815282152e-05,0.0026793364902893,0.00384308282744263,1000
sp7,65,species.length2weight.condition.factor.sp10,0.000109875154011769,0.00263403124666815,0.00395302860678622,1000
sp7,66,species.length2weight.condition.factor.sp11,-6.08589034264613e-05,0.00271756012850237,0.0038913030597225,1000
sp7,67,species.length2weight.condition.factor.sp12,-7.39321197054825e-05,0.00278390506671339,0.00395504918140306,1000
sp7,68,species.length2weight.condition.factor.sp13,-1.68271284578205e-05,0.0026923787149686,0.00408515674333568,1000
sp7,69,species.length2weight.condition.factor.sp14,-0.000362894749948236,0.00265704331358461,0.00395938172560889,1000
sp7,70,species.length2weight.condition.factor.sp15,-4.73236980528969e-05,0.00275761364025327,0.00428373482723369,1000
sp7,71,species.k.sp0,3.33840708828392e-06,0.00459290038616275,0.00634335099277118,1000
sp7,72,species.k.sp1,-6.3277364461347e-05,0.0101136079311945,0.0117814343878706,1000
sp7,73,species.k.sp2,-6.08565449377125e-05,0.00317855133863006,0.00469006510213791,1000
sp7,74,species.k.sp3,-0.000217144236666908,0.00712529715152938,0.00944828836325143,1000
sp7,75,species.k.sp4,-0.000386856793557013,0.0041732542866111,0.00588509375534154,1000
sp7,76,species.k.sp5,-0.000762203267499706,0.00683542428311717,0.00923685342298695,1000
sp7,77,species.k.sp6,0.000200719144185839,0.00661315245919384,0.00810986931643982,1000
sp7,78,species.k.sp7,0.000582912445747703,0.00688616139924147,0.0105397723059085,1000
sp7,79,species.k.sp8,0.000506186490405827,0.00483190344673422,0.00680680229563658,1000
sp7,80,species.k.sp9,-6.05247071261635e-05,0.00296694358907371,0.00417423170861808,1000
sp7,81,species.k.sp10,-0.000143659532495451,0.00278267589072623,0.00408619172160335,1000
sp7,82,species.k.sp11,7.07158487847843e-05,0.00270889737402384,0.00401126548576362,1000
sp7,83,species.k.sp12,0.000141018820603523,0.00256949019193518,0.00384247261154597,1000
sp7,84,species.k.sp13,0.000251283720126965,0.00335800486468155,0.00471635324873393,1000
sp7,85,species.k.sp14,-8.56172359518863e-05,0.00399799962866644,0.00572175278546785,1000
sp7,86,species.k.sp15,-0.000171599327815806,0.00270137205995165,0.00400085354642375,1000
sp7,87,species.l0.sp0,0.000121894550734689,0.00270608686944419,0.00403564047377999,1000
sp7,88,species.l0.sp1,-0.000174087724504622,0.00753891479548349,0.00896858464603595,1000
sp7,89,species.l0.sp2,5.57813558251291e-06,0.00391358372993604,0.00577120415280274,1000
sp7,90,species.l0.sp3,0.000264798257816115,0.00356962796645381,0.00496310571445492,1000
sp7,91,species.l0.sp4,-3.17777116491825e-05,0.00362836350105038,0.00505338476144374,1000
sp7,92,species.l0.sp5,-2.96293349500289e-06,0.0026567910903583,0.00407536746845934,1000
sp7,93,species.l0.sp6,-9.54648622093194e-05,0.00351276543756866,0.00468004704337495,1000
sp7,94,species.l0.sp7,-0.0013571384764734,0.0249227119028629,0.0354049890109653,1000
sp7,95,species.l0.sp8,-0.000289033734301648,0.0048418016917469,0.00631338457724308,1000
sp7,96,species.l0.sp9,1.54719496420423e-05,0.00286290253646466,0.00426188692572466,1000
sp7,97,species.l0.sp10,-0.000132778084993651,0.00289280958930886,0.00410699815451399,1000
sp7,98,species.l0.sp11,0.000103653394485773,0.00269371236883641,0.00401576477577088,1000
sp7,99,species.l0.sp12,0.000193578177741957,0.00268339455677767,0.00389354939918678,1000
sp7,100,species.l0.sp13,6.45627090371367e-05,0.00262555756340095,0.00389354938552963,1000
sp7,101,species.l0.sp14,-6.26487803845281e-05,0.00264660668662988,0.00403166988803846,1000
sp7,102,species.l0.sp15,0.000252632928364982,0.00265913122089816,0.00397353575659572,1000
sp7,103,mortality.additional.larva.rate.sp0,-5.93384015090812e-05,0.00388750458458242,0.00550883708001596,1000
sp7,104,mortality.additional.larva.rate.sp1,6.94888400544796e-07,0.00301383083071806,0.00417264161008728,1000
sp7,105,mortality.additional.larva.rate.sp2,-0.000235665493042311,0.00854761984102339,0.0127032051867615,1000
sp7,106,mortality.additional.larva.rate.sp3,-0.000292871029522142,0.0166285964895291,0.0222875099875198,1000
sp7,107,mortality.additional.larva.rate.sp4,-3.7564690783679e-05,0.00263952055856019,0.00399573904307843,1000
sp7,108,mortality.additional.larva.rate.sp5,5.5575116409702e-05,0.00288009269597469,0.00433812342863779,1000
sp7,109,mortality.additional.larva.rate.sp6,6.9100103592002e-05,0.00257128882161386,0.00364351290490186,1000
sp7,110,mortality.additional.larva.rate.sp9,-0.000293381189920667,0.00322184938726283,0.00460398968401075,1000
sp7,111,mortality.additional.larva.rate.sp10,0.000153580977191834,0.00289679003562665,0.00406759688022784,1000
sp7,112,mortality.additional.larva.rate.sp11,-1.19806693662899e-05,0.00274115787958879,0.0039568783538305,1000
sp7,113,mortality.additional.larva.rate.sp12,1.73500368847643e-05,0.00288759856018374,0.00418257215844187,1000
sp7,114,mortality.additional.larva.rate.sp13,8.01274982370789e-05,0.00263116169983456,0.00393604956499623,1000
sp7,115,mortality.additional.larva.rate.sp14,0.000186905194035189,0.00272723940104267,0.00429727263256219,1000
sp7,116,mortality.additional.larva.rate.sp15,-5.53781149155478e-05,0.00272403082451261,0.00384549629795255,1000
sp7,117,mortality.additional.larva.rate.mean.sp7,4.20434689095399e-05,0.0204229730487759,0.0318830748124129,1000
sp7,118,mortality.additional.larva.rate.mean.sp8,0.00025221445972542,0.00667046335759942,0.00865705523658895,1000
sp7,119,species.linf.sp0,0.000353486812071911,0.00523731349237301,0.00716438536119926,1000
sp7,120,species.linf.sp1,9.65100839383417e-06,0.0238668876180403,0.0260898424860994,1000
sp7,121,species.linf.sp2,-1.56324592073928e-05,0.0060837093423948,0.00912461990134514,1000
sp7,122,species.linf.sp3,0.00147038440356689,0.0257105696998734,0.0310967966150373,1000
sp7,123,species.linf.sp4,-5.44545706733912e-05,0.00776595482706054,0.0100527737084236,1000
sp7,124,species.linf.sp5,0.000356409009666152,0.0267038205733157,0.0319658840309422,1000
sp7,125,species.linf.sp6,-0.000481085728958472,0.0183330238556562,0.0200842849879125,1000
sp7,126,species.linf.sp7,-0.00127255477880345,0.097329665809043,0.114954643172278,1000
sp7,127,species.linf.sp8,0.000213450371566772,0.009308986917214,0.0125112257597831,1000
sp7,128,species.linf.sp9,0.00015829819800329,0.00427398534788848,0.00579579152805159,1000
sp7,129,species.linf.sp10,-9.21153392660718e-05,0.00370922916852704,0.00525543166990436,1000
sp7,130,species.linf.sp11,-6.91615666128606e-05,0.00282854333210759,0.0042805580769125,1000
sp7,131,species.linf.sp12,0.00014630710269731,0.00311997693802018,0.00417310265568299,1000
sp7,132,species.linf.sp13,-3.74411862962333e-05,0.00446373294145363,0.00649098319903239,1000
sp7,133,species.linf.sp14,9.08260701866673e-05,0.00352525843073187,0.00522324678174841,1000
sp7,134,species.linf.sp15,1.85655986229694e-06,0.00284555676094675,0.0041737757611179,1000
sp7,135,species.accessibility2fish.sp16,3.81514578072321e-05,0.00254438314910838,0.00368743932769779,1000
sp7,136,species.accessibility2fish.sp17,5.63536104745287e-06,0.00261371224059852,0.00386659167948824,1000
sp7,137,species.accessibility2fish.sp18,-9.72679539412963e-05,0.00262143504592022,0.00390780153689029,1000
sp7,138,species.accessibility2fish.sp19,9.46070517210319e-06,0.00280151873510845,0.00402221266560078,1000
sp7,139,species.accessibility2fish.sp20,0.000335023993572963,0.00269489950285579,0.00391751732277715,1000
sp7,140,species.accessibility2fish.sp21,-5.094466277748e-05,0.00290036702918256,0.00427689937869063,1000
sp7,141,species.accessibility2fish.sp22,-0.000280717621470632,0.00817287678938989,0.014821850680212,1000
sp7,142,species.accessibility2fish.sp23,-0.00127443493328957,0.0222027735164672,0.0245201726179162,1000
sp7,143,species.accessibility2fish.sp24,-0.000117001168079279,0.00746038286193085,0.0107650827961241,1000
sp7,144,species.accessibility2fish.sp25,6.3872413344407e-05,0.00266577795281727,0.00397804546032588,1000
sp7,145,species.accessibility2fish.sp26,-8.2492608984656e-05,0.00268673696070642,0.00377144284339083,1000
sp7,146,species.maturity.size.ratio.sp0,1.134245776355e-05,0.00436777036637951,0.00634323293795787,1000
sp7,147,species.maturity.size.ratio.sp1,2.21444820786659e-05,0.00272225881615435,0.00389709202525002,1000
sp7,148,species.maturity.size.ratio.sp2,6.79543823408627e-05,0.00284862562859809,0.00418847133666114,1000
sp7,149,species.maturity.size.ratio.sp3,-2.87851406754064e-05,0.00274263043404992,0.00425419389709247,1000
sp7,150,species.maturity.size.ratio.sp4,7.67585397798167e-05,0.00279022544911768,0.00393461505049807,1000
sp7,151,species.maturity.size.ratio.sp5,0.000216595504855058,0.0025995288833758,0.00368184417285747,1000
sp7,152,species.maturity.size.ratio.sp6,-0.000180733965479639,0.00278417043737269,0.00420647196303274,1000
sp7,153,species.maturity.size.ratio.sp7,9.77884049565643e-06,0.00266924883043262,0.00392454957825073,1000
sp7,154,species.maturity.size.ratio.sp8,2.74014269846511e-05,0.00267603301815045,0.00391386117798093,1000
sp7,155,species.maturity.size.ratio.sp9,4.12281028614825e-06,0.00268195609655923,0.00399157418977198,1000
sp7,156,species.maturity.size.ratio.sp10,-4.7113384845231e-05,0.0027110451324704,0.00410996197235403,1000
sp7,157,species.maturity.size.ratio.sp11,-0.000160924819538658,0.00276251900131002,0.00401239964345828,1000
sp7,158,species.maturity.size.ratio.sp12,6.09914934952063e-05,0.00252650275178323,0.00364415098552752,1000
sp7,159,species.maturity.size.ratio.sp13,-0.00024464798883043,0.00541262110866026,0.00771916393295595,1000
sp7,160,species.maturity.size.ratio.sp14,-0.000101208679042285,0.00277787651294546,0.00418475616764574,1000
sp7,161,species.maturity.size.ratio.sp15,-9.47570099885117e-06,0.00274091043109012,0.00409687469704514,1000
sp7,162,predation.predPrey.sizeRatio.teta.sp0.stage1,0.000239814196710472,0.00256187144593724,0.00381935768828963,1000
sp7,163,predation.predPrey.sizeRatio.alpha.sp0.stage1,-0.000168943846590133,0.0033481086074787,0.00482680472634654,1000
sp7,164,predation.predPrey.sizeRatio.teta.sp1.stage1,2.41815461603675e-05,0.00356676898979264,0.0050977783650171,1000
sp7,165,predation.predPrey.sizeRatio.alpha.sp1.stage1,-6.52684104525384e-05,0.00345435560059191,0.00548842693812855,1000
sp7,166,predation.predPrey.sizeRatio.teta.sp2.stage1,0.000187008789677824,0.00287263188453752,0.00412944387884652,1000
sp7,167,predation.predPrey.sizeRatio.alpha.sp2.stage1,-8.94572705070477e-05,0.00414334979850012,0.00591670950924924,1000
sp7,168,predation.predPrey.sizeRatio.teta.sp3.stage1,0.000131072146972398,0.00337695306774654,0.00494181070234606,1000
sp7,169,predation.predPrey.sizeRatio.alpha.sp3.stage1,-0.000619319407949374,0.013918259043294,0.0190473992560708,1000
sp7,170,predation.predPrey.sizeRatio.teta.sp4.stage1,6.48972132309524e-05,0.00272546306936966,0.00389334985973372,1000
sp7,171,predation.predPrey.sizeRatio.alpha.sp4.stage1,-0.000294115784384568,0.00297377686614506,0.00442488115838036,1000
sp7,172,predation.predPrey.sizeRatio.teta.sp5.stage1,-0.000117958226142191,0.00266763233609757,0.00401724674171213,1000
sp7,173,predation.predPrey.sizeRatio.teta.sp5.stage2,-0.000798617921251051,0.0189337194191249,0.0233419428554691,1000
sp7,174,predation.predPrey.sizeRatio.alpha.sp5.stage1,0.000117403884558712,0.00262629559724874,0.00420122815566937,1000
sp7,175,predation.predPrey.sizeRatio.alpha.sp5.stage2,4.37475622218068e-05,0.0114909803569624,0.0166112348240164,1000
sp7,176,predation.predPrey.sizeRatio.teta.sp6.stage1,-0.00011691188137771,0.00344293209001375,0.0049613453440097,1000
sp7,177,predation.predPrey.sizeRatio.alpha.sp6.stage1,-1.39373614370673e-05,0.00603851786846974,0.00749689681868446,1000
sp7,178,predation.predPrey.sizeRatio.teta.sp7.stage1,-0.000722399838817532,0.0116596454456414,0.0159123082360579,1000
sp7,179,predation.predPrey.sizeRatio.alpha.sp7.stage1,-0.000833700125154204,0.121164090305482,0.148848263762355,1000
sp7,180,predation.predPrey.sizeRatio.teta.sp8.stage1,-0.000211157050196356,0.00314472609807305,0.0044573618638761,1000
sp7,181,predation.predPrey.sizeRatio.alpha.sp8.stage1,-0.000106982337742261,0.00813231172613512,0.009963365737814,1000
sp7,182,predation.predPrey.sizeRatio.teta.sp9.stage1,0.000112430124545811,0.00291237591239469,0.00432943233060392,1000
sp7,183,predation.predPrey.sizeRatio.alpha.sp9.stage1,4.94589311497366e-05,0.0031399655985215,0.00464362400953582,1000
sp7,184,predation.predPrey.sizeRatio.teta.sp10.stage1,-5.04844812724831e-05,0.00269776758489429,0.00395701821758331,1000
sp7,185,predation.predPrey.sizeRatio.alpha.sp10.stage1,7.4950040025888e-05,0.00269872688970119,0.00391489056338573,1000
sp7,186,predation.predPrey.sizeRatio.teta.sp11.stage1,-7.63529285387223e-05,0.0026726354508185,0.00434152622869015,1000
sp7,187,predation.predPrey.sizeRatio.alpha.sp11.stage1,7.19587921776403e-05,0.00257820198046036,0.00380846009568969,1000
sp7,188,predation.predPrey.sizeRatio.teta.sp12.stage1,0.000161562160819804,0.00257184373178687,0.00366910903570076,1000
sp7,189,predation.predPrey.sizeRatio.alpha.sp12.stage1,1.33116214939837e-05,0.00290365125334516,0.00414427474875007,1000
sp7,190,predation.predPrey.sizeRatio.teta.sp13.stage1,-0.000101718740649978,0.00250387877793363,0.00354670695669295,1000
sp7,191,predation.predPrey.sizeRatio.alpha.sp13.stage1,6.48888727963793e-05,0.0029290321800593,0.00435107983541014,1000
sp7,192,predation.predPrey.sizeRatio.teta.sp14.stage1,-2.42033773159238e-05,0.00282467882175351,0.00412085743851664,1000
sp7,193,predation.predPrey.sizeRatio.alpha.sp14.stage1,-0.000216876578566252,0.00402946533565837,0.0054344595081325,1000
sp7,194,predation.predPrey.sizeRatio.teta.sp15.stage1,-0.000192446603877684,0.00261529993502943,0.00380322974935309,1000
sp7,195,predation.predPrey.sizeRatio.alpha.sp15.stage1,0.000132099705420711,0.00317118385631837,0.00441895278131567,1000
sp8,1,mortality.additional.rate.sp0,0.000347254520978405,0.0119153378666622,0.0158319090239446,1000
sp8,2,mortality.additional.rate.sp1,0.000434976320580002,0.01166770728447,0.0155357099949741,1000
sp8,3,mortality.additional.rate.sp2,-0.000120809606057056,0.0132783768871193,0.0178779003664561,1000
sp8,4,mortality.additional.rate.sp3,-0.000176040547848572,0.0125627149700373,0.016593585305795,1000
sp8,5,mortality.additional.rate.sp4,-0.000274515154536387,0.0118001188621648,0.0157005546428127,1000
sp8,6,mortality.additional.rate.sp5,-8.27668106766336e-05,0.016134338025542,0.0206088710822116,1000
sp8,7,mortality.additional.rate.sp6,0.000472835360949112,0.0112976969054833,0.0152371946225597,1000
sp8,8,mortality.additional.rate.sp7,-0.000275084806875834,0.0125597322279679,0.0165973589188017,1000
sp8,9,mortality.additional.rate.sp8,-0.000472364222532252,0.0115090609975307,0.0156199447145966,1000
sp8,10,mortality.additional.rate.sp9,-0.00035883920376647,0.0117125767755022,0.0158281888528179,1000
sp8,11,mortality.additional.rate.sp10,-0.000208726147249506,0.0121881547388943,0.0160551740750364,1000
sp8,12,mortality.additional.rate.sp11,0.00044233812672053,0.01168429781455,0.0154706946416973,1000
sp8,13,mortality.additional.rate.sp12,-0.000215609311485838,0.0116813669275004,0.0155641878590761,1000
sp8,14,mortality.additional.rate.sp13,-0.000597885562613504,0.0115612359567788,0.0153867960409901,1000
sp8,15,mortality.additional.rate.sp14,0.00049416375081591,0.0117078393918514,0.0156815891227372,1000
sp8,16,mortality.additional.rate.sp15,0.000117164562245622,0.0112795533273879,0.0151676562546436,1000
sp8,17,fisheries.rate.base.fsh0,-0.00417906599315191,0.139181785300127,0.153607309955983,1000
sp8,18,fisheries.rate.base.fsh1,0.000295597608700473,0.0126694978722349,0.0168063533130055,1000
sp8,19,fisheries.rate.base.fsh2,-0.000208908839377337,0.0233265645405159,0.0297489089938202,1000
sp8,20,fisheries.rate.base.fsh3,-0.000779586927224256,0.0182851524947155,0.0236281898361466,1000
sp8,21,species.catchability.fsh0.sp0,0.000303919795425068,0.0118560481647993,0.0158607502379506,1000
sp8,22,species.catchability.fsh0.sp1,8.17719340832902e-06,0.0118626929807854,0.0157053941625326,1000
sp8,23,species.catchability.fsh0.sp2,-2.69861591088338e-05,0.011958161473048,0.0159045511584533,1000
sp8,24,species.catchability.fsh0.sp3,-0.000581279219111548,0.0134548592399773,0.0177110752848019,1000
sp8,25,species.catchability.fsh0.sp5,0.000170546193721763,0.0128559625806259,0.0168569349082144,1000
sp8,26,species.catchability.fsh0.sp7,0.000175432647648675,0.0117940675188064,0.0156320033159858,1000
sp8,27,species.catchability.fsh0.sp8,0.0047160371213149,0.12347208038237,0.138392835041078,1000
sp8,28,species.catchability.fsh0.sp9,7.47902449031666e-05,0.0110120116470724,0.0145052682869476,1000
sp8,29,species.catchability.fsh0.sp10,-0.000120224389185828,0.0116324448428763,0.0155072216656217,1000
sp8,30,species.catchability.fsh0.sp13,0.000274814669458609,0.0119803299123434,0.0158699619818089,1000
sp8,31,species.catchability.fsh0.sp14,-0.000305280340873798,0.01106009004872,0.0146719686328872,1000
sp8,32,species.catchability.fsh0.sp15,-0.000225225209817907,0.0114362483973867,0.0153347503090186,1000
sp8,33,species.catchability.fsh1.sp9,0.000364442268024187,0.0121960790004886,0.0159780645208458,1000
sp8,34,species.catchability.fsh1.sp10,0.000103094937867944,0.0117272000254254,0.0157348545819584,1000
sp8,35,species.catchability.fsh1.sp11,-0.000659718626091098,0.011541747258577,0.0155399862955921,1000
sp8,36,species.catchability.fsh1.sp12,-0.00061376072100358,0.0117689460542724,0.0154497179326084,1000
sp8,37,species.catchability.fsh2.sp0,0.000766581700378554,0.0116817275618759,0.0155308429066604,1000
sp8,38,species.catchability.fsh2.sp5,0.000882299700186124,0.0119246134936707,0.0158556573888713,1000
sp8,39,species.catchability.fsh2.sp7,-0.000126907711416656,0.0112090474064343,0.0151750121140576,1000
sp8,40,species.catchability.fsh2.sp8,0.000778912294620785,0.0217957754427954,0.0278649163858803,1000
sp8,41,species.catchability.fsh3.sp0,-2.13049910866364e-05,0.0115631099922804,0.0154333939276772,1000
sp8,42,species.catchability.fsh3.sp1,0.000743017739223631,0.0115754244631709,0.0154435098773792,1000
sp8,43,species.catchability.fsh3.sp2,-0.000211202629931288,0.0113676013939707,0.0150024479217662,1000
sp8,44,species.catchability.fsh3.sp3,0.000342612304506297,0.0121332213894451,0.015938591977068,1000
sp8,45,species.catchability.fsh3.sp5,-0.000200876652590636,0.0118402664590088,0.0159079687645342,1000
sp8,46,species.catchability.fsh3.sp7,0.000525188854149589,0.0117450999231648,0.0154030141660613,1000
sp8,47,species.catchability.fsh3.sp8,-0.000283934206834457,0.0164501672509152,0.0223735603020147,1000
sp8,48,species.catchability.fsh3.sp9,-0.000534043486131273,0.0115704809895818,0.0157282957212332,1000
sp8,49,species.catchability.fsh3.sp10,2.0388069141581e-05,0.011751375435009,0.0155028105974108,1000
sp8,50,species.catchability.fsh3.sp11,0.000134466044618278,0.0115556783100353,0.0152563697581324,1000
sp8,51,species.catchability.fsh3.sp12,-0.000664201177897564,0.0115355404673045,0.0156555668193291,1000
sp8,52,species.catchability.fsh3.sp13,0.000308690088212781,0.012200708901632,0.0164033747622712,1000
sp8,53,species.catchability.fsh3.sp14,-0.000388081329321462,0.0119557012195546,0.0159924863146652,1000
sp8,54,species.catchability.fsh3.sp15,5.98923182709969e-05,0.0115158898038992,0.0155746630460744,1000
sp8,55,species.length2weight.condition.factor.sp0,0.000523022487844405,0.0134726385328786,0.0184500756491572,1000
sp8,56,species.length2weight.condition.factor.sp1,0.000271991662792014,0.0118498272798497,0.0159295650358393,1000
sp8,57,species.length2weight.condition.factor.sp2,7.13376288259435e-06,0.0131822273863668,0.0179485964306154,1000
sp8,58,species.length2weight.condition.factor.sp3,0.000200152233057756,0.0137956512513932,0.0182176933396296,1000
sp8,59,species.length2weight.condition.factor.sp4,-0.000227603285820882,0.0115170634899001,0.0153065777729817,1000
sp8,60,species.length2weight.condition.factor.sp5,0.000343964373564633,0.0114165453522504,0.0151995723638762,1000
sp8,61,species.length2weight.condition.factor.sp6,-8.04035087500953e-05,0.0116604875639825,0.0153048379609915,1000
sp8,62,species.length2weight.condition.factor.sp7,0.000897180150458285,0.0118735044347122,0.0154379025227229,1000
sp8,63,species.length2weight.condition.factor.sp8,-0.000648438477099867,0.0133991801526346,0.017761128027022,1000
sp8,64,species.length2weight.condition.factor.sp9,0.00100797831176583,0.0118156287122407,0.0157214902771704,1000
sp8,65,species.length2weight.condition.factor.sp10,-0.000100697730252865,0.0118872297475485,0.0159450122062617,1000
sp8,66,species.length2weight.condition.factor.sp11,-0.000272149094544823,0.0110071162675482,0.0148625747978177,1000
sp8,67,species.length2weight.condition.factor.sp12,8.41400227365402e-05,0.0116143882834043,0.0153592936527444,1000
sp8,68,species.length2weight.condition.factor.sp13,0.000353261824359857,0.0116038108548525,0.0158443968740411,1000
sp8,69,species.length2weight.condition.factor.sp14,-0.000524688008616078,0.0120619880932675,0.0159098077809276,1000
sp8,70,species.length2weight.condition.factor.sp15,-0.000752294752024108,0.0116405330391237,0.0156810358782542,1000
sp8,71,species.k.sp0,-0.00146936146441245,0.0169748083930745,0.0252839530932225,1000
sp8,72,species.k.sp1,-0.000515502346749755,0.0167493799967876,0.0213503798686239,1000
sp8,73,species.k.sp2,1.85309676254506e-05,0.0195917179434966,0.0256238704420157,1000
sp8,74,species.k.sp3,-0.000864132817876897,0.0209021339653422,0.0285557764016773,1000
sp8,75,species.k.sp4,-0.000897612916091113,0.0189389781645342,0.0243187458718335,1000
sp8,76,species.k.sp5,-0.00234967188323815,0.0176456604590199,0.0217999060906601,1000
sp8,77,species.k.sp6,-0.000216142956608939,0.012857885671504,0.0170318067986012,1000
sp8,78,species.k.sp7,0.000764737532509153,0.0126253822762212,0.0166872127246206,1000
sp8,79,species.k.sp8,-0.0028535799585359,0.150513978119009,0.159510195130306,1000
sp8,80,species.k.sp9,-0.000324024122139589,0.0147703637968684,0.0198537014462093,1000
sp8,81,species.k.sp10,0.000461891803919873,0.0114879483522985,0.015330953460655,1000
sp8,82,species.k.sp11,0.000439599700404103,0.012027023969581,0.0162795947112982,1000
sp8,83,species.k.sp12,-0.000861486843662477,0.0121167549718059,0.0159970335794446,1000
sp8,84,species.k.sp13,0.000153482190828427,0.0142050426151163,0.0188010147135365,1000
sp8,85,species.k.sp14,0.000561675247802264,0.0146442539785742,0.0187056377819691,1000
sp8,86,species.k.sp15,-3.07829964274671e-05,0.0115259785564517,0.0152979928715212,1000
sp8,87,species.l0.sp0,-0.000641588497520137,0.0129007269319021,0.0171523699624086,1000
sp8,88,species.l0.sp1,0.000511266507472071,0.0133836997762304,0.0181409205034509,1000
sp8,89,species.l0.sp2,0.000135391328279083,0.0173077741587846,0.022717446397822,1000
sp8,90,species.l0.sp3,-0.000417484361498879,0.0132243977727815,0.0180526629059887,1000
sp8,91,species.l0.sp4,0.000348744515488652,0.0137934783253175,0.0182743126784718,1000
sp8,92,species.l0.sp5,0.000189886860883515,0.0118318190517558,0.0160492013097022,1000
sp8,93,species.l0.sp6,-0.000727100341374304,0.0114721464799205,0.0154606704343358,1000
sp8,94,species.l0.sp7,0.000205077263881092,0.0118854244002239,0.0159490720367087,1000
sp8,95,species.l0.sp8,0.00139784111123625,0.0633542853799688,0.0767727238719045,1000
sp8,96,species.l0.sp9,-0.000269213804001195,0.0128018773533529,0.0172454811849113,1000
sp8,97,species.l0.sp10,-3.73613827501707e-05,0.0120111151376328,0.0159124740745471,1000
sp8,98,species.l0.sp11,0.000131993977032239,0.0122763148396851,0.0167524052844985,1000
sp8,99,species.l0.sp12,0.00027016444981204,0.0115042440096014,0.0153500351930677,1000
sp8,100,species.l0.sp13,-0.000344490976488208,0.0114336845165383,0.0151689790975457,1000
sp8,101,species.l0.sp14,-0.000242840390411947,0.0116880649670816,0.0155718596143958,1000
sp8,102,species.l0.sp15,-0.000122042268537165,0.0117404454770463,0.015498008320693,1000
sp8,103,mortality.additional.larva.rate.sp0,-1.27827415513607e-05,0.0181876469875911,0.0272364877142218,1000
sp8,104,mortality.additional.larva.rate.sp1,0.000309119950893906,0.0117886627082842,0.0156080977880286,1000
sp8,105,mortality.additional.larva.rate.sp2,0.000733652250824594,0.0533210084246373,0.0697146944932396,1000
sp8,106,mortality.additional.larva.rate.sp3,-0.00116118276294925,0.0463233841306435,0.0639093008956754,1000
sp8,107,mortality.additional.larva.rate.sp4,-0.000766087818696558,0.01169979806223,0.0154460920280798,1000
sp8,108,mortality.additional.larva.rate.sp5,-0.000125070002111978,0.0115278069667392,0.0157333051749577,1000
sp8,109,mortality.additional.larva.rate.sp6,0.000711571940153348,0.0120545803263427,0.0161204269898063,1000
sp8,110,mortality.additional.larva.rate.sp9,0.000848402738664238,0.0149601759516194,0.0205670991037342,1000
sp8,111,mortality.additional.larva.rate.sp10,6.47510849328528e-05,0.0130158700508362,0.0174676382785482,1000
sp8,112,mortality.additional.larva.rate.sp11,0.000379671490141403,0.011531883450481,0.0154594493505046,1000
sp8,113,mortality.additional.larva.rate.sp12,-7.99921572297391e-05,0.0122962055655197,0.0165121157688122,1000
sp8,114,mortality.additional.larva.rate.sp13,0.000131130240894695,0.0116171297649754,0.0154822101044525,1000
sp8,115,mortality.additional.larva.rate.sp14,-0.000300469890276017,0.0117046467173808,0.0156487837845225,1000
sp8,116,mortality.additional.larva.rate.sp15,-0.00045814988837947,0.0113400379741924,0.014975009484219,1000
sp8,117,mortality.additional.larva.rate.mean.sp7,-0.000246083038030756,0.0119669215788431,0.015701884964119,1000
sp8,118,mortality.additional.larva.rate.mean.sp8,0.00221017523050512,0.0577097339495141,0.0715365995693379,1000
sp8,119,species.linf.sp0,-0.000799455106326944,0.0180463887733916,0.0265287135988505,1000
sp8,120,species.linf.sp1,-0.000369498663748135,0.0325482449493979,0.0380001186480977,1000
sp8,121,species.linf.sp2,0.00290692278386164,0.050614044300155,0.0640347692248738,1000
sp8,122,species.linf.sp3,-0.000733047941135304,0.0557965089864862,0.0777287103080254,1000
sp8,123,species.linf.sp4,-8.51247459091412e-05,0.0481943916873183,0.0573031316402088,1000
sp8,124,species.linf.sp5,0.000632699250701634,0.0449061267565645,0.051591801849118,1000
sp8,125,species.linf.sp6,0.00045695237457519,0.0186912105945932,0.0232317363746688,1000
sp8,126,species.linf.sp7,0.000125257218346591,0.0151752969185917,0.0196071829718873,1000
sp8,127,species.linf.sp8,0.00678614842428238,0.414650166412223,0.429124407040438,1000
sp8,128,species.linf.sp9,0.000327753001707401,0.0216028768419939,0.0289773139300832,1000
sp8,129,species.linf.sp10,0.000146644270278766,0.0137601997248327,0.0182526257868715,1000
sp8,130,species.linf.sp11,0.000289915874959545,0.0121648950099343,0.0161595105398669,1000
sp8,131,species.linf.sp12,-0.000180814448298008,0.0138809445382219,0.0180685122009643,1000
sp8,132,species.linf.sp13,-0.00043656603808254,0.0147325585130703,0.0197023262422999,1000
sp8,133,species.linf.sp14,0.0010513925901464,0.0214700185451535,0.026328568407584,1000
sp8,134,species.linf.sp15,-0.000535880536203252,0.0116911999073575,0.0152977412696411,1000
sp8,135,species.accessibility2fish.sp16,-0.000283478774888142,0.0116819458226566,0.0154720115886447,1000
sp8,136,species.accessibility2fish.sp17,-0.000285965789959107,0.0111505490865121,0.0149511249327049,1000
sp8,137,species.accessibility2fish.sp18,0.000559920121651213,0.0113785449521451,0.0148356366668504,1000
sp8,138,species.accessibility2fish.sp19,0.000298713536877583,0.0111917520790327,0.0146408806062184,1000
sp8,139,species.accessibility2fish.sp20,-0.00137911571610939,0.011577605757543,0.0151748918576773,1000
sp8,140,species.accessibility2fish.sp21,-0.000725086208555152,0.0144037781745582,0.0190280614308292,1000
sp8,141,species.accessibility2fish.sp22,-9.67470502436472e-05,0.0225724041901508,0.0331413568741632,1000
sp8,142,species.accessibility2fish.sp23,-0.00173241507754114,0.0351866610885029,0.0397807969819767,1000
sp8,143,species.accessibility2fish.sp24,-0.00435337839071024,0.129829478489467,0.146533538352388,1000
sp8,144,species.accessibility2fish.sp25,0.000332508660696394,0.0121807272569414,0.0160000898219632,1000
sp8,145,species.accessibility2fish.sp26,-0.000107681504292268,0.0126569945201994,0.0169291532214368,1000
sp8,146,species.maturity.size.ratio.sp0,0.00163736443790683,0.0190571114784709,0.0293287630196217,1000
sp8,147,species.maturity.size.ratio.sp1,-0.000120867877800404,0.0111958230206795,0.0146985185493484,1000
sp8,148,species.maturity.size.ratio.sp2,-0.00020326346375697,0.0116226141801382,0.015298536011382,1000
sp8,149,species.maturity.size.ratio.sp3,-0.000512557492214107,0.0127039778438226,0.0171397055525324,1000
sp8,150,species.maturity.size.ratio.sp4,-0.00117410902044212,0.0117049680202661,0.015629299971472,1000
sp8,151,species.maturity.size.ratio.sp5,-0.000282336585329244,0.0114463329518656,0.015088793558426,1000
sp8,152,species.maturity.size.ratio.sp6,0.000606382663236579,0.0116567263968149,0.0154719948710782,1000
sp8,153,species.maturity.size.ratio.sp7,0.000280910059166109,0.0122423499477988,0.0161154972357823,1000
sp8,154,species.maturity.size.ratio.sp8,0.000126293516745372,0.0129011757742398,0.0174040055828465,1000
sp8,155,species.maturity.size.ratio.sp9,0.000298194530645168,0.0116996629926657,0.0153019402788892,1000
sp8,156,species.maturity.size.ratio.sp10,0.00045305592337693,0.0116846541457747,0.0156279589340783,1000
sp8,157,species.maturity.size.ratio.sp11,-0.00121192153445928,0.0160032405310093,0.0214316124060108,1000
sp8,158,species.maturity.size.ratio.sp12,0.000240349472292254,0.0115956360125619,0.0152649846381976,1000
sp8,159,species.maturity.size.ratio.sp13,0.000403091564147428,0.0180423298640982,0.0244183947000346,1000
sp8,160,species.maturity.size.ratio.sp14,0.000244787232613407,0.0120228508067263,0.0162660535978238,1000
sp8,161,species.maturity.size.ratio.sp15,-2.3293319028327e-05,0.0118820105183961,0.0158622358328716,1000
sp8,162,predation.predPrey.sizeRatio.teta.sp0.stage1,0.000296666704456495,0.0114243277607591,0.0154213374645259,1000
sp8,163,predation.predPrey.sizeRatio.alpha.sp0.stage1,0.00029040352255072,0.0139051983935813,0.0183356299637365,1000
sp8,164,predation.predPrey.sizeRatio.teta.sp1.stage1,0.000122948197483859,0.0112279768643204,0.0151425707751694,1000
sp8,165,predation.predPrey.sizeRatio.alpha.sp1.stage1,0.00120848663345872,0.0163031655096116,0.0213487324339952,1000
sp8,166,predation.predPrey.sizeRatio.teta.sp2.stage1,-9.38860270589023e-05,0.0121453276294863,0.0162843809433648,1000
sp8,167,predation.predPrey.sizeRatio.alpha.sp2.stage1,-0.000139443705538807,0.0201258057080324,0.027919148973846,1000
sp8,168,predation.predPrey.sizeRatio.teta.sp3.stage1,0.000287036609429194,0.0119933063900558,0.0159838232135294,1000
sp8,169,predation.predPrey.sizeRatio.alpha.sp3.stage1,0.000854255998022343,0.0420049699915599,0.0523159194615132,1000
sp8,170,predation.predPrey.sizeRatio.teta.sp4.stage1,-0.000327386463677423,0.0115814681541983,0.0153073281982086,1000
sp8,171,predation.predPrey.sizeRatio.alpha.sp4.stage1,-0.000238678011632835,0.0214150242681237,0.028086833914166,1000
sp8,172,predation.predPrey.sizeRatio.teta.sp5.stage1,-0.000428727424539361,0.0115083058022955,0.0152486311483301,1000
sp8,173,predation.predPrey.sizeRatio.teta.sp5.stage2,-0.00155158303260127,0.0215876601638993,0.0263376710718426,1000
sp8,174,predation.predPrey.sizeRatio.alpha.sp5.stage1,-0.000275440303095361,0.0118068061429708,0.0156001428415323,1000
sp8,175,predation.predPrey.sizeRatio.alpha.sp5.stage2,-0.000706685897904424,0.0168384436099105,0.0213273826615083,1000
sp8,176,predation.predPrey.sizeRatio.teta.sp6.stage1,-0.000625568907161379,0.0115301874416666,0.0151649739027381,1000
sp8,177,predation.predPrey.sizeRatio.alpha.sp6.stage1,0.000267372888463499,0.0121978065888453,0.0159703587414637,1000
sp8,178,predation.predPrey.sizeRatio.teta.sp7.stage1,-0.000124687516914657,0.01171190146604,0.0158095207914809,1000
sp8,179,predation.predPrey.sizeRatio.alpha.sp7.stage1,0.000473600836495717,0.0122690227075464,0.0165480018875499,1000
sp8,180,predation.predPrey.sizeRatio.teta.sp8.stage1,0.000234525449917306,0.0185572411303199,0.0230121727762209,1000
sp8,181,predation.predPrey.sizeRatio.alpha.sp8.stage1,-0.0035273954797496,0.34249290597205,0.357738467869283,1000
sp8,182,predation.predPrey.sizeRatio.teta.sp9.stage1,0.000433496616742342,0.0152531381467117,0.0205529274930692,1000
sp8,183,predation.predPrey.sizeRatio.alpha.sp9.stage1,0.000897899248236735,0.0129600848803183,0.0172317520116366,1000
sp8,184,predation.predPrey.sizeRatio.teta.sp10.stage1,3.78914358336355e-05,0.0115061080107567,0.0152155627359641,1000
sp8,185,predation.predPrey.sizeRatio.alpha.sp10.stage1,-0.000149830337981994,0.0117496532594449,0.0156309545409519,1000
sp8,186,predation.predPrey.sizeRatio.teta.sp11.stage1,-0.000105679495721644,0.0114843148731248,0.0156257987884509,1000
sp8,187,predation.predPrey.sizeRatio.alpha.sp11.stage1,-0.000722053206831399,0.0120311985185193,0.0162177328936071,1000
sp8,188,predation.predPrey.sizeRatio.teta.sp12.stage1,0.000115783480372052,0.0120163291175001,0.0162179002396033,1000
sp8,189,predation.predPrey.sizeRatio.alpha.sp12.stage1,-0.000293997059615354,0.0130380851588162,0.0174724091619041,1000
sp8,190,predation.predPrey.sizeRatio.teta.sp13.stage1,2.03806564703385e-05,0.0121885218769665,0.0160607448111679,1000
sp8,191,predation.predPrey.sizeRatio.alpha.sp13.stage1,0.00095733634430407,0.0223255814420017,0.0296554888876207,1000
sp8,192,predation.predPrey.sizeRatio.teta.sp14.stage1,-0.00071074011394986,0.0116618599032585,0.0155122492285487,1000
sp8,193,predation.predPrey.sizeRatio.alpha.sp14.stage1,0.000251290055107727,0.0163902768222849,0.021147183591461,1000
sp8,194,predation.predPrey.sizeRatio.teta.sp15.stage1,-0.000478223049088012,0.0114686574279119,0.0152189683983547,1000
sp8,195,predation.predPrey.sizeRatio.alpha.sp15.stage1,0.000180621959581772,0.0126049883894373,0.0170892988026804,1000
sp9,1,mortality.additional.rate.sp0,0.000858874350325784,0.0138369486082663,0.0186836027959211,1000
sp9,2,mortality.additional.rate.sp1,3.42198665145761e-05,0.0146987375814595,0.0204841899407864,1000
sp9,3,mortality.additional.rate.sp2,0.000637186280338157,0.0170560858269302,0.0222828209413259,1000
sp9,4,mortality.additional.rate.sp3,-0.00129046656870993,0.0164012612346021,0.021548031940336,1000
sp9,5,mortality.additional.rate.sp4,-0.000127721331494875,0.014088407629643,0.0189958065576105,1000
sp9,6,mortality.additional.rate.sp5,-0.000397263960356177,0.0158498103083375,0.0208993593513454,1000
sp9,7,mortality.additional.rate.sp6,-0.000540543946567811,0.0132453413098168,0.017607228724797,1000
sp9,8,mortality.additional.rate.sp7,0.000339176246400162,0.0134355323331315,0.0176111470806234,1000
sp9,9,mortality.additional.rate.sp8,0.00153474952101025,0.0141753433714108,0.0187834252213758,1000
sp9,10,mortality.additional.rate.sp9,-0.000125449137870939,0.0140479061942048,0.0193365840835449,1000
sp9,11,mortality.additional.rate.sp10,-0.000683284420453862,0.0133233208047225,0.0176025201655406,1000
sp9,12,mortality.additional.rate.sp11,-0.000358474536960436,0.0136367490951469,0.0180017888216093,1000
sp9,13,mortality.additional.rate.sp12,-0.000571805225476299,0.0138058744318704,0.0184570992654137,1000
sp9,14,mortality.additional.rate.sp13,0.00119844230651028,0.0139194093723079,0.0186462804542752,1000
sp9,15,mortality.additional.rate.sp14,0.00118371767248328,0.0135608470356261,0.0180456357961908,1000
sp9,16,mortality.additional.rate.sp15,-0.000105528201364636,0.0138903375619621,0.0188100991875308,1000
sp9,17,fisheries.rate.base.fsh0,-0.00133891823365519,0.0318002806842543,0.0387943688662382,1000
sp9,18,fisheries.rate.base.fsh1,0.00597800555111891,0.21052361378282,0.230138139614714,1000
sp9,19,fisheries.rate.base.fsh2,-0.000124221654606804,0.0132231233046486,0.0173819716148338,1000
sp9,20,fisheries.rate.base.fsh3,0.0013981491748958,0.0180578491407617,0.0230979442951973,1000
sp9,21,species.catchability.fsh0.sp0,-0.000875876987990027,0.0144649745041341,0.0190692000145811,1000
sp9,22,species.catchability.fsh0.sp1,-7.96569678929774e-05,0.0139951705404796,0.0183427479689261,1000
sp9,23,species.catchability.fsh0.sp2,0.000864912818554446,0.0141693708901107,0.018763913446883,1000
sp9,24,species.catchability.fsh0.sp3,-0.000190372135808792,0.017676852149548,0.0233264262615818,1000
sp9,25,species.catchability.fsh0.sp5,-0.000528240726973412,0.0146438938563747,0.0190419339439294,1000
sp9,26,species.catchability.fsh0.sp7,0.000762531148568891,0.0137435769325267,0.0183787506831822,1000
sp9,27,species.catchability.fsh0.sp8,0.000816427211471704,0.01315153622322,0.0172308044360043,1000
sp9,28,species.catchability.fsh0.sp9,0.000769465975351955,0.0204595332362302,0.026327100374708,1000
sp9,29,species.catchability.fsh0.sp10,-9.46538846150637e-05,0.0158265101264016,0.0210084768554863,1000
sp9,30,species.catchability.fsh0.sp13,-0.000405397487271503,0.0138207798233767,0.0186693331792986,1000
sp9,31,species.catchability.fsh0.sp14,-0.000301429168933289,0.0136265612358405,0.0183284466232049,1000
sp9,32,species.catchability.fsh0.sp15,-6.72322103321381e-05,0.0136815354377368,0.0183718837357081,1000
sp9,33,species.catchability.fsh1.sp9,0.00298732206250041,0.187305998588929,0.207020080934333,1000
sp9,34,species.catchability.fsh1.sp10,-0.000437490396761136,0.0181884981968201,0.0238351724395891,1000
sp9,35,species.catchability.fsh1.sp11,-0.000105762894729979,0.0139775615927199,0.018692539605538,1000
sp9,36,species.catchability.fsh1.sp12,-0.000376317683173327,0.0156328039701792,0.0204369473385917,1000
sp9,37,species.catchability.fsh2.sp0,-0.000599401386288166,0.0132256763062183,0.0177464031833257,1000
sp9,38,species.catchability.fsh2.sp5,0.000217956343326491,0.0133892800219603,0.018024674228249,1000
sp9,39,species.catchability.fsh2.sp7,0.000398895700752168,0.0145068320990836,0.0200773639491156,1000
sp9,40,species.catchability.fsh2.sp8,0.000918450149588818,0.0135816421049831,0.0181707890112377,1000
sp9,41,species.catchability.fsh3.sp0,0.000285107536879837,0.0130862609849632,0.0169839077293414,1000
sp9,42,species.catchability.fsh3.sp1,-0.000945975971048391,0.0135057443281211,0.0179471770563949,1000
sp9,43,species.catchability.fsh3.sp2,-4.47075411569492e-05,0.0137522851816443,0.0184321572359453,1000
sp9,44,species.catchability.fsh3.sp3,-0.00107596619435699,0.0134794132314931,0.0180265762590944,1000
sp9,45,species.catchability.fsh3.sp5,-0.0010133018068662,0.0139034019257591,0.0183817927977407,1000
sp9,46,species.catchability.fsh3.sp7,3.06716912572566e-05,0.013306753143465,0.017518646084735,1000
sp9,47,species.catchability.fsh3.sp8,1.76867447639025e-05,0.013801580384509,0.0184478201780455,1000
sp9,48,species.catchability.fsh3.sp9,0.000617613516762724,0.0161927100590749,0.0213422225379539,1000
sp9,49,species.catchability.fsh3.sp10,0.000534527899496686,0.0141286927704943,0.018583814065161,1000
sp9,50,species.catchability.fsh3.sp11,0.000375616334874562,0.0133576748492547,0.0176331081416494,1000
sp9,51,species.catchability.fsh3.sp12,-0.000365219088321669,0.0139923575502072,0.0186175531978842,1000
sp9,52,species.catchability.fsh3.sp13,-0.000735595820633412,0.0142201698867239,0.0193173143083167,1000
sp9,53,species.catchability.fsh3.sp14,-0.000486346320208052,0.0132113467666033,0.0172634155544717,1000
sp9,54,species.catchability.fsh3.sp15,0.000156048474663115,0.0138225716876375,0.018475069527871,1000
sp9,55,species.length2weight.condition.factor.sp0,0.000535287170766773,0.0145495784676229,0.0195521792110446,1000
sp9,56,species.length2weight.condition.factor.sp1,9.5416720562605e-05,0.0132022184926271,0.0173757001043452,1000
sp9,57,species.length2weight.condition.factor.sp2,-0.000885565779243282,0.0183327440097446,0.0244290655114796,1000
sp9,58,species.length2weight.condition.factor.sp3,-0.000473017227172303,0.0226668281790555,0.0304331385657092,1000
sp9,59,species.length2weight.condition.factor.sp4,0.0025168985272354,0.0260950974558393,0.0333988584806113,1000
sp9,60,species.length2weight.condition.factor.sp5,-3.1771041535919e-05,0.0139144564549897,0.0185107079283816,1000
sp9,61,species.length2weight.condition.factor.sp6,-0.000237295044396287,0.0142769061966713,0.0186915214547859,1000
sp9,62,species.length2weight.condition.factor.sp7,-8.70476341615649e-05,0.0135582655034215,0.0185144879047156,1000
sp9,63,species.length2weight.condition.factor.sp8,-0.000448552857067614,0.0140085487117617,0.0186201620619806,1000
sp9,64,species.length2weight.condition.factor.sp9,-0.000264264462105503,0.0218150177332377,0.028218280477492,1000
sp9,65,species.length2weight.condition.factor.sp10,-0.00119349559617235,0.0156816027161667,0.0206787073903869,1000
sp9,66,species.length2weight.condition.factor.sp11,0.000971382385054196,0.0140600983426703,0.0184459903114391,1000
sp9,67,species.length2weight.condition.factor.sp12,-0.000429828291358322,0.0143667124345307,0.0190020812407053,1000
sp9,68,species.length2weight.condition.factor.sp13,0.000497729368799236,0.0165038038340723,0.0219383212951251,1000
sp9,69,species.length2weight.condition.factor.sp14,-0.000316277784807815,0.0140388132617237,0.0188256611924321,1000
sp9,70,species.length2weight.condition.factor.sp15,-7.51318326243787e-05,0.0139195862513799,0.018514481871614,1000
sp9,71,species.k.sp0,-0.000285845115920547,0.020023054809649,0.028728056496099,1000
sp9,72,species.k.sp1,0.000156392886691614,0.0139253731454387,0.018640383182346,1000
sp9,73,species.k.sp2,-0.000363378598911816,0.0351339404314149,0.0455855423556343,1000
sp9,74,species.k.sp3,0.000358408471895836,0.0446915266952719,0.0625518299053264,1000
sp9,75,species.k.sp4,0.00231236534743109,0.0223621782985528,0.0309742481071652,1000
sp9,76,species.k.sp5,-0.00206762040761484,0.0169108511821037,0.0221853417348423,1000
sp9,77,species.k.sp6,-0.00061006802767836,0.0139139600252133,0.0185058104738134,1000
sp9,78,species.k.sp7,-0.00105855769362958,0.0137273307634941,0.0184560074329806,1000
sp9,79,species.k.sp8,0.00213836805254519,0.0143213608971869,0.0192035329008734,1000
sp9,80,species.k.sp9,0.00917710251465447,0.211747655536806,0.222577144012958,1000
sp9,81,species.k.sp10,-0.000271530078046296,0.0272903944647664,0.0355221357182276,1000
sp9,82,species.k.sp11,0.000131996409236692,0.0189295463228386,0.0240320883462356,1000
sp9,83,species.k.sp12,-0.000589961396417737,0.0139745384399021,0.0185308159964504,1000
sp9,84,species.k.sp13,0.00155207261414531,0.0993775264963081,0.124348687390775,1000
sp9,85,species.k.sp14,0.000134520438729801,0.0136088484979549,0.0178608967640482,1000
sp9,86,species.k.sp15,0.000759072051796123,0.0138095744176736,0.0186029393968236,1000
sp9,87,species.l0.sp0,0.00018896498665168,0.0144725068458118,0.0195826944495079,1000
sp9,88,species.l0.sp1,0.00038181043878671,0.013477125314431,0.0183219198807509,1000
sp9,89,species.l0.sp2,-2.59617028485219e-05,0.0343783598459322,0.0442286325630655,1000
sp9,90,species.l0.sp3,0.000874262032866428,0.0223321106569154,0.0297412898869105,1000
sp9,91,species.l0.sp4,-0.000845525429329478,0.0256608128260356,0.0359466899459835,1000
sp9,92,species.l0.sp5,0.000528185550844004,0.0139377478305122,0.018587533163521,1000
sp9,93,species.l0.sp6,0.000432682057492599,0.0139052738021238,0.0181599951670007,1000
sp9,94,species.l0.sp7,0.00105088966001371,0.0139917394364002,0.0193627296092215,1000
sp9,95,species.l0.sp8,0.00042973655547287,0.0129429187973984,0.0170241365722923,1000
sp9,96,species.l0.sp9,0.00361186623797456,0.0997259759717713,0.117058581533576,1000
sp9,97,species.l0.sp10,0.00167970904729432,0.0410197581852921,0.0523931286043066,1000
sp9,98,species.l0.sp11,-0.000437947139279877,0.0172406643159242,0.0223515428182548,1000
sp9,99,species.l0.sp12,0.000690812537632687,0.0137334983892495,0.0191591180232532,1000
sp9,100,species.l0.sp13,0.0004601948844725,0.0138795981400765,0.0181563366022224,1000
sp9,101,species.l0.sp14,8.05532236826793e-05,0.0132466976789336,0.0175261635710089,1000
sp9,102,species.l0.sp15,4.24561783237171e-05,0.0145381873024301,0.0193930828305925,1000
sp9,103,mortality.additional.larva.rate.sp0,-0.000362641303000034,0.0199000309691036,0.031494853539686,1000
sp9,104,mortality.additional.larva.rate.sp1,-0.000740060728386129,0.0135797284775494,0.0184745493366497,1000
sp9,105,mortality.additional.larva.rate.sp2,-0.000270210298704421,0.120547567570323,0.150269707109399,1000
sp9,106,mortality.additional.larva.rate.sp3,-5.27344254322386e-05,0.1106891324978,0.1611155475947,1000
sp9,107,mortality.additional.larva.rate.sp4,0.000519642340267275,0.0139825591284381,0.018908104965078,1000
sp9,108,mortality.additional.larva.rate.sp5,-0.000377248471460703,0.0134984405756872,0.0177595320328847,1000
sp9,109,mortality.additional.larva.rate.sp6,0.000251656596327544,0.0141786254633682,0.0189826144756199,1000
sp9,110,mortality.additional.larva.rate.sp9,-0.0020130585785917,0.0972775158770631,0.120343264633552,1000
sp9,111,mortality.additional.larva.rate.sp10,0.000380902604151839,0.0667418644121393,0.0856719632624653,1000
sp9,112,mortality.additional.larva.rate.sp11,0.000123517219261412,0.0138989820038225,0.0188125813246103,1000
sp9,113,mortality.additional.larva.rate.sp12,0.000279071560259957,0.0228990026837748,0.0294261718487889,1000
sp9,114,mortality.additional.larva.rate.sp13,7.35120039933161e-05,0.0138402863941213,0.0187307884455214,1000
sp9,115,mortality.additional.larva.rate.sp14,0.00105232918021712,0.0142919395141091,0.0193341433130198,1000
sp9,116,mortality.additional.larva.rate.sp15,-0.000167170294246904,0.0143061830867606,0.0190565450228599,1000
sp9,117,mortality.additional.larva.rate.mean.sp7,-0.000143808209549685,0.0144121875281684,0.020239189191872,1000
sp9,118,mortality.additional.larva.rate.mean.sp8,-0.00011222191022458,0.0138901867077514,0.0182575634502089,1000
sp9,119,species.linf.sp0,-0.000209363101458833,0.0208113335277215,0.0304317047378398,1000
sp9,120,species.linf.sp1,-0.000468517755428268,0.0137602392454317,0.0181928356348643,1000
sp9,121,species.linf.sp2,0.000824429185459528,0.0939070951435316,0.120028804329684,1000
sp9,122,species.linf.sp3,-0.0010337353296287,0.106863984719727,0.150824262859405,1000
sp9,123,species.linf.sp4,-0.00204961104842623,0.0396216687089683,0.058361487163247,1000
sp9,124,species.linf.sp5,0.0017639040140543,0.0349181641115928,0.0411888111221434,1000
sp9,125,species.linf.sp6,-0.000401927016307839,0.0163855684391476,0.0216486747477004,1000
sp9,126,species.linf.sp7,-7.64152063517868e-05,0.0143606447489451,0.0192568992613463,1000
sp9,127,species.linf.sp8,2.43181222451521e-05,0.0144855428791632,0.0194090311050373,1000
sp9,128,species.linf.sp9,-0.007113065212813,0.569083515893279,0.593700432001949,1000
sp9,129,species.linf.sp10,-0.00176622116737241,0.0779079283347587,0.0975845086117936,1000
sp9,130,species.linf.sp11,0.000341625721966967,0.0204394978982737,0.0267360584363167,1000
sp9,131,species.linf.sp12,0.00100024054328555,0.0435910209254776,0.0533244946709556,1000
sp9,132,species.linf.sp13,-0.00114029944990439,0.0997069598513555,0.12093269733976,1000
sp9,133,species.linf.sp14,0.000165740502133301,0.0143555355343356,0.0189992178773963,1000
sp9,134,species.linf.sp15,-3.19130729284363e-05,0.0148006782840836,0.0191899259974616,1000
sp9,135,species.accessibility2fish.sp16,-0.000893070270223824,0.0138924048382724,0.0189480645982602,1000
sp9,136,species.accessibility2fish.sp17,0.000202227139583888,0.0138822953488027,0.0181989561735212,1000
sp9,137,species.accessibility2fish.sp18,-0.000492217644439051,0.0139797282852984,0.0185598222272582,1000
sp9,138,species.accessibility2fish.sp19,0.000431294326105836,0.0141538439248103,0.0190394511309574,1000
sp9,139,species.accessibility2fish.sp20,0.000177881718062223,0.013513134133319,0.0176847933566796,1000
sp9,140,species.accessibility2fish.sp21,-0.000556232411708433,0.0666739454463008,0.116013731589387,1000
sp9,141,species.accessibility2fish.sp22,0.000821622018062756,0.0138399557675023,0.0191655809801302,1000
sp9,142,species.accessibility2fish.sp23,-0.000504279156880953,0.0141291297515383,0.0188653276618368,1000
sp9,143,species.accessibility2fish.sp24,-0.000917705951089489,0.0171477316242826,0.0224600117949022,1000
sp9,144,species.accessibility2fish.sp25,0.000110587760354811,0.0138146322972442,0.0182005637911953,1000
sp9,145,species.accessibility2fish.sp26,0.000144150181590342,0.0141360991305702,0.0187459223684573,1000
sp9,146,species.maturity.size.ratio.sp0,0.000677568863455325,0.0194034628842561,0.0288020812956356,1000
sp9,147,species.maturity.size.ratio.sp1,0.000235328172618348,0.0139691871038784,0.0190046660266872,1000
sp9,148,species.maturity.size.ratio.sp2,3.62171700922033e-05,0.0150486880514959,0.0206110104719226,1000
sp9,149,species.maturity.size.ratio.sp3,0.00157593418266045,0.0157967504570363,0.021546031712754,1000
sp9,150,species.maturity.size.ratio.sp4,0.00175503299805408,0.0284261775748305,0.0352790057404003,1000
sp9,151,species.maturity.size.ratio.sp5,-0.000383023274002196,0.0137278440581135,0.0188301499344718,1000
sp9,152,species.maturity.size.ratio.sp6,0.000381056120584799,0.0152738728040501,0.020276656945151,1000
sp9,153,species.maturity.size.ratio.sp7,0.000753537115093234,0.0141101736894802,0.0186399229248857,1000
sp9,154,species.maturity.size.ratio.sp8,0.0010355411426773,0.0142700241682726,0.0187429578830182,1000
sp9,155,species.maturity.size.ratio.sp9,0.000800499926149334,0.0174389075092843,0.02281043954231,1000
sp9,156,species.maturity.size.ratio.sp10,0.0005701189825372,0.0222233924777692,0.0301737233329728,1000
sp9,157,species.maturity.size.ratio.sp11,-0.00118572197665429,0.0361579319715583,0.0431767684286603,1000
sp9,158,species.maturity.size.ratio.sp12,-0.000412881233743429,0.0148210938263359,0.0199421856130371,1000
sp9,159,species.maturity.size.ratio.sp13,-0.000500317301504556,0.0972163836782908,0.132102292139553,1000
sp9,160,species.maturity.size.ratio.sp14,4.62438533463872e-05,0.0140619329440939,0.0189731384439778,1000
sp9,161,species.maturity.size.ratio.sp15,0.000327449755814257,0.0143103385072845,0.0190631369711267,1000
sp9,162,predation.predPrey.sizeRatio.teta.sp0.stage1,-1.94916396150054e-05,0.0131962655666399,0.0178160587751697,1000
sp9,163,predation.predPrey.sizeRatio.alpha.sp0.stage1,0.000503801436656816,0.0155696251700233,0.020454958676608,1000
sp9,164,predation.predPrey.sizeRatio.teta.sp1.stage1,-0.000694371759214059,0.0137671340926594,0.0185338070763763,1000
sp9,165,predation.predPrey.sizeRatio.alpha.sp1.stage1,-0.000608976167561158,0.013830892925195,0.0183578393415312,1000
sp9,166,predation.predPrey.sizeRatio.teta.sp2.stage1,-0.000413680266798716,0.0145471826236321,0.0194877889016762,1000
sp9,167,predation.predPrey.sizeRatio.alpha.sp2.stage1,-0.000955479351767119,0.0233943603471172,0.0320434366168253,1000
sp9,168,predation.predPrey.sizeRatio.teta.sp3.stage1,0.00116292161967954,0.0152216478984931,0.0204871712828873,1000
sp9,169,predation.predPrey.sizeRatio.alpha.sp3.stage1,-0.000536306796286703,0.0293906845369423,0.0389106977512892,1000
sp9,170,predation.predPrey.sizeRatio.teta.sp4.stage1,-0.000189452446206266,0.0154283181027357,0.0201169625672771,1000
sp9,171,predation.predPrey.sizeRatio.alpha.sp4.stage1,0.00317917966354705,0.0326368117243711,0.0458675962567747,1000
sp9,172,predation.predPrey.sizeRatio.teta.sp5.stage1,-0.00078053262525038,0.0142043502594972,0.0191685680096352,1000
sp9,173,predation.predPrey.sizeRatio.teta.sp5.stage2,-0.00103421205310776,0.0207474567273373,0.0264763556409987,1000
sp9,174,predation.predPrey.sizeRatio.alpha.sp5.stage1,-0.000128426573973015,0.0142633673782754,0.0190237239164351,1000
sp9,175,predation.predPrey.sizeRatio.alpha.sp5.stage2,-0.00124278549889836,0.0165290944275645,0.0212985641504031,1000
sp9,176,predation.predPrey.sizeRatio.teta.sp6.stage1,0.000317164303625771,0.0137254826912224,0.0182582859121695,1000
sp9,177,predation.predPrey.sizeRatio.alpha.sp6.stage1,-0.000913008868987789,0.0135965036672633,0.0182803039413943,1000
sp9,178,predation.predPrey.sizeRatio.teta.sp7.stage1,-0.000140896231209048,0.0134736717936807,0.0182180085073237,1000
sp9,179,predation.predPrey.sizeRatio.alpha.sp7.stage1,0.000411804239424406,0.0139820322370856,0.0183252344788648,1000
sp9,180,predation.predPrey.sizeRatio.teta.sp8.stage1,-0.000757806784970136,0.0140162576509408,0.0188871123426894,1000
sp9,181,predation.predPrey.sizeRatio.alpha.sp8.stage1,-0.000158151095345215,0.0148827507515034,0.0196272256209297,1000
sp9,182,predation.predPrey.sizeRatio.teta.sp9.stage1,-0.00094295326859626,0.0167769493691337,0.022318014090532,1000
sp9,183,predation.predPrey.sizeRatio.alpha.sp9.stage1,0.00678037955793114,0.211809925850531,0.235008518261037,1000
sp9,184,predation.predPrey.sizeRatio.teta.sp10.stage1,0.000326601041144459,0.0141527991265552,0.019112074095167,1000
sp9,185,predation.predPrey.sizeRatio.alpha.sp10.stage1,-0.000113902996333666,0.0177790479238382,0.0249039575546841,1000
sp9,186,predation.predPrey.sizeRatio.teta.sp11.stage1,-0.00144206646128,0.0143932911787199,0.0191848126865631,1000
sp9,187,predation.predPrey.sizeRatio.alpha.sp11.stage1,-0.000512659949996511,0.0161106795131684,0.0208263914579091,1000
sp9,188,predation.predPrey.sizeRatio.teta.sp12.stage1,0.000175507813105612,0.0239051472043976,0.0300483927335139,1000
sp9,189,predation.predPrey.sizeRatio.alpha.sp12.stage1,0.000786140563513538,0.0243967369519652,0.0306072603646872,1000
sp9,190,predation.predPrey.sizeRatio.teta.sp13.stage1,-0.00012352335950212,0.0138738795855669,0.018940664143958,1000
sp9,191,predation.predPrey.sizeRatio.alpha.sp13.stage1,-0.00549025043678808,0.079204085751609,0.0943921410322956,1000
sp9,192,predation.predPrey.sizeRatio.teta.sp14.stage1,-0.000218441060180874,0.0138035744221037,0.0182244787678054,1000
sp9,193,predation.predPrey.sizeRatio.alpha.sp14.stage1,-0.00137868389819779,0.0139531956959214,0.018636442263469,1000
sp9,194,predation.predPrey.sizeRatio.teta.sp15.stage1,0.00108726095096176,0.0138479001288934,0.0187460198442516,1000
sp9,195,predation.predPrey.sizeRatio.alpha.sp15.stage1,-0.000167529568431309,0.0145874027599502,0.0189313643652553,1000
sp10,1,mortality.additional.rate.sp0,0.00210174717711279,0.0386595428325209,0.0561874585193751,1000
sp10,2,mortality.additional.rate.sp1,-0.000795684617924744,0.0404661943111158,0.0589729777592641,1000
sp10,3,mortality.additional.rate.sp2,-0.00128908171329145,0.0404303557325447,0.0600072034434168,1000
sp10,4,mortality.additional.rate.sp3,0.00226734478933304,0.0431703120546222,0.064029378437545,1000
sp10,5,mortality.additional.rate.sp4,-0.00178032819837343,0.0386548158876945,0.0567520521811112,1000
sp10,6,mortality.additional.rate.sp5,0.00224604026381268,0.042394807571232,0.0610886425944986,1000
sp10,7,mortality.additional.rate.sp6,0.00420935322906337,0.0396144637437613,0.0583223939066178,1000
sp10,8,mortality.additional.rate.sp7,0.00332622767065941,0.0376391325082635,0.0555032647883613,1000
sp10,9,mortality.additional.rate.sp8,-0.000620537267947752,0.0389922584581345,0.0577567002448239,1000
sp10,10,mortality.additional.rate.sp9,0.000459048936622879,0.0401362905522229,0.0605158242315028,1000
sp10,11,mortality.additional.rate.sp10,-0.00397973047857992,0.0409340797628208,0.0613935222875513,1000
sp10,12,mortality.additional.rate.sp11,8.28399664660591e-05,0.0385679774376177,0.0571942260818861,1000
sp10,13,mortality.additional.rate.sp12,-0.00227533775722454,0.0397979477596153,0.0603831270198085,1000
sp10,14,mortality.additional.rate.sp13,-0.00377371981174357,0.0429215151250882,0.0619700661766381,1000
sp10,15,mortality.additional.rate.sp14,-0.00129600604584623,0.0390391186283981,0.0579422605736205,1000
sp10,16,mortality.additional.rate.sp15,0.000304561142468544,0.0397229757577421,0.0574994347337407,1000
sp10,17,fisheries.rate.base.fsh0,0.00605801238980127,0.0652281824363633,0.0891090430952372,1000
sp10,18,fisheries.rate.base.fsh1,0.00295224231577398,0.10586716540449,0.15769563983779,1000
sp10,19,fisheries.rate.base.fsh2,-0.00102725553803144,0.0399854999313744,0.0598929469418534,1000
sp10,20,fisheries.rate.base.fsh3,0.00114792401961333,0.0409824513598454,0.0595863456955322,1000
sp10,21,species.catchability.fsh0.sp0,0.00392763001805715,0.0409475557711631,0.060611028341453,1000
sp10,22,species.catchability.fsh0.sp1,-0.000700281190456866,0.0399192593734101,0.0586510074220304,1000
sp10,23,species.catchability.fsh0.sp2,-0.00245477067056496,0.0411358598341252,0.061634522250477,1000
sp10,24,species.catchability.fsh0.sp3,0.000605313020814336,0.0430250474753308,0.0642609559545455,1000
sp10,25,species.catchability.fsh0.sp5,-0.00137886472154733,0.039372681442479,0.0585389291579677,1000
sp10,26,species.catchability.fsh0.sp7,-0.00241750915575765,0.038392487784798,0.0574992335565653,1000
sp10,27,species.catchability.fsh0.sp8,0.000161093589575959,0.038366872835597,0.0576823299083528,1000
sp10,28,species.catchability.fsh0.sp9,0.00022902751304756,0.0384635248283441,0.0539283414579675,1000
sp10,29,species.catchability.fsh0.sp10,-0.00420423584043891,0.0739726902945988,0.0965945644296644,1000
sp10,30,species.catchability.fsh0.sp13,0.00407118603675709,0.0382889589598426,0.0564320410410578,1000
sp10,31,species.catchability.fsh0.sp14,0.0024857450903924,0.0417874617255912,0.0616762694893204,1000
sp10,32,species.catchability.fsh0.sp15,0.00130962264234945,0.0417040293168757,0.0618453108161748,1000
sp10,33,species.catchability.fsh1.sp9,-0.00126430705055166,0.042516323379481,0.0617801118318241,1000
sp10,34,species.catchability.fsh1.sp10,0.000747875012056198,0.096526978796706,0.127285813115245,1000
sp10,35,species.catchability.fsh1.sp11,-0.00182209063138922,0.0408533853079195,0.0600062357715583,1000
sp10,36,species.catchability.fsh1.sp12,0.000140697882259389,0.0419398884019736,0.0638888257991781,1000
sp10,37,species.catchability.fsh2.sp0,0.000127648167620765,0.0402353840254713,0.0590260671232854,1000
sp10,38,species.catchability.fsh2.sp5,0.00155590400289811,0.0399724031385142,0.0590196889816834,1000
sp10,39,species.catchability.fsh2.sp7,0.000312599226724376,0.0393593593407168,0.0583250586341635,1000
sp10,40,species.catchability.fsh2.sp8,0.00110471714312295,0.0417849047771931,0.0608648636026742,1000
sp10,41,species.catchability.fsh3.sp0,0.0010296289197324,0.0384039060390587,0.0572965722140654,1000
sp10,42,species.catchability.fsh3.sp1,0.00174613683975396,0.0400762899481127,0.0584252535484596,1000
sp10,43,species.catchability.fsh3.sp2,0.000837002371917455,0.0406363180398558,0.0606392483993547,1000
sp10,44,species.catchability.fsh3.sp3,0.000838352858401734,0.0427876040296586,0.0628426630657343,1000
sp10,45,species.catchability.fsh3.sp5,0.000365848814630789,0.0395544808828282,0.0594411068227852,1000
sp10,46,species.catchability.fsh3.sp7,0.00101762361199918,0.0382960017707041,0.0574864653737114,1000
sp10,47,species.catchability.fsh3.sp8,-0.00114538649542709,0.0390568350568615,0.058067439250705,1000
sp10,48,species.catchability.fsh3.sp9,-0.000786682439350374,0.0384160474390073,0.05644991957869,1000
sp10,49,species.catchability.fsh3.sp10,-0.00219594249792708,0.0427851224106713,0.062370313182394,1000
sp10,50,species.catchability.fsh3.sp11,-0.00189420680344683,0.0395560491010853,0.0594496264879697,1000
sp10,51,species.catchability.fsh3.sp12,0.00117636652502391,0.0415421088774814,0.0611523167561093,1000
sp10,52,species.catchability.fsh3.sp13,0.0017228396473056,0.0390780708030251,0.0570084660679178,1000
sp10,53,species.catchability.fsh3.sp14,0.00227960827420237,0.0376972559649271,0.056227766527648,1000
sp10,54,species.catchability.fsh3.sp15,-0.0028841800966243,0.0395229944470772,0.0585791957208891,1000
sp10,55,species.length2weight.condition.factor.sp0,-0.000776765384155938,0.0417774054132133,0.0625092911948096,1000
sp10,56,species.length2weight.condition.factor.sp1,0.00183325887788671,0.0414907241923056,0.061044603155523,1000
sp10,57,species.length2weight.condition.factor.sp2,-0.00327512643748458,0.0479323464678527,0.0713463324267884,1000
sp10,58,species.length2weight.condition.factor.sp3,-0.00205774197900335,0.048740923656807,0.0741906770765417,1000
sp10,59,species.length2weight.condition.factor.sp4,-0.000447537503472107,0.0474418608852873,0.0719325486547766,1000
sp10,60,species.length2weight.condition.factor.sp5,-0.00238430667725728,0.0400803068848982,0.0588488381950022,1000
sp10,61,species.length2weight.condition.factor.sp6,0.00253522262528833,0.0404132150457038,0.0600443745066086,1000
sp10,62,species.length2weight.condition.factor.sp7,-0.00242548860764395,0.0381417747262576,0.0560694335337134,1000
sp10,63,species.length2weight.condition.factor.sp8,0.000375781792413315,0.0409272768336421,0.0591814023249741,1000
sp10,64,species.length2weight.condition.factor.sp9,0.00139006193948345,0.0500433718057241,0.0718990080868917,1000
sp10,65,species.length2weight.condition.factor.sp10,0.00586537527493486,0.112630179609362,0.151717022414779,1000
sp10,66,species.length2weight.condition.factor.sp11,0.000833259285285495,0.0410203005894648,0.0590245826937659,1000
sp10,67,species.length2weight.condition.factor.sp12,-0.00213021904611613,0.0406653818427333,0.0596730465226972,1000
sp10,68,species.length2weight.condition.factor.sp13,-0.000175543466789801,0.0391726548579944,0.0580521133170912,1000
sp10,69,species.length2weight.condition.factor.sp14,0.00208572806427911,0.0397209801448348,0.0582285477372694,1000
sp10,70,species.length2weight.condition.factor.sp15,0.00210866190875965,0.0400391002985111,0.059149788074121,1000
sp10,71,species.k.sp0,0.000619741518265712,0.0540531638671292,0.0904470529155172,1000
sp10,72,species.k.sp1,0.0015056313644019,0.0404814934893543,0.0582600668276607,1000
sp10,73,species.k.sp2,0.00195928142771413,0.0799792152634542,0.122543404868002,1000
sp10,74,species.k.sp3,-0.00173096043293934,0.0707455563758402,0.118628934873849,1000
sp10,75,species.k.sp4,-0.00291372156738913,0.0536863962277355,0.0800410606305317,1000
sp10,76,species.k.sp5,-0.000378719612733897,0.0406564033795241,0.0600599583225284,1000
sp10,77,species.k.sp6,0.00096051587430944,0.0391645732344891,0.0584261756407683,1000
sp10,78,species.k.sp7,0.00435912233732718,0.0404425525855136,0.0598286640052964,1000
sp10,79,species.k.sp8,-0.00347587013665321,0.0391329824521968,0.0563482436008512,1000
sp10,80,species.k.sp9,-0.0106446166933736,0.182187403084555,0.231077273082385,1000
sp10,81,species.k.sp10,0.019859371942298,0.410622902495888,0.500486253789515,1000
sp10,82,species.k.sp11,0.000341921963104868,0.0657587899706426,0.0925251424660899,1000
sp10,83,species.k.sp12,-0.001285960387101,0.0394168232838724,0.059882989480674,1000
sp10,84,species.k.sp13,0.0057587808467941,0.146335673674493,0.233111266043259,1000
sp10,85,species.k.sp14,-0.00142644749854229,0.0391410355786462,0.0577634540320761,1000
sp10,86,species.k.sp15,-0.000842588298600928,0.038918680020715,0.0576348204442677,1000
sp10,87,species.l0.sp0,-0.00115958959059617,0.0415598172312321,0.0620076277123841,1000
sp10,88,species.l0.sp1,0.000225685881921808,0.0426600581467495,0.0647120785824213,1000
sp10,89,species.l0.sp2,-0.00550534238429882,0.0812149528143126,0.122802528903315,1000
sp10,90,species.l0.sp3,0.000905976321160861,0.043722790784505,0.0668789268125758,1000
sp10,91,species.l0.sp4,0.00332668605367771,0.0519613712531972,0.0772167276462741,1000
sp10,92,species.l0.sp5,0.000341903501147788,0.038045548235019,0.0564615242541492,1000
sp10,93,species.l0.sp6,0.00173185241445567,0.0414293435779251,0.0609776670026547,1000
sp10,94,species.l0.sp7,-0.000960359826562931,0.0375669696759049,0.0543868517404312,1000
sp10,95,species.l0.sp8,0.00114113495695889,0.0385490882354045,0.0568119063282906,1000
sp10,96,species.l0.sp9,-0.000352849924160381,0.134772310972432,0.183382504568578,1000
sp10,97,species.l0.sp10,0.00729303775354699,0.602405611469607,0.739348800069668,1000
sp10,98,species.l0.sp11,-0.00199835178355174,0.0479026130302805,0.0683570247406084,1000
sp10,99,species.l0.sp12,0.000599205563293515,0.0431488769771582,0.0626320294792489,1000
sp10,100,species.l0.sp13,0.00130570857300312,0.0368734312690009,0.0538493732131852,1000
sp10,101,species.l0.sp14,-0.000304663046420376,0.0393833059237485,0.0585116024003603,1000
sp10,102,species.l0.sp15,0.00257272353433067,0.0402738578118548,0.0595584017252495,1000
sp10,103,mortality.additional.larva.rate.sp0,0.00334027237117218,0.0611079654054156,0.0996498322927519,1000
sp10,104,mortality.additional.larva.rate.sp1,-0.000407556662966637,0.042501576733074,0.0627304514888142,1000
sp10,105,mortality.additional.larva.rate.sp2,0.0049860288586489,0.250030767523402,0.373111201879858,1000
sp10,106,mortality.additional.larva.rate.sp3,0.0196514671714127,0.156228497786442,0.266518094979469,1000
sp10,107,mortality.additional.larva.rate.sp4,-0.00406565917402978,0.0391673574518241,0.058642105921366,1000
sp10,108,mortality.additional.larva.rate.sp5,-0.00113251901418742,0.0406550417394785,0.060478053399165,1000
sp10,109,mortality.additional.larva.rate.sp6,0.00201313924746342,0.0392515589584251,0.0598287620585166,1000
sp10,110,mortality.additional.larva.rate.sp9,0.0114824025375673,0.226659489594879,0.30891613829199,1000
sp10,111,mortality.additional.larva.rate.sp10,-0.00858708912956559,0.82365251746538,0.989987698088269,1000
sp10,112,mortality.additional.larva.rate.sp11,0.00373065733296915,0.0416068678416736,0.0617413434439863,1000
sp10,113,mortality.additional.larva.rate.sp12,0.00419004955395731,0.0704439018730225,0.10350103566536,1000
sp10,114,mortality.additional.larva.rate.sp13,0.00107002895885565,0.0406805596644095,0.0603869038868693,1000
sp10,115,mortality.additional.larva.rate.sp14,0.00198576748291971,0.0391109305699898,0.0596041116709308,1000
sp10,116,mortality.additional.larva.rate.sp15,-0.000458341362022357,0.0400841216897972,0.059225323632571,1000
sp10,117,mortality.additional.larva.rate.mean.sp7,0.000931573222160266,0.0387861261575196,0.0568465414817794,1000
sp10,118,mortality.additional.larva.rate.mean.sp8,0.000825531210855518,0.0392640475573683,0.0571910905583547,1000
sp10,119,species.linf.sp0,-0.00551871649319864,0.0617837168206347,0.108861945637389,1000
sp10,120,species.linf.sp1,-0.00240172725004758,0.048642589922377,0.0725016226062269,1000
sp10,121,species.linf.sp2,0.00849250950056448,0.218285033257146,0.329664578682215,1000
sp10,122,species.linf.sp3,-0.00315762516389828,0.141375736500237,0.227953367969253,1000
sp10,123,species.linf.sp4,-0.00523750239051982,0.109983728179376,0.156948156299138,1000
sp10,124,species.linf.sp5,0.000299350174956794,0.0678637728797226,0.0934664637955463,1000
sp10,125,species.linf.sp6,0.00192796871181156,0.0412437732247173,0.0602663965286251,1000
sp10,126,species.linf.sp7,-0.00119341256609044,0.0406388558463885,0.0594508939414834,1000
sp10,127,species.linf.sp8,-0.00173277810497704,0.0392829271891772,0.0575955119892068,1000
sp10,128,species.linf.sp9,0.0103300316610757,0.484066098889757,0.595772026092524,1000
sp10,129,species.linf.sp10,0.0341844434928939,1.50539527569972,1.72211397941543,1000
sp10,130,species.linf.sp11,0.000725575076795844,0.0725394727028938,0.103514795706222,1000
sp10,131,species.linf.sp12,0.010094390592401,0.106286522673761,0.159608144573989,1000
sp10,132,species.linf.sp13,-0.000926108049396888,0.0962244824824122,0.148313663508074,1000
sp10,133,species.linf.sp14,-0.00178152599139885,0.0389658943735088,0.0553680788884898,1000
sp10,134,species.linf.sp15,-0.00135092680685646,0.0418298220822768,0.0629589723249657,1000
sp10,135,species.accessibility2fish.sp16,0.00219690871010613,0.0386521492474943,0.0565099967936543,1000
sp10,136,species.accessibility2fish.sp17,0.00099545420512263,0.0397379536463001,0.0607377846671841,1000
sp10,137,species.accessibility2fish.sp18,0.00012040938032733,0.0403448644794546,0.0612616148010425,1000
sp10,138,species.accessibility2fish.sp19,-0.00133848630752609,0.0415760154200156,0.0632223359571336,1000
sp10,139,species.accessibility2fish.sp20,-0.000105921089721327,0.039486792026253,0.0588554043130014,1000
sp10,140,species.accessibility2fish.sp21,0.00500899649629609,0.112452327055525,0.217770976982566,1000
sp10,141,species.accessibility2fish.sp22,-0.0011719216898185,0.0373198798007589,0.0548860173821706,1000
sp10,142,species.accessibility2fish.sp23,0.000409843999338451,0.0399925174191919,0.0589874445189435,1000
sp10,143,species.accessibility2fish.sp24,0.0020269001941341,0.0471875949966216,0.0702563121706672,1000
sp10,144,species.accessibility2fish.sp25,-0.000219623850317608,0.0368086884704856,0.0542934233341157,1000
sp10,145,species.accessibility2fish.sp26,-0.00149745512664322,0.0379958329780721,0.0564902199038972,1000
sp10,146,species.maturity.size.ratio.sp0,0.00133168602053678,0.0594742719379898,0.101318742233791,1000
sp10,147,species.maturity.size.ratio.sp1,-0.000378104660656246,0.0397198292143377,0.0578275728855734,1000
sp10,148,species.maturity.size.ratio.sp2,0.00264376151532568,0.0427513138992397,0.0625558565333585,1000
sp10,149,species.maturity.size.ratio.sp3,0.00233891508565984,0.0413400680251364,0.0622661179345283,1000
sp10,150,species.maturity.size.ratio.sp4,0.00226677936275154,0.0520679220800373,0.081637669218158,1000
sp10,151,species.maturity.size.ratio.sp5,-0.00145873393268956,0.0381256126755964,0.0568251080013874,1000
sp10,152,species.maturity.size.ratio.sp6,0.00126318745026232,0.0394166263404237,0.0580708616944069,1000
sp10,153,species.maturity.size.ratio.sp7,0.00145555813130132,0.0364611940311719,0.0542486852777415,1000
sp10,154,species.maturity.size.ratio.sp8,-0.00334938467117016,0.0395164298414761,0.0566073747760552,1000
sp10,155,species.maturity.size.ratio.sp9,0.000936315394645289,0.0436745733204357,0.064396984922011,1000
sp10,156,species.maturity.size.ratio.sp10,-0.00437167922291865,0.151006876556358,0.211888893778284,1000
sp10,157,species.maturity.size.ratio.sp11,-0.0100805843862765,0.126133483851697,0.166421202087821,1000
sp10,158,species.maturity.size.ratio.sp12,0.000645123232288928,0.0442577020054371,0.0661003564813631,1000
sp10,159,species.maturity.size.ratio.sp13,-0.00456534500975527,0.199941483252825,0.309918966804217,1000
sp10,160,species.maturity.size.ratio.sp14,0.00226074611162081,0.0398751003700892,0.0590403476506468,1000
sp10,161,species.maturity.size.ratio.sp15,-0.000257977325757746,0.0409224053679551,0.0612033735497875,1000
sp10,162,predation.predPrey.sizeRatio.teta.sp0.stage1,-0.00152066596227729,0.0382410970456284,0.0570717432350971,1000
sp10,163,predation.predPrey.sizeRatio.alpha.sp0.stage1,-0.00319047754807025,0.044314642471531,0.0644516655947336,1000
sp10,164,predation.predPrey.sizeRatio.teta.sp1.stage1,-0.000601981771908483,0.0417873452935104,0.061810244646736,1000
sp10,165,predation.predPrey.sizeRatio.alpha.sp1.stage1,-0.00277900882440714,0.0409649648707319,0.0623549644458626,1000
sp10,166,predation.predPrey.sizeRatio.teta.sp2.stage1,0.000725494732469204,0.0422897538303076,0.0642160851426681,1000
sp10,167,predation.predPrey.sizeRatio.alpha.sp2.stage1,-0.000842474611968435,0.0572090280717117,0.0913293363668984,1000
sp10,168,predation.predPrey.sizeRatio.teta.sp3.stage1,-0.00479652983740298,0.0423113741096291,0.0620005113968407,1000
sp10,169,predation.predPrey.sizeRatio.alpha.sp3.stage1,-0.00296868460399342,0.0864441535718079,0.12851522927666,1000
sp10,170,predation.predPrey.sizeRatio.teta.sp4.stage1,0.00148151267281527,0.0416112544273213,0.0607110349646217,1000
sp10,171,predation.predPrey.sizeRatio.alpha.sp4.stage1,0.00504974698435609,0.0585016423363481,0.0948165261954985,1000
sp10,172,predation.predPrey.sizeRatio.teta.sp5.stage1,0.000325184949886394,0.0399039327711215,0.0584488342657135,1000
sp10,173,predation.predPrey.sizeRatio.teta.sp5.stage2,-0.00183453124859514,0.055247108979648,0.0773887669106727,1000
sp10,174,predation.predPrey.sizeRatio.alpha.sp5.stage1,-0.00135247584334934,0.0415585061367262,0.0609128419076588,1000
sp10,175,predation.predPrey.sizeRatio.alpha.sp5.stage2,-0.0022418841468299,0.0441807875977468,0.0644184800981785,1000
sp10,176,predation.predPrey.sizeRatio.teta.sp6.stage1,0.00217204683969953,0.0421252461056879,0.0621936198333632,1000
sp10,177,predation.predPrey.sizeRatio.alpha.sp6.stage1,0.00264988244674402,0.0403302087972035,0.0602735982902993,1000
sp10,178,predation.predPrey.sizeRatio.teta.sp7.stage1,0.000644498778783538,0.0379462422843823,0.0558270346785741,1000
sp10,179,predation.predPrey.sizeRatio.alpha.sp7.stage1,0.000680507066857265,0.0377771502225174,0.0567536585969165,1000
sp10,180,predation.predPrey.sizeRatio.teta.sp8.stage1,-0.000817282162405624,0.0399605664446264,0.0588811329243731,1000
sp10,181,predation.predPrey.sizeRatio.alpha.sp8.stage1,0.000381025616294765,0.0391404916288995,0.0584677157861282,1000
sp10,182,predation.predPrey.sizeRatio.teta.sp9.stage1,-5.27450027910575e-05,0.0416299874592077,0.0613455715092318,1000
sp10,183,predation.predPrey.sizeRatio.alpha.sp9.stage1,-0.00910305954661072,0.162109801772917,0.206115979896372,1000
sp10,184,predation.predPrey.sizeRatio.teta.sp10.stage1,-0.000829143641159264,0.0426573375594317,0.0640571251259199,1000
sp10,185,predation.predPrey.sizeRatio.alpha.sp10.stage1,-0.00436507543231357,0.33016629447286,0.448508677636765,1000
sp10,186,predation.predPrey.sizeRatio.teta.sp11.stage1,-0.000806133852747735,0.0382957421777512,0.0581865681263584,1000
sp10,187,predation.predPrey.sizeRatio.alpha.sp11.stage1,-0.00216411551213244,0.0436207063723806,0.0625151904499481,1000
sp10,188,predation.predPrey.sizeRatio.teta.sp12.stage1,-0.00245189492980404,0.0538587238875196,0.0798021437498912,1000
sp10,189,predation.predPrey.sizeRatio.alpha.sp12.stage1,0.000457232250846683,0.0705677952860452,0.100203193044004,1000
sp10,190,predation.predPrey.sizeRatio.teta.sp13.stage1,0.000355720894103967,0.0391434076948191,0.0568709108027938,1000
sp10,191,predation.predPrey.sizeRatio.alpha.sp13.stage1,-0.0040240441103841,0.0658143789820383,0.101566793078103,1000
sp10,192,predation.predPrey.sizeRatio.teta.sp14.stage1,-0.000434821402555555,0.039427208481908,0.0595885673568591,1000
sp10,193,predation.predPrey.sizeRatio.alpha.sp14.stage1,0.000424444827866057,0.0385798411416515,0.0577987429575251,1000
sp10,194,predation.predPrey.sizeRatio.teta.sp15.stage1,-0.000778426843430415,0.0388400282478062,0.0578081009519351,1000
sp10,195,predation.predPrey.sizeRatio.alpha.sp15.stage1,-0.00122700056162605,0.0394310683644846,0.056943287635113,1000
sp11,1,mortality.additional.rate.sp0,0.00590592985485725,0.0296779011279234,0.11451438710453,1000
sp11,2,mortality.additional.rate.sp1,0.00270223966189308,0.0274962807059471,0.0617566764085124,1000
sp11,3,mortality.additional.rate.sp2,0.000770195474430464,0.0242595815881629,0.0436299432831164,1000
sp11,4,mortality.additional.rate.sp3,0.00212514799448168,0.0254887462067119,0.050924582384075,1000
sp11,5,mortality.additional.rate.sp4,-0.000162424097725783,0.0251317124997841,0.049724542802001,1000
sp11,6,mortality.additional.rate.sp5,-0.00448610482680992,0.0281863535053685,0.0726736372323041,1000
sp11,7,mortality.additional.rate.sp6,-0.00213275500727054,0.0250739985647963,0.0462455958935026,1000
sp11,8,mortality.additional.rate.sp7,0.000291538367393147,0.028674562907455,0.0699117496635328,1000
sp11,9,mortality.additional.rate.sp8,-0.00070758799193985,0.0261717103994705,0.0586166732456604,1000
sp11,10,mortality.additional.rate.sp9,0.00334900518090667,0.0275048367908824,0.0610372727989367,1000
sp11,11,mortality.additional.rate.sp10,0.000775903120301791,0.0257926182228062,0.0493067515059594,1000
sp11,12,mortality.additional.rate.sp11,0.00262885674403749,0.0260087116145575,0.0611734103380824,1000
sp11,13,mortality.additional.rate.sp12,0.00113556742496003,0.0266693490045922,0.0567951442650289,1000
sp11,14,mortality.additional.rate.sp13,0.00034092994090657,0.0262732274779235,0.0607487592944177,1000
sp11,15,mortality.additional.rate.sp14,0.000338245644027277,0.0300875449668157,0.0742280312463246,1000
sp11,16,mortality.additional.rate.sp15,-0.00283352477366526,0.0274673913898392,0.0573359420276572,1000
sp11,17,fisheries.rate.base.fsh0,0.00135875830466317,0.0276677724436047,0.0547519233035031,1000
sp11,18,fisheries.rate.base.fsh1,0.0156435790746847,0.267105181527114,0.376877980246536,1000
sp11,19,fisheries.rate.base.fsh2,0.000222262493865665,0.0262312395900627,0.0616754261986023,1000
sp11,20,fisheries.rate.base.fsh3,0.000966711880167468,0.0278951337525686,0.0737122775278437,1000
sp11,21,species.catchability.fsh0.sp0,0.000188579303450704,0.0250591480945229,0.0472779065912951,1000
sp11,22,species.catchability.fsh0.sp1,0.00101822444896136,0.0264584607574672,0.0477912775565688,1000
sp11,23,species.catchability.fsh0.sp2,-0.00458280530209358,0.0276594604537118,0.0709736346757633,1000
sp11,24,species.catchability.fsh0.sp3,-0.000910380759320215,0.0305599903554471,0.0642413094893081,1000
sp11,25,species.catchability.fsh0.sp5,-0.00134835134428784,0.0264596517834166,0.0594637687764009,1000
sp11,26,species.catchability.fsh0.sp7,-0.000367880774108391,0.0251020877020038,0.0493809901649058,1000
sp11,27,species.catchability.fsh0.sp8,-0.00486384234350317,0.0282990822077708,0.0827637024977905,1000
sp11,28,species.catchability.fsh0.sp9,0.00243482162727249,0.026237341868666,0.0508010809370525,1000
sp11,29,species.catchability.fsh0.sp10,-6.84212881439797e-06,0.0285109686694363,0.0549082100192607,1000
sp11,30,species.catchability.fsh0.sp13,-2.32035063060542e-05,0.0286457077416921,0.0731498896795402,1000
sp11,31,species.catchability.fsh0.sp14,0.0025076762789326,0.027178513175903,0.0573161601633758,1000
sp11,32,species.catchability.fsh0.sp15,-0.000871805209435757,0.0262618485173275,0.0614454103530907,1000
sp11,33,species.catchability.fsh1.sp9,0.000294379180548015,0.0287643519973735,0.0715045547351915,1000
sp11,34,species.catchability.fsh1.sp10,-0.00382091994853344,0.0278762555849697,0.078089889795431,1000
sp11,35,species.catchability.fsh1.sp11,0.00191401560626126,0.246262583786115,0.344249711398638,1000
sp11,36,species.catchability.fsh1.sp12,-0.0019203694595733,0.0269273793795278,0.0584354798494297,1000
sp11,37,species.catchability.fsh2.sp0,-0.00101933047058822,0.0285520797589811,0.0827141368054991,1000
sp11,38,species.catchability.fsh2.sp5,0.000687205817847963,0.0241453615273599,0.0418335245927377,1000
sp11,39,species.catchability.fsh2.sp7,0.00116254181803788,0.0252583801052521,0.0481551236579339,1000
sp11,40,species.catchability.fsh2.sp8,-0.00384844143974072,0.0268874824080177,0.0619110217142103,1000
sp11,41,species.catchability.fsh3.sp0,-0.000756715699788337,0.0236667093584562,0.0477335350863402,1000
sp11,42,species.catchability.fsh3.sp1,0.00067215898057194,0.0275138836147711,0.0595614675487067,1000
sp11,43,species.catchability.fsh3.sp2,0.00406024988658301,0.0270499586226854,0.0688643743321807,1000
sp11,44,species.catchability.fsh3.sp3,-0.00226713304867441,0.0290366968368217,0.0765765246495558,1000
sp11,45,species.catchability.fsh3.sp5,0.00135474456011306,0.0287023365630045,0.065290254237168,1000
sp11,46,species.catchability.fsh3.sp7,-0.00188533548995629,0.0264952768056615,0.054561904886707,1000
sp11,47,species.catchability.fsh3.sp8,0.00413647046405907,0.0291590485140773,0.0899160341061695,1000
sp11,48,species.catchability.fsh3.sp9,-0.00150402851664799,0.0277971265426828,0.0756547270155518,1000
sp11,49,species.catchability.fsh3.sp10,0.0032950001224879,0.0264628805359552,0.0650004731408762,1000
sp11,50,species.catchability.fsh3.sp11,-5.10834176663446e-05,0.0263337345818863,0.0481692459378234,1000
sp11,51,species.catchability.fsh3.sp12,0.000505144028176328,0.0284133853992954,0.0595684593663982,1000
sp11,52,species.catchability.fsh3.sp13,0.00274308649220896,0.028573340058313,0.0615523634726466,1000
sp11,53,species.catchability.fsh3.sp14,-0.000326677268597874,0.0269784251598392,0.0530217478508899,1000
sp11,54,species.catchability.fsh3.sp15,-0.000275780178078296,0.0242707655823651,0.0466990238038786,1000
sp11,55,species.length2weight.condition.factor.sp0,-0.000645986486286384,0.0273582794226601,0.0542787055564669,1000
sp11,56,species.length2weight.condition.factor.sp1,0.00245942856326888,0.0278164169064515,0.066039634103446,1000
sp11,57,species.length2weight.condition.factor.sp2,0.00294861131446186,0.0270760975498203,0.0661915058947454,1000
sp11,58,species.length2weight.condition.factor.sp3,-0.000640618961446268,0.027796219366038,0.0601615898533144,1000
sp11,59,species.length2weight.condition.factor.sp4,0.000628653190331816,0.0256671139898231,0.0478164360739538,1000
sp11,60,species.length2weight.condition.factor.sp5,-0.000655061273002224,0.0278281115560715,0.0657026173696997,1000
sp11,61,species.length2weight.condition.factor.sp6,0.0040224619009357,0.0283223326861069,0.066772542209645,1000
sp11,62,species.length2weight.condition.factor.sp7,0.00249873588025137,0.0281965884333841,0.0738120750495664,1000
sp11,63,species.length2weight.condition.factor.sp8,0.000931344324705086,0.0249431359053908,0.0636650041997447,1000
sp11,64,species.length2weight.condition.factor.sp9,-0.000713481847311343,0.0283471956623438,0.0627886448401539,1000
sp11,65,species.length2weight.condition.factor.sp10,2.7467110351319e-05,0.0281411227514957,0.0586329696755232,1000
sp11,66,species.length2weight.condition.factor.sp11,-0.00696935309754856,0.146223667824394,0.265867300278111,1000
sp11,67,species.length2weight.condition.factor.sp12,-0.00363374589911607,0.0271289706798372,0.060969885953174,1000
sp11,68,species.length2weight.condition.factor.sp13,-0.00162661243914818,0.0284877331527895,0.0610268374621268,1000
sp11,69,species.length2weight.condition.factor.sp14,0.00250754876078662,0.0262369565190515,0.0579444654357748,1000
sp11,70,species.length2weight.condition.factor.sp15,-0.00355002890187639,0.0282175975824159,0.0750819942704107,1000
sp11,71,species.k.sp0,2.77418870685758e-05,0.0374753040704305,0.0689555754992759,1000
sp11,72,species.k.sp1,0.000350217870154626,0.0246387091780959,0.0477547182373862,1000
sp11,73,species.k.sp2,-0.00084461894846588,0.0308279892869405,0.0626376135068659,1000
sp11,74,species.k.sp3,-0.00087429609046535,0.0379116822763786,0.0712044872257412,1000
sp11,75,species.k.sp4,0.00188231223779759,0.0532088685687047,0.0887983893668212,1000
sp11,76,species.k.sp5,0.000156682230460521,0.0279457473700966,0.0541438089714356,1000
sp11,77,species.k.sp6,-0.00107737904123053,0.0269680928028773,0.0691015064166249,1000
sp11,78,species.k.sp7,-2.67666285672201e-05,0.0270937485960334,0.0649376858155644,1000
sp11,79,species.k.sp8,-0.00124479008214673,0.027339172590699,0.0553869707535287,1000
sp11,80,species.k.sp9,0.000921820062827721,0.0374824052149,0.0962239006869896,1000
sp11,81,species.k.sp10,0.000567438462313891,0.0301497028324338,0.0665107893496963,1000
sp11,82,species.k.sp11,0.0126634730317845,0.891715306217129,1.381460400627,1000
sp11,83,species.k.sp12,-0.00567852905472158,0.0347584262910676,0.0810400626938392,1000
sp11,84,species.k.sp13,-0.00044072100200587,0.0436042806600937,0.117849047060832,1000
sp11,85,species.k.sp14,-0.000582922225703313,0.0273342541526578,0.0985718571145667,1000
sp11,86,species.k.sp15,0.000816141641381801,0.0251050044851613,0.0464842526383727,1000
sp11,87,species.l0.sp0,0.00464057965186276,0.0297294474017291,0.0721148828125563,1000
sp11,88,species.l0.sp1,-0.000749411473916179,0.0269911920336512,0.0580556732582525,1000
sp11,89,species.l0.sp2,0.000339050778507203,0.0330808591066322,0.0724521302512743,1000
sp11,90,species.l0.sp3,0.00118758510658638,0.0264393902093537,0.0517658609932788,1000
sp11,91,species.l0.sp4,-7.79414499449924e-05,0.0405265241111636,0.0639833043241975,1000
sp11,92,species.l0.sp5,-0.00133199874461681,0.0259807345094519,0.053129077419021,1000
sp11,93,species.l0.sp6,-0.00138744064321496,0.025702967018045,0.0555757844498328,1000
sp11,94,species.l0.sp7,0.00202944479707361,0.0283022185518205,0.0570516096362265,1000
sp11,95,species.l0.sp8,-0.000945591012619752,0.0256350192946624,0.055712676930397,1000
sp11,96,species.l0.sp9,-0.00211918882509641,0.0341763505510989,0.0627807242921093,1000
sp11,97,species.l0.sp10,0.000178451807524961,0.0370128175936633,0.0774079124940156,1000
sp11,98,species.l0.sp11,0.0269674554726343,0.658152012241802,1.11765124694832,1000
sp11,99,species.l0.sp12,0.00177603297260043,0.0293547162210677,0.0858956248474543,1000
sp11,100,species.l0.sp13,-0.00274272214419613,0.0244627596906376,0.0434890221348595,1000
sp11,101,species.l0.sp14,-0.00196744540272358,0.0276143124397057,0.0597633315029788,1000
sp11,102,species.l0.sp15,0.00176236515515373,0.0262380509895156,0.054946969026762,1000
sp11,103,mortality.additional.larva.rate.sp0,-0.00165417604094112,0.0448843421295753,0.0826778443435035,1000
sp11,104,mortality.additional.larva.rate.sp1,0.00130943436883812,0.0266186195215655,0.0506577917417646,1000
sp11,105,mortality.additional.larva.rate.sp2,0.000835827609591127,0.0622356606607421,0.110883642658119,1000
sp11,106,mortality.additional.larva.rate.sp3,-0.00394163482616536,0.0664621876733627,0.133404529912162,1000
sp11,107,mortality.additional.larva.rate.sp4,2.10376525326939e-05,0.0276970785812535,0.0544024435455821,1000
sp11,108,mortality.additional.larva.rate.sp5,-0.00243132729391773,0.0251752867070115,0.0504402988271938,1000
sp11,109,mortality.additional.larva.rate.sp6,0.00100773681379253,0.027683655791307,0.063375821832114,1000
sp11,110,mortality.additional.larva.rate.sp9,0.00184407663777597,0.074078606291355,0.122069485291066,1000
sp11,111,mortality.additional.larva.rate.sp10,-0.00225389271135537,0.0517324151189771,0.0978996643520653,1000
sp11,112,mortality.additional.larva.rate.sp11,-0.00165219676608387,0.0267009390876417,0.059279280131933,1000
sp11,113,mortality.additional.larva.rate.sp12,0.00302884146632971,0.0305880579926775,0.061469946104682,1000
sp11,114,mortality.additional.larva.rate.sp13,-0.00268878086021851,0.0258946454645541,0.0539575978130962,1000
sp11,115,mortality.additional.larva.rate.sp14,-0.00195502586969379,0.0254509152160446,0.0531068919815454,1000
sp11,116,mortality.additional.larva.rate.sp15,-0.00258637393642941,0.0295297691704078,0.066931529399073,1000
sp11,117,mortality.additional.larva.rate.mean.sp7,0.000207560089446491,0.0265588044628654,0.0572207893063457,1000
sp11,118,mortality.additional.larva.rate.mean.sp8,0.00144132996020477,0.0284883388402385,0.0700532919399669,1000
sp11,119,species.linf.sp0,-0.00125341546519164,0.0405865706450606,0.0694452707728134,1000
sp11,120,species.linf.sp1,-1.68595484762485e-05,0.0278320134905496,0.0585043985608871,1000
sp11,121,species.linf.sp2,-0.00341076234593193,0.0533294078136655,0.113706258129862,1000
sp11,122,species.linf.sp3,0.0101528136960163,0.111792296807593,0.168017807516622,1000
sp11,123,species.linf.sp4,-0.00271098542347585,0.123526945244181,0.162464915484178,1000
sp11,124,species.linf.sp5,-0.000956816976124968,0.0316470414264839,0.0690746703891837,1000
sp11,125,species.linf.sp6,-0.00140746943971143,0.0311936945765794,0.0914227636871608,1000
sp11,126,species.linf.sp7,0.00216922168479943,0.0277082376421963,0.0793483778361375,1000
sp11,127,species.linf.sp8,-0.00338785242330008,0.0291144368080239,0.076153002775613,1000
sp11,128,species.linf.sp9,-0.00247482802187059,0.0799410336848224,0.131840151244743,1000
sp11,129,species.linf.sp10,0.00260515654244926,0.0451423514714332,0.0899769444457756,1000
sp11,130,species.linf.sp11,-0.0500676744175588,1.2713244735739,1.88467330429442,1000
sp11,131,species.linf.sp12,-0.000589818855653437,0.051150193791513,0.0877543962219002,1000
sp11,132,species.linf.sp13,-0.000236425466444935,0.0433382708146573,0.122879204687009,1000
sp11,133,species.linf.sp14,2.2181880749186e-05,0.0274309724353845,0.0521968583160321,1000
sp11,134,species.linf.sp15,-0.000474101571674394,0.0284422203770515,0.0638533511155789,1000
sp11,135,species.accessibility2fish.sp16,0.000161441892527445,0.0267900774045659,0.0601307942806972,1000
sp11,136,species.accessibility2fish.sp17,-0.00178208218567725,0.0265633780076005,0.0557670514345602,1000
sp11,137,species.accessibility2fish.sp18,0.00149629236623579,0.0271468844203884,0.0595707966256146,1000
sp11,138,species.accessibility2fish.sp19,-0.00185174454630268,0.0559643302659547,0.124123200658336,1000
sp11,139,species.accessibility2fish.sp20,0.00116138526667405,0.0267243882134195,0.0504523362400518,1000
sp11,140,species.accessibility2fish.sp21,0.00502960864487246,0.0774420621599933,0.202824097498905,1000
sp11,141,species.accessibility2fish.sp22,-0.000275544350453241,0.02676524246392,0.0571481448292171,1000
sp11,142,species.accessibility2fish.sp23,-8.37612168141702e-05,0.0290547735012917,0.071081439265188,1000
sp11,143,species.accessibility2fish.sp24,-0.000858329561878767,0.029562197722195,0.0821304807373211,1000
sp11,144,species.accessibility2fish.sp25,0.00104421242325725,0.0254938465365492,0.0518144572578316,1000
sp11,145,species.accessibility2fish.sp26,-0.00363078546652096,0.0278514251166091,0.0574894607156172,1000
sp11,146,species.maturity.size.ratio.sp0,0.00443385107822619,0.0426758873026723,0.0778654793459852,1000
sp11,147,species.maturity.size.ratio.sp1,-0.000642573463257285,0.0268328339643733,0.0698088449500023,1000
sp11,148,species.maturity.size.ratio.sp2,-0.00643979561364565,0.0249196808987734,0.057108511680127,1000
sp11,149,species.maturity.size.ratio.sp3,0.000275866247255769,0.0279253743850738,0.0582127385042805,1000
sp11,150,species.maturity.size.ratio.sp4,0.00235784752629794,0.0306283064019851,0.0635672093018607,1000
sp11,151,species.maturity.size.ratio.sp5,0.00222625297472512,0.026529225629236,0.0618623065240605,1000
sp11,152,species.maturity.size.ratio.sp6,0.00143497768389291,0.0246044041240422,0.0470274190255206,1000
sp11,153,species.maturity.size.ratio.sp7,-0.000734828392266185,0.0247213875998625,0.0439290302092447,1000
sp11,154,species.maturity.size.ratio.sp8,0.00189779006670608,0.027893675869998,0.0777598915927597,1000
sp11,155,species.maturity.size.ratio.sp9,0.00103929630355384,0.028623336344278,0.0713726324126435,1000
sp11,156,species.maturity.size.ratio.sp10,-0.00162576024301887,0.028845924189562,0.0513007163650334,1000
sp11,157,species.maturity.size.ratio.sp11,0.104231577016686,1.41087190138598,2.10563743963131,1000
sp11,158,species.maturity.size.ratio.sp12,0.000667617928298803,0.0248102938941896,0.0504843299287914,1000
sp11,159,species.maturity.size.ratio.sp13,0.00313767150525334,0.056106132557732,0.133070758929119,1000
sp11,160,species.maturity.size.ratio.sp14,-0.00206977836067403,0.02610764104719,0.0505252280921978,1000
sp11,161,species.maturity.size.ratio.sp15,0.000895657157167462,0.0283095367799344,0.0590539819320534,1000
sp11,162,predation.predPrey.sizeRatio.teta.sp0.stage1,0.00114873656161483,0.0288993973521517,0.0736487872202122,1000
sp11,163,predation.predPrey.sizeRatio.alpha.sp0.stage1,0.00312029178390488,0.0327577585810553,0.0622047950691571,1000
sp11,164,predation.predPrey.sizeRatio.teta.sp1.stage1,0.00286428013731892,0.0287189330972826,0.0686358297076147,1000
sp11,165,predation.predPrey.sizeRatio.alpha.sp1.stage1,-0.00080644802632988,0.0271056537961924,0.0681880907054016,1000
sp11,166,predation.predPrey.sizeRatio.teta.sp2.stage1,-0.00164244076176644,0.0253416652250965,0.0480495672769881,1000
sp11,167,predation.predPrey.sizeRatio.alpha.sp2.stage1,0.00164449148366094,0.0304923386424043,0.0756306104299974,1000
sp11,168,predation.predPrey.sizeRatio.teta.sp3.stage1,-0.00194428569677375,0.0268289117025644,0.0725519768940091,1000
sp11,169,predation.predPrey.sizeRatio.alpha.sp3.stage1,-0.00492502488154338,0.0783441231182536,0.131644497839936,1000
sp11,170,predation.predPrey.sizeRatio.teta.sp4.stage1,0.00236667960951321,0.0300887784259957,0.0705018073939903,1000
sp11,171,predation.predPrey.sizeRatio.alpha.sp4.stage1,-0.00118895282337062,0.0435984579789872,0.0835227598879541,1000
sp11,172,predation.predPrey.sizeRatio.teta.sp5.stage1,0.00382172190608402,0.0305867377144409,0.0846844376046299,1000
sp11,173,predation.predPrey.sizeRatio.teta.sp5.stage2,-0.000105198052416017,0.0285864729241668,0.0752845600827149,1000
sp11,174,predation.predPrey.sizeRatio.alpha.sp5.stage1,0.00164258746518168,0.0263128263430785,0.0613897455064739,1000
sp11,175,predation.predPrey.sizeRatio.alpha.sp5.stage2,-0.0022022125563343,0.0272522133696707,0.060028426290366,1000
sp11,176,predation.predPrey.sizeRatio.teta.sp6.stage1,-0.000384822873687973,0.0248845114914833,0.0552110083381967,1000
sp11,177,predation.predPrey.sizeRatio.alpha.sp6.stage1,0.00343514189916031,0.0293350221763012,0.0784401434044871,1000
sp11,178,predation.predPrey.sizeRatio.teta.sp7.stage1,0.000504434539769178,0.0260984912839876,0.0506019725318975,1000
sp11,179,predation.predPrey.sizeRatio.alpha.sp7.stage1,-0.00116542696391147,0.0286782012750171,0.0567833051349765,1000
sp11,180,predation.predPrey.sizeRatio.teta.sp8.stage1,-0.00125407745317758,0.0272140760393915,0.0710443997239813,1000
sp11,181,predation.predPrey.sizeRatio.alpha.sp8.stage1,-0.00197339883015977,0.0292215781984107,0.0700257480789657,1000
sp11,182,predation.predPrey.sizeRatio.teta.sp9.stage1,-0.00118250527249866,0.0341177918309262,0.0619546802699039,1000
sp11,183,predation.predPrey.sizeRatio.alpha.sp9.stage1,0.00107474223656415,0.0425649086767799,0.0725878143125994,1000
sp11,184,predation.predPrey.sizeRatio.teta.sp10.stage1,-0.00280216807435957,0.0283904781253915,0.104802449533382,1000
sp11,185,predation.predPrey.sizeRatio.alpha.sp10.stage1,-0.00087408343285284,0.02966904162136,0.0740345337011633,1000
sp11,186,predation.predPrey.sizeRatio.teta.sp11.stage1,-0.0057363067741386,0.11321806356942,0.203287200379608,1000
sp11,187,predation.predPrey.sizeRatio.alpha.sp11.stage1,0.00933134934377832,0.12989604526625,0.281860097313305,1000
sp11,188,predation.predPrey.sizeRatio.teta.sp12.stage1,-0.000166220561903768,0.0331710717391177,0.0536439054805466,1000
sp11,189,predation.predPrey.sizeRatio.alpha.sp12.stage1,0.000151152908492495,0.0315163553514305,0.0794334332353566,1000
sp11,190,predation.predPrey.sizeRatio.teta.sp13.stage1,-0.000283790574289167,0.0262939616491407,0.0531798326353965,1000
sp11,191,predation.predPrey.sizeRatio.alpha.sp13.stage1,0.00720632114892354,0.0476757398230308,0.0896206591078785,1000
sp11,192,predation.predPrey.sizeRatio.teta.sp14.stage1,-0.00121500277291504,0.0249895626160323,0.0566700323330411,1000
sp11,193,predation.predPrey.sizeRatio.alpha.sp14.stage1,0.00139913374048677,0.0278463816226078,0.0634062196861474,1000
sp11,194,predation.predPrey.sizeRatio.teta.sp15.stage1,-0.00192051917348216,0.0283152788050966,0.0602315186638112,1000
sp11,195,predation.predPrey.sizeRatio.alpha.sp15.stage1,-0.000469450586668475,0.0280472861782177,0.0640709335368432,1000
sp12,1,mortality.additional.rate.sp0,-0.000111965314217902,0.0127560995147905,0.0166753345758416,1000
sp12,2,mortality.additional.rate.sp1,-3.5329858119383e-05,0.0125723928426191,0.0160965036829967,1000
sp12,3,mortality.additional.rate.sp2,-0.000120109238526905,0.0129131009831082,0.0165559723427814,1000
sp12,4,mortality.additional.rate.sp3,-0.000386781730641301,0.0160074238917855,0.0203919534002976,1000
sp12,5,mortality.additional.rate.sp4,0.000203535905514983,0.0120434675056397,0.015286659871176,1000
sp12,6,mortality.additional.rate.sp5,-0.000192807772354294,0.0192523466980061,0.0239352165616949,1000
sp12,7,mortality.additional.rate.sp6,-0.000112118466183598,0.0115475857146749,0.0150129765279359,1000
sp12,8,mortality.additional.rate.sp7,-0.000322447618700304,0.0124453912944576,0.0161106231623727,1000
sp12,9,mortality.additional.rate.sp8,0.00129668647041354,0.0124250597028053,0.0159511597450851,1000
sp12,10,mortality.additional.rate.sp9,-2.5694264645074e-05,0.0124491530416974,0.0159729884928245,1000
sp12,11,mortality.additional.rate.sp10,0.000630238222220068,0.0125548171533563,0.0161100812628139,1000
sp12,12,mortality.additional.rate.sp11,0.000298595897582622,0.012473266439894,0.0159381412206799,1000
sp12,13,mortality.additional.rate.sp12,-0.000693548666452973,0.0131320177283439,0.0167432527862641,1000
sp12,14,mortality.additional.rate.sp13,1.15634897329728e-05,0.012130664797441,0.01560588521873,1000
sp12,15,mortality.additional.rate.sp14,0.000713234070081795,0.012508323095052,0.0160206997016904,1000
sp12,16,mortality.additional.rate.sp15,0.000134602163600348,0.0124515285007147,0.0160482735499613,1000
sp12,17,fisheries.rate.base.fsh0,0.000398471979848937,0.0167766721239792,0.021458161682556,1000
sp12,18,fisheries.rate.base.fsh1,0.00282694379461134,0.277194335561523,0.285932061687342,1000
sp12,19,fisheries.rate.base.fsh2,1.42724451473062e-05,0.012616089861893,0.0163994714050253,1000
sp12,20,fisheries.rate.base.fsh3,0.000433434742539462,0.0151946171334242,0.0194004964134865,1000
sp12,21,species.catchability.fsh0.sp0,0.000553040497837363,0.0140108760918804,0.0177186893410922,1000
sp12,22,species.catchability.fsh0.sp1,0.00105777625945279,0.0130213717191854,0.0167033010982439,1000
sp12,23,species.catchability.fsh0.sp2,-0.000306704895524256,0.0128638387509459,0.0162511555169136,1000
sp12,24,species.catchability.fsh0.sp3,0.00113233834779651,0.0208802164922537,0.0258694058533238,1000
sp12,25,species.catchability.fsh0.sp5,-2.32137979205319e-05,0.0143335085912394,0.0182240153253951,1000
sp12,26,species.catchability.fsh0.sp7,-0.000126867983269575,0.012882325477836,0.0168807521075248,1000
sp12,27,species.catchability.fsh0.sp8,0.0012252617219939,0.0123944470568723,0.0160145370990082,1000
sp12,28,species.catchability.fsh0.sp9,-0.000612277094843753,0.012664672326158,0.016510628387758,1000
sp12,29,species.catchability.fsh0.sp10,0.000957571336557283,0.0127289945159962,0.0163284806064741,1000
sp12,30,species.catchability.fsh0.sp13,0.000126054611901207,0.0122142407489775,0.0156955049141803,1000
sp12,31,species.catchability.fsh0.sp14,0.000249882110301584,0.0126519208215426,0.0164032089295409,1000
sp12,32,species.catchability.fsh0.sp15,-0.000864219156324936,0.0118300208997937,0.0154196714956662,1000
sp12,33,species.catchability.fsh1.sp9,6.35056118263439e-05,0.0125686460343627,0.0160466814503778,1000
sp12,34,species.catchability.fsh1.sp10,-0.000828662743212418,0.0135204373175358,0.0174452051202858,1000
sp12,35,species.catchability.fsh1.sp11,0.000460452137661754,0.0136380649871397,0.0176266011164301,1000
sp12,36,species.catchability.fsh1.sp12,0.00704589226732033,0.263139153717457,0.271046467449808,1000
sp12,37,species.catchability.fsh2.sp0,0.000130964464383382,0.0128422861153856,0.0165588646027837,1000
sp12,38,species.catchability.fsh2.sp5,-0.000483210766475038,0.0120954830479812,0.0156660236772656,1000
sp12,39,species.catchability.fsh2.sp7,-0.000232223245928619,0.012548448708797,0.0162350770724682,1000
sp12,40,species.catchability.fsh2.sp8,0.000690983026547188,0.0126963238405018,0.0161228055036596,1000
sp12,41,species.catchability.fsh3.sp0,-0.00049898627485984,0.0120742166959141,0.0156839150261629,1000
sp12,42,species.catchability.fsh3.sp1,-0.000680251562299345,0.0127766680355626,0.0165480583556504,1000
sp12,43,species.catchability.fsh3.sp2,0.000111181444328141,0.0122414073272612,0.0159351800644753,1000
sp12,44,species.catchability.fsh3.sp3,-0.000190643514996883,0.0130590052910051,0.0166639489738872,1000
sp12,45,species.catchability.fsh3.sp5,-4.45461604905e-05,0.0127710561416038,0.0162102385464377,1000
sp12,46,species.catchability.fsh3.sp7,0.000281243299135851,0.0119575873993608,0.0154371880468294,1000
sp12,47,species.catchability.fsh3.sp8,-0.000749111840411712,0.0125291686652508,0.0158784061651457,1000
sp12,48,species.catchability.fsh3.sp9,-0.000489570468679553,0.012638541028609,0.0162492762216657,1000
sp12,49,species.catchability.fsh3.sp10,0.00055007885638303,0.0125286398901028,0.0162662678984039,1000
sp12,50,species.catchability.fsh3.sp11,9.4920710993484e-05,0.0122885881297599,0.0160164364530512,1000
sp12,51,species.catchability.fsh3.sp12,0.000571710403045259,0.0161406167665821,0.0204671231540374,1000
sp12,52,species.catchability.fsh3.sp13,-9.14554208476291e-05,0.0125667867408769,0.0162547456004806,1000
sp12,53,species.catchability.fsh3.sp14,-5.13752058743204e-05,0.0126640337872002,0.0162785805732008,1000
sp12,54,species.catchability.fsh3.sp15,-0.000848036553251653,0.0129241443494119,0.0165831793130057,1000
sp12,55,species.length2weight.condition.factor.sp0,-0.000104781016890639,0.0140747408550931,0.0177444837407204,1000
sp12,56,species.length2weight.condition.factor.sp1,0.00058439194155611,0.0119324246442764,0.0154760952951329,1000
sp12,57,species.length2weight.condition.factor.sp2,0.000663689440810305,0.0132850948245237,0.0171746295630054,1000
sp12,58,species.length2weight.condition.factor.sp3,0.000150916174406043,0.0182551972844306,0.0242280696346049,1000
sp12,59,species.length2weight.condition.factor.sp4,0.00129611223476232,0.0136695895911122,0.0174122015885332,1000
sp12,60,species.length2weight.condition.factor.sp5,-0.000266150316332917,0.0119732568121425,0.0154838148648731,1000
sp12,61,species.length2weight.condition.factor.sp6,-0.000342132177341385,0.0126130052649037,0.0162830232796843,1000
sp12,62,species.length2weight.condition.factor.sp7,-0.000739682050855029,0.0129603853985068,0.0165257259554262,1000
sp12,63,species.length2weight.condition.factor.sp8,0.000434952193170816,0.0119680338523447,0.0155280697453884,1000
sp12,64,species.length2weight.condition.factor.sp9,-8.33461636622531e-05,0.0149083137099597,0.0187660517419558,1000
sp12,65,species.length2weight.condition.factor.sp10,-0.000238145729340972,0.0142533654538956,0.0185061149590248,1000
sp12,66,species.length2weight.condition.factor.sp11,0.000687164599952834,0.0142634797499204,0.0181068547952676,1000
sp12,67,species.length2weight.condition.factor.sp12,0.000469435624299781,0.0199381772058651,0.0244991093624907,1000
sp12,68,species.length2weight.condition.factor.sp13,-0.000553270344740491,0.0135121058056128,0.017440500707583,1000
sp12,69,species.length2weight.condition.factor.sp14,-0.000394409107860148,0.0126071158319472,0.0164079082036553,1000
sp12,70,species.length2weight.condition.factor.sp15,0.000405332859259259,0.01234111791446,0.0159400581848334,1000
sp12,71,species.k.sp0,-0.000329983385939903,0.0281108689289033,0.0374179440430318,1000
sp12,72,species.k.sp1,-3.67183362448257e-05,0.0126556385611348,0.0163984869152633,1000
sp12,73,species.k.sp2,0.000900373703085203,0.013695058834581,0.0176565393108679,1000
sp12,74,species.k.sp3,-0.000990341623332269,0.0378675157462666,0.0512335285612796,1000
sp12,75,species.k.sp4,0.000231206675134553,0.0139184020895032,0.0179746118605919,1000
sp12,76,species.k.sp5,-0.00208252946572717,0.0207996359005285,0.0251373272405224,1000
sp12,77,species.k.sp6,-0.000249615095657382,0.0125950254410404,0.0165059584091001,1000
sp12,78,species.k.sp7,0.000585452497826148,0.012297537540065,0.0159823177386396,1000
sp12,79,species.k.sp8,-0.000480513856411346,0.0125058841838866,0.0160275193163479,1000
sp12,80,species.k.sp9,-0.00211413006616903,0.02077627434097,0.0265706816628758,1000
sp12,81,species.k.sp10,-0.00120967300592036,0.016861537608476,0.0218823584523211,1000
sp12,82,species.k.sp11,0.000378055519224358,0.0250060725280408,0.0297548290692805,1000
sp12,83,species.k.sp12,-0.00116094015882288,0.065276550630269,0.0736351167989171,1000
sp12,84,species.k.sp13,0.0020700421842517,0.0855134757292625,0.104167177361054,1000
sp12,85,species.k.sp14,-0.000299018940341467,0.0122622276066413,0.0157233745425324,1000
sp12,86,species.k.sp15,-0.000217635933650507,0.0129522782616477,0.0168104813061413,1000
sp12,87,species.l0.sp0,0.000692165433642346,0.0128955268763228,0.0170686426355634,1000
sp12,88,species.l0.sp1,0.000760801035662822,0.0128033966010589,0.0164812251079579,1000
sp12,89,species.l0.sp2,-0.000734741833968245,0.0159881984046366,0.0204212676947152,1000
sp12,90,species.l0.sp3,8.8743133772119e-05,0.0180976841905401,0.0236869095795613,1000
sp12,91,species.l0.sp4,-0.000204063721420439,0.0136967980674323,0.0177412809139724,1000
sp12,92,species.l0.sp5,-0.000118318788473601,0.0121407364578798,0.0155120627094493,1000
sp12,93,species.l0.sp6,-0.000219476365557618,0.0123345325213125,0.0160581261589314,1000
sp12,94,species.l0.sp7,0.000225549618543324,0.012505718329719,0.0163210353428546,1000
sp12,95,species.l0.sp8,-0.000675309579378845,0.0127412035432635,0.0164595272436227,1000
sp12,96,species.l0.sp9,0.000263390401788345,0.0310019236644077,0.0369726491296722,1000
sp12,97,species.l0.sp10,0.00107598649202157,0.0282914628059051,0.0367451482698079,1000
sp12,98,species.l0.sp11,0.000137919667473012,0.019904981820511,0.0247547734917066,1000
sp12,99,species.l0.sp12,-0.000525210969708548,0.0173974545691855,0.022100119541224,1000
sp12,100,species.l0.sp13,0.000952826902964834,0.0125359770452562,0.016227434271587,1000
sp12,101,species.l0.sp14,0.000976462630324005,0.0123295947860764,0.0159266547322612,1000
sp12,102,species.l0.sp15,-0.000701942658031193,0.0124248284122549,0.0158588438705608,1000
sp12,103,mortality.additional.larva.rate.sp0,0.000315313542523243,0.0250128163331304,0.0332393131248643,1000
sp12,104,mortality.additional.larva.rate.sp1,-0.000792299330090761,0.01305076474735,0.0168245073017127,1000
sp12,105,mortality.additional.larva.rate.sp2,-0.000439855504095546,0.0294368222868289,0.0394131121207541,1000
sp12,106,mortality.additional.larva.rate.sp3,-0.00537825412437451,0.0862773974302078,0.115987744221178,1000
sp12,107,mortality.additional.larva.rate.sp4,-0.000418580876726123,0.0124814570717263,0.0161409246879375,1000
sp12,108,mortality.additional.larva.rate.sp5,-6.51225221480149e-05,0.0122109040455693,0.015413471428035,1000
sp12,109,mortality.additional.larva.rate.sp6,0.000238777580795682,0.0122068730675926,0.0153145496493132,1000
sp12,110,mortality.additional.larva.rate.sp9,0.0036257085113647,0.0562908916379596,0.0640391600842834,1000
sp12,111,mortality.additional.larva.rate.sp10,-0.000304998259027711,0.0481125842251789,0.0610787681492375,1000
sp12,112,mortality.additional.larva.rate.sp11,0.000239793369242407,0.0125637815790737,0.0161340906832545,1000
sp12,113,mortality.additional.larva.rate.sp12,-0.000908564621905764,0.0615639177026792,0.0720950765096524,1000
sp12,114,mortality.additional.larva.rate.sp13,-0.000116475279867789,0.0124942408492577,0.01600054948573,1000
sp12,115,mortality.additional.larva.rate.sp14,-0.000545492441502043,0.0126953651498494,0.016148843023912,1000
sp12,116,mortality.additional.larva.rate.sp15,0.000781246402957204,0.0141988387366561,0.018248486557768,1000
sp12,117,mortality.additional.larva.rate.mean.sp7,-0.000576067796470115,0.012678738857199,0.0161521930352486,1000
sp12,118,mortality.additional.larva.rate.mean.sp8,-0.000205597622823964,0.0126576344429944,0.0165930175174501,1000
sp12,119,species.linf.sp0,0.00114003631589756,0.0330983721642109,0.0447846447547467,1000
sp12,120,species.linf.sp1,-9.35348088022615e-05,0.0133032091427917,0.0170136335685818,1000
sp12,121,species.linf.sp2,-0.00149145553731717,0.0235840416303119,0.0313543847948258,1000
sp12,122,species.linf.sp3,0.00775592993924707,0.123364765548041,0.148226017073271,1000
sp12,123,species.linf.sp4,0.000927460290128605,0.0209021210975899,0.0272273968176816,1000
sp12,124,species.linf.sp5,0.00189983946226883,0.057434054525276,0.0623595760581721,1000
sp12,125,species.linf.sp6,-0.000427650244389153,0.0138348549342563,0.0179573087854132,1000
sp12,126,species.linf.sp7,-0.000250974482851211,0.012156445467578,0.0156975000183674,1000
sp12,127,species.linf.sp8,0.000158034630854667,0.0135364615477964,0.017617925083168,1000
sp12,128,species.linf.sp9,0.000589956742892984,0.0448986570728249,0.0563313418842128,1000
sp12,129,species.linf.sp10,-0.00135424990338278,0.0393529497548549,0.0512766367313811,1000
sp12,130,species.linf.sp11,0.000449202693128483,0.0195104791260188,0.024672854099282,1000
sp12,131,species.linf.sp12,-0.0160742783781299,0.395279651431798,0.407667214339558,1000
sp12,132,species.linf.sp13,-0.000530088126888532,0.0374843607756365,0.048063014505385,1000
sp12,133,species.linf.sp14,0.000323634982639129,0.0129277849407788,0.016712330535309,1000
sp12,134,species.linf.sp15,-0.000859864674710292,0.015460678963116,0.019699665842436,1000
sp12,135,species.accessibility2fish.sp16,6.96004325806851e-05,0.012550809951073,0.0161370509250588,1000
sp12,136,species.accessibility2fish.sp17,0.000243510751360913,0.0125190599354204,0.0163083061148676,1000
sp12,137,species.accessibility2fish.sp18,-0.00108591855847119,0.0129528543176736,0.016582419703067,1000
sp12,138,species.accessibility2fish.sp19,-0.0019897603143618,0.0411598827614805,0.0661833009237704,1000
sp12,139,species.accessibility2fish.sp20,0.000538294614205862,0.0127745076885786,0.0164201606211759,1000
sp12,140,species.accessibility2fish.sp21,-0.000448716499703895,0.0591429989880365,0.0990576629399635,1000
sp12,141,species.accessibility2fish.sp22,-0.000345183310744743,0.0123084548245298,0.0157458680681284,1000
sp12,142,species.accessibility2fish.sp23,-0.000341221997055341,0.0121029481461756,0.0156614837989012,1000
sp12,143,species.accessibility2fish.sp24,-0.000563721192000315,0.0172805619379624,0.0219849154799354,1000
sp12,144,species.accessibility2fish.sp25,-8.9761537330223e-05,0.0127666711750873,0.0162935229097564,1000
sp12,145,species.accessibility2fish.sp26,0.000537955931283608,0.0119808284651834,0.015408719484901,1000
sp12,146,species.maturity.size.ratio.sp0,-0.0002102756614847,0.0258089303834121,0.0357289447803929,1000
sp12,147,species.maturity.size.ratio.sp1,-0.000217863791296211,0.0124655643360672,0.0162555407952997,1000
sp12,148,species.maturity.size.ratio.sp2,-0.000574307940718166,0.0135811051507122,0.0174763380643043,1000
sp12,149,species.maturity.size.ratio.sp3,0.000176354814150007,0.0123071684111846,0.0158137457197726,1000
sp12,150,species.maturity.size.ratio.sp4,5.84833563856387e-05,0.014722599598427,0.0185525697875317,1000
sp12,151,species.maturity.size.ratio.sp5,-0.000224196929759091,0.0122480585560973,0.0155653485776888,1000
sp12,152,species.maturity.size.ratio.sp6,-0.000531080236352942,0.0124175618009138,0.0160324523378426,1000
sp12,153,species.maturity.size.ratio.sp7,-9.80209880555234e-05,0.0127418343013214,0.0164879016991865,1000
sp12,154,species.maturity.size.ratio.sp8,0.00084260834870762,0.0125520659148907,0.0162160411233183,1000
sp12,155,species.maturity.size.ratio.sp9,5.43269917851996e-06,0.0134475902840904,0.0173752771668882,1000
sp12,156,species.maturity.size.ratio.sp10,-0.000516734500758718,0.0185366347998701,0.0244660913621778,1000
sp12,157,species.maturity.size.ratio.sp11,-0.00288879720029223,0.0723150356601633,0.0793085936525134,1000
sp12,158,species.maturity.size.ratio.sp12,0.000177766891348795,0.0234299706978112,0.0310307338778334,1000
sp12,159,species.maturity.size.ratio.sp13,0.00197739254315112,0.135236456238951,0.155814456847449,1000
sp12,160,species.maturity.size.ratio.sp14,0.000572219377725933,0.0125330442507731,0.0162886326734761,1000
sp12,161,species.maturity.size.ratio.sp15,-0.000375426140827993,0.014105056774643,0.0184581194092072,1000
sp12,162,predation.predPrey.sizeRatio.teta.sp0.stage1,-0.000568172883608229,0.0121071271628288,0.0154635247870245,1000
sp12,163,predation.predPrey.sizeRatio.alpha.sp0.stage1,-0.00147591096889742,0.0211653655703768,0.0279828337759965,1000
sp12,164,predation.predPrey.sizeRatio.teta.sp1.stage1,-0.000544887922359719,0.0123940467317246,0.0156742502354195,1000
sp12,165,predation.predPrey.sizeRatio.alpha.sp1.stage1,-0.000307287807768617,0.0117564268478405,0.0153900604707137,1000
sp12,166,predation.predPrey.sizeRatio.teta.sp2.stage1,-0.00105021805513253,0.0120862511084696,0.0156760594623275,1000
sp12,167,predation.predPrey.sizeRatio.alpha.sp2.stage1,-0.000164691441431596,0.0171475561043804,0.0223890216288489,1000
sp12,168,predation.predPrey.sizeRatio.teta.sp3.stage1,0.000203903802592745,0.013368108375882,0.0170392403498149,1000
sp12,169,predation.predPrey.sizeRatio.alpha.sp3.stage1,0.000936773497534587,0.0477105470367048,0.0644038614643842,1000
sp12,170,predation.predPrey.sizeRatio.teta.sp4.stage1,0.000126064636853596,0.0121764474600997,0.0153237589182581,1000
sp12,171,predation.predPrey.sizeRatio.alpha.sp4.stage1,-0.00110417918002054,0.0150638274034845,0.0194251955103019,1000
sp12,172,predation.predPrey.sizeRatio.teta.sp5.stage1,-0.00039849917893984,0.0125799561943592,0.0160277604872079,1000
sp12,173,predation.predPrey.sizeRatio.teta.sp5.stage2,-0.000734777481955959,0.0214039266099622,0.0268358778667031,1000
sp12,174,predation.predPrey.sizeRatio.alpha.sp5.stage1,0.00027779708307732,0.01246921605602,0.0158545513534192,1000
sp12,175,predation.predPrey.sizeRatio.alpha.sp5.stage2,-0.000202418389718705,0.0160367463272741,0.0204050018461206,1000
sp12,176,predation.predPrey.sizeRatio.teta.sp6.stage1,0.000443431219422991,0.0129399737999401,0.0165447091959701,1000
sp12,177,predation.predPrey.sizeRatio.alpha.sp6.stage1,-0.000283177171346647,0.0125857196967082,0.0161353929600538,1000
sp12,178,predation.predPrey.sizeRatio.teta.sp7.stage1,-0.000402321516098916,0.0123423497296956,0.0158374233662719,1000
sp12,179,predation.predPrey.sizeRatio.alpha.sp7.stage1,0.000606416504672906,0.0125650421156888,0.0160872937138041,1000
sp12,180,predation.predPrey.sizeRatio.teta.sp8.stage1,-0.00117530397037177,0.0131062116421791,0.0167023352715675,1000
sp12,181,predation.predPrey.sizeRatio.alpha.sp8.stage1,-0.000294051108602733,0.0136920817459404,0.0177976079223368,1000
sp12,182,predation.predPrey.sizeRatio.teta.sp9.stage1,-0.000278224177921805,0.0128362355204321,0.0164828904621137,1000
sp12,183,predation.predPrey.sizeRatio.alpha.sp9.stage1,0.00253306948146278,0.0610025708064836,0.0715895231256114,1000
sp12,184,predation.predPrey.sizeRatio.teta.sp10.stage1,-9.15391537539688e-05,0.0130639641384259,0.0171663637724918,1000
sp12,185,predation.predPrey.sizeRatio.alpha.sp10.stage1,-0.000411880787727694,0.022486238230798,0.030017778535733,1000
sp12,186,predation.predPrey.sizeRatio.teta.sp11.stage1,0.00013185957612394,0.0167713391310105,0.0211323896462027,1000
sp12,187,predation.predPrey.sizeRatio.alpha.sp11.stage1,-0.000403737642106624,0.0136129138516474,0.0177528122560213,1000
sp12,188,predation.predPrey.sizeRatio.teta.sp12.stage1,3.8094634315255e-05,0.0288117723181657,0.0355272057415225,1000
sp12,189,predation.predPrey.sizeRatio.alpha.sp12.stage1,-3.93648415422862e-05,0.0346307052763219,0.0440197201936057,1000
sp12,190,predation.predPrey.sizeRatio.teta.sp13.stage1,-0.000583631919005222,0.0127956911058485,0.016353806626566,1000
sp12,191,predation.predPrey.sizeRatio.alpha.sp13.stage1,-0.00117269285216797,0.0228000609652164,0.029719037090151,1000
sp12,192,predation.predPrey.sizeRatio.teta.sp14.stage1,0.00122641832026119,0.0122574999924882,0.015856690459308,1000
sp12,193,predation.predPrey.sizeRatio.alpha.sp14.stage1,0.000628310264624513,0.012842874607577,0.0166868430781405,1000
sp12,194,predation.predPrey.sizeRatio.teta.sp15.stage1,-0.000217504532220406,0.0127280100152364,0.0165387500345407,1000
sp12,195,predation.predPrey.sizeRatio.alpha.sp15.stage1,0.00048878674514208,0.0214915178904239,0.0274074826014174,1000
sp13,1,mortality.additional.rate.sp0,-0.000424606556106089,0.0235539927485517,0.041162548723783,1000
sp13,2,mortality.additional.rate.sp1,0.00148957673347927,0.0228484880328739,0.0389101609022814,1000
sp13,3,mortality.additional.rate.sp2,0.00111260825675347,0.0229765466963012,0.0399753346625334,1000
sp13,4,mortality.additional.rate.sp3,0.00166888409016171,0.0220195326713377,0.0385176290195547,1000
sp13,5,mortality.additional.rate.sp4,-0.00157799981518276,0.0221330053966161,0.040055634146353,1000
sp13,6,mortality.additional.rate.sp5,0.00152517788854196,0.0230843356389864,0.0414373099113757,1000
sp13,7,mortality.additional.rate.sp6,-0.00136613459140528,0.0207944328683413,0.0352560441534564,1000
sp13,8,mortality.additional.rate.sp7,-0.00104817583358967,0.0214347587208179,0.037136308677049,1000
sp13,9,mortality.additional.rate.sp8,-0.00218851301710378,0.0223730860514633,0.0396370144693766,1000
sp13,10,mortality.additional.rate.sp9,6.04720347257301e-06,0.0222063527908731,0.0375551913012091,1000
sp13,11,mortality.additional.rate.sp10,0.000350388642821385,0.0212267611044457,0.0368136964335708,1000
sp13,12,mortality.additional.rate.sp11,-0.000715326199668713,0.0219144421517259,0.0367158914431277,1000
sp13,13,mortality.additional.rate.sp12,0.00254827614047796,0.0230933003643412,0.0423967073932389,1000
sp13,14,mortality.additional.rate.sp13,-0.000411222300911621,0.0221630139357501,0.0386223687428089,1000
sp13,15,mortality.additional.rate.sp14,0.000288730195911079,0.0206573854152321,0.0345564287289334,1000
sp13,16,mortality.additional.rate.sp15,-0.00045918220111628,0.0227834663733446,0.0392559295291949,1000
sp13,17,fisheries.rate.base.fsh0,-0.00275055063901194,0.0914429677229011,0.14859324110363,1000
sp13,18,fisheries.rate.base.fsh1,-3.65337653704897e-05,0.0236679383471842,0.0387750716930114,1000
sp13,19,fisheries.rate.base.fsh2,0.000484567849873328,0.0209937349310063,0.0363149927004152,1000
sp13,20,fisheries.rate.base.fsh3,-0.00225958103971046,0.0223509807222949,0.0385374341215183,1000
sp13,21,species.catchability.fsh0.sp0,0.000741606862162728,0.0225864370476084,0.0398808865561184,1000
sp13,22,species.catchability.fsh0.sp1,-0.00016890711802814,0.0224588808345598,0.0386107194091521,1000
sp13,23,species.catchability.fsh0.sp2,-0.000649609598347318,0.0222319902660274,0.0373309802834124,1000
sp13,24,species.catchability.fsh0.sp3,-0.000467737794549363,0.0215223064179557,0.0352066458789308,1000
sp13,25,species.catchability.fsh0.sp5,0.00118030539688105,0.0199119953799388,0.0333442786544859,1000
sp13,26,species.catchability.fsh0.sp7,-0.00213624569019827,0.0227972440554814,0.0394541589649185,1000
sp13,27,species.catchability.fsh0.sp8,-0.00237318916282027,0.0212898131057791,0.0361647090502077,1000
sp13,28,species.catchability.fsh0.sp9,0.000326406021812715,0.0217912733607569,0.0396639301700202,1000
sp13,29,species.catchability.fsh0.sp10,0.000144486605395022,0.0222263271224855,0.037712093217007,1000
sp13,30,species.catchability.fsh0.sp13,-0.00550340340671285,0.0840281466834709,0.136782406991214,1000
sp13,31,species.catchability.fsh0.sp14,-4.11765811601219e-05,0.0219480230552047,0.0364236155377952,1000
sp13,32,species.catchability.fsh0.sp15,0.000197304312437664,0.0223371340234769,0.0389778096965997,1000
sp13,33,species.catchability.fsh1.sp9,-0.000141759528292484,0.0225434797798704,0.0392340609069843,1000
sp13,34,species.catchability.fsh1.sp10,0.000789660046053518,0.0234924507899929,0.0413923681119639,1000
sp13,35,species.catchability.fsh1.sp11,-0.000560282656533866,0.0227166867246359,0.0413885768556575,1000
sp13,36,species.catchability.fsh1.sp12,0.000350051602547717,0.0217450631347413,0.0373411482817851,1000
sp13,37,species.catchability.fsh2.sp0,0.00120518403835115,0.0206114906493339,0.0349576664423574,1000
sp13,38,species.catchability.fsh2.sp5,-0.00233017975321845,0.0227530259390728,0.0393031159559141,1000
sp13,39,species.catchability.fsh2.sp7,-0.00206575997734924,0.0236229943542192,0.0422485784388807,1000
sp13,40,species.catchability.fsh2.sp8,-0.00204851354963149,0.0203929284704391,0.0347618555734069,1000
sp13,41,species.catchability.fsh3.sp0,0.000647188717478089,0.0214063457222992,0.0367576387609684,1000
sp13,42,species.catchability.fsh3.sp1,0.000170717223603603,0.0222117547967194,0.0391267632419271,1000
sp13,43,species.catchability.fsh3.sp2,-0.000634041000220474,0.0227597232083332,0.0399706149130058,1000
sp13,44,species.catchability.fsh3.sp3,0.00120220185226722,0.0216351504839594,0.0385916699890885,1000
sp13,45,species.catchability.fsh3.sp5,0.00096319026086719,0.0238803003956614,0.0392529804654702,1000
sp13,46,species.catchability.fsh3.sp7,0.000578618968068602,0.0212132098345783,0.0363675215911226,1000
sp13,47,species.catchability.fsh3.sp8,0.00101007603596938,0.0214767265058354,0.0359815001664477,1000
sp13,48,species.catchability.fsh3.sp9,-0.000934483599517376,0.0220378402248787,0.0412009972088337,1000
sp13,49,species.catchability.fsh3.sp10,-0.000393487453367643,0.0214619080324814,0.0363721269802554,1000
sp13,50,species.catchability.fsh3.sp11,0.000388488305878321,0.021834892254709,0.0352490696927478,1000
sp13,51,species.catchability.fsh3.sp12,-0.000682275404059911,0.021487003174955,0.0369769203059468,1000
sp13,52,species.catchability.fsh3.sp13,0.00152686122806255,0.0232185476711121,0.0414511443720062,1000
sp13,53,species.catchability.fsh3.sp14,0.000877378052611968,0.0225847798769056,0.0370597543168164,1000
sp13,54,species.catchability.fsh3.sp15,-0.00126277329336991,0.0210247222393281,0.0373529426464601,1000
sp13,55,species.length2weight.condition.factor.sp0,0.000562092577086016,0.023521396218981,0.039930319145266,1000
sp13,56,species.length2weight.condition.factor.sp1,-0.00274065027770307,0.0233321499422138,0.0393475280164219,1000
sp13,57,species.length2weight.condition.factor.sp2,0.000875913612114906,0.0216240602296853,0.0364089655071894,1000
sp13,58,species.length2weight.condition.factor.sp3,0.00167534563900524,0.0215130526421853,0.0358924688525242,1000
sp13,59,species.length2weight.condition.factor.sp4,-0.00171628771517593,0.0279074430119299,0.0441387182963558,1000
sp13,60,species.length2weight.condition.factor.sp5,0.00148951470551209,0.0222117491718722,0.0373096479205546,1000
sp13,61,species.length2weight.condition.factor.sp6,0.000673781348526431,0.0216742282995692,0.0367893637804321,1000
sp13,62,species.length2weight.condition.factor.sp7,-0.000781820584495127,0.0223336786308496,0.040387743104464,1000
sp13,63,species.length2weight.condition.factor.sp8,0.000414938758454407,0.0205776988406232,0.0366158205459531,1000
sp13,64,species.length2weight.condition.factor.sp9,0.000610231891407446,0.022895727709089,0.0398978299151897,1000
sp13,65,species.length2weight.condition.factor.sp10,2.42737510125042e-05,0.0220034261313661,0.0383388144127141,1000
sp13,66,species.length2weight.condition.factor.sp11,-0.00116279456271119,0.0215475587345104,0.0370156785083756,1000
sp13,67,species.length2weight.condition.factor.sp12,0.000282766350720114,0.0221616349333383,0.0376071686315717,1000
sp13,68,species.length2weight.condition.factor.sp13,-0.000481435305700077,0.0242798671196266,0.0411540017294344,1000
sp13,69,species.length2weight.condition.factor.sp14,3.92417408489532e-05,0.0215935525449458,0.0371428582037214,1000
sp13,70,species.length2weight.condition.factor.sp15,-0.00140540427938887,0.0237833147059614,0.0404848115192972,1000
sp13,71,species.k.sp0,0.000450276809694294,0.0326802119980659,0.0573888727798869,1000
sp13,72,species.k.sp1,-0.00054231569170743,0.0215231676850463,0.036629905052264,1000
sp13,73,species.k.sp2,-0.00112290047603658,0.0234316244168035,0.0414040926454891,1000
sp13,74,species.k.sp3,-0.000258834920465228,0.0240611256023761,0.0444476588393131,1000
sp13,75,species.k.sp4,0.000556788075294974,0.0326076093059104,0.0549866328829005,1000
sp13,76,species.k.sp5,0.00103609562203868,0.023035579688,0.0419444552171595,1000
sp13,77,species.k.sp6,0.00202587658646666,0.0227050789396464,0.0400111460845513,1000
sp13,78,species.k.sp7,-5.16715615672203e-05,0.0208891256356641,0.0369038991825427,1000
sp13,79,species.k.sp8,-0.00148434303955931,0.0211201789068444,0.0357697934187347,1000
sp13,80,species.k.sp9,-0.00437714742088428,0.0406748554083525,0.0628280597309832,1000
sp13,81,species.k.sp10,0.0013287877593209,0.021185193657871,0.0359585612044626,1000
sp13,82,species.k.sp11,-0.000205773628016894,0.0213403315373756,0.0360887681103612,1000
sp13,83,species.k.sp12,0.000925380024497937,0.0229689847940506,0.0393990108905378,1000
sp13,84,species.k.sp13,0.00202646514946569,0.37362469087276,0.492245859795148,1000
sp13,85,species.k.sp14,-0.000532970709680564,0.0222158155057656,0.0370405037240031,1000
sp13,86,species.k.sp15,0.000361069754766435,0.0212276065925326,0.0379340698292509,1000
sp13,87,species.l0.sp0,-0.00127329186231367,0.0233321632857152,0.0405798121366212,1000
sp13,88,species.l0.sp1,0.00212246566651039,0.0229187537615283,0.0395459617228057,1000
sp13,89,species.l0.sp2,0.00127526975103346,0.0243015340984715,0.039940112022641,1000
sp13,90,species.l0.sp3,-0.000779559034868752,0.0242292454943984,0.0417541131661149,1000
sp13,91,species.l0.sp4,-0.00202215115884859,0.032794031909138,0.0546495207303725,1000
sp13,92,species.l0.sp5,-0.00219953993115035,0.0232790063249574,0.041429302573957,1000
sp13,93,species.l0.sp6,-0.0027931441655932,0.0213733909280385,0.0389893126802348,1000
sp13,94,species.l0.sp7,-0.000315747362885577,0.0215747637494107,0.0368338652315741,1000
sp13,95,species.l0.sp8,0.000251498708971704,0.0217229308353095,0.0363208465357252,1000
sp13,96,species.l0.sp9,-0.000895175612993532,0.0311352581863808,0.0513966874722933,1000
sp13,97,species.l0.sp10,-5.14533253188082e-05,0.0222040810866741,0.0364203140077675,1000
sp13,98,species.l0.sp11,-0.000938268355449096,0.0213433410822809,0.0380499656891056,1000
sp13,99,species.l0.sp12,-0.000331448720842348,0.0229997719221327,0.0400746627021313,1000
sp13,100,species.l0.sp13,0.000689241969915631,0.0215685469247779,0.0356476239861935,1000
sp13,101,species.l0.sp14,0.00231458855779418,0.0201226317118373,0.0344429285455444,1000
sp13,102,species.l0.sp15,-0.000875322897205012,0.0209068001520914,0.0378131492126976,1000
sp13,103,mortality.additional.larva.rate.sp0,-0.00243971741518942,0.0327788474307163,0.0587628453398477,1000
sp13,104,mortality.additional.larva.rate.sp1,0.000331742402307604,0.0209828334633246,0.0344894919926855,1000
sp13,105,mortality.additional.larva.rate.sp2,0.00286622361091151,0.0453092724360452,0.0738049773621083,1000
sp13,106,mortality.additional.larva.rate.sp3,-0.00277104105664067,0.0313352621821875,0.0532408318387309,1000
sp13,107,mortality.additional.larva.rate.sp4,0.000580978590433003,0.0228326301877081,0.0396430150047164,1000
sp13,108,mortality.additional.larva.rate.sp5,0.00183385179953825,0.0210908538874843,0.0384825902635594,1000
sp13,109,mortality.additional.larva.rate.sp6,-0.00181168311102174,0.0239269661870581,0.0398370530671317,1000
sp13,110,mortality.additional.larva.rate.sp9,0.000462134085045208,0.0392887848344364,0.0598156664381392,1000
sp13,111,mortality.additional.larva.rate.sp10,0.00112396749903122,0.0228161865820609,0.0396499047918567,1000
sp13,112,mortality.additional.larva.rate.sp11,-0.00182168510484519,0.0245455315583914,0.0457837539273109,1000
sp13,113,mortality.additional.larva.rate.sp12,0.00061937919741171,0.027747994183257,0.0465094249517816,1000
sp13,114,mortality.additional.larva.rate.sp13,-0.000106272185640406,0.0212794834380224,0.0377884694160916,1000
sp13,115,mortality.additional.larva.rate.sp14,-0.00150871159965258,0.0231186657385333,0.039553233014495,1000
sp13,116,mortality.additional.larva.rate.sp15,0.000487309422244418,0.0225843252192726,0.0385501707051464,1000
sp13,117,mortality.additional.larva.rate.mean.sp7,-0.000376033704950829,0.0234664464548791,0.0413287066879183,1000
sp13,118,mortality.additional.larva.rate.mean.sp8,0.00134527103163678,0.021728303856344,0.0380310542296796,1000
sp13,119,species.linf.sp0,-0.00243923612936858,0.0348729542321423,0.0646622515307867,1000
sp13,120,species.linf.sp1,0.00287891627335481,0.0218426902630158,0.0368767081648079,1000
sp13,121,species.linf.sp2,-0.00177762225957062,0.0416821479111926,0.0680360779711449,1000
sp13,122,species.linf.sp3,0.000453661256468984,0.0294887544429204,0.0502381651922403,1000
sp13,123,species.linf.sp4,-0.00136726223783674,0.0539324421174974,0.0969708856421806,1000
sp13,124,species.linf.sp5,-0.00139977859588741,0.0257732063599403,0.0414768122099966,1000
sp13,125,species.linf.sp6,-0.00104008638767484,0.0225906130876805,0.0404344617113955,1000
sp13,126,species.linf.sp7,0.000505587617518217,0.0238220696560924,0.0410969868454635,1000
sp13,127,species.linf.sp8,0.00129715890597983,0.0219841760495587,0.0371408659947734,1000
sp13,128,species.linf.sp9,-0.000211970293488304,0.0932145992895721,0.12788507333235,1000
sp13,129,species.linf.sp10,-0.000801695095485597,0.0223945139724967,0.0413198297366961,1000
sp13,130,species.linf.sp11,0.000173992958302959,0.0233225240118082,0.03924293956957,1000
sp13,131,species.linf.sp12,0.00197757243361647,0.0247203892049636,0.0450697037541284,1000
sp13,132,species.linf.sp13,-0.00716365925545184,0.312403850849866,0.433367518030138,1000
sp13,133,species.linf.sp14,1.02722744288647e-05,0.0233682183859664,0.0400674125862834,1000
sp13,134,species.linf.sp15,0.00234131209605955,0.0225186348418332,0.0395263005465377,1000
sp13,135,species.accessibility2fish.sp16,0.000677746746234391,0.0229456186948267,0.0379920819460087,1000
sp13,136,species.accessibility2fish.sp17,-0.000691913104550317,0.0210682725028887,0.0356235560651176,1000
sp13,137,species.accessibility2fish.sp18,-0.0001623045276312,0.021613669583146,0.0363821402517525,1000
sp13,138,species.accessibility2fish.sp19,-0.000413058225361165,0.0232603429016457,0.0424151299865049,1000
sp13,139,species.accessibility2fish.sp20,-0.000300612025257102,0.0225826783822055,0.0379203431414006,1000
sp13,140,species.accessibility2fish.sp21,0.00392993953765645,0.0367810801122379,0.0722061602962075,1000
sp13,141,species.accessibility2fish.sp22,-0.000996942250644735,0.0221950830211719,0.0376190261685446,1000
sp13,142,species.accessibility2fish.sp23,-0.00158718908685578,0.0221809556769504,0.0404838446956899,1000
sp13,143,species.accessibility2fish.sp24,0.000753876312145814,0.0225025034034259,0.0373221956606209,1000
sp13,144,species.accessibility2fish.sp25,0.000812752082999053,0.0202785901647633,0.0341246089178186,1000
sp13,145,species.accessibility2fish.sp26,0.00102125717936971,0.0219997240166328,0.0382302718151717,1000
sp13,146,species.maturity.size.ratio.sp0,0.00163014741068603,0.0346962831195406,0.0628967166697333,1000
sp13,147,species.maturity.size.ratio.sp1,0.000778510374259419,0.022815085153057,0.0395228860804355,1000
sp13,148,species.maturity.size.ratio.sp2,0.00034795673710999,0.0226653275426773,0.0407277252278759,1000
sp13,149,species.maturity.size.ratio.sp3,-0.00232709909858827,0.0230555884204447,0.0383567764632846,1000
sp13,150,species.maturity.size.ratio.sp4,-0.000757933010176469,0.0271021473138377,0.043440753452244,1000
sp13,151,species.maturity.size.ratio.sp5,0.000305050358899901,0.0226041871000727,0.0388952451178099,1000
sp13,152,species.maturity.size.ratio.sp6,0.000360854375930982,0.0211415163201867,0.0361040245354563,1000
sp13,153,species.maturity.size.ratio.sp7,-0.00240272101047519,0.0236521608827902,0.0415137162735555,1000
sp13,154,species.maturity.size.ratio.sp8,0.00116932716787027,0.0229262663633184,0.039264989186464,1000
sp13,155,species.maturity.size.ratio.sp9,-0.00180696345802888,0.0220165687046689,0.0383604237085905,1000
sp13,156,species.maturity.size.ratio.sp10,-0.000158900612111429,0.0235485792389946,0.0396526084765341,1000
sp13,157,species.maturity.size.ratio.sp11,0.000367006379496193,0.0219420186441623,0.0363248987937537,1000
sp13,158,species.maturity.size.ratio.sp12,0.000250788292161673,0.0230863752200784,0.0423370229513363,1000
sp13,159,species.maturity.size.ratio.sp13,-0.00304550091327612,0.400129837490002,0.51590416197437,1000
sp13,160,species.maturity.size.ratio.sp14,-0.00324896943953689,0.0218532554634474,0.0340842790856124,1000
sp13,161,species.maturity.size.ratio.sp15,0.00154517163304103,0.0214584248788452,0.0367873836700317,1000
sp13,162,predation.predPrey.sizeRatio.teta.sp0.stage1,0.000470108334238172,0.0212365341224652,0.0345514673645479,1000
sp13,163,predation.predPrey.sizeRatio.alpha.sp0.stage1,0.000843819683147098,0.023719020554821,0.0394285368389724,1000
sp13,164,predation.predPrey.sizeRatio.teta.sp1.stage1,-0.000296049559414867,0.0202089028881817,0.0363994244806607,1000
sp13,165,predation.predPrey.sizeRatio.alpha.sp1.stage1,0.000927159656668041,0.0204303258674352,0.0345830843248012,1000
sp13,166,predation.predPrey.sizeRatio.teta.sp2.stage1,0.000116453719460249,0.0221380692633854,0.0384515665077068,1000
sp13,167,predation.predPrey.sizeRatio.alpha.sp2.stage1,0.00124026853489811,0.0230131750158204,0.0411349935837213,1000
sp13,168,predation.predPrey.sizeRatio.teta.sp3.stage1,3.59787979332628e-05,0.0218354202938681,0.036647752945117,1000
sp13,169,predation.predPrey.sizeRatio.alpha.sp3.stage1,0.000163691039754799,0.0263081583432816,0.0448680689182193,1000
sp13,170,predation.predPrey.sizeRatio.teta.sp4.stage1,0.00129958969648622,0.0231093293375404,0.039290450733632,1000
sp13,171,predation.predPrey.sizeRatio.alpha.sp4.stage1,0.000955839338959905,0.0368216290190885,0.0630392508791488,1000
sp13,172,predation.predPrey.sizeRatio.teta.sp5.stage1,-0.000277386034323064,0.0228639491515714,0.0395516206438059,1000
sp13,173,predation.predPrey.sizeRatio.teta.sp5.stage2,0.000120028590335875,0.0222944088779698,0.037327087604581,1000
sp13,174,predation.predPrey.sizeRatio.alpha.sp5.stage1,0.00116190725286288,0.0221016758958171,0.0382811940483605,1000
sp13,175,predation.predPrey.sizeRatio.alpha.sp5.stage2,0.00044288084459933,0.0223306705583254,0.0375063788525373,1000
sp13,176,predation.predPrey.sizeRatio.teta.sp6.stage1,-0.0018185821555801,0.0218760049914225,0.03905556445384,1000
sp13,177,predation.predPrey.sizeRatio.alpha.sp6.stage1,0.00175734974021711,0.0223937091630236,0.0386735301271098,1000
sp13,178,predation.predPrey.sizeRatio.teta.sp7.stage1,0.000583713006466546,0.0219697959021376,0.0392281896424588,1000
sp13,179,predation.predPrey.sizeRatio.alpha.sp7.stage1,-0.0014362105025995,0.021057108975065,0.0382963866210577,1000
sp13,180,predation.predPrey.sizeRatio.teta.sp8.stage1,0.00219627678613498,0.0233500284244714,0.0466526815523601,1000
sp13,181,predation.predPrey.sizeRatio.alpha.sp8.stage1,0.000725057280826353,0.0232777142490781,0.039689242911974,1000
sp13,182,predation.predPrey.sizeRatio.teta.sp9.stage1,3.17781963674979e-05,0.0222683208339135,0.037459259237331,1000
sp13,183,predation.predPrey.sizeRatio.alpha.sp9.stage1,-0.00208444565652128,0.0289842652423511,0.0488112295084167,1000
sp13,184,predation.predPrey.sizeRatio.teta.sp10.stage1,-0.000459629364184481,0.0218731903607666,0.0367936436136964,1000
sp13,185,predation.predPrey.sizeRatio.alpha.sp10.stage1,0.00259684194739931,0.0235994210712156,0.0439943756718468,1000
sp13,186,predation.predPrey.sizeRatio.teta.sp11.stage1,0.00021511953429006,0.0210327428108642,0.0352875469902211,1000
sp13,187,predation.predPrey.sizeRatio.alpha.sp11.stage1,0.00200026370595874,0.0233427725624282,0.0391467037589825,1000
sp13,188,predation.predPrey.sizeRatio.teta.sp12.stage1,-0.0009742285584122,0.0230763149360988,0.0407636333424238,1000
sp13,189,predation.predPrey.sizeRatio.alpha.sp12.stage1,-0.00108203458595952,0.0244142656774939,0.0427775735092849,1000
sp13,190,predation.predPrey.sizeRatio.teta.sp13.stage1,-4.45867261280969e-05,0.0301738197849784,0.0496638204910191,1000
sp13,191,predation.predPrey.sizeRatio.alpha.sp13.stage1,0.0171437025948219,0.197881075191316,0.291151527286367,1000
sp13,192,predation.predPrey.sizeRatio.teta.sp14.stage1,0.000109687353610282,0.0216078922046482,0.0352369085320189,1000
sp13,193,predation.predPrey.sizeRatio.alpha.sp14.stage1,0.00103520623784762,0.0233069460776342,0.0404015930150626,1000
sp13,194,predation.predPrey.sizeRatio.teta.sp15.stage1,-0.000917592438211205,0.0229091571565516,0.0395874862367207,1000
sp13,195,predation.predPrey.sizeRatio.alpha.sp15.stage1,-2.96370718149528e-05,0.0208671478597173,0.0343225094156094,1000
sp14,1,mortality.additional.rate.sp0,0.000193519030835995,0.00666710716975058,0.00899434501457169,1000
sp14,2,mortality.additional.rate.sp1,-5.00716539644966e-05,0.00676794784697885,0.00916385318734421,1000
sp14,3,mortality.additional.rate.sp2,0.000614106993946534,0.00805499332332779,0.0111175150356252,1000
sp14,4,mortality.additional.rate.sp3,9.3475747860182e-05,0.00712150139148322,0.00967224897979453,1000
sp14,5,mortality.additional.rate.sp4,-0.000276277719614029,0.00667641228674719,0.00901206703501353,1000
sp14,6,mortality.additional.rate.sp5,0.000607310718277849,0.00766155235780593,0.0106417097324542,1000
sp14,7,mortality.additional.rate.sp6,-0.00031476545440128,0.00659885372688859,0.009023341900428,1000
sp14,8,mortality.additional.rate.sp7,-5.88185952841321e-05,0.0067177794925057,0.00892362081405903,1000
sp14,9,mortality.additional.rate.sp8,0.000509927933695846,0.00652220414737185,0.00865776926304192,1000
sp14,10,mortality.additional.rate.sp9,0.000482125681967063,0.00681624193105092,0.00908127149221654,1000
sp14,11,mortality.additional.rate.sp10,0.000336854655584899,0.00658526384647283,0.00894262894654322,1000
sp14,12,mortality.additional.rate.sp11,-0.000420387889844651,0.00675005547380155,0.00910691715980488,1000
sp14,13,mortality.additional.rate.sp12,-9.4657950431563e-05,0.00666876279915676,0.00916418154643844,1000
sp14,14,mortality.additional.rate.sp13,-0.000458606600104833,0.00678819646027283,0.00910652374751992,1000
sp14,15,mortality.additional.rate.sp14,-0.000390805780803825,0.00733730106132508,0.00984198265072291,1000
sp14,16,mortality.additional.rate.sp15,7.24838660685798e-05,0.00712545988118098,0.00967353650313447,1000
sp14,17,fisheries.rate.base.fsh0,-0.00400618510579348,0.139450924409091,0.156371750697513,1000
sp14,18,fisheries.rate.base.fsh1,-0.000419784532050684,0.00806602901702119,0.0106292438732838,1000
sp14,19,fisheries.rate.base.fsh2,0.000183142471321831,0.00684493894924368,0.00932464466196442,1000
sp14,20,fisheries.rate.base.fsh3,0.00010770983213464,0.00946035288548714,0.0122124993175596,1000
sp14,21,species.catchability.fsh0.sp0,0.00027406720576823,0.0103760792747869,0.0145350336937748,1000
sp14,22,species.catchability.fsh0.sp1,-0.00065606453643889,0.00670248794027231,0.0090370551793587,1000
sp14,23,species.catchability.fsh0.sp2,-0.000460689368089057,0.00717570220496664,0.00971656718907717,1000
sp14,24,species.catchability.fsh0.sp3,0.000523693985991139,0.0084429067234418,0.0113634988577057,1000
sp14,25,species.catchability.fsh0.sp5,0.0001476337802651,0.0070649048297318,0.00959036166575413,1000
sp14,26,species.catchability.fsh0.sp7,-0.000352299357612349,0.00722106684400072,0.00981480725926316,1000
sp14,27,species.catchability.fsh0.sp8,5.7283660112387e-05,0.0071206352189558,0.00976881189695161,1000
sp14,28,species.catchability.fsh0.sp9,4.52088282243912e-05,0.00695869241057004,0.00951641035320242,1000
sp14,29,species.catchability.fsh0.sp10,0.000134935193679443,0.00690767730728298,0.00941727483019409,1000
sp14,30,species.catchability.fsh0.sp13,-7.96171287813968e-05,0.00668672611470791,0.00903460924963975,1000
sp14,31,species.catchability.fsh0.sp14,0.00268641869347814,0.135159264718553,0.150747101412721,1000
sp14,32,species.catchability.fsh0.sp15,-0.000430284422620828,0.00659815441699399,0.00898031902402083,1000
sp14,33,species.catchability.fsh1.sp9,5.69006972517806e-05,0.00691278240562318,0.00933106647494762,1000
sp14,34,species.catchability.fsh1.sp10,0.000276880958051601,0.0069209119656077,0.00912718749748599,1000
sp14,35,species.catchability.fsh1.sp11,0.000211901040691828,0.00639804728732335,0.00869113349902602,1000
sp14,36,species.catchability.fsh1.sp12,4.66307482076973e-05,0.00712851691902819,0.00974063663980203,1000
sp14,37,species.catchability.fsh2.sp0,-0.00024338562985577,0.00685661676120353,0.00910184802809873,1000
sp14,38,species.catchability.fsh2.sp5,4.86010284240413e-05,0.00689813527931812,0.00944307927638818,1000
sp14,39,species.catchability.fsh2.sp7,-0.000145707138944963,0.00677191816606586,0.00941014821087115,1000
sp14,40,species.catchability.fsh2.sp8,-0.000100156035325637,0.00687872122313056,0.00942921683172816,1000
sp14,41,species.catchability.fsh3.sp0,0.000171040425704339,0.00695445736902981,0.00933978621190637,1000
sp14,42,species.catchability.fsh3.sp1,-0.000632340363011579,0.00692201430362297,0.00947153653124678,1000
sp14,43,species.catchability.fsh3.sp2,-0.000151652385507064,0.00663196967042601,0.00900679784083942,1000
sp14,44,species.catchability.fsh3.sp3,-0.000171049633397186,0.00672435236842241,0.00896778551000926,1000
sp14,45,species.catchability.fsh3.sp5,-0.000236272768758628,0.00678268835914929,0.00915896761805209,1000
sp14,46,species.catchability.fsh3.sp7,-0.000619113039552781,0.00672654595845442,0.00899945794697651,1000
sp14,47,species.catchability.fsh3.sp8,0.000148377708316953,0.00675937016347011,0.00908436512554595,1000
sp14,48,species.catchability.fsh3.sp9,-0.000282076550230899,0.00699300811627177,0.009665060148106,1000
sp14,49,species.catchability.fsh3.sp10,-0.000275825826313039,0.00663031713398336,0.00902008517983409,1000
sp14,50,species.catchability.fsh3.sp11,2.45539194038265e-05,0.00668554333383636,0.0092657220919851,1000
sp14,51,species.catchability.fsh3.sp12,0.000134902159355052,0.00660389497237525,0.00887962042901913,1000
sp14,52,species.catchability.fsh3.sp13,0.000196442640899189,0.00690656180687183,0.00949689366107888,1000
sp14,53,species.catchability.fsh3.sp14,0.000112496513888522,0.00940133498524196,0.0123983910978823,1000
sp14,54,species.catchability.fsh3.sp15,0.000118764760720123,0.00677711272410511,0.009181943911677,1000
sp14,55,species.length2weight.condition.factor.sp0,-0.000349239132487665,0.013783991231536,0.0200975754957975,1000
sp14,56,species.length2weight.condition.factor.sp1,-0.000281509883431321,0.00683756542456599,0.00914333516880858,1000
sp14,57,species.length2weight.condition.factor.sp2,-0.000532619133319388,0.00814421633522997,0.011267658086338,1000
sp14,58,species.length2weight.condition.factor.sp3,0.000625398139240638,0.00907191872896956,0.0122228966133858,1000
sp14,59,species.length2weight.condition.factor.sp4,8.77940781439391e-05,0.0074138513441884,0.0101374978060137,1000
sp14,60,species.length2weight.condition.factor.sp5,-0.000148359777756039,0.00659154424473238,0.00890519733565422,1000
sp14,61,species.length2weight.condition.factor.sp6,0.000168605003857801,0.00686363497865938,0.00933228684234871,1000
sp14,62,species.length2weight.condition.factor.sp7,0.000325051984830923,0.00675378209780098,0.00917263902142639,1000
sp14,63,species.length2weight.condition.factor.sp8,0.000418486033399067,0.00704775104743891,0.00951669756704652,1000
sp14,64,species.length2weight.condition.factor.sp9,-0.000259113730012567,0.00723764862031738,0.00993020322322799,1000
sp14,65,species.length2weight.condition.factor.sp10,-7.37242641389499e-06,0.00682068435570903,0.00916821334436776,1000
sp14,66,species.length2weight.condition.factor.sp11,0.000308262954871885,0.00688313697866306,0.00914257680500025,1000
sp14,67,species.length2weight.condition.factor.sp12,8.39687124755545e-05,0.00708336511132367,0.00949715245624682,1000
sp14,68,species.length2weight.condition.factor.sp13,0.000364328030961477,0.00684069743858627,0.00930904376935718,1000
sp14,69,species.length2weight.condition.factor.sp14,-0.00200907893591774,0.04072009349315,0.0485993958300844,1000
sp14,70,species.length2weight.condition.factor.sp15,-0.000277368169891422,0.00700933277678981,0.0094060083388465,1000
sp14,71,species.k.sp0,-0.00107157826829035,0.0314884357320772,0.0501289317149213,1000
sp14,72,species.k.sp1,0.000660954345021822,0.00704940733988174,0.0095976161554964,1000
sp14,73,species.k.sp2,0.000450812787989425,0.0133800255220679,0.0180751732119637,1000
sp14,74,species.k.sp3,-6.45384088423422e-05,0.0134452105907789,0.0186692654760207,1000
sp14,75,species.k.sp4,-0.00116433510319391,0.0247227437590964,0.0293897660712773,1000
sp14,76,species.k.sp5,0.000204673996789024,0.00794342576438252,0.0107416662426554,1000
sp14,77,species.k.sp6,0.000811672054523359,0.0101959262172499,0.0127920975979734,1000
sp14,78,species.k.sp7,-0.000299519462029469,0.00692888050287586,0.00948417380908773,1000
sp14,79,species.k.sp8,-0.000345347740259281,0.00886699805608964,0.0117856575542573,1000
sp14,80,species.k.sp9,-5.84430630104563e-05,0.010404371296017,0.0137507828346832,1000
sp14,81,species.k.sp10,0.000267816157143748,0.00727556271979393,0.00966263684850896,1000
sp14,82,species.k.sp11,0.000245708131556029,0.00722790518970261,0.00974330476519807,1000
sp14,83,species.k.sp12,5.73475891156979e-05,0.00717954624092391,0.0096961761209376,1000
sp14,84,species.k.sp13,-0.00017525011017977,0.020453826608857,0.0278109488639031,1000
sp14,85,species.k.sp14,-0.00181786371750638,0.141293802714545,0.151335595014119,1000
sp14,86,species.k.sp15,0.000260067333229871,0.00699632001098326,0.00935568145670084,1000
sp14,87,species.l0.sp0,3.3186631524765e-05,0.0105063838805944,0.0158928986094412,1000
sp14,88,species.l0.sp1,0.000503670426507345,0.00673232647154196,0.00887279896845988,1000
sp14,89,species.l0.sp2,-0.000447743898789626,0.01262541380159,0.0169895550299367,1000
sp14,90,species.l0.sp3,-6.34840599953276e-05,0.0089660643121642,0.0123823075453698,1000
sp14,91,species.l0.sp4,-0.000209988978407858,0.0145071294043294,0.0178882905828463,1000
sp14,92,species.l0.sp5,-0.000428237433586653,0.00713551851991421,0.00982364338833286,1000
sp14,93,species.l0.sp6,-0.00043567401553956,0.008214805951156,0.0108871303968093,1000
sp14,94,species.l0.sp7,0.000179332605476981,0.00682855590749896,0.00942770096530959,1000
sp14,95,species.l0.sp8,0.00027829987000967,0.00712284746225381,0.00971626491036158,1000
sp14,96,species.l0.sp9,-0.000534463772358756,0.00803538604846037,0.0107932263052242,1000
sp14,97,species.l0.sp10,9.74290631413681e-05,0.00841413515622929,0.0112579914497379,1000
sp14,98,species.l0.sp11,-0.000488345521272014,0.00698524036820514,0.00935840778292307,1000
sp14,99,species.l0.sp12,5.84352057731356e-05,0.00706507888938245,0.00953040477840339,1000
sp14,100,species.l0.sp13,0.000268723907925929,0.00669941956213934,0.00909457408965124,1000
sp14,101,species.l0.sp14,0.000653699315173934,0.00666733560752009,0.00898507784958654,1000
sp14,102,species.l0.sp15,-0.000205872806942931,0.0067156503383603,0.00894055204960484,1000
sp14,103,mortality.additional.larva.rate.sp0,0.00167489299886772,0.034648967355259,0.0560478168858119,1000
sp14,104,mortality.additional.larva.rate.sp1,-0.000298301291570292,0.0068046829323053,0.00922326259885703,1000
sp14,105,mortality.additional.larva.rate.sp2,0.000502613460930474,0.043191568900867,0.0569275748180331,1000
sp14,106,mortality.additional.larva.rate.sp3,0.000682714921745112,0.0341704707588447,0.0500028062112655,1000
sp14,107,mortality.additional.larva.rate.sp4,-9.83812846698304e-06,0.00704258293880756,0.00951639228328559,1000
sp14,108,mortality.additional.larva.rate.sp5,0.000530062649192439,0.00700546960693555,0.00944028986476976,1000
sp14,109,mortality.additional.larva.rate.sp6,-0.00034853953320728,0.00683944012310763,0.00912859252851514,1000
sp14,110,mortality.additional.larva.rate.sp9,-0.00012706974193992,0.0103955076911601,0.013723410987022,1000
sp14,111,mortality.additional.larva.rate.sp10,0.000382601729747563,0.0101004238081368,0.0140243310977151,1000
sp14,112,mortality.additional.larva.rate.sp11,-0.00027688571513646,0.00722822795462329,0.0098974824077044,1000
sp14,113,mortality.additional.larva.rate.sp12,0.000119535146086507,0.00789617176414568,0.0103241971691046,1000
sp14,114,mortality.additional.larva.rate.sp13,0.000102099638245825,0.0069411879078691,0.00928676502080465,1000
sp14,115,mortality.additional.larva.rate.sp14,0.00167018504543493,0.0843607176355545,0.102762993019796,1000
sp14,116,mortality.additional.larva.rate.sp15,-0.000395866413932602,0.00734622873916437,0.00997099359722053,1000
sp14,117,mortality.additional.larva.rate.mean.sp7,-0.000101444447760786,0.00664384334850576,0.0089102473644863,1000
sp14,118,mortality.additional.larva.rate.mean.sp8,-0.000144143289493625,0.00718685487400349,0.00968079461028426,1000
sp14,119,species.linf.sp0,-0.00412166642656509,0.0353726007038534,0.0573088057684324,1000
sp14,120,species.linf.sp1,-0.000379599914152376,0.00824301742724084,0.0110684512425901,1000
sp14,121,species.linf.sp2,-4.79111848960594e-06,0.0351834563283192,0.0470710680491334,1000
sp14,122,species.linf.sp3,0.000263125518279681,0.0282026299000873,0.0376842629601852,1000
sp14,123,species.linf.sp4,-0.000257352692507019,0.0641748552243457,0.0721593109024061,1000
sp14,124,species.linf.sp5,0.000232470984059397,0.0132866445913598,0.0184961392551344,1000
sp14,125,species.linf.sp6,-4.12806750627811e-06,0.0210035961788382,0.0245131488957407,1000
sp14,126,species.linf.sp7,0.000104796453707395,0.0072344126812342,0.00978189525715568,1000
sp14,127,species.linf.sp8,0.000655949437303594,0.0177644700226264,0.0219947459504945,1000
sp14,128,species.linf.sp9,-0.000271790391960882,0.025012534017161,0.030137528977127,1000
sp14,129,species.linf.sp10,7.78006769688301e-06,0.0120387547683604,0.0161872523383882,1000
sp14,130,species.linf.sp11,-8.32749735275998e-05,0.00721290548399751,0.00967243626042566,1000
sp14,131,species.linf.sp12,-0.000464984791368061,0.010260512262402,0.0133372290798732,1000
sp14,132,species.linf.sp13,-0.000211844851386132,0.0114426622901855,0.0153012946915185,1000
sp14,133,species.linf.sp14,-0.0142295814308046,0.409063807407634,0.427073124101647,1000
sp14,134,species.linf.sp15,-0.000235465836590477,0.0075318755281959,0.0102920844477249,1000
sp14,135,species.accessibility2fish.sp16,1.26416145865911e-07,0.00677590265262434,0.00895226415707105,1000
sp14,136,species.accessibility2fish.sp17,0.000626319665885451,0.00676779736462241,0.00881618825959571,1000
sp14,137,species.accessibility2fish.sp18,-0.000238643811287005,0.00704765485273266,0.00959151692563386,1000
sp14,138,species.accessibility2fish.sp19,0.000336938001694401,0.00689842505258225,0.0094181256961502,1000
sp14,139,species.accessibility2fish.sp20,3.76630789008767e-05,0.00684272047644756,0.00921339867352636,1000
sp14,140,species.accessibility2fish.sp21,-0.000263929437731351,0.00812201895430357,0.0110771616681367,1000
sp14,141,species.accessibility2fish.sp22,-0.000282515950521951,0.0155876493464696,0.0254109191994353,1000
sp14,142,species.accessibility2fish.sp23,-0.000608745361315651,0.0176035031925363,0.0212125981900592,1000
sp14,143,species.accessibility2fish.sp24,-0.00186834767741779,0.0871200981152015,0.100668365311715,1000
sp14,144,species.accessibility2fish.sp25,-0.000523124571466394,0.00680637229651949,0.00910717544982334,1000
sp14,145,species.accessibility2fish.sp26,0.000159175112922738,0.00701951931408185,0.00946432454767588,1000
sp14,146,species.maturity.size.ratio.sp0,0.00227990949367759,0.0333236549623329,0.0549975720468803,1000
sp14,147,species.maturity.size.ratio.sp1,0.000232964266153144,0.00650143174756136,0.00869848267058068,1000
sp14,148,species.maturity.size.ratio.sp2,0.000346432649568869,0.00678197213876423,0.00918597540727225,1000
sp14,149,species.maturity.size.ratio.sp3,0.000118481864686145,0.00718784653829518,0.00961112449932358,1000
sp14,150,species.maturity.size.ratio.sp4,-0.00022850055277899,0.00725903884511238,0.00963936402098599,1000
sp14,151,species.maturity.size.ratio.sp5,-0.000113301573885751,0.00642817352459207,0.00851110391122583,1000
sp14,152,species.maturity.size.ratio.sp6,0.000263852673126428,0.00748743920691112,0.0101457540418066,1000
sp14,153,species.maturity.size.ratio.sp7,0.000148359628262748,0.00670737828006928,0.00891111627077404,1000
sp14,154,species.maturity.size.ratio.sp8,-0.000271872790706776,0.00699793543467858,0.00975175606936302,1000
sp14,155,species.maturity.size.ratio.sp9,6.28106668980526e-06,0.00692707421519128,0.00942305249026139,1000
sp14,156,species.maturity.size.ratio.sp10,-0.000144884231078901,0.00742891598939831,0.010096461746398,1000
sp14,157,species.maturity.size.ratio.sp11,5.70493478460861e-05,0.00730536767038103,0.00986513598685871,1000
sp14,158,species.maturity.size.ratio.sp12,-0.000112554253511249,0.00677477167217153,0.00939763893037647,1000
sp14,159,species.maturity.size.ratio.sp13,-0.00120544964591835,0.0299173053738979,0.0381437417206028,1000
sp14,160,species.maturity.size.ratio.sp14,-0.000483202634516983,0.016564045378361,0.0227340087304464,1000
sp14,161,species.maturity.size.ratio.sp15,-4.99761109674648e-05,0.00725404769201415,0.00986055346825403,1000
sp14,162,predation.predPrey.sizeRatio.teta.sp0.stage1,-0.000120847276978055,0.0071930332495298,0.00972554727691783,1000
sp14,163,predation.predPrey.sizeRatio.alpha.sp0.stage1,0.000634390898653868,0.0109608348035813,0.0159184743904386,1000
sp14,164,predation.predPrey.sizeRatio.teta.sp1.stage1,-0.000562506192810723,0.00672775131963527,0.00916013882136844,1000
sp14,165,predation.predPrey.sizeRatio.alpha.sp1.stage1,0.000236893239723956,0.00703987787076536,0.00948574542010604,1000
sp14,166,predation.predPrey.sizeRatio.teta.sp2.stage1,-5.53373009350156e-05,0.0068341231377038,0.00927181414111391,1000
sp14,167,predation.predPrey.sizeRatio.alpha.sp2.stage1,7.50528214559493e-05,0.011034604366241,0.0158392312823113,1000
sp14,168,predation.predPrey.sizeRatio.teta.sp3.stage1,0.000130896946014642,0.00756037080220589,0.0107420133149333,1000
sp14,169,predation.predPrey.sizeRatio.alpha.sp3.stage1,-0.00148396097054071,0.0131936945584171,0.0188310654373605,1000
sp14,170,predation.predPrey.sizeRatio.teta.sp4.stage1,-0.000451995566863584,0.00715546249796784,0.00985654563875119,1000
sp14,171,predation.predPrey.sizeRatio.alpha.sp4.stage1,-0.0011534551370842,0.0161743826094079,0.0210329397752098,1000
sp14,172,predation.predPrey.sizeRatio.teta.sp5.stage1,-0.000368773599384887,0.00710878805694451,0.00967695224081238,1000
sp14,173,predation.predPrey.sizeRatio.teta.sp5.stage2,-4.24179361134181e-06,0.00851346674019975,0.0117880106917905,1000
sp14,174,predation.predPrey.sizeRatio.alpha.sp5.stage1,-0.000125495402117863,0.00671119021018837,0.00895973364151186,1000
sp14,175,predation.predPrey.sizeRatio.alpha.sp5.stage2,0.000111900259837238,0.0078227599138038,0.0106225579882701,1000
sp14,176,predation.predPrey.sizeRatio.teta.sp6.stage1,-5.86270802500175e-05,0.00739345393064603,0.00993345857588977,1000
sp14,177,predation.predPrey.sizeRatio.alpha.sp6.stage1,0.00057496771426549,0.00858407340499302,0.0114134695168654,1000
sp14,178,predation.predPrey.sizeRatio.teta.sp7.stage1,0.000153088021232381,0.00652717044991725,0.00881159860071127,1000
sp14,179,predation.predPrey.sizeRatio.alpha.sp7.stage1,0.000203301793944863,0.00707090045398874,0.00948326602428794,1000
sp14,180,predation.predPrey.sizeRatio.teta.sp8.stage1,0.00024252492112891,0.00683673192642902,0.00920235205866898,1000
sp14,181,predation.predPrey.sizeRatio.alpha.sp8.stage1,0.000265209972780762,0.0123249141120516,0.0160148406270602,1000
sp14,182,predation.predPrey.sizeRatio.teta.sp9.stage1,0.000290642187484134,0.00722523739799315,0.00968584159768423,1000
sp14,183,predation.predPrey.sizeRatio.alpha.sp9.stage1,0.000584571220045631,0.0163355693141536,0.0211989647574435,1000
sp14,184,predation.predPrey.sizeRatio.teta.sp10.stage1,0.000111390795462284,0.00702544027406488,0.00950946689451351,1000
sp14,185,predation.predPrey.sizeRatio.alpha.sp10.stage1,0.000247557876268788,0.00796836779747107,0.0106824866979301,1000
sp14,186,predation.predPrey.sizeRatio.teta.sp11.stage1,-4.03882277475901e-05,0.00711197533353128,0.00950078799277681,1000
sp14,187,predation.predPrey.sizeRatio.alpha.sp11.stage1,8.42856343650705e-05,0.00710616987049225,0.00942391179555729,1000
sp14,188,predation.predPrey.sizeRatio.teta.sp12.stage1,-0.000140597241401555,0.00712489973118055,0.00971420440942617,1000
sp14,189,predation.predPrey.sizeRatio.alpha.sp12.stage1,-0.000196697761067991,0.00741284737249123,0.00979763083496173,1000
sp14,190,predation.predPrey.sizeRatio.teta.sp13.stage1,0.000120016378825991,0.00697460071417967,0.00928711272754061,1000
sp14,191,predation.predPrey.sizeRatio.alpha.sp13.stage1,0.000834323307976841,0.0120394079068376,0.0165665503505269,1000
sp14,192,predation.predPrey.sizeRatio.teta.sp14.stage1,-0.00144275336848031,0.0194014447698677,0.0246085187592299,1000
sp14,193,predation.predPrey.sizeRatio.alpha.sp14.stage1,0.00176048866409767,0.196876581781176,0.216796472247628,1000
sp14,194,predation.predPrey.sizeRatio.teta.sp15.stage1,0.000389717041372547,0.00704074142780647,0.00946248889530058,1000
sp14,195,predation.predPrey.sizeRatio.alpha.sp15.stage1,0.000356093367196681,0.00704418929024597,0.00952575675906519,1000
sp15,1,mortality.additional.rate.sp0,-4.89819187055117e-05,0.00181388390370263,0.00288401149810862,1000
sp15,2,mortality.additional.rate.sp1,-9.88899732228199e-05,0.00182588053947996,0.00307258026935911,1000
sp15,3,mortality.additional.rate.sp2,4.19420692976933e-05,0.00267788582419628,0.00471041898514624,1000
sp15,4,mortality.additional.rate.sp3,-0.000192386599571847,0.00269821358125199,0.00487093611668124,1000
sp15,5,mortality.additional.rate.sp4,-2.40711825152493e-05,0.00169723165475695,0.00270093938181444,1000
sp15,6,mortality.additional.rate.sp5,-4.20019254439901e-06,0.00236933301112429,0.0041146100162304,1000
sp15,7,mortality.additional.rate.sp6,-0.000207107420719411,0.00161779563438145,0.00238264955364413,1000
sp15,8,mortality.additional.rate.sp7,0.000112905950339015,0.00176648574127671,0.00281470875742488,1000
sp15,9,mortality.additional.rate.sp8,3.55798529766406e-05,0.00180064707266992,0.00283316967969685,1000
sp15,10,mortality.additional.rate.sp9,0.000144843003870559,0.00184232191996821,0.00313998052352406,1000
sp15,11,mortality.additional.rate.sp10,-1.36946958596184e-05,0.00181409294033881,0.0030407257669833,1000
sp15,12,mortality.additional.rate.sp11,-3.66053798571915e-05,0.00174952429207058,0.00273244906989778,1000
sp15,13,mortality.additional.rate.sp12,9.55087394237271e-05,0.00186229234968611,0.00318991529745173,1000
sp15,14,mortality.additional.rate.sp13,2.6767496614591e-05,0.0017472685234571,0.00284183369931775,1000
sp15,15,mortality.additional.rate.sp14,-2.17378871314494e-05,0.00174297570156806,0.00283259912694725,1000
sp15,16,mortality.additional.rate.sp15,0.00130641164223685,0.0426717443338764,0.0514560117464385,1000
sp15,17,fisheries.rate.base.fsh0,-0.00490392886037276,0.0915859502788789,0.10560431101267,1000
sp15,18,fisheries.rate.base.fsh1,3.01020343695602e-05,0.0020190345721791,0.0033471383792135,1000
sp15,19,fisheries.rate.base.fsh2,3.50059402709039e-05,0.00180600807485473,0.00299249780989694,1000
sp15,20,fisheries.rate.base.fsh3,-0.000422267456446353,0.12274048789357,0.146228552151411,1000
sp15,21,species.catchability.fsh0.sp0,-0.000137067313828182,0.00278175675453157,0.00659240374922417,1000
sp15,22,species.catchability.fsh0.sp1,-2.11269842034094e-05,0.00182347382724755,0.00305950315429652,1000
sp15,23,species.catchability.fsh0.sp2,-2.83378274539198e-05,0.00173751504608301,0.00264929968969387,1000
sp15,24,species.catchability.fsh0.sp3,-0.0001029654607044,0.00301112654298782,0.0052401166105055,1000
sp15,25,species.catchability.fsh0.sp5,-6.87232779858131e-05,0.0020494279726094,0.00409206287876552,1000
sp15,26,species.catchability.fsh0.sp7,-0.000160510752577291,0.00171935724095336,0.00281482934710157,1000
sp15,27,species.catchability.fsh0.sp8,0.000256767570305256,0.00404643434718638,0.00628114077326311,1000
sp15,28,species.catchability.fsh0.sp9,-0.000116845411157084,0.00165079425104142,0.00256388091199886,1000
sp15,29,species.catchability.fsh0.sp10,-4.98872361634805e-05,0.0017264314274783,0.00272330733340843,1000
sp15,30,species.catchability.fsh0.sp13,0.000163450764505165,0.00176221222718594,0.00299608596745474,1000
sp15,31,species.catchability.fsh0.sp14,7.86724134929353e-06,0.00165209533400722,0.0026007519075421,1000
sp15,32,species.catchability.fsh0.sp15,0.000529154565218213,0.0831753662602552,0.0946770890731037,1000
sp15,33,species.catchability.fsh1.sp9,0.000135455578373723,0.00178658066826648,0.0029815806674455,1000
sp15,34,species.catchability.fsh1.sp10,1.68985748548542e-05,0.00180497115329341,0.00292094822094687,1000
sp15,35,species.catchability.fsh1.sp11,-3.72827052409969e-06,0.00178211120392278,0.00292116138748235,1000
sp15,36,species.catchability.fsh1.sp12,-0.000202450379041022,0.00181410902110145,0.00283106169748062,1000
sp15,37,species.catchability.fsh2.sp0,0.000119108838773822,0.00172372547422361,0.00272493703381086,1000
sp15,38,species.catchability.fsh2.sp5,-0.000111579770690296,0.00169330997677601,0.00312139799331181,1000
sp15,39,species.catchability.fsh2.sp7,7.26613398852217e-05,0.00174519067919359,0.00293046245231293,1000
sp15,40,species.catchability.fsh2.sp8,3.19040118133539e-06,0.00180377633859052,0.00297780263139441,1000
sp15,41,species.catchability.fsh3.sp0,0.000107506585494426,0.00183432269734016,0.00297789037481249,1000
sp15,42,species.catchability.fsh3.sp1,6.87583943566038e-05,0.00179925744685647,0.00296200242865995,1000
sp15,43,species.catchability.fsh3.sp2,-9.71599796616787e-05,0.00179151518470175,0.00304185082388945,1000
sp15,44,species.catchability.fsh3.sp3,-6.67517343539198e-05,0.00172418268452403,0.00269237655419487,1000
sp15,45,species.catchability.fsh3.sp5,-2.24583516612267e-05,0.00173242041451587,0.00281696242469472,1000
sp15,46,species.catchability.fsh3.sp7,-0.00012211104478436,0.0018076243405228,0.00308951797139568,1000
sp15,47,species.catchability.fsh3.sp8,-3.76738308524282e-05,0.00178397865929297,0.00273582198628963,1000
sp15,48,species.catchability.fsh3.sp9,0.000271611934349401,0.00184944634643281,0.00327891792700736,1000
sp15,49,species.catchability.fsh3.sp10,-6.06203080696371e-05,0.00182725884216447,0.00304982225393306,1000
sp15,50,species.catchability.fsh3.sp11,0.000109467074417015,0.00174083942548083,0.00286720742997672,1000
sp15,51,species.catchability.fsh3.sp12,0.000105552625827638,0.00177030915853762,0.00299420422046829,1000
sp15,52,species.catchability.fsh3.sp13,0.000250874934635862,0.00174165671348063,0.00325807201686679,1000
sp15,53,species.catchability.fsh3.sp14,0.00013288733638244,0.00175355001654961,0.00289218436705134,1000
sp15,54,species.catchability.fsh3.sp15,-0.00495105506818115,0.116891553512552,0.135778894678769,1000
sp15,55,species.length2weight.condition.factor.sp0,-4.85176511287749e-05,0.00371202323381413,0.010701573564371,1000
sp15,56,species.length2weight.condition.factor.sp1,-2.856483897226e-06,0.00178879275741235,0.00314815607279162,1000
sp15,57,species.length2weight.condition.factor.sp2,-6.30845532182037e-05,0.0026980609612506,0.00571189261577163,1000
sp15,58,species.length2weight.condition.factor.sp3,-0.000165293424030842,0.00368344790417952,0.00626963675016814,1000
sp15,59,species.length2weight.condition.factor.sp4,7.56152523866377e-05,0.00220914241304997,0.00350975412199574,1000
sp15,60,species.length2weight.condition.factor.sp5,-4.29604486353812e-05,0.00164460241856858,0.00252804974989411,1000
sp15,61,species.length2weight.condition.factor.sp6,-8.18326584544486e-05,0.00184006462198422,0.0031411186447967,1000
sp15,62,species.length2weight.condition.factor.sp7,3.3092326923433e-05,0.00173432410821276,0.00288058725258312,1000
sp15,63,species.length2weight.condition.factor.sp8,0.000206619785428819,0.00173508851120979,0.0027874090282574,1000
sp15,64,species.length2weight.condition.factor.sp9,-0.000129963806230706,0.00182956324009971,0.00291548130508425,1000
sp15,65,species.length2weight.condition.factor.sp10,1.49711929890756e-05,0.00182616355900344,0.00289712021562495,1000
sp15,66,species.length2weight.condition.factor.sp11,3.1541090153815e-05,0.0017657928173912,0.00288045811809828,1000
sp15,67,species.length2weight.condition.factor.sp12,1.32471381305231e-06,0.00177098599465813,0.00304184316007134,1000
sp15,68,species.length2weight.condition.factor.sp13,-0.000127275249242808,0.00179519246682286,0.00285122772110611,1000
sp15,69,species.length2weight.condition.factor.sp14,0.000223728707137774,0.00224022136294144,0.00367105381854899,1000
sp15,70,species.length2weight.condition.factor.sp15,-0.00466814476247314,0.299886019491717,0.440076332820958,1000
sp15,71,species.k.sp0,0.000977331095161117,0.00910075589614456,0.0327449921065387,1000
sp15,72,species.k.sp1,-3.10282824946964e-05,0.0020299401546466,0.00345240650018177,1000
sp15,73,species.k.sp2,-0.000580257475826236,0.00607205641956365,0.0111973953381135,1000
sp15,74,species.k.sp3,0.000507409565668427,0.00952757037294196,0.0176658985434315,1000
sp15,75,species.k.sp4,5.29789472886945e-05,0.00350812573986149,0.00627538819178303,1000
sp15,76,species.k.sp5,0.000488574876241031,0.00294527444030101,0.00658794237211223,1000
sp15,77,species.k.sp6,8.90169829542577e-05,0.00193135547857282,0.00318025579449003,1000
sp15,78,species.k.sp7,0.000104451854169403,0.00180482128615891,0.00309289738359138,1000
sp15,79,species.k.sp8,-0.000472436435524207,0.00889438796127024,0.015979152522007,1000
sp15,80,species.k.sp9,-0.000342407512708964,0.00228204244223508,0.00380920042488776,1000
sp15,81,species.k.sp10,-0.000170981963037505,0.00213143865843525,0.00369592597631496,1000
sp15,82,species.k.sp11,-0.000162360374928855,0.00184419166294293,0.00283356484346429,1000
sp15,83,species.k.sp12,-1.29555882797425e-05,0.00189731947759451,0.00324452313339072,1000
sp15,84,species.k.sp13,-0.000312210912810983,0.0040405042801836,0.00760496652776634,1000
sp15,85,species.k.sp14,0.000121781359856774,0.00379258918179498,0.00654378880598967,1000
sp15,86,species.k.sp15,-0.013777439656458,0.495955314830278,0.763748170758087,1000
sp15,87,species.l0.sp0,0.000188018282148011,0.00229782030982616,0.00402160722115187,1000
sp15,88,species.l0.sp1,-0.000138386041938915,0.00191907371204175,0.00342703053150832,1000
sp15,89,species.l0.sp2,-8.00244773207046e-05,0.00474375234748877,0.00870818796532854,1000
sp15,90,species.l0.sp3,2.89054219767692e-05,0.00358963724446725,0.00659652755075449,1000
sp15,91,species.l0.sp4,0.000210096712023524,0.00360963460711478,0.00569596185963226,1000
sp15,92,species.l0.sp5,-0.000199252807393165,0.001707542496795,0.00283071296152216,1000
sp15,93,species.l0.sp6,-2.06834905111375e-05,0.00186924115498834,0.00304436365663527,1000
sp15,94,species.l0.sp7,-0.000121841566171176,0.00171104592578068,0.00273345561277475,1000
sp15,95,species.l0.sp8,7.73747902941455e-06,0.00223512918410428,0.00389113771023338,1000
sp15,96,species.l0.sp9,-0.000196510165481121,0.00222624016658384,0.00404225668688647,1000
sp15,97,species.l0.sp10,6.6783298711952e-05,0.00265838319993788,0.00549629034377234,1000
sp15,98,species.l0.sp11,-0.000100515810853651,0.00177961936912595,0.00291667365083547,1000
sp15,99,species.l0.sp12,1.63465869008585e-05,0.00185998401619919,0.0033378330533219,1000
sp15,100,species.l0.sp13,-3.76936175920634e-05,0.00170891151547785,0.00292783416114293,1000
sp15,101,species.l0.sp14,-7.85136655874478e-05,0.00174826246989549,0.00306825753096666,1000
sp15,102,species.l0.sp15,-0.00572880152732235,0.110530327765925,0.197819349584021,1000
sp15,103,mortality.additional.larva.rate.sp0,0.000129309162053941,0.00763797587136911,0.0256539061963671,1000
sp15,104,mortality.additional.larva.rate.sp1,0.00010729800403669,0.00190738254658096,0.00342281458911697,1000
sp15,105,mortality.additional.larva.rate.sp2,0.00154663884604469,0.0150539595542836,0.0285344225683709,1000
sp15,106,mortality.additional.larva.rate.sp3,0.00114532744660046,0.02189421698004,0.0403230222697226,1000
sp15,107,mortality.additional.larva.rate.sp4,-0.000107710590415253,0.00170301686575942,0.00261977293768421,1000
sp15,108,mortality.additional.larva.rate.sp5,7.30747057429233e-05,0.00170705825250048,0.0027242217607878,1000
sp15,109,mortality.additional.larva.rate.sp6,8.30640152035724e-05,0.00169034995631283,0.00270911669842851,1000
sp15,110,mortality.additional.larva.rate.sp9,-0.000291830639986045,0.00378329827487114,0.00671701648272097,1000
sp15,111,mortality.additional.larva.rate.sp10,0.000147083459964199,0.00364313287208328,0.00652808159131094,1000
sp15,112,mortality.additional.larva.rate.sp11,-9.80964301373321e-06,0.00174186830081717,0.0028086635072292,1000
sp15,113,mortality.additional.larva.rate.sp12,0.00015475840017939,0.00231507953564694,0.00374108858649163,1000
sp15,114,mortality.additional.larva.rate.sp13,0.000112523126219234,0.00168825470596171,0.00267327819121954,1000
sp15,115,mortality.additional.larva.rate.sp14,-0.00016893945783961,0.00334653480734887,0.00590300858913506,1000
sp15,116,mortality.additional.larva.rate.sp15,0.0118670776480321,0.788240118265235,1.05743323624574,1000
sp15,117,mortality.additional.larva.rate.mean.sp7,4.36678711886576e-05,0.00176874701825455,0.00299240761668158,1000
sp15,118,mortality.additional.larva.rate.mean.sp8,-5.56257486916956e-06,0.00256113510010052,0.0044605387463914,1000
sp15,119,species.linf.sp0,-0.0022358899703261,0.00867479072276217,0.0281415974317416,1000
sp15,120,species.linf.sp1,-0.000181779053896124,0.00275079494412293,0.00452632072636008,1000
sp15,121,species.linf.sp2,0.000739143566542814,0.0179665348238818,0.0330309328806308,1000
sp15,122,species.linf.sp3,-0.00206927500478919,0.0225124499321434,0.0421590111817062,1000
sp15,123,species.linf.sp4,0.000249129791829135,0.00657314936620125,0.0116187223560825,1000
sp15,124,species.linf.sp5,3.28084220711976e-06,0.00661994986291217,0.0120043217557098,1000
sp15,125,species.linf.sp6,5.78017947501429e-05,0.00199441954519121,0.0034614721893449,1000
sp15,126,species.linf.sp7,0.000222443286258646,0.00186852382375777,0.00322807420388775,1000
sp15,127,species.linf.sp8,-0.000378798840549294,0.0232270042061597,0.0327847612310521,1000
sp15,128,species.linf.sp9,-6.58301036023458e-05,0.00386941602363236,0.006572770631261,1000
sp15,129,species.linf.sp10,0.000359541062005366,0.00379990076926077,0.00725863929156465,1000
sp15,130,species.linf.sp11,-0.000145950256782723,0.00249783874418876,0.00451612805986353,1000
sp15,131,species.linf.sp12,-0.000219321514666827,0.00311613198655968,0.0054950558845778,1000
sp15,132,species.linf.sp13,0.000163805606193154,0.00247619158689598,0.00418593161593006,1000
sp15,133,species.linf.sp14,0.000268488716839176,0.0126502551221078,0.0212934114246132,1000
sp15,134,species.linf.sp15,0.0674943771829546,0.974879050684937,1.29570819857881,1000
sp15,135,species.accessibility2fish.sp16,-4.21776983283489e-05,0.00181523606085346,0.00284869056724319,1000
sp15,136,species.accessibility2fish.sp17,8.36067035978472e-06,0.00172309122602936,0.00265774941246955,1000
sp15,137,species.accessibility2fish.sp18,-4.18066453381929e-05,0.00179182703976741,0.00289936763350727,1000
sp15,138,species.accessibility2fish.sp19,-6.94770229402985e-05,0.00180576165773056,0.00307291877524327,1000
sp15,139,species.accessibility2fish.sp20,-6.92730269384045e-05,0.00173092293500004,0.00265151240703076,1000
sp15,140,species.accessibility2fish.sp21,0.000115460041600892,0.0026118448824222,0.00489303281970187,1000
sp15,141,species.accessibility2fish.sp22,3.57490696730302e-05,0.00193306084667604,0.00320360092055294,1000
sp15,142,species.accessibility2fish.sp23,-2.3972956493854e-05,0.00230531689582915,0.00406856162462018,1000
sp15,143,species.accessibility2fish.sp24,-0.000985616782899553,0.0121128006502271,0.0169381604572601,1000
sp15,144,species.accessibility2fish.sp25,5.49474190768017e-05,0.0018274415189246,0.00302773084859239,1000
sp15,145,species.accessibility2fish.sp26,0.000160243467669393,0.00335355626467667,0.00722237733719311,1000
sp15,146,species.maturity.size.ratio.sp0,0.000351681054206458,0.00887427823347153,0.0289060393403855,1000
sp15,147,species.maturity.size.ratio.sp1,8.50653010517154e-05,0.00161134605897483,0.00275164969251476,1000
sp15,148,species.maturity.size.ratio.sp2,-7.67742086439677e-05,0.00186939073358554,0.00307515824714701,1000
sp15,149,species.maturity.size.ratio.sp3,0.00010002416798354,0.00206151409365929,0.00349880123555518,1000
sp15,150,species.maturity.size.ratio.sp4,-0.000232137479024289,0.00237291675141437,0.00404017001667284,1000
sp15,151,species.maturity.size.ratio.sp5,-0.000161557439536856,0.0018131008684409,0.00317720067826876,1000
sp15,152,species.maturity.size.ratio.sp6,3.82820532921759e-05,0.00174532037319349,0.00280350373184505,1000
sp15,153,species.maturity.size.ratio.sp7,-0.000196360324301702,0.00174001068502766,0.0027463552227128,1000
sp15,154,species.maturity.size.ratio.sp8,1.85516330006085e-05,0.00173539598738296,0.00286412858536492,1000
sp15,155,species.maturity.size.ratio.sp9,1.71520044352292e-06,0.00179951568997671,0.00270837119694366,1000
sp15,156,species.maturity.size.ratio.sp10,1.38214683722948e-05,0.00190057911349953,0.00321956785790262,1000
sp15,157,species.maturity.size.ratio.sp11,-0.000102233208109053,0.00242353909994194,0.0042716132417507,1000
sp15,158,species.maturity.size.ratio.sp12,-7.36695099076219e-05,0.00183118788813109,0.00290850353547598,1000
sp15,159,species.maturity.size.ratio.sp13,-0.000208602936618227,0.00662212499543202,0.0114268612658469,1000
sp15,160,species.maturity.size.ratio.sp14,-3.54630452227626e-05,0.00176358975730599,0.00288936129139615,1000
sp15,161,species.maturity.size.ratio.sp15,-0.0132236301839465,0.784892760711403,1.25319094632384,1000
sp15,162,predation.predPrey.sizeRatio.teta.sp0.stage1,-0.000249670987728433,0.00209223378163256,0.00369308755972269,1000
sp15,163,predation.predPrey.sizeRatio.alpha.sp0.stage1,-6.1747997500337e-05,0.00344168794895502,0.0102063202053307,1000
sp15,164,predation.predPrey.sizeRatio.teta.sp1.stage1,5.19650277652247e-05,0.00184649995752228,0.00295181105704294,1000
sp15,165,predation.predPrey.sizeRatio.alpha.sp1.stage1,0.000348977619321027,0.00385226752766749,0.006241019376638,1000
sp15,166,predation.predPrey.sizeRatio.teta.sp2.stage1,-5.11504300244451e-05,0.00220821896912565,0.0036300231658507,1000
sp15,167,predation.predPrey.sizeRatio.alpha.sp2.stage1,-0.000689945450317445,0.00853803453851008,0.0165058485177808,1000
sp15,168,predation.predPrey.sizeRatio.teta.sp3.stage1,-0.000108570959287386,0.00222469235385541,0.00421274310860412,1000
sp15,169,predation.predPrey.sizeRatio.alpha.sp3.stage1,-6.15463800960843e-05,0.00566310491432671,0.0117614964985495,1000
sp15,170,predation.predPrey.sizeRatio.teta.sp4.stage1,0.00013608574307736,0.0019592794306127,0.00322319947614438,1000
sp15,171,predation.predPrey.sizeRatio.alpha.sp4.stage1,-0.000380056617615217,0.00392911062114263,0.00908971613466328,1000
sp15,172,predation.predPrey.sizeRatio.teta.sp5.stage1,-2.35824429813408e-05,0.00176404799934588,0.0030660613438218,1000
sp15,173,predation.predPrey.sizeRatio.teta.sp5.stage2,0.000300463653963863,0.00299840623928276,0.00542982824214276,1000
sp15,174,predation.predPrey.sizeRatio.alpha.sp5.stage1,3.83774124046733e-05,0.00173910153353343,0.00281543678884004,1000
sp15,175,predation.predPrey.sizeRatio.alpha.sp5.stage2,-2.21520193404349e-05,0.00215446090023043,0.00332324914134595,1000
sp15,176,predation.predPrey.sizeRatio.teta.sp6.stage1,0.000108021994849624,0.00184837217772898,0.00305376051617167,1000
sp15,177,predation.predPrey.sizeRatio.alpha.sp6.stage1,5.81142144891058e-05,0.00191265406286688,0.00317193841694695,1000
sp15,178,predation.predPrey.sizeRatio.teta.sp7.stage1,0.000101238143096921,0.00189327965620029,0.00323605941300361,1000
sp15,179,predation.predPrey.sizeRatio.alpha.sp7.stage1,5.61089927134928e-05,0.0023219883467521,0.00397445311830252,1000
sp15,180,predation.predPrey.sizeRatio.teta.sp8.stage1,-0.000213348210434888,0.00316725764103268,0.00486439019512495,1000
sp15,181,predation.predPrey.sizeRatio.alpha.sp8.stage1,-0.00010813110927742,0.0215367007066332,0.030036041826444,1000
sp15,182,predation.predPrey.sizeRatio.teta.sp9.stage1,7.5411726357077e-05,0.00189488449524481,0.0031671742657366,1000
sp15,183,predation.predPrey.sizeRatio.alpha.sp9.stage1,-0.000104351326764226,0.00305698581424284,0.00589355212788232,1000
sp15,184,predation.predPrey.sizeRatio.teta.sp10.stage1,3.68909299508144e-05,0.00172590113155718,0.00273641454831819,1000
sp15,185,predation.predPrey.sizeRatio.alpha.sp10.stage1,-7.18943085104908e-05,0.00195785735726704,0.00359800790582502,1000
sp15,186,predation.predPrey.sizeRatio.teta.sp11.stage1,-0.000140782390653804,0.00165283013335706,0.00265311442733651,1000
sp15,187,predation.predPrey.sizeRatio.alpha.sp11.stage1,3.33372498016546e-05,0.00176818085436767,0.0029704551869236,1000
sp15,188,predation.predPrey.sizeRatio.teta.sp12.stage1,5.13199107561527e-05,0.00190793206890261,0.00298329305100494,1000
sp15,189,predation.predPrey.sizeRatio.alpha.sp12.stage1,-0.000143563950779572,0.00278170991425637,0.00468848627180219,1000
sp15,190,predation.predPrey.sizeRatio.teta.sp13.stage1,8.14331038056486e-05,0.00180049539915206,0.00290082410178894,1000
sp15,191,predation.predPrey.sizeRatio.alpha.sp13.stage1,-0.00022201740170991,0.00245633845928102,0.00427768304465044,1000
sp15,192,predation.predPrey.sizeRatio.teta.sp14.stage1,0.000211098866430124,0.00207289003465418,0.00313028697606733,1000
sp15,193,predation.predPrey.sizeRatio.alpha.sp14.stage1,-0.000631007362303327,0.0159196632923208,0.0265145563558052,1000
sp15,194,predation.predPrey.sizeRatio.teta.sp15.stage1,5.15827948625714e-05,0.00280623923695786,0.00459183677835133,1000
sp15,195,predation.predPrey.sizeRatio.alpha.sp15.stage1,-0.000843998890719846,0.0249856370950721,0.0514138138490691,1000
